"id";"data_inversa";"dia_semana";"horario";"uf";"br";"km";"municipio";"causa_acidente";"tipo_acidente";"classificacao_acidente";"fase_dia";"sentido_via";"condicao_metereologica";"tipo_pista";"tracado_via";"uso_solo";"pessoas";"mortos";"feridos_leves";"feridos_graves";"ilesos";"ignorados";"feridos";"veiculos";"latitude";"longitude";"regional";"delegacia";"uop"
163920;2018-10-07;"domingo";"07:45:00";"RS";158;0,3;"SANTANA DO LIVRAMENTO";"Falta de Atenção à Condução";"Colisão transversal";"Com Vítimas Feridas";"Pleno dia";"Decrescente";"Céu Claro";"Simples";"Reta";"Sim";2;0;1;0;1;0;1;2;-30,87603976;-55,51364243;"SPRF-RS";"DEL08-RS";"UOP02-DEL08-RS"
163921;2018-10-07;"domingo";"08:35:00";"SC";101;117,5;"ITAJAI";"Defeito Mecânico no Veículo";"Saída de leito carroçável";"Com Vítimas Feridas";"Pleno dia";"Decrescente";"Garoa/Chuvisco";"Dupla";"Reta";"Sim";2;0;1;0;1;0;1;1;-26,8961;-48,7188;"SPRF-SC";"DEL04-SC";"UOP04-DEL04-SC"
163922;2018-10-07;"domingo";"09:00:00";"SP";116;138,3;"SAO JOSE DOS CAMPOS";"Falta de Atenção à Condução";"Colisão lateral";"Com Vítimas Feridas";"Pleno dia";"Decrescente";"Nublado";"Dupla";"Reta";"Sim";3;0;1;0;1;1;1;3;-23,157297;-45,795593;"SPRF-SP";"DEL06-SP";"UOP02-DEL02-SP"
163923;2018-10-07;"domingo";"08:20:00";"SC";470;54,7;"BLUMENAU";"Ingestão de Álcool";"Colisão transversal";"Sem Vítimas";"Pleno dia";"Crescente";"Garoa/Chuvisco";"Simples";"Interseção de Vias";"Não";2;0;0;0;2;0;0;2;-26,87319581;-49,11418676;"SPRF-SC";"DEL04-SC";"UOP01-DEL04-SC"
163924;2018-10-07;"domingo";"08:00:00";"RJ";116;182;"NOVA IGUACU";"Falta de Atenção à Condução";"Colisão traseira";"Com Vítimas Feridas";"Pleno dia";"Decrescente";"Céu Claro";"Múltipla";"Reta";"Não";2;0;1;0;1;0;1;2;-22,7378369;-43,4840481;"SPRF-RJ";"DEL01-RJ";"UOP02-DEL01-RJ"
163926;2018-10-07;"domingo";"09:00:00";"MG";381;490,7;"BETIM";"Desobediência às normas de trânsito pelo condutor";"Colisão traseira";"Com Vítimas Feridas";"Pleno dia";"Crescente";"Chuva";"Simples";"Reta";"Sim";3;0;1;0;2;0;1;3;-19,95741603;-44,14948225;"SPRF-MG";"DEL01-MG";"UOP03-DEL01-MG"
163927;2018-10-07;"domingo";"09:00:00";"MG";381;877;"POUSO ALEGRE";"Velocidade Incompatível";"Colisão com objeto estático";"Com Vítimas Feridas";"Pleno dia";"Crescente";"Nublado";"Dupla";"Reta";"Não";3;0;0;2;1;0;2;1;-22,4465;-45,9943;"SPRF-MG";"DEL16-MG";"UOP01-DEL16-MG"
163930;2018-10-07;"domingo";"17:00:00";"PR";476;40;"TUNAS DO PARANA";"Falta de Atenção à Condução";"Colisão frontal";"Com Vítimas Feridas";"Plena Noite";"Crescente";"Chuva";"Simples";"Curva";"Não";3;0;2;0;1;0;2;2;-24,886806;-49,076103;"SPRF-PR";"DEL01-PR";"UOP01-DEL01-PR"
163931;2018-10-07;"domingo";"08:20:00";"MS";163;521;"JARAGUARI";"Avarias e/ou desgaste excessivo no pneu";"Tombamento";"Com Vítimas Feridas";"Pleno dia";"Crescente";"Céu Claro";"Dupla";"Curva";"Não";2;0;0;1;1;0;1;1;-20,151185;-54,439109;"SPRF-MS";"DEL01-MS";"UOP02-DEL01-MS"
163932;2018-10-07;"domingo";"08:45:00";"RO";364;339;"JI-PARANA";"Animais na Pista";"Atropelamento de Animal";"Com Vítimas Feridas";"Pleno dia";"Crescente";"Céu Claro";"Múltipla";"Reta";"Sim";1;0;1;0;0;0;1;1;-10,896294;-61,930473;"SPRF-RO";"DEL02-RO";"UOP01-DEL02-RO"
163935;2018-10-07;"domingo";"09:50:00";"SE";101;64;"ROSARIO DO CATETE";"Falta de Atenção à Condução";"Colisão traseira";"Com Vítimas Feridas";"Pleno dia";"Crescente";"Nublado";"Simples";"Reta";"Não";4;0;2;0;2;0;2;2;-10,70143026;-37,04864502;"SPRF-SE";"DEL02-SE";"UOP02-DEL02-SE"
163938;2018-10-07;"domingo";"10:45:00";"RS";116;657,7;"JAGUARAO";"Desobediência às normas de trânsito pelo condutor";"Colisão frontal";"Com Vítimas Feridas";"Pleno dia";"Crescente";"Céu Claro";"Simples";"Interseção de Vias";"Sim";7;0;1;1;5;0;2;2;-32,55448207;-53,38666677;"SPRF-RS";"DEL07-RS";"UOP03-DEL07-RS"
163940;2018-10-07;"domingo";"10:45:00";"SP";116;339;"JUQUITIBA";"Velocidade Incompatível";"Saída de leito carroçável";"Com Vítimas Feridas";"Pleno dia";"Decrescente";"Nublado";"Dupla";"Curva";"Não";1;0;0;1;0;0;1;1;-24,00229;-47,15188;"SPRF-SP";"DEL04-SP";"UOP03-DEL04-SP"
163941;2018-10-07;"domingo";"11:00:00";"PE";232;17;"JABOATAO DOS GUARARAPES";"Falta de Atenção à Condução";"Colisão traseira";"Com Vítimas Feridas";"Pleno dia";"Decrescente";"Céu Claro";"Dupla";"Reta";"Sim";3;0;2;0;1;0;2;2;-8,09653;-35,047122;"SPRF-PE";"DEL01-PE";"UOP01-DEL01-PE"
163942;2018-10-07;"domingo";"10:40:00";"MG";50;45;"ARAGUARI";"Falta de Atenção à Condução";"Saída de leito carroçável";"Com Vítimas Feridas";"Pleno dia";"Crescente";"Céu Claro";"Dupla";"Reta";"Não";2;0;1;1;0;0;2;1;-18,70933597;-48,19394499;"SPRF-MG";"DEL15-MG";"UOP02-DEL15-MG"
163946;2018-10-07;"domingo";"10:50:00";"TO";153;483,6;"PARAISO DO TOCANTINS";"Desobediência às normas de trânsito pelo condutor";"Queda de ocupante de veículo";"Com Vítimas Feridas";"Pleno dia";"Crescente";"Céu Claro";"Simples";"Aclive";"Não";2;0;0;1;1;0;1;1;-10,07534702;-48,85362625;"SPRF-TO";"DEL02-TO";"UOP01-DEL01-TO"
163947;2018-10-07;"domingo";"10:50:00";"MG";262;352;"BETIM";"Pista Escorregadia";"Colisão com objeto estático";"Com Vítimas Feridas";"Pleno dia";"Decrescente";"Chuva";"Dupla";"Retorno Regulamentado";"Sim";1;0;1;0;0;0;1;1;-19,98786838;-44,20271873;"SPRF-MG";"DEL01-MG";"UOP03-DEL01-MG"
163948;2018-10-07;"domingo";"11:25:00";"RJ";116;106;"GUAPIMIRIM";"Falta de Atenção à Condução";"Colisão traseira";"Sem Vítimas";"Pleno dia";"Crescente";"Nublado";"Simples";"Reta";"Sim";3;0;0;0;3;0;0;3;-22,52198;-43,000706;"SPRF-RJ";"DEL04-RJ";"UOP02-DEL04-RJ"
163949;2018-10-07;"domingo";"10:30:00";"MG";459;83,5;"CONGONHAL";"Falta de Atenção do Pedestre";"Atropelamento de Pedestre";"Com Vítimas Feridas";"Pleno dia";"Crescente";"Nublado";"Simples";"Reta";"Sim";2;0;1;0;1;0;1;2;-22,15110632;-46,0467778;"SPRF-MG";"N/A";"N/A"
163950;2018-10-07;"domingo";"11:00:00";"SP";116;416,8;"JUQUIA";"Velocidade Incompatível";"Saída de leito carroçável";"Com Vítimas Feridas";"Pleno dia";"Decrescente";"Chuva";"Dupla";"Reta";"Não";3;0;1;0;2;0;1;1;-24,34606964;-47,64787674;"SPRF-SP";"DEL05-SP";"UOP01-DEL05-SP"
163951;2018-10-07;"domingo";"10:45:00";"AL";316;256,6;"PILAR";"Falta de Atenção à Condução";"Colisão transversal";"Com Vítimas Feridas";"Pleno dia";"Decrescente";"Sol";"Simples";"Reta";"Sim";3;0;0;2;1;0;2;2;-9,59160993;-35,92563629;"SPRF-AL";"DEL02-AL";"UOP01-DEL02-AL"
163952;2018-10-07;"domingo";"11:30:00";"DF";70;4;"BRASILIA";"Ingestão de Álcool";"Colisão lateral";"Sem Vítimas";"Pleno dia";"Crescente";"Céu Claro";"Dupla";"Reta";"Sim";3;0;0;0;1;2;0;2;-15,798115;-48,089317;"SPRF-DF";"DEL01-DF";"UOP02-DEL03-DF"
163953;2018-10-07;"domingo";"11:00:00";"PR";277;83;"CURITIBA";"Ingestão de Álcool";"Colisão traseira";"Com Vítimas Feridas";"Pleno dia";"Crescente";"Chuva";"Dupla";"Reta";"Sim";3;0;2;0;1;0;2;2;-25,45047938;-49,22793315;"SPRF-PR";"DEL01-PR";"UOP01-DEL01-PR"
163954;2018-10-07;"domingo";"11:00:00";"RS";290;151,5;"ARROIO DOS RATOS";"Falta de Atenção à Condução";"Colisão transversal";"Com Vítimas Feridas";"Pleno dia";"Decrescente";"Sol";"Simples";"Interseção de Vias;Reta;Em Obras";"Não";4;0;3;0;1;0;3;2;-30,105392;-51,717197;"SPRF-RS";"DEL02-RS";"UOP01-DEL02-RS"
163955;2018-10-07;"domingo";"11:15:00";"MG";381;566,2;"ITAGUARA";"Falta de Atenção à Condução";"Queda de ocupante de veículo";"Com Vítimas Feridas";"Pleno dia";"Decrescente";"Chuva";"Dupla";"Curva";"Não";1;0;1;0;0;0;1;1;-20,4025;-44,5126;"SPRF-MG";"DEL04-MG";"UOP03-DEL04-MG"
163956;2018-10-07;"domingo";"10:40:00";"BA";101;839;"VEREDA";"Falta de Atenção à Condução";"Saída de leito carroçável";"Com Vítimas Feridas";"Pleno dia";"Crescente";"Chuva";"Simples";"Curva";"Não";4;0;4;0;0;0;4;1;-17,236;-39,6182;"SPRF-BA";"DEL09-BA";"UOP01-DEL09-BA"
163958;2018-10-07;"domingo";"12:00:00";"RS";290;720,7;"URUGUAIANA";"Velocidade Incompatível";"Colisão traseira";"Com Vítimas Fatais";"Pleno dia";"Decrescente";"Céu Claro";"Simples";"Curva";"Sim";6;1;4;0;0;1;4;3;-29,7618214;-57,0583361;"SPRF-RS";"DEL13-RS";"UOP01-DEL13-RS"
163961;2018-10-07;"domingo";"11:00:00";"RS";290;397,5;"SANTA MARGARIDA DO SUL";"Defeito na Via";"Tombamento";"Com Vítimas Feridas";"Pleno dia";"Decrescente";"Céu Claro";"Simples";"Reta";"Não";1;0;1;0;0;0;1;1;-30,34922737;-54,1288844;"SPRF-RS";"DEL09-RS";"UOP02-DEL09-RS"
163962;2018-10-07;"domingo";"11:10:00";"MG";40;619;"CONGONHAS";"Falta de Atenção à Condução";"Colisão traseira";"Sem Vítimas";"Pleno dia";"Decrescente";"Chuva";"Simples";"Reta";"Não";2;0;0;0;2;0;0;2;-20,5784;-43,8085;"SPRF-MG";"DEL05-MG";"UOP02-DEL05-MG"
163963;2018-10-07;"domingo";"12:10:00";"RS";116;265;"CANOAS";"Desobediência às normas de trânsito pelo condutor";"Colisão transversal";"Sem Vítimas";"Pleno dia";"Decrescente";"Céu Claro";"Múltipla";"Aclive";"Sim";2;0;0;0;2;0;0;2;-29,91934439;-51,17792934;"SPRF-RS";"DEL01-RS";"UOP01-DEL01-RS"
163964;2018-10-07;"domingo";"11:45:00";"SC";470;158;"TROMBUDO CENTRAL";"Velocidade Incompatível";"Colisão lateral";"Com Vítimas Feridas";"Pleno dia";"Decrescente";"Garoa/Chuvisco";"Simples";"Curva";"Não";3;0;1;0;2;0;1;2;-27,28684334;-49,77791548;"SPRF-SC";"DEL04-SC";"UOP02-DEL04-SC"
163965;2018-10-07;"domingo";"12:00:00";"PE";408;92;"SAO LOURENCO DA MATA";"Pista Escorregadia";"Saída de leito carroçável";"Com Vítimas Feridas";"Pleno dia";"Decrescente";"Chuva";"Múltipla";"Reta";"Não";1;0;1;0;0;0;1;1;-8,000338;-35,062118;"SPRF-PE";"DEL01-PE";"UOP01-DEL01-PE"
163967;2018-10-07;"domingo";"12:00:00";"PR";476;133;"CURITIBA";"Falta de Atenção à Condução";"Colisão com objeto estático";"Sem Vítimas";"Pleno dia";"Decrescente";"Chuva";"Dupla";"Interseção de Vias;Reta";"Sim";1;0;0;0;0;1;0;1;-25,470113;-49,25453;"SPRF-PR";"DEL01-PR";"UOP07-DEL01-PR"
163968;2018-10-07;"domingo";"12:12:00";"PR";277;7,1;"PARANAGUA";"Pista Escorregadia";"Saída de leito carroçável";"Com Vítimas Feridas";"Pleno dia";"Decrescente";"Chuva";"Dupla";"Reta";"Não";1;0;0;1;0;0;1;1;-25,56155847;-48,58479649;"SPRF-PR";"DEL01-PR";"UOP05-DEL01-PR"
163970;2018-10-07;"domingo";"11:40:00";"PI";316;12;"TERESINA";"Objeto estático sobre o leito carroçável";"Saída de leito carroçável";"Com Vítimas Feridas";"Pleno dia";"Decrescente";"Céu Claro";"Dupla";"Reta";"Sim";3;0;2;0;1;0;2;1;-5,20816445;-42,75540948;"SPRF-PI";"DEL01-PI";"UOP02-DEL01-PI"
163972;2018-10-07;"domingo";"13:00:00";"MT";70;47,4;"BARRA DO GARCAS";"Velocidade Incompatível";"Saída de leito carroçável";"Com Vítimas Feridas";"Pleno dia";"Crescente";"Chuva";"Simples";"Declive";"Não";1;0;0;1;0;0;1;1;-15,74500602;-52,62245178;"SPRF-MT";"DEL07-MT";"UOP01-DEL07-MT"
163974;2018-10-07;"domingo";"13:50:00";"PE";232;143;"SAO CAITANO";"Mal Súbito";"Saída de leito carroçável";"Com Vítimas Feridas";"Pleno dia";"Crescente";"Céu Claro";"Dupla";"Reta";"Não";1;0;1;0;0;0;1;1;-8,329969;-36,145531;"SPRF-PE";"DEL02-PE";"UOP03-DEL02-PE"
163975;2018-10-07;"domingo";"13:15:00";"ES";262;19,8;"VIANA";"Falta de Atenção à Condução";"Colisão transversal";"Com Vítimas Feridas";"Pleno dia";"Crescente";"Nublado";"Simples";"Retorno Regulamentado";"Sim";2;0;1;0;1;0;1;2;-20,3932;-40,4863;"SPRF-ES";"DEL01-ES";"UOP01-DEL01-ES"
163976;2018-10-07;"domingo";"11:20:00";"SC";282;80;"RANCHO QUEIMADO";"Velocidade Incompatível";"Colisão frontal";"Com Vítimas Fatais";"Pleno dia";"Crescente";"Chuva";"Simples";"Curva";"Não";9;1;2;4;2;0;6;4;-27,663555;-49,159309;"SPRF-SC";"DEL01-SC";"UOP03-DEL01-SC"
163977;2018-10-07;"domingo";"11:10:00";"MA";10;115,1;"ESTREITO";"Defeito Mecânico no Veículo";"Incêndio";"Sem Vítimas";"Pleno dia";"Decrescente";"Sol";"Simples";"Reta";"Não";1;0;0;0;0;1;0;1;-6,664417;-47,448063;"SPRF-MA";"DEL04-MA";"UOP02-DEL04-MA"
163978;2018-10-07;"domingo";"14:00:00";"RJ";356;52,5;"ITAPERUNA";"Falta de Atenção à Condução";"Saída de leito carroçável";"Com Vítimas Fatais";"Pleno dia";"Decrescente";"Nublado";"Simples";"Reta";"Não";4;1;3;0;0;0;3;1;-21,257954;-41,767086;"SPRF-RJ";"DEL08-RJ";"UOP03-DEL08-RJ"
163979;2018-10-07;"domingo";"11:50:00";"MT";174;16;"PONTES E LACERDA";"Ingestão de Álcool";"Tombamento";"Com Vítimas Feridas";"Pleno dia";"Crescente";"Céu Claro";"Simples";"Reta";"Não";2;0;2;0;0;0;2;1;-15,19;-59,429;"SPRF-MT";"DEL04-MT";"UOP01-DEL04-MT"
163983;2018-10-07;"domingo";"14:30:00";"SC";101;123;"ITAJAI";"Desobediência às normas de trânsito pelo condutor";"Colisão transversal";"Com Vítimas Feridas";"Pleno dia";"Crescente";"Nublado";"Simples";"Interseção de Vias";"Sim";2;0;1;0;1;0;1;2;-26,93798675;-48,69792938;"SPRF-SC";"DEL04-SC";"UOP04-DEL04-SC"
163984;2018-10-07;"domingo";"14:00:00";"PR";476;127;"CURITIBA";"Falta de Atenção à Condução";"Queda de ocupante de veículo";"Com Vítimas Feridas";"Pleno dia";"Crescente";"Nevoeiro/Neblina";"Dupla";"Reta";"Sim";1;0;1;0;0;0;1;1;-25,42684221;-49,22849178;"SPRF-PR";"DEL01-PR";"UOP07-DEL01-PR"
163985;2018-10-07;"domingo";"11:30:00";"MG";381;479;"CONTAGEM";"Restrição de Visibilidade";"Colisão traseira";"Com Vítimas Feridas";"Pleno dia";"Decrescente";"Chuva";"Múltipla";"Aclive;Curva";"Sim";3;0;1;0;2;0;1;2;-19,96120777;-44,05152798;"SPRF-MG";"DEL01-MG";"UOP03-DEL01-MG"
163986;2018-10-07;"domingo";"13:30:00";"MG";40;527;"CONTAGEM";"Mal Súbito";"Colisão traseira";"Com Vítimas Feridas";"Pleno dia";"Decrescente";"Chuva";"Dupla";"Reta";"Não";3;0;1;0;2;0;1;2;-19,9105;-44,0427;"SPRF-MG";"DEL01-MG";"UOP03-DEL01-MG"
163987;2018-10-07;"domingo";"12:45:00";"PB";230;81;"RIACHAO DO POCO";"Desobediência às normas de trânsito pelo condutor";"Colisão traseira";"Sem Vítimas";"Pleno dia";"Decrescente";"Céu Claro";"Dupla";"Reta";"Não";2;0;0;0;1;1;0;2;-7,1785;-35,3219;"SPRF-PB";"DEL01-PB";"UOP03-DEL01-PB"
163988;2018-10-07;"domingo";"14:20:00";"AL";423;18,9;"CANAPI";"Defeito Mecânico no Veículo";"Colisão com objeto estático";"Sem Vítimas";"Pleno dia";"Crescente";"Céu Claro";"Simples";"Reta";"Não";1;0;0;0;1;0;0;1;-9,17372441;-37,45390534;"SPRF-AL";"DEL03-AL";"UOP02-DEL03-AL"
163989;2018-10-07;"domingo";"11:05:00";"PB";230;158,8;"CAMPINA GRANDE";"Desobediência às normas de trânsito pelo condutor";"Colisão transversal";"Com Vítimas Feridas";"Pleno dia";"Decrescente";"Céu Claro";"Simples";"Reta";"Sim";4;0;2;0;2;0;2;2;-7,2582;-35,9267;"SPRF-PB";"DEL02-PB";"UOP01-DEL02-PB"
163990;2018-10-07;"domingo";"14:30:00";"TO";153;142;"ARAGUAINA";"Ingestão de Álcool";"Saída de leito carroçável";"Sem Vítimas";"Pleno dia";"Decrescente";"Céu Claro";"Dupla";"Reta";"Sim";2;0;0;0;2;0;0;1;-7,18300796;-48,2261496;"SPRF-TO";"DEL02-TO";"UOP01-DEL02-TO"
163991;2018-10-07;"domingo";"14:40:00";"SC";101;3,3;"GARUVA";"Velocidade Incompatível";"Saída de leito carroçável";"Com Vítimas Feridas";"Pleno dia";"Decrescente";"Chuva";"Dupla";"Curva";"Não";1;0;1;0;0;0;1;1;-26,0093;-48,8642;"SPRF-SC";"DEL03-SC";"UOP01-DEL03-SC"
163992;2018-10-07;"domingo";"13:30:00";"PE";428;179,3;"PETROLINA";"Condutor Dormindo";"Saída de leito carroçável";"Com Vítimas Feridas";"Pleno dia";"Crescente";"Sol";"Simples";"Reta";"Não";1;0;1;0;0;0;1;1;-9,30624293;-40,45286623;"SPRF-PE";"DEL06-PE";"UOP01-DEL06-PE"
163993;2018-10-07;"domingo";"15:20:00";"RS";392;87,6;"PELOTAS";"Falta de Atenção à Condução";"Colisão transversal";"Com Vítimas Fatais";"Pleno dia";"Crescente";"Céu Claro";"Simples";"Reta";"Não";8;1;5;0;1;1;5;3;-31,627687;-52,499878;"SPRF-RS";"DEL07-RS";"UOP01-DEL07-RS"
163994;2018-10-07;"domingo";"15:40:00";"PE";104;78,8;"AGRESTINA";"Falta de Atenção à Condução";"Colisão transversal";"Com Vítimas Feridas";"Pleno dia";"Crescente";"Céu Claro";"Simples";"Reta";"Não";2;0;2;0;0;0;2;1;-8,397874;-35,973396;"SPRF-PE";"DEL02-PE";"UOP01-DEL02-PE"
163995;2018-10-07;"domingo";"15:20:00";"PR";277;701;"SAO MIGUEL DO IGUACU";"Pista Escorregadia";"Colisão com objeto estático";"Com Vítimas Feridas";"Pleno dia";"Decrescente";"Chuva";"Dupla";"Reta";"Não";4;0;1;0;3;0;1;2;-25,410875;-54,336601;"SPRF-PR";"DEL05-PR";"UOP01-DEL05-PR"
163997;2018-10-07;"domingo";"16:00:00";"CE";222;2,2;"FORTALEZA";"Falta de Atenção à Condução";"Colisão transversal";"Com Vítimas Feridas";"Pleno dia";"Decrescente";"Céu Claro";"Múltipla";"Reta";"Sim";3;0;1;0;2;0;1;2;-3,73935677;-38,58847976;"SPRF-CE";"DEL01-CE";"UOP01-DEL01-CE"
163999;2018-10-07;"domingo";"15:50:00";"PR";476;128;"CURITIBA";"Desobediência às normas de trânsito pelo condutor";"Saída de leito carroçável";"Sem Vítimas";"Pleno dia";"Crescente";"Chuva";"Dupla";"Curva";"Sim";1;0;0;0;1;0;0;1;-25,43490367;-49,23316956;"SPRF-PR";"DEL01-PR";"UOP07-DEL01-PR"
164000;2018-10-07;"domingo";"15:50:00";"CE";20;397,8;"CAUCAIA";"Animais na Pista";"Atropelamento de Animal";"Com Vítimas Feridas";"Pleno dia";"Decrescente";"Céu Claro";"Simples";"Reta";"Não";3;0;0;1;2;0;1;3;-3,80946216;-38,73009771;"SPRF-CE";"DEL01-CE";"UOP01-DEL01-CE"
164002;2018-10-07;"domingo";"11:25:00";"MG";356;276;"MURIAE";"Falta de Atenção à Condução";"Colisão transversal";"Com Vítimas Fatais";"Pleno dia";"Decrescente";"Nublado";"Simples";"Curva";"Não";3;1;1;1;0;0;2;2;-21,12885021;-42,32243657;"SPRF-MG";"DEL07-MG";"UOP02-DEL07-MG"
164003;2018-10-07;"domingo";"16:00:00";"BA";20;210,8;"LUIS EDUARDO MAGALHAES";"Falta de Atenção à Condução";"Colisão transversal";"Com Vítimas Feridas";"Pleno dia";"Decrescente";"Sol";"Simples";"Reta";"Sim";3;0;1;1;1;0;2;2;-12,10621464;-45,80924928;"SPRF-BA";"DEL10-BA";"UOP01-DEL10-BA"
164004;2018-10-07;"domingo";"16:30:00";"MG";381;491;"BETIM";"Velocidade Incompatível";"Colisão com objeto estático";"Com Vítimas Feridas";"Pleno dia";"Decrescente";"Céu Claro";"Dupla";"Reta";"Não";1;0;0;1;0;0;1;1;-19,9616;-44,1603;"SPRF-MG";"DEL01-MG";"UOP03-DEL01-MG"
164005;2018-10-07;"domingo";"17:00:00";"PB";230;32;"BAYEUX";"Falta de Atenção à Condução";"Tombamento";"Com Vítimas Feridas";"Pleno dia";"Crescente";"Sol";"Dupla";"Reta";"Sim";1;0;1;0;0;0;1;1;-7,14089;-34,92118288;"SPRF-PB";"DEL01-PB";"UOP01-DEL01-PB"
164007;2018-10-07;"domingo";"16:40:00";"RS";116;238;"NOVO HAMBURGO";"Falta de Atenção à Condução";"Tombamento";"Com Vítimas Feridas";"Pleno dia";"Decrescente";"Céu Claro";"Dupla";"Curva";"Sim";2;0;1;0;1;0;1;1;-29,68494897;-51,14155054;"SPRF-RS";"DEL01-RS";"UOP02-DEL01-RS"
164008;2018-10-07;"domingo";"16:30:00";"RS";287;256,2;"SANTA MARIA";"Falta de Atenção à Condução";"Colisão transversal";"Com Vítimas Feridas";"Pleno dia";"Decrescente";"Nublado";"Simples";"Curva;Declive";"Não";3;0;2;0;1;0;2;2;-29,68298;-53,931118;"SPRF-RS";"DEL09-RS";"UOP01-DEL09-RS"
164009;2018-10-07;"domingo";"12:15:00";"RO";364;648,7;"CANDEIAS DO JAMARI";"Animais na Pista";"Atropelamento de Animal";"Com Vítimas Feridas";"Pleno dia";"Decrescente";"Nublado";"Simples";"Declive;Reta";"Não";1;0;1;0;0;0;1;1;-8,939287;-63,431267;"SPRF-RO";"DEL03-RO";"UOP04-DEL01-RO"
164012;2018-10-07;"domingo";"16:48:00";"PR";476;153,7;"ARAUCARIA";"Velocidade Incompatível";"Colisão frontal";"Com Vítimas Feridas";"Pleno dia";"Decrescente";"Chuva";"Dupla";"Curva";"Sim";4;0;2;2;0;0;4;2;-25,58269493;-49,39942896;"SPRF-PR";"DEL01-PR";"UOP06-DEL01-PR"
164013;2018-10-07;"domingo";"17:00:00";"BA";116;423;"FEIRA DE SANTANA";"Ingestão de Álcool";"Colisão transversal";"Com Vítimas Feridas";"Pleno dia";"Decrescente";"Céu Claro";"Simples";"Retorno Regulamentado";"Sim";4;0;0;1;3;0;1;2;-12,23429399;-38,97535589;"SPRF-BA";"DEL02-BA";"UOP01-DEL02-BA"
164015;2018-10-07;"domingo";"07:50:00";"PB";230;117;"INGA";"Pista Escorregadia";"Saída de leito carroçável";"Com Vítimas Feridas";"Amanhecer";"Decrescente";"Garoa/Chuvisco";"Dupla";"Reta";"Não";2;0;2;0;0;0;2;1;-7,2393;-35,6128;"SPRF-PB";"DEL01-PB";"UOP03-DEL01-PB"
164016;2018-10-07;"domingo";"15:25:00";"SC";470;177,8;"POUSO REDONDO";"Defeito na Via";"Tombamento";"Com Vítimas Feridas";"Pleno dia";"Decrescente";"Garoa/Chuvisco";"Simples";"Reta;Declive;Em Obras";"Sim";1;0;1;0;0;0;1;1;-27,24865403;-49,96525168;"SPRF-SC";"DEL04-SC";"UOP02-DEL04-SC"
164017;2018-10-07;"domingo";"17:15:00";"RS";116;659,4;"JAGUARAO";"Não guardar distância de segurança";"Colisão traseira";"Sem Vítimas";"Pleno dia";"Decrescente";"Céu Claro";"Simples";"Ponte";"Sim";4;0;0;0;4;0;0;2;-32,57057738;-53,37786913;"SPRF-RS";"DEL07-RS";"UOP03-DEL07-RS"
164020;2018-10-07;"domingo";"17:15:00";"PA";316;67;"CASTANHAL";"Pista Escorregadia";"Tombamento";"Com Vítimas Feridas";"Pleno dia";"Decrescente";"Garoa/Chuvisco";"Simples";"Reta";"Não";2;0;2;0;0;0;2;1;-1,29181406;-47,87086487;"SPRF-PA";"DEL01-PA";"UOP01-DEL01-PA"
164021;2018-10-07;"domingo";"17:45:00";"AL";316;154,1;"PALMEIRA DOS INDIOS";"Animais na Pista";"Atropelamento de Animal";"Com Vítimas Feridas";"Plena Noite";"Crescente";"Céu Claro";"Simples";"Reta";"Não";1;0;0;1;0;0;1;1;-9,43020014;-36,64016947;"SPRF-AL";"DEL03-AL";"UOP01-DEL03-AL"
164024;2018-10-07;"domingo";"17:50:00";"ES";101;264,8;"SERRA";"Ingestão de Álcool";"Colisão traseira";"Sem Vítimas";"Anoitecer";"Crescente";"Garoa/Chuvisco";"Múltipla";"Reta";"Sim";2;0;0;0;2;0;0;2;-20,182121;-40,265597;"SPRF-ES";"DEL02-ES";"UOP01-DEL02-ES"
164025;2018-10-07;"domingo";"17:40:00";"SP";116;76,9;"ROSEIRA";"Defeito na Via";"Tombamento";"Com Vítimas Feridas";"Anoitecer";"Decrescente";"Nublado";"Dupla";"Reta";"Não";2;0;2;0;0;0;2;1;-22,877489;-45,27206;"SPRF-SP";"DEL06-SP";"UOP01-DEL06-SP"
164027;2018-10-07;"domingo";"17:30:00";"AP";210;104,8;"PORTO GRANDE";"Falta de Atenção à Condução";"Colisão transversal";"Com Vítimas Feridas";"Pleno dia";"Crescente";"Céu Claro";"Simples";"Reta;Declive";"Sim";4;0;1;0;2;1;1;3;0,69932036;-51,39969707;"SPRF-AP";"DEL01-AP";"UOP01-DEL01-AP"
164028;2018-10-07;"domingo";"15:00:00";"RJ";465;1;"SEROPEDICA";"Falta de Atenção à Condução";"Colisão lateral";"Com Vítimas Feridas";"Pleno dia";"Decrescente";"Garoa/Chuvisco";"Simples";"Reta";"Não";2;0;1;0;1;0;1;2;-22,719835;-43,725739;"SPRF-RJ";"DEL01-RJ";"UOP03-DEL01-RJ"
164029;2018-10-07;"domingo";"17:25:00";"PR";277;72;"SAO JOSE DOS PINHAIS";"Ingestão de Álcool";"Saída de leito carroçável";"Sem Vítimas";"Anoitecer";"Crescente";"Chuva";"Dupla";"Reta";"Não";1;0;0;0;1;0;0;1;-25,50694837;-49,13809061;"SPRF-PR";"DEL01-PR";"UOP01-DEL01-PR"
164031;2018-10-07;"domingo";"17:30:00";"GO";153;627,5;"MORRINHOS";"Desobediência às normas de trânsito pelo condutor";"Saída de leito carroçável";"Com Vítimas Feridas";"Pleno dia";"Crescente";"Nublado";"Dupla";"Reta";"Não";2;0;1;0;0;1;1;1;-17,777565;-49,177511;"SPRF-GO";"DEL03-GO";"UOP01-DEL03-GO"