"id";"data_inversa";"dia_semana";"horario";"uf";"br";"km";"municipio";"causa_acidente";"tipo_acidente";"classificacao_acidente";"fase_dia";"sentido_via";"condicao_metereologica";"tipo_pista";"tracado_via";"uso_solo";"pessoas";"mortos";"feridos_leves";"feridos_graves";"ilesos";"ignorados";"feridos";"veiculos";"latitude";"longitude";"regional";"delegacia";"uop"
164138;2018-10-08;"segunda-feira";"07:30:00";"RN";304;42,3;"MOSSORO";"Falta de Atenção à Condução";"Tombamento";"Com Vítimas Fatais";"Pleno dia";"Decrescente";"Sol";"Dupla";"Retorno Regulamentado";"Não";2;1;0;0;0;1;0;2;-5,212811;-37,372177;"SPRF-RN";"DEL04-RN";"UOP01-DEL04-RN"
164139;2018-10-08;"segunda-feira";"01:00:00";"MG";116;188,3;"CARAI";"Condutor Dormindo";"Saída de leito carroçável";"Com Vítimas Fatais";"Plena Noite";"Decrescente";"Céu Claro";"Simples";"Reta";"Não";1;1;0;0;0;0;0;1;-17,145185;-41,502326;"SPRF-MG";"DEL11-MG";"UOP01-DEL11-MG"
164140;2018-10-08;"segunda-feira";"08:40:00";"MG";381;929,9;"ITAPEVA";"Avarias e/ou desgaste excessivo no pneu";"Colisão com objeto estático";"Com Vítimas Feridas";"Pleno dia";"Decrescente";"Chuva";"Dupla";"Curva";"Não";2;0;2;0;0;0;2;1;-22,7751419;-46,23879463;"SPRF-MG";"DEL16-MG";"UOP03-DEL16-MG"
164141;2018-09-09;"domingo";"16:05:00";"RS";386;144,5;"SARANDI";"Ingestão de Álcool";"Engavetamento";"Sem Vítimas";"Pleno dia";"Crescente";"Sol";"Simples";"Reta";"Não";3;0;0;0;3;0;0;3;-28,032356;-52,878269;"SPRF-RS";"DEL08-RS";"UOP01-DEL08-RS"
164143;2018-10-08;"segunda-feira";"08:10:00";"PR";116;43;"CAMPINA GRANDE DO SUL";"Velocidade Incompatível";"Saída de leito carroçável";"Sem Vítimas";"Pleno dia";"Crescente";"Nublado";"Dupla";"Curva";"Não";1;0;0;0;1;0;0;1;-25,18505888;-48,88692856;"SPRF-PR";"DEL01-PR";"UOP02-DEL01-PR"
164147;2018-10-08;"segunda-feira";"07:40:00";"PR";153;11,8;"JACAREZINHO";"Falta de Atenção à Condução";"Colisão traseira";"Com Vítimas Feridas";"Pleno dia";"Decrescente";"Céu Claro";"Simples";"Interseção de Vias";"Não";2;0;1;0;1;0;1;2;-23,09650002;-49,93902856;"SPRF-PR";"DEL07-PR";"UOP04-DEL07-PR"
164148;2018-10-08;"segunda-feira";"07:30:00";"MG";262;37,1;"MANHUACU";"Falta de Atenção à Condução";"Colisão frontal";"Com Vítimas Feridas";"Pleno dia";"Crescente";"Nublado";"Simples";"Reta";"Sim";2;0;1;0;1;0;1;2;-20,270773;-42,039512;"SPRF-MG";"DEL06-MG";"UOP03-DEL06-MG"
164149;2018-10-08;"segunda-feira";"10:00:00";"MG";50;183,6;"UBERABA";"Velocidade Incompatível";"Tombamento";"Com Vítimas Feridas";"Pleno dia";"Crescente";"Céu Claro";"Dupla";"Reta";"Não";1;0;0;1;0;0;1;1;-19,8044808;-47,90444076;"SPRF-MG";"DEL13-MG";"UOP01-DEL13-MG"
164150;2018-10-08;"segunda-feira";"09:50:00";"PR";277;593;"CASCAVEL";"Defeito Mecânico no Veículo";"Queda de ocupante de veículo";"Com Vítimas Feridas";"Pleno dia";"Crescente";"Nublado";"Dupla";"Reta";"Não";1;0;1;0;0;0;1;1;-24,98056437;-53,48436937;"SPRF-PR";"DEL04-PR";"UOP01-DEL04-PR"
164151;2018-10-08;"segunda-feira";"09:50:00";"CE";116;40;"HORIZONTE";"Velocidade Incompatível";"Tombamento";"Com Vítimas Feridas";"Pleno dia";"Decrescente";"Sol";"Dupla";"Interseção de Vias";"Sim";1;0;0;1;0;0;1;1;-4,1076;-38,4949;"SPRF-CE";"DEL01-CE";"UOP02-DEL01-CE"
164152;2018-10-08;"segunda-feira";"10:10:00";"MG";365;627,2;"UBERLANDIA";"Falta de Atenção à Condução";"Colisão traseira";"Com Vítimas Feridas";"Pleno dia";"Crescente";"Sol";"Dupla";"Rotatória";"Sim";2;0;1;0;1;0;1;2;-18,90998106;-48,30320477;"SPRF-MG";"DEL15-MG";"UOP01-DEL15-MG"
164155;2018-10-08;"segunda-feira";"09:00:00";"MG";381;929,9;"ITAPEVA";"Velocidade Incompatível";"Colisão com objeto estático";"Com Vítimas Feridas";"Pleno dia";"Crescente";"Chuva";"Dupla";"Curva;Declive";"Não";3;0;1;0;2;0;1;2;-22,77489551;-46,23880506;"SPRF-MG";"DEL16-MG";"UOP03-DEL16-MG"
164156;2018-10-08;"segunda-feira";"08:15:00";"RJ";101;62;"CAMPOS DOS GOYTACAZES";"Desobediência às normas de trânsito pelo condutor";"Colisão transversal";"Com Vítimas Feridas";"Pleno dia";"Decrescente";"Céu Claro";"Simples";"Reta";"Não";2;0;1;0;0;1;1;2;-21,734707;-41,325024;"SPRF-RJ";"DEL08-RJ";"UOP01-DEL08-RJ"
164158;2018-10-08;"segunda-feira";"09:00:00";"ES";101;270,5;"SERRA";"Desobediência às normas de trânsito pelo condutor";"Colisão lateral";"Com Vítimas Feridas";"Pleno dia";"Decrescente";"Nublado";"Dupla";"Interseção de Vias";"Sim";3;0;1;0;2;0;1;3;-20,23081826;-40,27332021;"SPRF-ES";"DEL02-ES";"UOP01-DEL02-ES"
164159;2018-10-08;"segunda-feira";"09:40:00";"PR";158;493,3;"CORONEL VIVIDA";"Velocidade Incompatível";"Saída de leito carroçável";"Com Vítimas Feridas";"Pleno dia";"Crescente";"Céu Claro";"Simples";"Curva";"Não";1;0;1;0;0;0;1;1;-25,976639;-52,565098;"SPRF-PR";"DEL02-PR";"UOP01-DEL02-PR"
164160;2018-10-08;"segunda-feira";"11:25:00";"SP";381;73;"SAO PAULO";"Falta de Atenção à Condução";"Capotamento";"Com Vítimas Feridas";"Pleno dia";"Crescente";"Chuva";"Dupla";"Curva";"Não";3;0;3;0;0;0;3;1;-23,36340366;-46,55246258;"SPRF-SP";"DEL03-SP";"DEL6/3-UOP03/SP"
164162;2018-10-08;"segunda-feira";"11:20:00";"PR";376;175,8;"MARINGA";"Falta de Atenção à Condução";"Tombamento";"Com Vítimas Feridas";"Pleno dia";"Decrescente";"Chuva";"Dupla";"Reta";"Sim";2;0;1;0;1;0;1;2;-23,412691;-51,931583;"SPRF-PR";"DEL07-PR";"UOP01-DEL09-PR"
164163;2018-09-12;"quarta-feira";"06:55:00";"GO";70;2;"AGUAS LINDAS DE GOIAS";"Falta de Atenção à Condução";"Capotamento";"Com Vítimas Feridas";"Pleno dia";"Crescente";"Céu Claro";"Dupla";"Reta;Aclive";"Sim";1;0;1;0;0;0;1;1;-15,77077877;-48,23023796;"SPRF-DF";"DEL01-DF";"UOP02-DEL03-DF"
164165;2018-10-08;"segunda-feira";"10:45:00";"GO";153;186;"URUACU";"Defeito Mecânico no Veículo";"Incêndio";"Sem Vítimas";"Pleno dia";"Crescente";"Céu Claro";"Simples";"Reta";"Não";2;0;0;0;2;0;0;1;-14,394958;-49,157684;"SPRF-GO";"DEL07-GO";"UOP02-DEL07-GO"
164166;2018-10-08;"segunda-feira";"11:15:00";"SE";101;115,9;"ITAPORANGA DAJUDA";"Velocidade Incompatível";"Colisão com objeto estático";"Com Vítimas Feridas";"Pleno dia";"Decrescente";"Céu Claro";"Dupla";"Curva";"Não";4;0;3;0;1;0;3;2;-11,00818979;-37,30921978;"SPRF-SE";"DEL02-SE";"UOP01-DEL02-SE"
164167;2018-05-26;"sábado";"22:50:00";"MA";222;368;"SANTA INES";"Falta de Atenção à Condução";"Queda de ocupante de veículo";"Com Vítimas Feridas";"Plena Noite";"Crescente";"Céu Claro";"Simples";"Curva";"Não";2;0;1;0;1;0;1;1;-3,70667076;-45,41507721;"SPRF-MA";"DEL02-MA";"UI04-DEL02-MA"
164168;2018-10-08;"segunda-feira";"12:00:00";"PE";232;117;"CARUARU";"Condutor Dormindo";"Saída de leito carroçável";"Com Vítimas Feridas";"Pleno dia";"Decrescente";"Céu Claro";"Dupla";"Reta";"Não";2;0;1;0;1;0;1;1;-8,294961;-35,878647;"SPRF-PE";"DEL02-PE";"UOP03-DEL02-PE"
164169;2018-10-08;"segunda-feira";"11:15:00";"MS";163;232;"CAARAPO";"Defeito Mecânico no Veículo";"Saída de leito carroçável";"Com Vítimas Feridas";"Pleno dia";"Crescente";"Céu Claro";"Dupla";"Reta";"Não";2;0;2;0;0;0;2;1;-22,45672552;-54,84100342;"SPRF-MS";"DEL04-MS";"UOP02-DEL04-MS"
164170;2018-10-08;"segunda-feira";"09:30:00";"SP";116;65;"GUARATINGUETA";"Falta de Atenção à Condução";"Colisão traseira";"Sem Vítimas";"Pleno dia";"Decrescente";"Chuva";"Simples";"Interseção de Vias";"Não";3;0;0;0;3;0;0;2;-22,82365602;-45,2022171;"SPRF-SP";"DEL08-SP";"UOP01-DEL08-SP"
164171;2018-10-08;"segunda-feira";"12:00:00";"MG";381;925,1;"ITAPEVA";"Falta de Atenção à Condução";"Tombamento";"Com Vítimas Feridas";"Pleno dia";"Crescente";"Chuva";"Dupla";"Curva;Aclive";"Não";1;0;1;0;0;0;1;1;-22,77111017;-46,19922668;"SPRF-MG";"DEL16-MG";"UOP03-DEL16-MG"
164172;2018-10-07;"domingo";"17:15:00";"PI";343;598;"FLORIANO";"Falta de Atenção à Condução";"Colisão lateral";"Com Vítimas Feridas";"Pleno dia";"Decrescente";"Céu Claro";"Dupla";"Reta";"Sim";2;0;0;1;0;1;1;2;-6,819801;-43,060368;"SPRF-PI";"DEL03-PI";"UOP01-DEL03-PI"
164173;2018-10-08;"segunda-feira";"12:30:00";"GO";153;278,7;"NOVA GLORIA";"Objeto estático sobre o leito carroçável";"Colisão traseira";"Com Vítimas Feridas";"Pleno dia";"Crescente";"Sol";"Simples";"Reta";"Não";2;0;0;1;1;0;1;2;-15,123626;-49,504177;"SPRF-GO";"DEL07-GO";"UOP02-DEL07-GO"
164174;2018-10-08;"segunda-feira";"11:20:00";"MG";381;492;"BETIM";"Não guardar distância de segurança";"Colisão traseira";"Com Vítimas Feridas";"Pleno dia";"Decrescente";"Céu Claro";"Simples";"Reta";"Sim";2;0;1;0;1;0;1;2;-19,9639;-44,1693;"SPRF-MG";"DEL01-MG";"UOP03-DEL01-MG"
164175;2018-10-08;"segunda-feira";"12:00:00";"ES";262;118,8;"CONCEICAO DO CASTELO";"Falta de Atenção à Condução";"Colisão lateral";"Com Vítimas Feridas";"Pleno dia";"Decrescente";"Céu Claro";"Simples";"Reta";"Não";3;0;0;1;1;1;1;3;-20,3172;-41,2283;"SPRF-ES";"DEL01-ES";"UOP02-DEL01-ES"
164176;2018-10-08;"segunda-feira";"04:30:00";"PB";426;73,4;"PIANCO";"Ingestão de Álcool";"Queda de ocupante de veículo";"Com Vítimas Feridas";"Plena Noite";"Crescente";"Céu Claro";"Simples";"Reta";"Não";2;0;0;2;0;0;2;1;-7,2495262;-37,94168115;"SPRF-PB";"DEL03-PB";"UOP01-DEL03-PB"
164177;2018-10-08;"segunda-feira";"12:50:00";"SC";101;204,1;"SAO JOSE";"Não guardar distância de segurança";"Colisão traseira";"Com Vítimas Feridas";"Pleno dia";"Decrescente";"Chuva";"Dupla";"Reta";"Sim";2;0;1;0;1;0;1;2;-27,5832;-48,6151;"SPRF-SC";"DEL01-SC";"UOP01-DEL01-SC"
164178;2018-10-08;"segunda-feira";"12:40:00";"MG";381;908,3;"CAMBUI";"Velocidade Incompatível";"Saída de leito carroçável";"Com Vítimas Feridas";"Pleno dia";"Crescente";"Chuva";"Dupla";"Aclive;Curva";"Não";4;0;1;0;3;0;1;1;-22,68122253;-46,10141158;"SPRF-MG";"DEL16-MG";"UOP03-DEL16-MG"
164179;2018-10-08;"segunda-feira";"11:00:00";"GO";20;83;"VILA BOA";"Falta de Atenção à Condução";"Colisão frontal";"Com Vítimas Feridas";"Pleno dia";"Crescente";"Céu Claro";"Simples";"Reta";"Não";4;0;1;0;3;0;1;2;-15,06729584;-47,08104819;"SPRF-DF";"DEL02-DF";"UOP03-DEL02-DF"
164180;2018-10-01;"segunda-feira";"17:45:00";"SC";101;204;"FLORIANOPOLIS";"Falta de Atenção à Condução";"Colisão lateral";"Com Vítimas Feridas";"Plena Noite";"Decrescente";"Nublado";"Dupla";"Reta";"Sim";2;0;1;0;1;0;1;2;-27,5832;-48,6151;"SPRF-SC";"DEL01-SC";"UOP01-DEL01-SC"
164181;2018-10-08;"segunda-feira";"12:05:00";"RN";406;63,5;"JANDAIRA";"Desobediência às normas de trânsito pelo pedestre";"Atropelamento de Pedestre";"Com Vítimas Fatais";"Pleno dia";"Decrescente";"Céu Claro";"Simples";"Reta";"Não";2;1;0;0;1;0;0;2;-5,36206692;-36,11841202;"SPRF-RN";"DEL02-RN";"UOP01-DEL02-RN"
164182;2018-10-08;"segunda-feira";"11:30:00";"BA";407;157;"FILADELFIA";"Falta de Atenção à Condução";"Colisão lateral";"Com Vítimas Feridas";"Pleno dia";"Crescente";"Céu Claro";"Simples";"Interseção de Vias";"Sim";2;0;1;0;1;0;1;2;-10,736105;-40,122058;"SPRF-BA";"DEL04-BA";"UOP01-DEL04-BA"
164183;2018-10-07;"domingo";"07:41:00";"SC";101;97;"BARRA VELHA";"Velocidade Incompatível";"Colisão com objeto estático";"Com Vítimas Feridas";"Pleno dia";"Crescente";"Chuva";"Dupla";"Reta";"Não";1;0;1;0;0;0;1;1;-26,7409;-48,6983;"SPRF-SC";"DEL03-SC";"UOP02-DEL03-SC"
164184;2018-10-08;"segunda-feira";"13:40:00";"PR";376;202,6;"MANDAGUARI";"Falta de Atenção à Condução";"Saída de leito carroçável";"Com Vítimas Feridas";"Pleno dia";"Crescente";"Chuva";"Dupla";"Reta";"Não";1;0;1;0;0;0;1;1;-23,5177189;-51,71780229;"SPRF-PR";"DEL07-PR";"UOP01-DEL09-PR"
164185;2018-10-08;"segunda-feira";"12:00:00";"MS";163;14;"MUNDO NOVO";"Pista Escorregadia";"Saída de leito carroçável";"Com Vítimas Feridas";"Pleno dia";"Decrescente";"Chuva";"Simples";"Reta";"Não";3;0;1;0;2;0;1;1;-23,95056719;-54,30795193;"SPRF-MS";"DEL09-MS";"UOP02-DEL09-MS"
164188;2018-10-08;"segunda-feira";"12:30:00";"PA";316;35;"SANTA IZABEL DO PARA";"Falta de Atenção à Condução";"Colisão transversal";"Sem Vítimas";"Pleno dia";"Decrescente";"Sol";"Dupla";"Interseção de Vias";"Sim";3;0;0;0;3;0;0;2;-1,28852472;-48,15366268;"SPRF-PA";"DEL01-PA";"DEL19/1-UOP05/PA"
164189;2018-09-22;"sábado";"14:00:00";"PB";405;16,5;"UIRAUNA";"Velocidade Incompatível";"Saída de leito carroçável";"Com Vítimas Feridas";"Pleno dia";"Decrescente";"Ignorado";"Simples";"Reta";"Não";1;0;1;0;0;0;1;1;-6,584224;-38,412262;"SPRF-PB";"DEL03-PB";"UOP03-DEL03-PB"
164191;2018-10-08;"segunda-feira";"13:40:00";"GO";452;1,7;"RIO VERDE";"Falta de Atenção à Condução";"Saída de leito carroçável";"Com Vítimas Feridas";"Pleno dia";"Crescente";"Céu Claro";"Dupla";"Reta";"Sim";1;0;1;0;0;0;1;1;-17,79429;-50,88875;"SPRF-GO";"DEL04-GO";"UOP01-DEL04-GO"
164193;2018-10-08;"segunda-feira";"11:40:00";"RR";401;4;"CANTA";"Falta de Atenção à Condução";"Saída de leito carroçável";"Com Vítimas Fatais";"Pleno dia";"Crescente";"Céu Claro";"Simples";"Reta";"Não";3;1;0;2;0;0;2;1;2,788155;-60,656371;"SPRF-RR";"DEL01-RR";"UOP01-DEL01-RR"
164196;2018-10-08;"segunda-feira";"14:30:00";"PA";316;22;"BENEVIDES";"Não guardar distância de segurança";"Colisão traseira";"Com Vítimas Feridas";"Pleno dia";"Decrescente";"Nublado";"Dupla";"Reta";"Não";4;0;2;0;2;0;2;2;-1,34929998;-48,25423837;"SPRF-PA";"DEL01-PA";"DEL19/1-UOP05/PA"
164199;2018-10-08;"segunda-feira";"15:00:00";"ES";101;145;"LINHARES";"Falta de Atenção à Condução";"Queda de ocupante de veículo";"Com Vítimas Feridas";"Pleno dia";"Crescente";"Sol";"Dupla";"Reta";"Sim";1;0;1;0;0;0;1;1;-19,3586793;-40,06413192;"SPRF-ES";"DEL04-ES";"UOP01-DEL04-ES"
164200;2018-10-08;"segunda-feira";"15:30:00";"GO";60;232,7;"CEZARINA";"Pista Escorregadia";"Saída de leito carroçável";"Com Vítimas Feridas";"Pleno dia";"Decrescente";"Chuva";"Dupla";"Declive;Reta";"Não";4;0;4;0;0;0;4;1;-17,07944078;-49,83014077;"SPRF-GO";"DEL01-GO";"UOP02-DEL01-GO"
164201;2018-10-08;"segunda-feira";"16:30:00";"PE";423;53,9;"LAJEDO";"Ultrapassagem Indevida";"Colisão frontal";"Com Vítimas Fatais";"Pleno dia";"Crescente";"Céu Claro";"Simples";"Reta";"Não";3;1;2;0;0;0;2;2;-8,60665;-36,293787;"SPRF-PE";"DEL03-PE";"UOP01-DEL03-PE"
164203;2018-10-08;"segunda-feira";"16:30:00";"RS";290;86,5;"PORTO ALEGRE";"Defeito Mecânico no Veículo";"Incêndio";"Sem Vítimas";"Pleno dia";"Decrescente";"Céu Claro";"Múltipla";"Reta";"Sim";1;0;0;0;1;0;0;1;-29,96818928;-51,12173438;"SPRF-RS";"DEL01-RS";"UOP01-DEL01-RS"
164207;2018-10-08;"segunda-feira";"15:30:00";"CE";222;2;"FORTALEZA";"Falta de Atenção à Condução";"Colisão transversal";"Com Vítimas Feridas";"Pleno dia";"Decrescente";"Céu Claro";"Múltipla";"Reta";"Sim";2;0;1;0;1;0;1;2;-3,739117;-38,586914;"SPRF-CE";"DEL01-CE";"UOP01-DEL01-CE"
164209;2018-10-08;"segunda-feira";"17:00:00";"RJ";493;55;"DUQUE DE CAXIAS";"Pista Escorregadia";"Saída de leito carroçável";"Com Vítimas Feridas";"Anoitecer";"Crescente";"Chuva";"Dupla";"Reta";"Não";2;0;2;0;0;0;2;1;-22,6606792;-43,3482091;"SPRF-RJ";"DEL01-RJ";"UOP01-DEL01-RJ"
164212;2018-10-08;"segunda-feira";"16:50:00";"RN";101;125;"SAO JOSE DE MIPIBU";"Desobediência às normas de trânsito pelo condutor";"Colisão frontal";"Com Vítimas Feridas";"Anoitecer";"Decrescente";"Céu Claro";"Múltipla";"Reta";"Sim";3;0;1;0;1;1;1;2;-6,0680154;-35,2389257;"SPRF-RN";"DEL01-RN";"UOP01-DEL01-RN"
164213;2018-10-08;"segunda-feira";"17:45:00";"SP";459;26,7;"LORENA";"Velocidade Incompatível";"Saída de leito carroçável";"Com Vítimas Feridas";"Anoitecer";"Decrescente";"Garoa/Chuvisco";"Simples";"Declive";"Não";1;0;1;0;0;0;1;1;-22,69915856;-45,11947632;"SPRF-SP";"DEL08-SP";"UOP03-DEL08-SP"
164214;2018-10-08;"segunda-feira";"18:00:00";"GO";60;69,6;"ABADIANIA";"Falta de Atenção à Condução";"Colisão transversal";"Com Vítimas Feridas";"Anoitecer";"Decrescente";"Céu Claro";"Dupla";"Reta";"Não";5;0;1;0;4;0;1;2;-16,2372;-48,7592;"SPRF-GO";"DEL02-GO";"UOP01-DEL02-GO"
164215;2018-10-08;"segunda-feira";"16:00:00";"RJ";101;453;"MANGARATIBA";"Pista Escorregadia";"Capotamento";"Sem Vítimas";"Pleno dia";"Decrescente";"Chuva";"Simples";"Declive";"Não";1;0;0;0;1;0;0;1;-23,03165578;-44,13289547;"SPRF-RJ";"DEL03-RJ";"UOP03-DEL03-RJ"
164216;2018-02-11;"domingo";"12:00:00";"MG";381;938,4;"EXTREMA";"Falta de Atenção à Condução";"Queda de ocupante de veículo";"Com Vítimas Feridas";"Pleno dia";"Crescente";"Sol";"Dupla";"Curva";"Não";1;0;1;0;0;0;1;1;-22,8194;-46,2984;"SPRF-MG";"DEL16-MG";"UOP03-DEL16-MG"
164218;2018-10-08;"segunda-feira";"18:15:00";"RS";290;88;"PORTO ALEGRE";"Velocidade Incompatível";"Engavetamento";"Com Vítimas Feridas";"Pleno dia";"Decrescente";"Céu Claro";"Dupla";"Reta";"Não";3;0;1;0;2;0;1;3;-29,96787327;-51,14650726;"SPRF-RS";"DEL01-RS";"UOP01-DEL01-RS"
164219;2018-10-08;"segunda-feira";"18:00:00";"SC";282;576,5;"PINHALZINHO";"Ultrapassagem Indevida";"Colisão frontal";"Com Vítimas Feridas";"Anoitecer";"Crescente";"Nublado";"Simples";"Reta";"Sim";3;0;3;0;0;0;3;2;-26,86407502;-52,97238166;"SPRF-SC";"DEL07-SC";"UOP02-DEL07-SC"
164221;2018-10-08;"segunda-feira";"18:35:00";"BA";324;612;"SALVADOR";"Restrição de Visibilidade";"Atropelamento de Pedestre";"Com Vítimas Feridas";"Plena Noite";"Decrescente";"Céu Claro";"Dupla";"Reta";"Não";6;0;0;1;5;0;1;2;-12,7929936;-38,4049281;"SPRF-BA";"DEL01-BA";"UOP01-DEL01-BA"
164224;2018-10-08;"segunda-feira";"18:10:00";"PR";476;142,5;"CURITIBA";"Falta de Atenção à Condução";"Colisão transversal";"Com Vítimas Feridas";"Anoitecer";"Crescente";"Nublado";"Dupla";"Curva";"Sim";3;0;1;1;0;1;2;3;-25,54042796;-49,30269241;"SPRF-PR";"DEL01-PR";"UOP07-DEL01-PR"
164225;2018-10-08;"segunda-feira";"18:40:00";"PA";230;112;"MARABA";"Falta de Atenção à Condução";"Queda de ocupante de veículo";"Com Vítimas Feridas";"Plena Noite";"Decrescente";"Chuva";"Simples";"Reta";"Não";1;0;1;0;0;0;1;1;-5,369113;-49,048855;"SPRF-PA";"DEL03-PA";"UOP01-DEL03-PA"
164226;2018-10-08;"segunda-feira";"18:40:00";"MG";40;602,9;"OURO PRETO";"Falta de Atenção à Condução";"Colisão transversal";"Sem Vítimas";"Plena Noite";"Crescente";"Ignorado";"Simples";"Reta";"Não";2;0;0;0;2;0;0;2;-20,4415;-43,8406;"SPRF-MG";"DEL05-MG";"UOP02-DEL05-MG"
164227;2018-10-08;"segunda-feira";"18:20:00";"PB";230;443,6;"APARECIDA";"Falta de Atenção à Condução";"Colisão transversal";"Com Vítimas Feridas";"Plena Noite";"Decrescente";"Céu Claro";"Simples";"Reta";"Não";3;0;3;0;0;0;3;2;-6,78392261;-38,09584379;"SPRF-PB";"DEL03-PB";"UOP02-DEL03-PB"
164228;2018-10-08;"segunda-feira";"19:20:00";"ES";262;6;"CARIACICA";"Falta de Atenção à Condução";"Colisão lateral";"Com Vítimas Feridas";"Plena Noite";"Crescente";"Céu Claro";"Dupla";"Reta";"Sim";2;0;1;0;1;0;1;1;-20,34136761;-40,3966856;"SPRF-ES";"DEL01-ES";"UOP01-DEL01-ES"
164229;2018-10-08;"segunda-feira";"19:30:00";"PR";376;452;"TIBAGI";"Falta de Atenção à Condução";"Saída de leito carroçável";"Com Vítimas Feridas";"Plena Noite";"Decrescente";"Chuva";"Simples";"Em Obras";"Não";3;0;1;0;2;0;1;1;-24,88717617;-50,43661237;"SPRF-PR";"DEL03-PR";"UOP02-DEL03-PR"
164230;2018-05-09;"quarta-feira";"19:40:00";"RN";406;2;"MACAU";"Falta de Atenção à Condução";"Colisão traseira";"Com Vítimas Feridas";"Plena Noite";"Crescente";"Garoa/Chuvisco";"Simples";"Reta";"Sim";2;0;1;0;1;0;1;2;-5,131527;-36,618053;"SPRF-RN";"DEL02-RN";"UOP01-DEL02-RN"
164231;2018-10-08;"segunda-feira";"18:00:00";"ES";101;1,5;"VITORIA";"Falta de Atenção à Condução";"Colisão lateral";"Com Vítimas Feridas";"Plena Noite";"Decrescente";"Céu Claro";"Dupla";"Reta";"Não";3;0;1;0;2;0;1;3;-20,2478137;-40,28456926;"SPRF-ES";"DEL04-ES";"UOP02-DEL04-ES"
164233;2018-10-08;"segunda-feira";"18:50:00";"MS";163;265;"DOURADOS";"Ingestão de Álcool";"Colisão com objeto estático";"Com Vítimas Feridas";"Plena Noite";"Crescente";"Céu Claro";"Dupla";"Rotatória";"Sim";1;0;1;0;0;0;1;1;-22,22322389;-54,73129034;"SPRF-MS";"DEL04-MS";"UOP01-DEL04-MS"
164235;2018-10-08;"segunda-feira";"19:20:00";"PR";277;590,1;"CASCAVEL";"Falta de Atenção à Condução";"Colisão transversal";"Com Vítimas Feridas";"Plena Noite";"Crescente";"Céu Claro";"Simples";"Rotatória";"Sim";4;0;1;1;2;0;2;2;-24,98113721;-53,45518112;"SPRF-PR";"DEL04-PR";"UOP01-DEL04-PR"
164236;2018-10-04;"quinta-feira";"16:40:00";"PR";277;5;"FOZ DO IGUACU";"Falta de Atenção à Condução";"Colisão lateral";"Sem Vítimas";"Pleno dia";"Crescente";"Ignorado";"Dupla";"Rotatória";"Não";2;0;0;0;1;1;0;2;-25,46213617;-54,58309293;"SPRF-PR";"DEL05-PR";"UOP03-DEL05-PR"
164237;2018-10-08;"segunda-feira";"20:00:00";"GO";60;175,6;"ABADIA DE GOIAS";"Falta de Atenção à Condução";"Colisão traseira";"Sem Vítimas";"Plena Noite";"Decrescente";"Céu Claro";"Dupla";"Reta";"Não";4;0;0;0;4;0;0;2;-16,75391529;-49,43474561;"SPRF-GO";"DEL01-GO";"UOP02-DEL01-GO"
164240;2018-03-04;"domingo";"11:00:00";"MG";354;769;"ITAMONTE";"Pista Escorregadia";"Tombamento";"Com Vítimas Feridas";"Pleno dia";"Decrescente";"Chuva";"Simples";"Curva";"Não";1;0;1;0;0;0;1;1;-22,35428304;-44,79815103;"SPRF-MG";"DEL05-MG";"UOP01-DEL17-MG"
164242;2018-10-08;"segunda-feira";"20:40:00";"SP";116;308;"SAO LOURENCO DA SERRA";"Velocidade Incompatível";"Colisão com objeto estático";"Com Vítimas Feridas";"Plena Noite";"Crescente";"Chuva";"Dupla";"Retorno Regulamentado";"Não";4;0;2;0;2;0;2;1;-23,85816086;-46,94420457;"SPRF-SP";"DEL04-SP";"UOP01-DEL04-SP"
164243;2018-10-08;"segunda-feira";"20:08:00";"PE";101;68;"RECIFE";"Falta de Atenção à Condução";"Colisão com objeto estático";"Com Vítimas Feridas";"Plena Noite";"Crescente";"Céu Claro";"Simples";"Rotatória";"Sim";1;0;1;0;0;0;1;1;-8,05186368;-34,94663549;"SPRF-PE";"DEL01-PE";"UOP01-DEL01-PE"
164244;2018-10-08;"segunda-feira";"20:30:00";"SC";280;51,4;"GUARAMIRIM";"Falta de Atenção à Condução";"Colisão transversal";"Com Vítimas Feridas";"Plena Noite";"Decrescente";"Garoa/Chuvisco";"Simples";"Rotatória";"Não";4;0;2;0;2;0;2;2;-26,4670915;-48,9601019;"SPRF-SC";"DEL03-SC";"UOP03-DEL03-SC"
164245;2018-10-08;"segunda-feira";"19:30:00";"RJ";101;543;"PARATY";"Velocidade Incompatível";"Saída de leito carroçável";"Com Vítimas Feridas";"Plena Noite";"Decrescente";"Chuva";"Simples";"Curva";"Não";6;0;0;1;5;0;1;1;-23,04640617;-44,59856987;"SPRF-RJ";"DEL03-RJ";"UOP02-DEL03-RJ"
164247;2018-10-08;"segunda-feira";"21:10:00";"PR";369;150,8;"LONDRINA";"Falta de Atenção à Condução";"Colisão traseira";"Com Vítimas Feridas";"Plena Noite";"Crescente";"Nublado";"Dupla";"Reta";"Sim";3;0;1;0;2;0;1;2;-23,29277627;-51,16791833;"SPRF-PR";"DEL07-PR";"UOP01-DEL07-PR"