"id";"data_inversa";"dia_semana";"horario";"uf";"br";"km";"municipio";"causa_acidente";"tipo_acidente";"classificacao_acidente";"fase_dia";"sentido_via";"condicao_metereologica";"tipo_pista";"tracado_via";"uso_solo";"pessoas";"mortos";"feridos_leves";"feridos_graves";"ilesos";"ignorados";"feridos";"veiculos";"latitude";"longitude";"regional";"delegacia";"uop"
164386;2018-10-09;"terça-feira";"17:00:00";"RS";158;145,8;"PANAMBI";"Falta de Atenção à Condução";"Colisão frontal";"Com Vítimas Feridas";"Pleno dia";"Crescente";"Chuva";"Dupla";"Curva";"Sim";6;0;2;0;4;0;2;3;-28,24810007;-53,47988963;"SPRF-RS";"DEL10-RS";"UOP02-DEL10-RS"
164387;2018-10-09;"terça-feira";"14:00:00";"MG";116;798,6;"ALEM PARAIBA";"Falta de Atenção à Condução";"Saída de leito carroçável";"Com Vítimas Feridas";"Pleno dia";"Crescente";"Nublado";"Simples";"Reta";"Não";1;0;0;1;0;0;1;1;-21,71939744;-42,72821859;"SPRF-MG";"DEL07-MG";"UOP01-DEL07-MG"
164388;2018-10-09;"terça-feira";"17:30:00";"SC";282;3,5;"FLORIANOPOLIS";"Falta de Atenção do Pedestre";"Atropelamento de Pedestre";"Com Vítimas Feridas";"Pleno dia";"Decrescente";"Nublado";"Dupla";"Reta";"Sim";2;0;0;1;1;0;1;2;-27,600384;-48,599705;"SPRF-SC";"DEL01-SC";"UOP01-DEL01-SC"
164389;2018-10-09;"terça-feira";"17:30:00";"SP";116;140,9;"SAO JOSE DOS CAMPOS";"Falta de Atenção à Condução";"Tombamento";"Com Vítimas Feridas";"Pleno dia";"Crescente";"Céu Claro";"Dupla";"Reta";"Sim";1;0;0;1;0;0;1;1;-23,165804;-45,812515;"SPRF-SP";"DEL06-SP";"UOP02-DEL02-SP"
164391;2018-10-09;"terça-feira";"17:30:00";"BA";116;15,5;"VITORIA DA CONQUISTA";"Falta de Atenção à Condução";"Colisão transversal";"Com Vítimas Feridas";"Anoitecer";"Decrescente";"Céu Claro";"Simples";"Interseção de Vias";"Sim";2;0;0;1;1;0;1;2;-14,89966761;-40,85505366;"SPRF-BA";"DEL08-BA";"UOP01-DEL08-BA"
164392;2018-10-09;"terça-feira";"17:30:00";"BA";324;540;"AMELIA RODRIGUES";"Defeito Mecânico no Veículo";"Queda de ocupante de veículo";"Com Vítimas Feridas";"Plena Noite";"Crescente";"Céu Claro";"Dupla";"Reta";"Não";2;0;2;0;0;0;2;1;-12,3933674;-38,7774332;"SPRF-BA";"DEL01-BA";"UOP01-DEL01-BA"
164398;2018-10-09;"terça-feira";"18:00:00";"SC";280;53,9;"GUARAMIRIM";"Falta de Atenção à Condução";"Colisão transversal";"Com Vítimas Feridas";"Pleno dia";"Crescente";"Céu Claro";"Simples";"Reta";"Sim";2;0;1;0;1;0;1;2;-26,472363;-48,974255;"SPRF-SC";"DEL03-SC";"UOP03-DEL03-SC"
164399;2018-10-09;"terça-feira";"17:10:00";"SP";116;142,7;"SAO JOSE DOS CAMPOS";"Não guardar distância de segurança";"Engavetamento";"Com Vítimas Feridas";"Pleno dia";"Decrescente";"Nublado";"Dupla";"Reta";"Não";3;0;1;0;2;0;1;3;-23,174294;-45,829464;"SPRF-SP";"DEL06-SP";"UOP02-DEL02-SP"
164400;2018-10-09;"terça-feira";"18:00:00";"BA";110;340;"ALAGOINHAS";"Falta de Atenção do Pedestre";"Atropelamento de Pedestre";"Com Vítimas Feridas";"Anoitecer";"Decrescente";"Céu Claro";"Simples";"Reta";"Sim";2;0;2;0;0;0;2;2;-12,0782672;-38,34468842;"SPRF-BA";"DEL01-BA";"UOP04-DEL01-BA"
164401;2018-10-09;"terça-feira";"17:30:00";"PR";376;619;"SAO JOSE DOS PINHAIS";"Falta de Atenção à Condução";"Atropelamento de Pedestre";"Com Vítimas Feridas";"Pleno dia";"Crescente";"Nublado";"Simples";"Reta";"Sim";2;0;1;0;1;0;1;2;-25,61098717;-49,17144472;"SPRF-PR";"DEL01-PR";"DEL7/1-UOP08/PR"
164402;2018-10-09;"terça-feira";"17:25:00";"MS";60;204;"CAMAPUA";"Falta de Atenção à Condução";"Colisão transversal";"Com Vítimas Feridas";"Anoitecer";"Decrescente";"Céu Claro";"Simples";"Reta";"Não";4;0;1;0;3;0;1;2;-19,584764;-54,034241;"SPRF-MS";"DEL06-MS";"UOP02-DEL06-MS"
164403;2018-10-09;"terça-feira";"18:30:00";"PB";230;31,8;"BAYEUX";"Não guardar distância de segurança";"Colisão lateral";"Com Vítimas Feridas";"Plena Noite";"Crescente";"Céu Claro";"Dupla";"Reta";"Não";6;0;2;0;2;2;2;5;-7,144;-34,9179;"SPRF-PB";"DEL01-PB";"UOP01-DEL01-PB"
164404;2018-10-09;"terça-feira";"14:45:00";"BA";407;37;"JUAZEIRO";"Defeito Mecânico no Veículo";"Tombamento";"Sem Vítimas";"Pleno dia";"Decrescente";"Céu Claro";"Simples";"Reta";"Não";1;0;0;0;1;0;0;1;-9,706524;-40,366539;"SPRF-BA";"DEL04-BA";"UOP01-DEL04-BA"
164405;2018-10-09;"terça-feira";"18:50:00";"RN";226;113,6;"SANTA CRUZ";"Falta de Atenção à Condução";"Colisão frontal";"Com Vítimas Feridas";"Plena Noite";"Decrescente";"Céu Claro";"Simples";"Curva";"Não";5;0;0;2;3;0;2;3;-6,20770639;-36,02172107;"SPRF-RN";"DEL03-RN";"UOP02-DEL03-RN"
164407;2018-10-09;"terça-feira";"11:00:00";"BA";324;591;"CANDEIAS";"Condutor Dormindo";"Saída de leito carroçável";"Com Vítimas Feridas";"Pleno dia";"Crescente";"Sol";"Dupla";"Reta";"Não";3;0;2;0;1;0;2;1;-12,69632182;-38,46471834;"SPRF-BA";"DEL01-BA";"UOP01-DEL01-BA"
164408;2018-10-09;"terça-feira";"03:20:00";"BA";324;588,1;"CANDEIAS";"Defeito Mecânico no Veículo";"Colisão com objeto estático";"Com Vítimas Feridas";"Plena Noite";"Crescente";"Céu Claro";"Dupla";"Reta";"Não";1;0;1;0;0;0;1;1;-12,66804479;-38,47014885;"SPRF-BA";"DEL01-BA";"UOP01-DEL01-BA"
164409;2018-10-09;"terça-feira";"19:00:00";"SC";470;54,6;"BLUMENAU";"Desobediência às normas de trânsito pelo condutor";"Atropelamento de Pedestre";"Com Vítimas Feridas";"Plena Noite";"Crescente";"Nublado";"Simples";"Reta";"Sim";2;0;2;0;0;0;2;2;-26,87438251;-49,11564589;"SPRF-SC";"DEL04-SC";"UOP01-DEL04-SC"
164411;2018-10-09;"terça-feira";"18:00:00";"PE";104;61,7;"CARUARU";"Desobediência às normas de trânsito pelo condutor";"Colisão transversal";"Com Vítimas Feridas";"Plena Noite";"Decrescente";"Céu Claro";"Dupla";"Reta";"Sim";2;0;1;0;1;0;1;2;-8,26468714;-35,97686648;"SPRF-PE";"DEL02-PE";"UOP01-DEL02-PE"
164413;2018-10-09;"terça-feira";"18:10:00";"MS";163;475,8;"CAMPO GRANDE";"Falta de Atenção à Condução";"Colisão transversal";"Com Vítimas Feridas";"Anoitecer";"Crescente";"Céu Claro";"Simples";"Reta";"Sim";2;0;1;0;1;0;1;2;-20,5140272;-54,56253463;"SPRF-MS";"DEL01-MS";"UOP01-DEL01-MS"
164417;2018-10-09;"terça-feira";"16:40:00";"PR";277;722;"FOZ DO IGUACU";"Falta de Atenção à Condução";"Colisão traseira";"Sem Vítimas";"Pleno dia";"Crescente";"Garoa/Chuvisco";"Dupla";"Reta";"Sim";2;0;0;0;2;0;0;2;-25,495203;-54,521835;"SPRF-PR";"DEL05-PR";"UOP01-DEL05-PR"
164418;2018-10-09;"terça-feira";"18:55:00";"GO";40;7;"VALPARAISO DE GOIAS";"Falta de Atenção do Pedestre";"Atropelamento de Pedestre";"Com Vítimas Feridas";"Anoitecer";"Crescente";"Nublado";"Dupla";"Reta";"Sim";2;0;1;0;1;0;1;2;-16,108482;-47,972524;"SPRF-DF";"DEL01-DF";"UOP01-DEL01-DF"
164419;2018-10-09;"terça-feira";"19:15:00";"GO";20;88;"VILA BOA";"Animais na Pista";"Atropelamento de Animal";"Sem Vítimas";"Plena Noite";"Crescente";"Céu Claro";"Simples";"Reta";"Não";1;0;0;0;1;0;0;1;-15,029757;-47,05311;"SPRF-DF";"DEL02-DF";"UOP03-DEL02-DF"
164423;2018-10-09;"terça-feira";"18:30:00";"RO";174;15,5;"VILHENA";"Desobediência às normas de trânsito pelo condutor";"Colisão frontal";"Com Vítimas Feridas";"Anoitecer";"Crescente";"Céu Claro";"Simples";"Reta";"Sim";3;0;0;1;2;0;1;2;-12,72083;-60,127597;"SPRF-RO";"DEL04-RO";"UOP01-DEL04-RO"
164424;2018-10-09;"terça-feira";"20:20:00";"PR";376;600;"CURITIBA";"Desobediência às normas de trânsito pelo condutor";"Colisão traseira";"Com Vítimas Feridas";"Plena Noite";"Crescente";"Céu Claro";"Dupla";"Reta";"Sim";5;0;2;0;3;0;2;3;-25,53490999;-49,31629658;"SPRF-PR";"DEL01-PR";"UOP06-DEL01-PR"
164425;2018-10-09;"terça-feira";"19:55:00";"RS";471;669,5;"SANTA VITORIA DO PALMAR";"Animais na Pista";"Atropelamento de Animal";"Com Vítimas Feridas";"Plena Noite";"Crescente";"Céu Claro";"Simples";"Reta";"Sim";3;0;2;0;1;0;2;1;-33,52229072;-53,33535076;"SPRF-RS";"DEL07-RS";"UOP04-DEL07-RS"
164426;2018-10-09;"terça-feira";"15:30:00";"RJ";116;192;"QUEIMADOS";"Falta de Atenção à Condução";"Saída de leito carroçável";"Com Vítimas Feridas";"Pleno dia";"Crescente";"Nublado";"Dupla";"Reta";"Sim";1;0;1;0;0;0;1;1;-22,742052;-43,519337;"SPRF-RJ";"DEL01-RJ";"UOP03-DEL01-RJ"
164428;2018-10-09;"terça-feira";"17:10:00";"MT";163;759,2;"SORRISO";"Pista Escorregadia";"Saída de leito carroçável";"Com Vítimas Feridas";"Anoitecer";"Crescente";"Chuva";"Dupla";"Reta";"Não";4;0;4;0;0;0;4;1;-12,40472425;-55,62515259;"SPRF-MT";"DEL06-MT";"UOP01-DEL06-MT"
164433;2018-10-09;"terça-feira";"20:25:00";"GO";251;22;"CRISTALINA";"Falta de Atenção do Pedestre";"Atropelamento de Pedestre";"Com Vítimas Fatais";"Plena Noite";"Crescente";"Céu Claro";"Simples";"Reta";"Não";2;1;0;0;1;0;0;2;-16,2028;-47,4392;"SPRF-DF";"DEL01-DF";"UOP01-DEL01-DF"
164434;2018-10-09;"terça-feira";"18:11:00";"SP";116;26,4;"SILVEIRAS";"Falta de Atenção do Pedestre";"Atropelamento de Pedestre";"Com Vítimas Feridas";"Plena Noite";"Decrescente";"Nublado";"Dupla";"Reta";"Não";2;0;0;1;0;1;1;2;-22,614244;-44,90012;"SPRF-SP";"DEL08-SP";"UOP02-DEL08-SP"
164435;2018-10-09;"terça-feira";"19:50:00";"MS";163;479,5;"CAMPO GRANDE";"Falta de Atenção à Condução";"Colisão transversal";"Com Vítimas Feridas";"Plena Noite";"Crescente";"Céu Claro";"Simples";"Reta";"Sim";2;0;1;0;1;0;1;2;-20,4908637;-54,55907106;"SPRF-MS";"DEL01-MS";"UOP01-DEL01-MS"
164437;2018-10-09;"terça-feira";"16:40:00";"SC";280;293,1;"PORTO UNIAO";"Falta de Atenção à Condução";"Saída de leito carroçável";"Com Vítimas Feridas";"Pleno dia";"Decrescente";"Nublado";"Simples";"Reta";"Não";1;0;0;1;0;0;1;1;-26,296299;-50,915482;"SPRF-SC";"DEL06-SC";"UOP04-DEL06-SC"
164438;2018-10-09;"terça-feira";"16:50:00";"MT";364;195;"RONDONOPOLIS";"Defeito Mecânico no Veículo";"Saída de leito carroçável";"Com Vítimas Feridas";"Pleno dia";"Crescente";"Céu Claro";"Simples";"Reta";"Não";1;0;1;0;0;0;1;1;-16,52137;-54,599709;"SPRF-MT";"DEL02-MT";"UOP01-DEL02-MT"
164439;2018-10-09;"terça-feira";"20:20:00";"PR";369;185;"ARAPONGAS";"Desobediência às normas de trânsito pelo condutor";"Colisão transversal";"Com Vítimas Feridas";"Pleno dia";"Crescente";"Nublado";"Simples";"Reta";"Sim";4;0;1;1;1;1;2;3;-23,4076387;-51,42786026;"SPRF-PR";"DEL07-PR";"UOP03-DEL07-PR"
164440;2018-10-09;"terça-feira";"20:00:00";"MG";262;34,5;"MANHUACU";"Falta de Atenção à Condução";"Colisão transversal";"Com Vítimas Feridas";"Plena Noite";"Decrescente";"Nublado";"Simples";"Rotatória";"Sim";2;0;1;0;1;0;1;2;-20,25607754;-42,02854156;"SPRF-MG";"DEL06-MG";"UOP03-DEL06-MG"
164442;2018-10-09;"terça-feira";"21:25:00";"MG";40;528;"CONTAGEM";"Falta de Atenção à Condução";"Queda de ocupante de veículo";"Com Vítimas Feridas";"Plena Noite";"Crescente";"Céu Claro";"Dupla";"Interseção de Vias";"Sim";1;0;1;0;0;0;1;1;-19,9191;-44,0391;"SPRF-MG";"DEL01-MG";"UOP03-DEL01-MG"
164444;2018-10-09;"terça-feira";"21:10:00";"RJ";101;155,8;"MACAE";"Condutor Dormindo";"Saída de leito carroçável";"Com Vítimas Feridas";"Plena Noite";"Decrescente";"Nublado";"Simples";"Reta";"Não";1;0;0;1;0;0;1;1;-22,29004943;-41,87713623;"SPRF-RJ";"DEL02-RJ";"UOP04-DEL08-RJ"
164445;2018-10-09;"terça-feira";"18:30:00";"SP";116;284;"EMBU DAS ARTES";"Não guardar distância de segurança";"Colisão traseira";"Sem Vítimas";"Plena Noite";"Crescente";"Céu Claro";"Dupla";"Reta";"Não";2;0;0;0;2;0;0;2;-23,63917757;-46,83540344;"SPRF-SP";"DEL04-SP";"UOP01-DEL04-SP"
164447;2018-10-09;"terça-feira";"22:08:00";"RN";101;101,2;"PARNAMIRIM";"Defeito Mecânico no Veículo";"Colisão transversal";"Com Vítimas Feridas";"Plena Noite";"Crescente";"Céu Claro";"Múltipla";"Reta";"Sim";6;0;2;2;2;0;4;4;-5,886511;-35,230728;"SPRF-RN";"DEL01-RN";"UOP01-DEL01-RN"
164449;2018-10-09;"terça-feira";"07:00:00";"MA";10;250,8;"IMPERATRIZ";"Ingestão de Álcool";"Colisão lateral";"Com Vítimas Fatais";"Pleno dia";"Decrescente";"Sol";"Simples";"Reta";"Sim";2;1;0;0;1;0;0;2;-5,550874;-47,459305;"SPRF-MA";"DEL04-MA";"UOP01-DEL04-MA"
164451;2018-10-09;"terça-feira";"21:00:00";"MG";262;402;"PARA DE MINAS";"Velocidade Incompatível";"Tombamento";"Com Vítimas Feridas";"Plena Noite";"Decrescente";"Nublado";"Simples";"Declive;Reta";"Não";1;0;1;0;0;0;1;1;-19,89010256;-44,62159932;"SPRF-MG";"DEL08-MG";"UOP03-DEL08-MG"
164452;2018-10-09;"terça-feira";"22:45:00";"CE";222;31;"CAUCAIA";"Animais na Pista";"Atropelamento de Animal";"Com Vítimas Feridas";"Plena Noite";"Crescente";"Céu Claro";"Simples";"Reta";"Não";1;0;0;1;0;0;1;1;-3,70941159;-38,83787155;"SPRF-CE";"DEL01-CE";"UOP01-DEL01-CE"
164453;2018-10-09;"terça-feira";"22:10:00";"CE";116;440,7;"BARRO";"Falta de Atenção à Condução";"Colisão traseira";"Com Vítimas Feridas";"Plena Noite";"Crescente";"Céu Claro";"Simples";"Reta";"Sim";3;0;2;0;1;0;2;2;-7,049322;-38,783096;"SPRF-CE";"DEL05-CE";"UOP03-DEL05-CE"
164454;2018-05-20;"domingo";"22:30:00";"RO";364;668;"CANDEIAS DO JAMARI";"Desobediência às normas de trânsito pelo condutor";"Colisão frontal";"Com Vítimas Fatais";"Plena Noite";"Crescente";"Céu Claro";"Simples";"Reta";"Não";3;2;0;0;1;0;0;2;-8,80055417;-63,72431776;"SPRF-RO";"DEL01-RO";"UOP01-DEL01-RO"
164456;2018-10-08;"segunda-feira";"07:00:00";"SP";153;173,5;"GUAICARA";"Pista Escorregadia";"Queda de ocupante de veículo";"Com Vítimas Feridas";"Pleno dia";"Crescente";"Chuva";"Simples";"Interseção de Vias";"Não";1;0;1;0;0;0;1;1;-21,63337504;-49,7878933;"SPRF-SP";"DEL07-SP";"UOP01-DEL07-SP"
164457;2018-10-09;"terça-feira";"17:30:00";"GO";50;122;"IPAMERI";"Falta de Atenção à Condução";"Saída de leito carroçável";"Com Vítimas Feridas";"Pleno dia";"Decrescente";"Céu Claro";"Dupla";"Reta";"Não";1;0;1;0;0;0;1;1;-16,9417;-47,7264;"SPRF-GO";"DEL06-GO";"UOP01-DEL06-GO"
164458;2018-10-09;"terça-feira";"20:30:00";"RO";319;53;"PORTO VELHO";"Ingestão de Álcool";"Colisão traseira";"Com Vítimas Feridas";"Plena Noite";"Decrescente";"Céu Claro";"Simples";"Reta";"Não";3;0;1;0;2;0;1;2;-8,74062771;-63,93448591;"SPRF-RO";"DEL01-RO";"UOP01-DEL01-RO"
164460;2018-10-09;"terça-feira";"22:50:00";"SC";101;142,5;"ITAPEMA";"Falta de Atenção do Pedestre";"Atropelamento de Pedestre";"Com Vítimas Feridas";"Plena Noite";"Crescente";"Nublado";"Dupla";"Curva";"Sim";3;0;0;2;1;0;2;3;-27,0645;-48,5958;"SPRF-SC";"DEL04-SC";"UOP03-DEL04-SC"
164461;2018-10-10;"quarta-feira";"00:20:00";"MS";262;237,6;"RIBAS DO RIO PARDO";"Ingestão de Álcool";"Colisão frontal";"Com Vítimas Feridas";"Plena Noite";"Decrescente";"Nublado";"Simples";"Reta";"Não";2;0;2;0;0;0;2;2;-20,4558455;-53,74464143;"SPRF-MS";"DEL01-MS";"UOP01-DEL01-MS"
164467;2018-10-09;"terça-feira";"20:50:00";"RS";290;39,8;"SANTO ANTONIO DA PATRULHA";"Desobediência às normas de trânsito pelo condutor";"Saída de leito carroçável";"Com Vítimas Feridas";"Plena Noite";"Crescente";"Nublado";"Dupla";"Reta";"Não";1;0;1;0;0;0;1;1;-29,8861;-50,6563;"SPRF-RS";"DEL03-RS";"UOP02-DEL03-RS"
164468;2018-10-10;"quarta-feira";"03:00:00";"SP";116;219,7;"GUARULHOS";"Pista Escorregadia";"Colisão com objeto estático";"Sem Vítimas";"Plena Noite";"Decrescente";"Nublado";"Múltipla";"Reta";"Não";1;0;0;0;1;0;0;1;-23,4683343;-46,5145715;"SPRF-SP";"DEL01-SP";"UOP01-DEL01-SP"
164469;2018-10-09;"terça-feira";"18:20:00";"BA";324;581,4;"CANDEIAS";"Defeito Mecânico no Veículo";"Saída de leito carroçável";"Com Vítimas Feridas";"Plena Noite";"Decrescente";"Nublado";"Dupla";"Reta";"Não";7;0;6;0;1;0;6;1;-12,61253166;-38,48888397;"SPRF-BA";"DEL01-BA";"UOP01-DEL01-BA"
164471;2018-10-10;"quarta-feira";"05:10:00";"GO";20;179;"ALVORADA DO NORTE";"Falta de Atenção à Condução";"Colisão transversal";"Com Vítimas Feridas";"Amanhecer";"Crescente";"Céu Claro";"Simples";"Reta";"Sim";3;0;2;0;1;0;2;2;-14,48504597;-46,49839997;"SPRF-DF";"DEL02-DF";"UOP03-DEL02-DF"
164472;2018-10-10;"quarta-feira";"02:40:00";"SP";381;83,5;"SAO PAULO";"Defeito Mecânico no Veículo";"Incêndio";"Sem Vítimas";"Plena Noite";"Crescente";"Garoa/Chuvisco";"Dupla";"Reta";"Não";1;0;0;0;0;1;0;1;-23,4403434;-46,5679921;"SPRF-SP";"DEL03-SP";"DEL6/3-UOP03/SP"
164477;2018-10-10;"quarta-feira";"05:30:00";"PE";101;54;"PAULISTA";"Falta de Atenção à Condução";"Tombamento";"Sem Vítimas";"Pleno dia";"Decrescente";"Céu Claro";"Dupla";"Reta";"Sim";1;0;0;0;1;0;0;1;-7,9487;-34,907;"SPRF-PE";"DEL01-PE";"UOP02-DEL01-PE"
164478;2018-10-10;"quarta-feira";"04:00:00";"MG";116;429,3;"ALPERCATA";"Animais na Pista";"Atropelamento de Animal";"Com Vítimas Feridas";"Plena Noite";"Decrescente";"Céu Claro";"Simples";"Reta";"Sim";2;0;2;0;0;0;2;1;-18,97285732;-41,97944641;"SPRF-MG";"DEL06-MG";"UOP01-DEL06-MG"
164479;2018-10-10;"quarta-feira";"03:00:00";"SC";282;598,9;"CUNHA PORA";"Ingestão de Álcool";"Saída de leito carroçável";"Com Vítimas Feridas";"Plena Noite";"Decrescente";"Nublado";"Simples";"Curva;Declive";"Não";1;0;1;0;0;0;1;1;-26,825783;-53,147213;"SPRF-SC";"DEL07-SC";"UOP02-DEL07-SC"
164480;2018-10-10;"quarta-feira";"02:55:00";"MT";364;279;"JACIARA";"Restrição de Visibilidade";"Queda de ocupante de veículo";"Com Vítimas Feridas";"Plena Noite";"Crescente";"Céu Claro";"Dupla";"Curva";"Não";1;0;0;1;0;0;1;1;-15,942506;-55,014496;"SPRF-MT";"DEL02-MT";"UOP02-DEL05-MT"
164481;2018-10-10;"quarta-feira";"05:40:00";"MG";381;948;"EXTREMA";"Velocidade Incompatível";"Colisão com objeto estático";"Com Vítimas Feridas";"Amanhecer";"Decrescente";"Chuva";"Múltipla";"Reta";"Sim";1;0;1;0;0;0;1;1;-22,8746;-46,3659;"SPRF-MG";"DEL16-MG";"UOP03-DEL16-MG"
164483;2018-10-10;"quarta-feira";"04:30:00";"RJ";101;190;"CASIMIRO DE ABREU";"Condutor Dormindo";"Saída de leito carroçável";"Sem Vítimas";"Amanhecer";"Decrescente";"Céu Claro";"Simples";"Curva";"Não";1;0;0;0;1;0;0;1;-22,463408;-42,06588;"SPRF-RJ";"DEL02-RJ";"UOP04-DEL08-RJ"
164485;2018-10-10;"quarta-feira";"05:40:00";"CE";222;3,1;"FORTALEZA";"Falta de Atenção do Pedestre";"Atropelamento de Pedestre";"Com Vítimas Feridas";"Pleno dia";"Decrescente";"Nublado";"Múltipla";"Reta";"Sim";2;0;2;0;0;0;2;2;-3,74057725;-38,59689653;"SPRF-CE";"DEL01-CE";"UOP01-DEL01-CE"
164486;2018-10-10;"quarta-feira";"06:48:00";"DF";70;18;"BRASILIA";"Não guardar distância de segurança";"Colisão traseira";"Sem Vítimas";"Pleno dia";"Decrescente";"Céu Claro";"Dupla";"Reta";"Sim";2;0;0;0;2;0;0;2;-15,791093;-48,21096;"SPRF-DF";"DEL01-DF";"UOP02-DEL03-DF"
164490;2018-10-10;"quarta-feira";"07:00:00";"PR";369;147;"LONDRINA";"Falta de Atenção do Pedestre";"Atropelamento de Pedestre";"Com Vítimas Feridas";"Pleno dia";"Crescente";"Céu Claro";"Dupla";"Interseção de Vias;Reta";"Sim";2;0;0;1;1;0;1;2;-23,29316059;-51,13449985;"SPRF-PR";"DEL07-PR";"UOP01-DEL07-PR"
164491;2018-10-10;"quarta-feira";"06:45:00";"PB";101;88,9;"JOAO PESSOA";"Falta de Atenção à Condução";"Colisão lateral";"Com Vítimas Feridas";"Pleno dia";"Crescente";"Nublado";"Múltipla";"Rotatória";"Sim";2;0;1;0;1;0;1;2;-7,18120317;-34,90088224;"SPRF-PB";"DEL01-PB";"UOP01-DEL01-PB"
164492;2018-10-10;"quarta-feira";"06:30:00";"RS";392;15,5;"RIO GRANDE";"Defeito Mecânico no Veículo";"Queda de ocupante de veículo";"Com Vítimas Feridas";"Pleno dia";"Decrescente";"Céu Claro";"Dupla";"Reta";"Não";1;0;1;0;0;0;1;1;-32,110714;-52,15937;"SPRF-RS";"DEL07-RS";"UOP02-DEL07-RS"
164494;2018-10-10;"quarta-feira";"07:30:00";"MG";354;745;"POUSO ALTO";"Falta de Atenção à Condução";"Colisão transversal";"Com Vítimas Feridas";"Pleno dia";"Crescente";"Céu Claro";"Simples";"Interseção de Vias";"Sim";2;0;1;0;1;0;1;2;-22,25328443;-44,93051469;"SPRF-MG";"DEL05-MG";"UOP01-DEL17-MG"
164495;2018-10-10;"quarta-feira";"07:00:00";"PE";232;4,2;"RECIFE";"Falta de Atenção à Condução";"Colisão traseira";"Com Vítimas Feridas";"Pleno dia";"Crescente";"Sol";"Dupla";"Reta";"Sim";2;0;1;0;1;0;1;2;-8,06608772;-34,94073463;"SPRF-PE";"DEL01-PE";"UOP01-DEL01-PE"
164497;2018-10-10;"quarta-feira";"07:20:00";"RN";226;73,1;"SERRA CAIADA";"Não guardar distância de segurança";"Colisão traseira";"Sem Vítimas";"Pleno dia";"Crescente";"Céu Claro";"Simples";"Reta";"Não";3;0;0;0;3;0;0;2;-6,138478;-35,729294;"SPRF-RN";"DEL01-RN";"UOP02-DEL01-RN"
164498;2018-02-04;"domingo";"16:35:00";"SC";101;213,4;"PALHOCA";"Condutor Dormindo";"Colisão traseira";"Sem Vítimas";"Pleno dia";"Decrescente";"Céu Claro";"Múltipla";"Reta";"Sim";3;0;0;0;2;1;0;3;-27,64164416;-48,66834304;"SPRF-SC";"DEL01-SC";"UOP02-DEL01-SC"
164500;2018-10-10;"quarta-feira";"07:40:00";"MG";262;399;"PARA DE MINAS";"Velocidade Incompatível";"Colisão com objeto estático";"Com Vítimas Fatais";"Pleno dia";"Decrescente";"Céu Claro";"Dupla";"Reta";"Sim";1;1;0;0;0;0;0;1;-19,885;-44,6032;"SPRF-MG";"DEL01-MG";"UOP03-DEL01-MG"
164501;2018-07-01;"domingo";"22:10:00";"RN";427;97,6;"CAICO";"Falta de Atenção à Condução";"Colisão transversal";"Com Vítimas Feridas";"Plena Noite";"Decrescente";"Céu Claro";"Simples";"Interseção de Vias";"Sim";3;0;1;1;1;0;2;2;-6,470299;-37,08559;"SPRF-RN";"DEL03-RN";"UOP01-DEL03-RN"
164502;2018-10-10;"quarta-feira";"07:30:00";"PR";277;75,6;"SAO JOSE DOS PINHAIS";"Falta de Atenção à Condução";"Colisão lateral";"Com Vítimas Feridas";"Pleno dia";"Crescente";"Céu Claro";"Dupla";"Reta";"Não";2;0;1;0;0;1;1;2;-25,49357478;-49,1685816;"SPRF-PR";"DEL01-PR";"UOP01-DEL01-PR"
164503;2018-10-10;"quarta-feira";"07:30:00";"SP";116;219,9;"GUARULHOS";"Não guardar distância de segurança";"Colisão lateral";"Com Vítimas Feridas";"Pleno dia";"Crescente";"Garoa/Chuvisco";"Múltipla";"Reta";"Sim";2;0;1;0;1;0;1;2;-23,45930712;-46,48435827;"SPRF-SP";"DEL01-SP";"UOP01-DEL01-SP"
164504;2018-10-10;"quarta-feira";"08:00:00";"GO";40;11,8;"LUZIANIA";"Falta de Atenção à Condução";"Colisão transversal";"Sem Vítimas";"Pleno dia";"Crescente";"Sol";"Dupla";"Reta";"Sim";2;0;0;0;2;0;0;2;-16,14387639;-47,94658271;"SPRF-DF";"DEL01-DF";"UOP01-DEL01-DF"
164506;2018-10-10;"quarta-feira";"07:45:00";"PB";230;19,3;"JOAO PESSOA";"Não guardar distância de segurança";"Colisão traseira";"Com Vítimas Feridas";"Pleno dia";"Decrescente";"Céu Claro";"Dupla";"Reta";"Sim";3;0;2;0;1;0;2;2;-7,130483;-34,851504;"SPRF-PB";"DEL01-PB";"UOP01-DEL01-PB"
164507;2018-10-10;"quarta-feira";"07:00:00";"RR";174;502;"BOA VISTA";"Animais na Pista";"Atropelamento de Animal";"Com Vítimas Feridas";"Pleno dia";"Crescente";"Céu Claro";"Dupla";"Reta";"Sim";2;0;2;0;0;0;2;1;2,787376;-60,699524;"SPRF-RR";"DEL01-RR";"UOP01-DEL01-RR"
164509;2018-10-10;"quarta-feira";"08:10:00";"CE";20;429;"FORTALEZA";"Falta de Atenção à Condução";"Colisão lateral";"Sem Vítimas";"Pleno dia";"Crescente";"Nublado";"Dupla";"Viaduto";"Sim";2;0;0;0;2;0;0;2;-3,87099839;-38,50077689;"SPRF-CE";"DEL01-CE";"UOP02-DEL01-CE"