"id";"data_inversa";"dia_semana";"horario";"uf";"br";"km";"municipio";"causa_acidente";"tipo_acidente";"classificacao_acidente";"fase_dia";"sentido_via";"condicao_metereologica";"tipo_pista";"tracado_via";"uso_solo";"pessoas";"mortos";"feridos_leves";"feridos_graves";"ilesos";"ignorados";"feridos";"veiculos";"latitude";"longitude";"regional";"delegacia";"uop"
165088;2018-10-12;"sexta-feira";"20:40:00";"RS";470;237,6;"CARLOS BARBOSA";"Falta de Atenção à Condução";"Saída de leito carroçável";"Com Vítimas Feridas";"Plena Noite";"Decrescente";"Ignorado";"Simples";"Declive";"Sim";1;0;1;0;0;0;1;1;-29,33405614;-51,50069296;"SPRF-RS";"DEL06-RS";"UOP01-DEL06-RS"
165089;2018-10-12;"sexta-feira";"20:00:00";"RS";470;206;"BENTO GONCALVES";"Velocidade Incompatível";"Saída de leito carroçável";"Sem Vítimas";"Plena Noite";"Decrescente";"Chuva";"Simples";"Reta";"Não";1;0;0;0;0;1;0;1;-29,09559427;-51,54633611;"SPRF-RS";"DEL06-RS";"UOP01-DEL06-RS"
165090;2018-10-12;"sexta-feira";"19:30:00";"GO";50;175;"CAMPO ALEGRE DE GOIAS";"Condutor Dormindo";"Saída de leito carroçável";"Com Vítimas Feridas";"Plena Noite";"Decrescente";"Céu Claro";"Dupla";"Reta";"Não";2;0;2;0;0;0;2;1;-17,3721;-47,7879;"SPRF-GO";"DEL06-GO";"UOP01-DEL06-GO"
165092;2018-10-12;"sexta-feira";"21:00:00";"MA";230;404,1;"BALSAS";"Desobediência às normas de trânsito pelo condutor";"Colisão frontal";"Com Vítimas Feridas";"Plena Noite";"Decrescente";"Céu Claro";"Simples";"Reta";"Sim";2;0;0;1;1;0;1;2;-7,522004;-46,03908291;"SPRF-MA";"DEL05-MA";"UOP01-DEL05-MA"
165094;2018-10-12;"sexta-feira";"20:05:00";"RJ";393;199,8;"RIO DAS FLORES";"Falta de Atenção à Condução";"Saída de leito carroçável";"Com Vítimas Feridas";"Plena Noite";"Crescente";"Céu Claro";"Simples";"Reta";"Não";2;0;1;0;1;0;1;1;-22,233154;-43,419754;"SPRF-RJ";"DEL05-RJ";"UOP03-DEL05-RJ"
165096;2018-10-12;"sexta-feira";"20:00:00";"SC";101;150;"ITAPEMA";"Desobediência às normas de trânsito pelo condutor";"Colisão frontal";"Com Vítimas Feridas";"Plena Noite";"Crescente";"Nublado";"Simples";"Reta";"Sim";2;0;0;1;1;0;1;2;-27,1267;-48,6095;"SPRF-SC";"DEL04-SC";"UOP03-DEL04-SC"
165097;2018-10-12;"sexta-feira";"22:20:00";"MG";40;42,5;"PARACATU";"Falta de Atenção à Condução";"Colisão transversal";"Com Vítimas Feridas";"Plena Noite";"Decrescente";"Céu Claro";"Simples";"Reta";"Sim";3;0;1;0;2;0;1;2;-17,218784;-46,866695;"SPRF-MG";"DEL14-MG";"UOP01-DEL14-MG"
165099;2018-10-12;"sexta-feira";"22:30:00";"GO";153;435;"ANAPOLIS";"Ingestão de Álcool";"Colisão traseira";"Sem Vítimas";"Plena Noite";"Crescente";"Céu Claro";"Dupla";"Reta";"Sim";2;0;0;0;2;0;0;2;-16,280523;-48,960049;"SPRF-GO";"DEL02-GO";"UOP01-DEL02-GO"
165101;2018-10-12;"sexta-feira";"23:00:00";"MG";50;176;"UBERABA";"Ingestão de Álcool";"Colisão traseira";"Sem Vítimas";"Plena Noite";"Decrescente";"Céu Claro";"Dupla";"Reta;Declive";"Sim";5;0;0;0;5;0;0;3;-19,7792;-47,9505;"SPRF-MG";"DEL13-MG";"UOP01-DEL13-MG"
165102;2018-10-12;"sexta-feira";"19:15:00";"SC";282;530,7;"CORDILHEIRA ALTA";"Ingestão de Álcool";"Colisão frontal";"Com Vítimas Feridas";"Plena Noite";"Crescente";"Nublado";"Simples";"Curva";"Não";5;0;4;0;1;0;4;3;-26,98832424;-52,61006266;"SPRF-SC";"DEL07-SC";"UOP01-DEL07-SC"
165103;2018-10-12;"sexta-feira";"19:45:00";"SC";480;128,5;"CHAPECO";"Desobediência às normas de trânsito pelo pedestre";"Atropelamento de Pedestre";"Com Vítimas Feridas";"Plena Noite";"Crescente";"Nublado";"Simples";"Reta";"Sim";2;0;1;0;1;0;1;2;-27,03978595;-52,63423204;"SPRF-SC";"DEL07-SC";"UOP01-DEL07-SC"
165104;2018-10-12;"sexta-feira";"20:00:00";"PB";230;411,9;"POMBAL";"Animais na Pista";"Atropelamento de Animal";"Sem Vítimas";"Plena Noite";"Decrescente";"Céu Claro";"Simples";"Reta";"Não";4;0;0;0;1;3;0;1;-6,727306;-37,795108;"SPRF-PB";"DEL03-PB";"UOP02-DEL03-PB"
165107;2018-10-12;"sexta-feira";"22:25:00";"MT";163;1036;"MATUPA";"Ingestão de Álcool";"Colisão transversal";"Com Vítimas Feridas";"Plena Noite";"Decrescente";"Nublado";"Simples";"Reta";"Não";3;0;2;1;0;0;3;2;-10,194977;-54,952701;"SPRF-MT";"DEL06-MT";"UOP02-DEL06-MT"
165108;2018-10-12;"sexta-feira";"23:30:00";"RJ";116;177;"NOVA IGUACU";"Falta de Atenção à Condução";"Colisão traseira";"Sem Vítimas";"Plena Noite";"Crescente";"Nublado";"Dupla";"Reta";"Sim";2;0;0;0;2;0;0;2;-22,75374899;-43,43537092;"SPRF-RJ";"DEL01-RJ";"UOP02-DEL01-RJ"
165109;2018-10-12;"sexta-feira";"23:00:00";"ES";101;203,5;"JOAO NEIVA";"Desobediência às normas de trânsito pelo condutor";"Tombamento";"Sem Vítimas";"Plena Noite";"Decrescente";"Chuva";"Dupla";"Curva";"Não";1;0;0;0;1;0;0;1;-19,74641805;-40,37537456;"SPRF-ES";"DEL04-ES";"UOP01-DEL04-ES"
165111;2018-10-12;"sexta-feira";"21:30:00";"TO";242;332;"PEIXE";"Pista Escorregadia";"Saída de leito carroçável";"Com Vítimas Feridas";"Plena Noite";"Crescente";"Chuva";"Simples";"Curva";"Não";2;0;1;1;0;0;2;1;-11,88078997;-48,78959656;"SPRF-TO";"DEL02-TO";"UOP02-DEL01-TO"
165112;2018-10-12;"sexta-feira";"20:15:00";"SC";470;109,3;"APIUNA";"Ingestão de Álcool";"Atropelamento de Pedestre";"Com Vítimas Feridas";"Plena Noite";"Decrescente";"Garoa/Chuvisco";"Simples";"Curva";"Não";2;0;0;1;1;0;1;2;-27,095388;-49,457878;"SPRF-SC";"DEL04-SC";"UOP02-DEL04-SC"
165113;2018-10-12;"sexta-feira";"22:20:00";"RJ";101;311;"SAO GONCALO";"Falta de Atenção à Condução";"Colisão traseira";"Sem Vítimas";"Plena Noite";"Decrescente";"Nublado";"Dupla";"Reta";"Sim";2;0;0;0;2;0;0;2;-22,800632;-43,053211;"SPRF-RJ";"DEL02-RJ";"DEL5/2-UOP04/RJ"
165114;2018-10-12;"sexta-feira";"23:30:00";"SC";101;332;"TUBARAO";"Ingestão de Álcool";"Colisão traseira";"Com Vítimas Feridas";"Plena Noite";"Crescente";"Nublado";"Dupla";"Reta";"Sim";18;0;2;0;16;0;2;2;-28,46275873;-48,99192095;"SPRF-SC";"DEL02-SC";"UOP01-DEL02-SC"
165115;2018-10-12;"sexta-feira";"21:00:00";"SP";116;135;"SAO JOSE DOS CAMPOS";"Falta de Atenção à Condução";"Capotamento";"Com Vítimas Feridas";"Plena Noite";"Decrescente";"Céu Claro";"Dupla";"Reta";"Sim";1;0;1;0;0;0;1;1;-23,144499;-45,77021;"SPRF-SP";"DEL06-SP";"UOP02-DEL02-SP"
165116;2018-10-12;"sexta-feira";"23:10:00";"MG";50;64,4;"UBERLANDIA";"Defeito Mecânico no Veículo";"Incêndio";"Sem Vítimas";"Plena Noite";"Crescente";"Nublado";"Dupla";"Reta";"Não";1;0;0;0;1;0;0;1;-18,85236094;-48,25298309;"SPRF-MG";"DEL15-MG";"UOP02-DEL15-MG"
165117;2018-10-12;"sexta-feira";"17:00:00";"MT";70;221;"GENERAL CARNEIRO";"Sinalização da via insuficiente ou inadequada";"Colisão traseira";"Com Vítimas Feridas";"Anoitecer";"Decrescente";"Ignorado";"Simples";"Curva";"Não";3;0;0;2;0;1;2;2;-15,65708976;-53,872962;"SPRF-MT";"DEL05-MT";"UOP01-DEL05-MT"
165118;2018-10-13;"sábado";"00:45:00";"MG";116;116;"ITAOBIM";"Restrição de Visibilidade";"Atropelamento de Animal";"Com Vítimas Feridas";"Plena Noite";"Crescente";"Céu Claro";"Simples";"Reta";"Sim";1;0;1;0;0;0;1;1;-16,57335178;-41,50634766;"SPRF-MG";"DEL11-MG";"UOP02-DEL11-MG"
165120;2018-10-13;"sábado";"00:56:00";"SC";101;195,9;"BIGUACU";"Desobediência às normas de trânsito pelo condutor";"Colisão com objeto estático";"Com Vítimas Feridas";"Plena Noite";"Crescente";"Nublado";"Múltipla";"Reta";"Sim";5;0;2;0;2;1;2;4;-27,5185;-48,6383;"SPRF-SC";"DEL01-SC";"UOP01-DEL01-SC"
165121;2018-10-13;"sábado";"00:10:00";"SC";116;208,8;"PONTE ALTA";"Falta de Atenção à Condução";"Saída de leito carroçável";"Com Vítimas Feridas";"Plena Noite";"Crescente";"Nublado";"Simples";"Interseção de Vias;Reta;Declive";"Sim";1;0;1;0;0;0;1;1;-27,49516727;-50,37114501;"SPRF-SC";"DEL05-SC";"UOP03-DEL05-SC"
165122;2018-10-13;"sábado";"01:35:00";"PE";101;48,2;"ABREU E LIMA";"Falta de Atenção à Condução";"Colisão transversal";"Sem Vítimas";"Plena Noite";"Decrescente";"Garoa/Chuvisco";"Múltipla";"Reta";"Sim";2;0;0;0;2;0;0;2;-7,898;-34,9025;"SPRF-PE";"DEL01-PE";"UOP02-DEL01-PE"
165123;2018-10-13;"sábado";"00:45:00";"PI";316;1,8;"TERESINA";"Falta de Atenção à Condução";"Colisão com objeto estático";"Com Vítimas Fatais";"Plena Noite";"Decrescente";"Céu Claro";"Múltipla";"Curva";"Sim";1;1;0;0;0;0;0;1;-5,128619;-42,807068;"SPRF-PI";"DEL01-PI";"UOP02-DEL01-PI"
165124;2018-10-13;"sábado";"01:20:00";"PE";407;129,8;"PETROLINA";"Ingestão de Álcool";"Colisão com objeto em movimento";"Sem Vítimas";"Plena Noite";"Crescente";"Céu Claro";"Dupla";"Ponte";"Não";1;0;0;0;0;1;0;1;-9,407714;-40,504864;"SPRF-PE";"DEL06-PE";"UOP01-DEL06-PE"
165126;2018-10-13;"sábado";"00:40:00";"RJ";40;120;"DUQUE DE CAXIAS";"Defeito Mecânico no Veículo";"Queda de ocupante de veículo";"Com Vítimas Feridas";"Plena Noite";"Crescente";"Nublado";"Múltipla";"Reta";"Sim";2;0;2;0;0;0;2;1;-22,7823838;-43,28563929;"SPRF-RJ";"DEL01-RJ";"UOP01-DEL01-RJ"
165129;2018-10-13;"sábado";"01:45:00";"SC";282;137,3;"BOM RETIRO";"Velocidade Incompatível";"Saída de leito carroçável";"Com Vítimas Feridas";"Plena Noite";"Crescente";"Chuva";"Simples";"Rotatória";"Não";1;0;1;0;0;0;1;1;-27,8218;-49,567032;"SPRF-SC";"DEL05-SC";"UOP01-DEL05-SC"
165130;2018-10-13;"sábado";"02:30:00";"SP";116;218;"GUARULHOS";"Falta de Atenção à Condução";"Colisão traseira";"Sem Vítimas";"Plena Noite";"Decrescente";"Céu Claro";"Múltipla";"Reta";"Sim";2;0;0;0;2;0;0;2;-23,46097615;-46,48673057;"SPRF-SP";"DEL01-SP";"UOP01-DEL01-SP"
165131;2018-10-12;"sexta-feira";"20:00:00";"BA";324;617;"SALVADOR";"Ingestão de Álcool";"Saída de leito carroçável";"Com Vítimas Feridas";"Plena Noite";"Decrescente";"Céu Claro";"Múltipla";"Reta";"Sim";2;0;1;0;0;1;1;1;-12,89209272;-38,44583988;"SPRF-BA";"DEL01-BA";"UOP01-DEL01-BA"
165133;2018-10-13;"sábado";"01:25:00";"PE";232;412;"SERRA TALHADA";"Ingestão de Álcool";"Colisão com objeto estático";"Com Vítimas Feridas";"Plena Noite";"Crescente";"Céu Claro";"Simples";"Ponte";"Não";3;0;2;1;0;0;3;1;-7,982797;-38,31912;"SPRF-PE";"DEL04-PE";"UOP01-DEL04-PE"
165134;2018-10-13;"sábado";"03:10:00";"MG";365;443,4;"PATOS DE MINAS";"Falta de Atenção à Condução";"Queda de ocupante de veículo";"Com Vítimas Feridas";"Plena Noite";"Decrescente";"Céu Claro";"Simples";"Reta";"Não";1;0;0;1;0;0;1;1;-18,80032;-46,75684;"SPRF-MG";"DEL10-MG";"UOP01-DEL10-MG"
165135;2018-10-12;"sexta-feira";"23:50:00";"PE";428;172;"PETROLINA";"Ingestão de Álcool";"Colisão lateral";"Sem Vítimas";"Plena Noite";"Decrescente";"Céu Claro";"Simples";"Reta";"Não";2;0;0;0;2;0;0;2;-9,236383;-40,417046;"SPRF-PE";"DEL06-PE";"UOP01-DEL06-PE"
165136;2018-10-13;"sábado";"01:35:00";"PE";407;129;"PETROLINA";"Ingestão de Álcool";"Colisão traseira";"Com Vítimas Feridas";"Plena Noite";"Crescente";"Céu Claro";"Dupla";"Ponte";"Não";3;0;2;0;1;0;2;2;-9,40418586;-40,50400615;"SPRF-PE";"DEL06-PE";"UOP01-DEL06-PE"
165137;2018-10-13;"sábado";"02:10:00";"PR";277;99,1;"CURITIBA";"Falta de Atenção à Condução";"Saída de leito carroçável";"Sem Vítimas";"Plena Noite";"Decrescente";"Nublado";"Dupla";"Reta";"Sim";1;0;0;0;1;0;0;1;-25,43121092;-49,35872912;"SPRF-PR";"DEL01-PR";"UOP06-DEL01-PR"
165139;2018-10-13;"sábado";"03:30:00";"MG";381;383;"SAO GONCALO DO RIO ABAIXO";"Falta de Atenção à Condução";"Saída de leito carroçável";"Com Vítimas Feridas";"Plena Noite";"Crescente";"Garoa/Chuvisco";"Simples";"Curva";"Não";5;0;5;0;0;0;5;1;-19,83521121;-43,36511972;"SPRF-MG";"DEL01-MG";"UOP01-DEL01-MG"
165140;2018-10-12;"sexta-feira";"23:10:00";"AM";230;612;"HUMAITA";"Desobediência às normas de trânsito pelo condutor";"Colisão traseira";"Com Vítimas Feridas";"Plena Noite";"Crescente";"Céu Claro";"Dupla";"Reta";"Sim";3;0;3;0;0;0;3;2;-7,51722528;-63,03001821;"SPRF-RO";"DEL01-RO";"UOP05-DEL01-AM"
165142;2018-10-13;"sábado";"04:30:00";"MG";381;349;"JOAO MONLEVADE";"Ingestão de Álcool";"Tombamento";"Com Vítimas Feridas";"Plena Noite";"Crescente";"Ignorado";"Simples";"Curva;Declive";"Não";1;0;1;0;0;0;1;1;-19,85953551;-43,10793757;"SPRF-MG";"DEL03-MG";"UOP01-DEL03-MG"
165143;2018-10-13;"sábado";"03:50:00";"SC";282;602;"CUNHA PORA";"Velocidade Incompatível";"Saída de leito carroçável";"Com Vítimas Feridas";"Plena Noite";"Decrescente";"Chuva";"Simples";"Interseção de Vias";"Não";2;0;1;1;0;0;2;1;-26,80550455;-53,18133647;"SPRF-SC";"DEL07-SC";"UOP02-DEL07-SC"
165144;2018-10-13;"sábado";"03:30:00";"RJ";116;121,9;"DUQUE DE CAXIAS";"Falta de Atenção à Condução";"Colisão traseira";"Sem Vítimas";"Plena Noite";"Crescente";"Céu Claro";"Múltipla";"Reta";"Sim";3;0;0;0;3;0;0;2;-22,7931649;-43,2873469;"SPRF-RJ";"DEL04-RJ";"UOP02-DEL04-RJ"
165145;2018-10-13;"sábado";"03:30:00";"PE";232;41;"VITORIA DE SANTO ANTAO";"Falta de Atenção à Condução";"Saída de leito carroçável";"Com Vítimas Feridas";"Amanhecer";"Crescente";"Nublado";"Dupla";"Declive";"Sim";2;0;1;1;0;0;2;1;-8,11409;-35,24625;"SPRF-PE";"DEL01-PE";"UOP02-DEL02PE"
165146;2018-10-13;"sábado";"03:00:00";"MG";116;637,6;"DIVINO";"Ingestão de Álcool";"Saída de leito carroçável";"Com Vítimas Feridas";"Plena Noite";"Decrescente";"Céu Claro";"Simples";"Curva";"Não";1;0;1;0;0;0;1;1;-20,62603843;-42,22163117;"SPRF-MG";"DEL07-MG";"UOP03-DEL07-MG"
165147;2018-10-13;"sábado";"04:25:00";"GO";40;99,8;"CRISTALINA";"Condutor Dormindo";"Saída de leito carroçável";"Com Vítimas Feridas";"Plena Noite";"Decrescente";"Céu Claro";"Simples";"Reta";"Não";1;0;1;0;0;0;1;1;-16,779273;-47,584937;"SPRF-DF";"DEL01-DF";"UOP02-DEL01-DF"
165148;2018-10-13;"sábado";"04:00:00";"SC";101;399;"MARACAJA";"Objeto estático sobre o leito carroçável";"Colisão com objeto estático";"Sem Vítimas";"Plena Noite";"Decrescente";"Nublado";"Múltipla";"Aclive";"Não";2;0;0;0;1;1;0;2;-28,8506;-49,4359;"SPRF-SC";"DEL02-SC";"UOP02-DEL02-SC"
165150;2018-10-13;"sábado";"05:30:00";"CE";222;1,4;"FORTALEZA";"Ingestão de Álcool";"Colisão traseira";"Com Vítimas Feridas";"Amanhecer";"Crescente";"Céu Claro";"Dupla";"Reta";"Sim";2;0;1;0;1;0;1;2;-3,7380129;-38,58164039;"SPRF-CE";"DEL01-CE";"UOP01-DEL01-CE"
165151;2018-10-13;"sábado";"05:30:00";"RJ";101;50;"CAMPOS DOS GOYTACAZES";"Desobediência às normas de trânsito pelo condutor";"Colisão transversal";"Sem Vítimas";"Pleno dia";"Decrescente";"Céu Claro";"Simples";"Reta";"Não";2;0;0;0;1;1;0;2;-21,633902;-41,312931;"SPRF-RJ";"DEL08-RJ";"UOP01-DEL08-RJ"
165152;2018-10-13;"sábado";"06:45:00";"RN";304;32;"MOSSORO";"Ingestão de Álcool";"Colisão traseira";"Sem Vítimas";"Pleno dia";"Decrescente";"Céu Claro";"Simples";"Reta";"Sim";3;0;0;0;3;0;0;2;-5,13477875;-37,34486282;"SPRF-RN";"DEL04-RN";"UOP02-DEL04-RN"
165153;2018-10-13;"sábado";"05:00:00";"RR";401;4,9;"CANTA";"Condutor Dormindo";"Saída de leito carroçável";"Com Vítimas Fatais";"Amanhecer";"Decrescente";"Céu Claro";"Simples";"Curva";"Não";1;1;0;0;0;0;0;1;2,786362;-60,648915;"SPRF-RR";"DEL01-RR";"UOP01-DEL01-RR"
165155;2018-10-13;"sábado";"06:20:00";"PR";153;462,9;"GENERAL CARNEIRO";"Fenômenos da Natureza";"Saída de leito carroçável";"Com Vítimas Feridas";"Amanhecer";"Decrescente";"Chuva";"Simples";"Declive";"Não";1;0;1;0;0;0;1;1;-26,44506181;-51,31885529;"SPRF-PR";"DEL02-PR";"UOP03-DEL02-PR"
165157;2018-10-13;"sábado";"06:25:00";"PR";376;657,9;"TIJUCAS DO SUL";"Velocidade Incompatível";"Saída de leito carroçável";"Com Vítimas Feridas";"Amanhecer";"Crescente";"Nublado";"Dupla";"Curva";"Não";3;0;3;0;0;0;3;1;-25,85860566;-49,02019143;"SPRF-PR";"DEL01-PR";"DEL7/1-UOP08/PR"
165158;2018-10-13;"sábado";"04:45:00";"SC";101;165,6;"TIJUCAS";"Ingestão de Álcool";"Saída de leito carroçável";"Sem Vítimas";"Amanhecer";"Crescente";"Garoa/Chuvisco";"Dupla";"Reta";"Não";1;0;0;0;1;0;0;1;-27,2595;-48,6316;"SPRF-SC";"DEL04-SC";"UOP03-DEL04-SC"
165159;2018-10-13;"sábado";"07:20:00";"SC";101;158;"PORTO BELO";"Pista Escorregadia";"Saída de leito carroçável";"Com Vítimas Feridas";"Pleno dia";"Crescente";"Nublado";"Dupla";"Retorno Regulamentado";"Não";1;0;1;0;0;0;1;1;-27,199;-48,6146;"SPRF-SC";"DEL04-SC";"UOP03-DEL04-SC"
165160;2018-10-13;"sábado";"07:00:00";"GO";60;96,9;"ANAPOLIS";"Falta de Atenção à Condução";"Colisão traseira";"Com Vítimas Feridas";"Pleno dia";"Crescente";"Céu Claro";"Dupla";"Reta";"Sim";3;0;1;0;2;0;1;2;-16,371;-48,9422;"SPRF-GO";"DEL02-GO";"UOP01-DEL02-GO"
165161;2018-10-13;"sábado";"04:00:00";"RN";405;94,9;"SEVERIANO MELO";"Velocidade Incompatível";"Saída de leito carroçável";"Sem Vítimas";"Plena Noite";"Crescente";"Céu Claro";"Simples";"Curva";"Não";1;0;0;0;0;1;0;1;-5,7551058;-37,9117059;"SPRF-RN";"DEL04-RN";"UOP02-DEL04-RN"
165163;2018-10-13;"sábado";"08:40:00";"PE";232;409;"SERRA TALHADA";"Desobediência às normas de trânsito pelo condutor";"Colisão transversal";"Com Vítimas Feridas";"Pleno dia";"Decrescente";"Sol";"Simples";"Retorno Regulamentado";"Sim";2;0;1;0;1;0;1;2;-7,98227403;-38,29596307;"SPRF-PE";"DEL04-PE";"UOP01-DEL04-PE"
165164;2018-10-13;"sábado";"03:30:00";"PR";467;106,7;"CASCAVEL";"Ingestão de Álcool";"Colisão com objeto estático";"Com Vítimas Feridas";"Plena Noite";"Decrescente";"Céu Claro";"Dupla";"Curva";"Não";1;0;1;0;0;0;1;1;-24,91727272;-53,4837665;"SPRF-PR";"DEL04-PR";"UOP01-DEL04-PR"
165166;2018-10-13;"sábado";"06:40:00";"BA";324;613;"SALVADOR";"Condutor Dormindo";"Queda de ocupante de veículo";"Com Vítimas Feridas";"Pleno dia";"Decrescente";"Céu Claro";"Simples";"Reta";"Não";1;0;1;0;0;0;1;1;-12,88075557;-38,43292236;"SPRF-BA";"DEL01-BA";"UOP01-DEL01-BA"
165168;2018-10-13;"sábado";"08:50:00";"AL";316;157;"PALMEIRA DOS INDIOS";"Falta de Atenção à Condução";"Colisão transversal";"Com Vítimas Feridas";"Pleno dia";"Crescente";"Céu Claro";"Simples";"Reta";"Sim";3;0;2;0;1;0;2;2;-9,433344;-36,613235;"SPRF-AL";"DEL03-AL";"UOP01-DEL03-AL"
165169;2018-10-13;"sábado";"08:40:00";"RS";101;2,1;"TORRES";"Defeito Mecânico no Veículo";"Tombamento";"Com Vítimas Feridas";"Pleno dia";"Decrescente";"Nublado";"Dupla";"Curva";"Sim";1;0;0;1;0;0;1;1;-29,31811601;-49,77454662;"SPRF-RS";"DEL03-RS";"DEL9/3-UOP03/RS"
165170;2018-10-09;"terça-feira";"12:30:00";"BA";101;612,6;"MASCOTE";"Restrição de Visibilidade";"Capotamento";"Com Vítimas Feridas";"Pleno dia";"Crescente";"Céu Claro";"Simples";"Curva";"Não";1;0;0;1;0;0;1;1;-15,586;-39,4202;"SPRF-BA";"DEL05-BA";"UOP02-DEL05-BA"
165171;2018-10-13;"sábado";"08:45:00";"SP";116;214,8;"GUARULHOS";"Falta de Atenção à Condução";"Colisão lateral";"Com Vítimas Feridas";"Pleno dia";"Crescente";"Nublado";"Múltipla";"Desvio Temporário";"Sim";2;0;1;0;1;0;1;2;-23,44976247;-46,46143913;"SPRF-SP";"DEL01-SP";"UOP01-DEL01-SP"
165172;2018-10-13;"sábado";"09:00:00";"PE";232;243,2;"ARCOVERDE";"Velocidade Incompatível";"Colisão traseira";"Com Vítimas Feridas";"Pleno dia";"Crescente";"Céu Claro";"Simples";"Reta";"Não";3;0;2;0;0;1;2;3;-8,41683911;-36,97222137;"SPRF-PE";"DEL03-PE";"UOP02-DEL03-PE"
165173;2018-10-13;"sábado";"09:10:00";"SC";101;105,4;"PENHA";"Falta de Atenção à Condução";"Tombamento";"Com Vítimas Feridas";"Pleno dia";"Crescente";"Nublado";"Simples";"Curva";"Não";1;0;1;0;0;0;1;1;-26,8074293;-48,6811924;"SPRF-SC";"DEL03-SC";"UOP02-DEL03-SC"
165174;2018-10-13;"sábado";"09:30:00";"ES";262;0,5;"CARIACICA";"Desobediência às normas de trânsito pelo condutor";"Colisão lateral";"Com Vítimas Feridas";"Pleno dia";"Decrescente";"Céu Claro";"Simples";"Reta";"Sim";5;0;1;3;1;0;4;2;-20,32190074;-40,35392398;"SPRF-ES";"DEL01-ES";"UOP01-DEL01-ES"
165175;2018-10-13;"sábado";"08:00:00";"SC";282;638,5;"DESCANSO";"Avarias e/ou desgaste excessivo no pneu";"Saída de leito carroçável";"Com Vítimas Feridas";"Pleno dia";"Decrescente";"Chuva";"Simples";"Curva";"Não";2;0;1;0;1;0;1;1;-26,800833;-53,448235;"SPRF-SC";"DEL07-SC";"UOP03-DEL07-SC"
165176;2018-10-13;"sábado";"09:50:00";"ES";101;54,1;"SAO MATEUS";"Velocidade Incompatível";"Capotamento";"Com Vítimas Feridas";"Pleno dia";"Decrescente";"Céu Claro";"Simples";"Declive";"Não";2;0;1;0;1;0;1;1;-18,620737;-39,881874;"SPRF-ES";"DEL04-ES";"UOP02-DEL04-ES"
165179;2018-10-13;"sábado";"09:00:00";"SC";101;239;"PALHOCA";"Falta de Atenção à Condução";"Colisão lateral";"Com Vítimas Feridas";"Pleno dia";"Decrescente";"Nublado";"Dupla";"Curva";"Não";6;0;5;1;0;0;6;2;-27,8602;-48,6446;"SPRF-SC";"DEL01-SC";"UOP02-DEL01-SC"
165180;2018-10-13;"sábado";"10:30:00";"SC";470;147;"RIO DO SUL";"Pista Escorregadia";"Capotamento";"Com Vítimas Feridas";"Pleno dia";"Crescente";"Chuva";"Simples";"Reta";"Não";2;0;2;0;0;0;2;1;-27,243439;-49,690025;"SPRF-SC";"DEL04-SC";"UOP02-DEL04-SC"
165181;2018-10-13;"sábado";"07:45:00";"PR";476;122;"CURITIBA";"Desobediência às normas de trânsito pelo condutor";"Colisão transversal";"Com Vítimas Feridas";"Pleno dia";"Decrescente";"Céu Claro";"Dupla";"Interseção de Vias";"Sim";2;0;0;1;1;0;1;2;-25,385775;-49,203377;"SPRF-PR";"DEL01-PR";"UOP01-DEL01-PR"
165182;2018-10-13;"sábado";"07:20:00";"MT";70;521;"VARZEA GRANDE";"Pista Escorregadia";"Tombamento";"Com Vítimas Feridas";"Pleno dia";"Decrescente";"Céu Claro";"Simples";"Reta";"Sim";1;0;0;1;0;0;1;1;-15,66799873;-56,18270874;"SPRF-MT";"DEL01-MT";"DEL2/4-UOP02/MT"
165183;2018-10-13;"sábado";"04:40:00";"BA";407;7;"JUAZEIRO";"Desobediência às normas de trânsito pelo condutor";"Colisão frontal";"Com Vítimas Fatais";"Plena Noite";"Crescente";"Céu Claro";"Múltipla";"Reta";"Sim";2;1;0;0;0;1;0;2;-9,45930628;-40,48521996;"SPRF-PE";"DEL06-PE";"UOP01-DEL06-PE"
165184;2018-10-13;"sábado";"10:50:00";"GO";60;127;"GOIANAPOLIS";"Falta de Atenção à Condução";"Colisão traseira";"Com Vítimas Feridas";"Pleno dia";"Decrescente";"Céu Claro";"Dupla";"Declive";"Não";3;0;1;0;1;1;1;3;-16,5412;-49,1495;"SPRF-GO";"DEL01-GO";"UOP01-DEL01-GO"
165185;2018-10-13;"sábado";"08:40:00";"SC";470;27;"ILHOTA";"Ultrapassagem Indevida";"Colisão lateral";"Com Vítimas Feridas";"Pleno dia";"Crescente";"Chuva";"Simples";"Reta";"Não";5;0;3;1;0;1;4;4;-26,89088019;-48,88418198;"SPRF-SC";"DEL04-SC";"UOP04-DEL04-SC"
165186;2018-10-13;"sábado";"10:30:00";"MG";40;675,2;"CARANDAI";"Falta de Atenção à Condução";"Colisão com objeto estático";"Com Vítimas Feridas";"Pleno dia";"Decrescente";"Céu Claro";"Simples";"Curva";"Não";2;0;1;0;1;0;1;1;-21,00380819;-43,77975851;"SPRF-MG";"DEL05-MG";"UOP02-DEL05-MG"
165187;2018-10-13;"sábado";"11:05:00";"PR";369;114;"URAI";"Falta de Atenção à Condução";"Colisão frontal";"Com Vítimas Feridas";"Pleno dia";"Crescente";"Céu Claro";"Dupla";"Curva";"Não";2;0;0;1;1;0;1;2;-23,27840778;-50,84412575;"SPRF-PR";"DEL07-PR";"UOP05-DEL07-PR"