"id";"data_inversa";"dia_semana";"horario";"uf";"br";"km";"municipio";"causa_acidente";"tipo_acidente";"classificacao_acidente";"fase_dia";"sentido_via";"condicao_metereologica";"tipo_pista";"tracado_via";"uso_solo";"pessoas";"mortos";"feridos_leves";"feridos_graves";"ilesos";"ignorados";"feridos";"veiculos";"latitude";"longitude";"regional";"delegacia";"uop"
165514;2018-10-14;"domingo";"22:30:00";"BA";330;731;"JEQUIE";"Velocidade Incompatível";"Tombamento";"Com Vítimas Feridas";"Plena Noite";"Decrescente";"Céu Claro";"Simples";"Reta";"Não";1;0;1;0;0;0;1;1;-13,908;-40,017;"SPRF-BA";"DEL03-BA";"UOP01-DEL03-BA"
165517;2018-10-14;"domingo";"22:15:00";"MG";40;43,5;"PARACATU";"Falta de Atenção à Condução";"Colisão transversal";"Com Vítimas Feridas";"Plena Noite";"Decrescente";"Céu Claro";"Simples";"Reta";"Sim";2;0;1;0;1;0;1;2;-17,225937;-46,861691;"SPRF-MG";"DEL14-MG";"UOP01-DEL14-MG"
165518;2018-04-25;"quarta-feira";"18:40:00";"PB";230;292,8;"SANTA LUZIA";"Falta de Atenção à Condução";"Colisão traseira";"Com Vítimas Feridas";"Plena Noite";"Decrescente";"Céu Claro";"Simples";"Aclive";"Sim";3;0;2;0;0;1;2;2;-6,86860156;-36,9223237;"SPRF-PB";"DEL03-PB";"UOP01-DEL03-PB"
165519;2018-10-14;"domingo";"22:00:00";"PE";101;86;"JABOATAO DOS GUARARAPES";"Falta de Atenção à Condução";"Colisão traseira";"Com Vítimas Feridas";"Plena Noite";"Crescente";"Céu Claro";"Simples";"Reta";"Sim";3;0;0;1;1;1;1;3;-8,1919;-34,9748;"SPRF-PE";"DEL01-PE";"UOP03-DEL01-PE"
165520;2018-10-14;"domingo";"23:10:00";"CE";222;4,9;"CAUCAIA";"Falta de Atenção à Condução";"Tombamento";"Com Vítimas Feridas";"Plena Noite";"Crescente";"Céu Claro";"Múltipla";"Reta;Retorno Regulamentado";"Sim";2;0;1;0;1;0;1;2;-3,742673;-38,611998;"SPRF-CE";"DEL01-CE";"UOP01-DEL01-CE"
165522;2018-10-14;"domingo";"22:20:00";"PB";230;51,8;"CRUZ DO ESPIRITO SANTO";"Objeto estático sobre o leito carroçável";"Colisão traseira";"Com Vítimas Fatais";"Plena Noite";"Crescente";"Céu Claro";"Dupla";"Reta";"Não";3;1;0;0;2;0;0;2;-7,1897;-35,0615;"SPRF-PB";"DEL01-PB";"UOP03-DEL01-PB"
165523;2018-10-14;"domingo";"22:20:00";"PR";476;130,2;"CURITIBA";"Falta de Atenção à Condução";"Saída de leito carroçável";"Sem Vítimas";"Plena Noite";"Decrescente";"Chuva";"Múltipla";"Curva";"Sim";1;0;0;0;0;1;0;1;-25,45099822;-49,23704257;"SPRF-PR";"DEL01-PR";"UOP07-DEL01-PR"
165524;2018-04-21;"sábado";"00:25:00";"RN";101;102,7;"PARNAMIRIM";"Ingestão de Álcool";"Colisão lateral";"Com Vítimas Feridas";"Plena Noite";"Crescente";"Céu Claro";"Múltipla";"Interseção de Vias";"Sim";3;0;0;1;2;0;1;2;-5,888725;-35,242819;"SPRF-RN";"DEL01-RN";"UOP01-DEL01-RN"
165525;2018-10-14;"domingo";"23:15:00";"ES";101;265,7;"SERRA";"Velocidade Incompatível";"Colisão traseira";"Com Vítimas Feridas";"Plena Noite";"Decrescente";"Nublado";"Múltipla";"Reta";"Sim";4;0;1;0;3;0;1;3;-20,188114;-40,26822712;"SPRF-ES";"DEL02-ES";"UOP01-DEL02-ES"
165526;2018-10-14;"domingo";"20:45:00";"MS";262;765;"CORUMBA";"Animais na Pista";"Atropelamento de Animal";"Com Vítimas Feridas";"Plena Noite";"Crescente";"Céu Claro";"Simples";"Reta";"Não";2;0;1;0;1;0;1;1;-19,10072849;-57,62208939;"SPRF-MS";"DEL03-MS";"UOP03-DEL03-MS"
165530;2018-10-14;"domingo";"22:00:00";"RS";290;616,5;"ALEGRETE";"Falta de Atenção à Condução";"Saída de leito carroçável";"Com Vítimas Feridas";"Plena Noite";"Crescente";"Céu Claro";"Simples";"Reta";"Não";7;0;4;1;0;2;5;2;-29,9163683;-56,0523496;"SPRF-RS";"DEL13-RS";"UOP02-DEL13-RS"
165531;2018-10-13;"sábado";"04:00:00";"MA";226;504,5;"LAJEADO NOVO";"Ingestão de Álcool";"Queda de ocupante de veículo";"Com Vítimas Fatais";"Plena Noite";"Decrescente";"Céu Claro";"Simples";"Reta";"Não";1;1;0;0;0;0;0;1;-6,12416959;-46,8453598;"SPRF-MA";"DEL04-MA";"UOP02-DEL04-MA"
165533;2018-10-14;"domingo";"22:55:00";"GO";40;33,8;"LUZIANIA";"Desobediência às normas de trânsito pelo condutor";"Colisão frontal";"Com Vítimas Fatais";"Plena Noite";"Crescente";"Nublado";"Dupla";"Curva";"Não";5;1;0;0;4;0;0;2;-16,3066267;-47,8432999;"SPRF-DF";"DEL01-DF";"UOP01-DEL01-DF"
165534;2018-10-14;"domingo";"23:45:00";"RJ";116;109,7;"GUAPIMIRIM";"Falta de Atenção à Condução";"Colisão frontal";"Com Vítimas Feridas";"Plena Noite";"Crescente";"Garoa/Chuvisco";"Múltipla";"Curva";"Sim";4;0;3;0;1;0;3;2;-22,54742034;-42,98984528;"SPRF-RJ";"DEL04-RJ";"UOP02-DEL04-RJ"
165536;2018-10-14;"domingo";"19:00:00";"MG";262;687,3;"ARAXA";"Velocidade Incompatível";"Saída de leito carroçável";"Com Vítimas Feridas";"Plena Noite";"Crescente";"Chuva";"Simples";"Curva;Declive";"Não";1;0;1;0;0;0;1;1;-19,560389;-46,97274;"SPRF-MG";"DEL08-MG";"UOP01-DEL08-MG"
165537;2018-10-14;"domingo";"22:20:00";"RS";287;432,1;"UNISTALDA";"Desobediência às normas de trânsito pelo condutor";"Colisão frontal";"Com Vítimas Feridas";"Plena Noite";"Decrescente";"Céu Claro";"Simples";"Declive;Curva";"Não";6;0;0;6;0;0;6;2;-29,052097;-55,129204;"SPRF-RS";"DEL12-RS";"UOP02-DEL12-RS"
165538;2018-10-15;"segunda-feira";"00:30:00";"SP";116;198;"ARUJA";"Falta de Atenção à Condução";"Tombamento";"Com Vítimas Feridas";"Plena Noite";"Decrescente";"Nublado";"Dupla";"Declive";"Não";2;0;1;0;0;1;1;2;-23,39987223;-46,30177729;"SPRF-SP";"DEL01-SP";"UOP02-DEL01-SP"
165539;2018-10-15;"segunda-feira";"00:05:00";"BA";324;516,8;"FEIRA DE SANTANA";"Falta de Atenção à Condução";"Colisão transversal";"Com Vítimas Feridas";"Plena Noite";"Crescente";"Céu Claro";"Simples";"Reta";"Não";2;0;1;0;0;1;1;2;-12,25102434;-38,93318653;"SPRF-BA";"DEL02-BA";"UOP01-DEL02-BA"
165542;2018-10-14;"domingo";"17:40:00";"MG";381;216;"BELO ORIENTE";"Não guardar distância de segurança";"Saída de leito carroçável";"Com Vítimas Feridas";"Anoitecer";"Crescente";"Nublado";"Simples";"Reta";"Não";2;0;0;2;0;0;2;1;-19,24729154;-42,33807385;"SPRF-MG";"DEL06-MG";"UOP01-DEL06-MG"
165543;2018-10-15;"segunda-feira";"02:20:00";"SC";101;204,9;"SAO JOSE";"Ingestão de Álcool";"Colisão traseira";"Sem Vítimas";"Plena Noite";"Decrescente";"Chuva";"Múltipla";"Reta";"Sim";2;0;0;0;2;0;0;2;-27,592;-48,6181;"SPRF-SC";"DEL01-SC";"UOP01-DEL01-SC"
165544;2018-10-15;"segunda-feira";"03:55:00";"SC";101;193;"BIGUACU";"Defeito Mecânico no Veículo";"Colisão com objeto estático";"Com Vítimas Feridas";"Plena Noite";"Crescente";"Chuva";"Dupla";"Curva";"Sim";2;0;1;0;1;0;1;1;-27,4982;-48,6565;"SPRF-SC";"DEL01-SC";"UOP01-DEL01-SC"
165545;2018-10-15;"segunda-feira";"04:30:00";"CE";304;49,7;"ARACATI";"Animais na Pista";"Atropelamento de Animal";"Com Vítimas Feridas";"Amanhecer";"Crescente";"Céu Claro";"Simples";"Reta";"Sim";2;0;1;0;1;0;1;1;-4,578963;-37,770653;"SPRF-CE";"DEL03-CE";"UOP03-DEL03-CE"
165546;2018-10-15;"segunda-feira";"04:50:00";"SC";470;67,9;"INDAIAL";"Falta de Atenção à Condução";"Tombamento";"Com Vítimas Feridas";"Plena Noite";"Crescente";"Chuva";"Simples";"Reta";"Não";1;0;1;0;0;0;1;1;-26,87719669;-49,23874055;"SPRF-SC";"DEL04-SC";"UOP01-DEL04-SC"
165547;2018-10-15;"segunda-feira";"04:30:00";"CE";116;170,5;"RUSSAS";"Desobediência às normas de trânsito pelo condutor";"Colisão frontal";"Com Vítimas Fatais";"Amanhecer";"Crescente";"Céu Claro";"Simples";"Reta";"Não";2;1;0;0;0;1;0;2;-5,00339435;-38,04084778;"SPRF-CE";"DEL03-CE";"UOP01-DEL03-CE"
165548;2018-10-14;"domingo";"19:10:00";"GO";153;285;"NOVA GLORIA";"Falta de Atenção à Condução";"Colisão traseira";"Com Vítimas Feridas";"Plena Noite";"Crescente";"Nublado";"Simples";"Reta";"Não";1;0;1;0;0;0;1;1;-15,170359;-49,543961;"SPRF-GO";"DEL07-GO";"UOP02-DEL07-GO"
165550;2018-10-15;"segunda-feira";"05:33:00";"TO";153;182,6;"NOVA OLINDA";"Defeito Mecânico no Veículo";"Colisão com objeto estático";"Com Vítimas Feridas";"Amanhecer";"Decrescente";"Céu Claro";"Simples";"Reta";"Não";5;0;5;0;0;0;5;1;-7,502906;-48,385854;"SPRF-TO";"DEL02-TO";"UOP01-DEL02-TO"
165551;2018-10-15;"segunda-feira";"06:05:00";"SP";381;43,2;"ATIBAIA";"Velocidade Incompatível";"Colisão com objeto estático";"Com Vítimas Feridas";"Pleno dia";"Crescente";"Chuva";"Dupla";"Reta";"Sim";3;0;1;0;2;0;1;1;-23,15755578;-46,57384908;"SPRF-SP";"DEL03-SP";"UOP01-DEL03-SP"
165552;2018-10-15;"segunda-feira";"00:15:00";"SP";116;499;"CAJATI";"Pista Escorregadia";"Saída de leito carroçável";"Com Vítimas Feridas";"Plena Noite";"Crescente";"Chuva";"Dupla";"Curva";"Não";3;0;3;0;0;0;3;1;-24,78268245;-48,18274409;"SPRF-SP";"DEL05-SP";"UAP01-DEL05-SP"
165553;2018-10-15;"segunda-feira";"06:20:00";"PE";104;85,4;"AGRESTINA";"Ingestão de Álcool";"Colisão frontal";"Com Vítimas Feridas";"Pleno dia";"Crescente";"Sol";"Simples";"Interseção de Vias";"Não";2;0;1;0;1;0;1;2;-8,438719;-35,955177;"SPRF-PE";"DEL02-PE";"UOP01-DEL02-PE"
165554;2018-10-14;"domingo";"23:00:00";"MG";116;39;"PEDRA AZUL";"Avarias e/ou desgaste excessivo no pneu";"Tombamento";"Com Vítimas Feridas";"Plena Noite";"Crescente";"Céu Claro";"Simples";"Reta";"Não";2;0;2;0;0;0;2;1;-15,98773428;-41,40850067;"SPRF-BA";"DEL08-BA";"UOP03-DEL08-BA"
165555;2018-10-15;"segunda-feira";"06:30:00";"MG";381;907,5;"CAMBUI";"Pista Escorregadia";"Colisão com objeto estático";"Sem Vítimas";"Pleno dia";"Crescente";"Chuva";"Dupla";"Curva;Aclive";"Não";1;0;0;0;1;0;0;1;-22,67467242;-46,09792702;"SPRF-MG";"DEL16-MG";"UOP03-DEL16-MG"
165556;2018-10-15;"segunda-feira";"06:50:00";"SC";101;211,3;"PALHOCA";"Ultrapassagem Indevida";"Saída de leito carroçável";"Com Vítimas Feridas";"Pleno dia";"Crescente";"Céu Claro";"Dupla";"Reta";"Não";3;0;2;0;1;0;2;2;-27,6301;-48,659;"SPRF-SC";"DEL01-SC";"UOP02-DEL01-SC"
165557;2018-10-15;"segunda-feira";"07:00:00";"MG";381;501,2;"BETIM";"Falta de Atenção à Condução";"Colisão traseira";"Sem Vítimas";"Pleno dia";"Decrescente";"Nublado";"Dupla";"Reta";"Não";2;0;0;0;2;0;0;2;-20,0173;-44,2243;"SPRF-MG";"DEL01-MG";"UOP03-DEL01-MG"
165559;2018-10-15;"segunda-feira";"07:02:00";"MG";381;532;"ITATIAIUCU";"Falta de Atenção à Condução";"Saída de leito carroçável";"Com Vítimas Feridas";"Pleno dia";"Crescente";"Chuva";"Dupla";"Curva";"Não";2;0;1;0;1;0;1;1;-20,1709;-44,3729;"SPRF-MG";"DEL04-MG";"UOP03-DEL04-MG"
165560;2018-10-15;"segunda-feira";"06:50:00";"PE";232;510;"SALGUEIRO";"Desobediência às normas de trânsito pelo condutor";"Colisão transversal";"Com Vítimas Feridas";"Pleno dia";"Crescente";"Nublado";"Simples";"Reta";"Sim";2;0;0;1;1;0;1;2;-8,069201;-39,144256;"SPRF-PE";"DEL05-PE";"UOP01-DEL05-PE"
165565;2018-10-15;"segunda-feira";"07:25:00";"PI";343;342,9;"TERESINA";"Desobediência às normas de trânsito pelo condutor";"Colisão traseira";"Com Vítimas Feridas";"Pleno dia";"Crescente";"Céu Claro";"Simples";"Reta";"Não";3;0;1;1;1;0;2;2;-5,08696878;-42,75745869;"SPRF-PI";"DEL01-PI";"UOP01-DEL01-PI"
165566;2018-10-15;"segunda-feira";"07:50:00";"MG";116;704,6;"MURIAE";"Desobediência às normas de trânsito pelo condutor";"Colisão transversal";"Com Vítimas Feridas";"Pleno dia";"Decrescente";"Nublado";"Simples";"Rotatória";"Sim";3;0;1;1;0;1;2;2;-21,12501726;-42,38121986;"SPRF-MG";"DEL07-MG";"UOP02-DEL07-MG"
165568;2018-10-15;"segunda-feira";"06:40:00";"BA";101;105;"ALAGOINHAS";"Defeito na Via";"Colisão frontal";"Com Vítimas Feridas";"Amanhecer";"Decrescente";"Céu Claro";"Simples";"Reta";"Sim";2;0;0;1;1;0;1;2;-12,1256;-38,3927;"SPRF-BA";"DEL01-BA";"UOP04-DEL01-BA"
165570;2018-10-15;"segunda-feira";"07:40:00";"MG";381;349;"JOAO MONLEVADE";"Velocidade Incompatível";"Saída de leito carroçável";"Com Vítimas Feridas";"Pleno dia";"Crescente";"Chuva";"Simples";"Curva";"Não";2;0;1;0;1;0;1;1;-19,85433868;-43,11197162;"SPRF-MG";"DEL03-MG";"UOP01-DEL03-MG"
165573;2018-10-15;"segunda-feira";"07:50:00";"PR";369;523,7;"CASCAVEL";"Falta de Atenção à Condução";"Colisão transversal";"Com Vítimas Feridas";"Pleno dia";"Decrescente";"Garoa/Chuvisco";"Simples";"Interseção de Vias";"Não";2;0;1;0;1;0;1;2;-24,95975954;-53,39870453;"SPRF-PR";"DEL04-PR";"UOP01-DEL04-PR"
165574;2018-10-15;"segunda-feira";"08:15:00";"RS";116;519,8;"PELOTAS";"Mal Súbito";"Tombamento";"Sem Vítimas";"Pleno dia";"Crescente";"Sol";"Múltipla";"Reta";"Sim";1;0;0;0;1;0;0;1;-31,69436035;-52,35551834;"SPRF-RS";"DEL07-RS";"UOP01-DEL07-RS"
165575;2018-10-15;"segunda-feira";"05:30:00";"GO";60;382;"RIO VERDE";"Falta de Atenção à Condução";"Saída de leito carroçável";"Com Vítimas Feridas";"Amanhecer";"Crescente";"Céu Claro";"Dupla";"Reta";"Sim";1;0;0;1;0;0;1;1;-17,78923;-50,90583;"SPRF-GO";"DEL04-GO";"UOP01-DEL04-GO"
165576;2018-10-15;"segunda-feira";"06:50:00";"SP";116;125,3;"CACAPAVA";"Não guardar distância de segurança";"Engavetamento";"Com Vítimas Feridas";"Pleno dia";"Crescente";"Chuva";"Dupla";"Reta";"Sim";5;0;1;0;4;0;1;4;-23,10060229;-45,68904833;"SPRF-SP";"DEL06-SP";"UOP02-DEL02-SP"
165578;2018-10-15;"segunda-feira";"08:00:00";"MG";262;385;"MATEUS LEME";"Pista Escorregadia";"Colisão com objeto estático";"Com Vítimas Feridas";"Pleno dia";"Crescente";"Chuva";"Dupla";"Curva";"Não";2;0;1;0;1;0;1;1;-19,9201;-44,4779;"SPRF-MG";"DEL01-MG";"UOP03-DEL01-MG"
165579;2018-10-15;"segunda-feira";"07:40:00";"RS";285;395,4;"SANTA BARBARA DO SUL";"Condutor Dormindo";"Saída de leito carroçável";"Com Vítimas Feridas";"Pleno dia";"Crescente";"Céu Claro";"Simples";"Curva";"Não";1;0;1;0;0;0;1;1;-28,38218437;-53,31823036;"SPRF-RS";"DEL10-RS";"UOP01-DEL10-RS"
165580;2018-10-15;"segunda-feira";"08:05:00";"PE";101;72;"RECIFE";"Falta de Atenção à Condução";"Colisão traseira";"Com Vítimas Feridas";"Pleno dia";"Crescente";"Nublado";"Dupla";"Em Obras;Reta";"Sim";2;0;1;0;0;1;1;2;-8,08424;-34,94477;"SPRF-PE";"DEL01-PE";"UOP01-DEL01-PE"
165581;2018-10-15;"segunda-feira";"07:45:00";"SP";381;75;"SAO PAULO";"Falta de Atenção à Condução";"Capotamento";"Com Vítimas Feridas";"Pleno dia";"Decrescente";"Chuva";"Dupla";"Curva";"Sim";3;0;1;0;2;0;1;3;-23,38070751;-46,56280518;"SPRF-SP";"DEL03-SP";"DEL6/3-UOP03/SP"
165583;2018-10-15;"segunda-feira";"08:02:00";"MG";381;530,9;"ITATIAIUCU";"Velocidade Incompatível";"Saída de leito carroçável";"Com Vítimas Feridas";"Pleno dia";"Decrescente";"Céu Claro";"Dupla";"Curva";"Não";1;0;0;1;0;0;1;1;-20,1629;-44,3577;"SPRF-MG";"DEL04-MG";"UOP03-DEL04-MG"
165584;2018-10-15;"segunda-feira";"08:30:00";"MG";381;532;"ITATIAIUCU";"Falta de Atenção à Condução";"Saída de leito carroçável";"Com Vítimas Feridas";"Pleno dia";"Crescente";"Céu Claro";"Dupla";"Curva";"Não";5;0;2;0;3;0;2;1;-20,1709;-44,3729;"SPRF-MG";"DEL04-MG";"UOP03-DEL04-MG"
165586;2018-10-15;"segunda-feira";"09:15:00";"PE";101;74;"RECIFE";"Falta de Atenção à Condução";"Colisão traseira";"Sem Vítimas";"Pleno dia";"Decrescente";"Nublado";"Dupla";"Reta";"Sim";2;0;0;0;2;0;0;2;-8,10626;-34,9485;"SPRF-PE";"DEL01-PE";"UOP01-DEL01-PE"
165587;2018-10-15;"segunda-feira";"07:40:00";"SP";116;226,5;"GUARULHOS";"Não guardar distância de segurança";"Colisão lateral";"Com Vítimas Feridas";"Pleno dia";"Decrescente";"Chuva";"Múltipla";"Aclive";"Sim";3;0;0;1;2;0;1;3;-23,49756982;-46,55696869;"SPRF-SP";"DEL01-SP";"UOP01-DEL01-SP"
165588;2018-10-15;"segunda-feira";"07:56:00";"SP";116;209;"GUARULHOS";"Não guardar distância de segurança";"Colisão lateral";"Sem Vítimas";"Amanhecer";"Crescente";"Garoa/Chuvisco";"Dupla";"Aclive";"Sim";2;0;0;0;1;1;0;2;-23,42753571;-46,4083562;"SPRF-SP";"DEL01-SP";"UOP01-DEL01-SP"
165589;2018-10-15;"segunda-feira";"09:10:00";"SP";116;212,9;"GUARULHOS";"Ingestão de Álcool";"Queda de ocupante de veículo";"Com Vítimas Feridas";"Pleno dia";"Crescente";"Garoa/Chuvisco";"Múltipla";"Reta";"Sim";1;0;1;0;0;0;1;1;-23,43576536;-46,42739989;"SPRF-SP";"DEL01-SP";"UOP01-DEL01-SP"
165590;2018-10-11;"quinta-feira";"16:50:00";"PB";230;480,3;"MARIZOPOLIS";"Desobediência às normas de trânsito pelo condutor";"Colisão traseira";"Com Vítimas Feridas";"Pleno dia";"Crescente";"Céu Claro";"Simples";"Interseção de Vias";"Sim";2;0;0;2;0;0;2;2;-6,848343;-38,358727;"SPRF-PB";"DEL03-PB";"UOP03-DEL03-PB"
165591;2018-10-15;"segunda-feira";"09:35:00";"RJ";40;62,7;"PETROPOLIS";"Falta de Atenção à Condução";"Queda de ocupante de veículo";"Com Vítimas Feridas";"Pleno dia";"Decrescente";"Chuva";"Simples";"Curva";"Não";1;0;1;0;0;0;1;1;-22,42531045;-43,15618515;"SPRF-RJ";"DEL06-RJ";"UOP01-DEL06-RJ"
165592;2018-10-15;"segunda-feira";"09:20:00";"CE";20;406,5;"CAUCAIA";"Falta de Atenção à Condução";"Saída de leito carroçável";"Com Vítimas Feridas";"Pleno dia";"Crescente";"Céu Claro";"Dupla";"Viaduto";"Não";1;0;0;1;0;0;1;1;-3,76833742;-38,66616726;"SPRF-CE";"DEL01-CE";"UOP01-DEL01-CE"
165594;2018-10-15;"segunda-feira";"09:05:00";"PE";101;70;"RECIFE";"Falta de Atenção à Condução";"Colisão traseira";"Sem Vítimas";"Pleno dia";"Decrescente";"Sol";"Dupla";"Reta";"Sim";2;0;0;0;1;1;0;2;-8,06701824;-34,94196001;"SPRF-PE";"DEL01-PE";"UOP01-DEL01-PE"
165595;2018-10-15;"segunda-feira";"08:30:00";"MG";381;924,5;"ITAPEVA";"Falta de Atenção à Condução";"Colisão com objeto estático";"Com Vítimas Feridas";"Pleno dia";"Crescente";"Chuva";"Dupla";"Curva";"Não";1;0;1;0;0;0;1;1;-22,77051182;-46,20138317;"SPRF-MG";"DEL16-MG";"UOP03-DEL16-MG"
165596;2018-10-15;"segunda-feira";"05:40:00";"MT";70;621;"POCONE";"Pista Escorregadia";"Saída de leito carroçável";"Com Vítimas Feridas";"Amanhecer";"Crescente";"Chuva";"Simples";"Curva";"Não";1;0;1;0;0;0;1;1;-15,85303141;-56,85836792;"SPRF-MT";"DEL03-MT";"UOP02-DEL03-MT"
165597;2018-10-15;"segunda-feira";"09:48:00";"SP";381;88;"SAO PAULO";"Falta de Atenção à Condução";"Colisão traseira";"Com Vítimas Feridas";"Pleno dia";"Decrescente";"Garoa/Chuvisco";"Múltipla";"Reta";"Sim";1;0;1;0;0;0;1;1;-23,47332388;-46,5631485;"SPRF-SP";"DEL03-SP";"DEL6/3-UOP03/SP"
165598;2018-10-15;"segunda-feira";"10:10:00";"AL";104;88,9;"RIO LARGO";"Falta de Atenção à Condução";"Colisão traseira";"Com Vítimas Feridas";"Pleno dia";"Crescente";"Céu Claro";"Dupla";"Reta";"Sim";2;0;0;1;1;0;1;2;-9,488387;-35,81626654;"SPRF-AL";"DEL01-AL";"UOP01-DEL01-AL"
165599;2018-10-15;"segunda-feira";"09:00:00";"PE";104;43;"CARUARU";"Velocidade Incompatível";"Saída de leito carroçável";"Com Vítimas Feridas";"Pleno dia";"Decrescente";"Céu Claro";"Dupla";"Reta";"Não";1;0;1;0;0;0;1;1;-8,100544;-36,028355;"SPRF-PE";"DEL02-PE";"UOP01-DEL02-PE"
165600;2018-10-15;"segunda-feira";"10:10:00";"BA";101;347;"TEOLANDIA";"Falta de Atenção à Condução";"Atropelamento de Pedestre";"Com Vítimas Fatais";"Pleno dia";"Crescente";"Céu Claro";"Simples";"Reta";"Sim";4;1;0;1;0;2;1;2;-13,5892;-39,4807;"SPRF-BA";"DEL05-BA";"UOP03-DEL05-BA"
165602;2018-10-15;"segunda-feira";"10:05:00";"SC";101;42;"JOINVILLE";"Não guardar distância de segurança";"Colisão traseira";"Com Vítimas Feridas";"Pleno dia";"Decrescente";"Chuva";"Dupla";"Reta";"Não";3;0;1;0;2;0;1;2;-26,3315;-48,8617;"SPRF-SC";"DEL03-SC";"UOP01-DEL03-SC"
165604;2018-10-15;"segunda-feira";"10:40:00";"GO";60;407;"RIO VERDE";"Falta de Atenção à Condução";"Colisão lateral";"Com Vítimas Feridas";"Pleno dia";"Crescente";"Céu Claro";"Dupla";"Reta";"Não";2;0;1;0;1;0;1;2;-17,8159;-51,1182;"SPRF-GO";"DEL04-GO";"UOP01-DEL04-GO"
165605;2018-10-15;"segunda-feira";"10:30:00";"SC";101;211;"PALHOCA";"Falta de Atenção à Condução";"Colisão traseira";"Com Vítimas Feridas";"Pleno dia";"Decrescente";"Céu Claro";"Dupla";"Reta";"Sim";2;0;0;1;1;0;1;2;-27,6301;-48,659;"SPRF-SC";"DEL01-SC";"UOP02-DEL01-SC"
165606;2018-10-14;"domingo";"16:50:00";"MG";381;455,1;"SABARA";"Não guardar distância de segurança";"Colisão traseira";"Com Vítimas Feridas";"Pleno dia";"Crescente";"Céu Claro";"Simples";"Declive";"Sim";4;0;2;1;1;0;3;2;-19,83664798;-43,8614291;"SPRF-MG";"DEL01-MG";"UOP01-DEL01-MG"
165609;2018-10-15;"segunda-feira";"08:30:00";"RJ";116;32,3;"SAPUCAIA";"Pista Escorregadia";"Colisão com objeto estático";"Com Vítimas Feridas";"Pleno dia";"Decrescente";"Chuva";"Simples";"Curva";"Não";1;0;0;1;0;0;1;1;-22,08054972;-42,81097412;"SPRF-RJ";"DEL04-RJ";"UOP01-DEL04-RJ"
165611;2018-10-15;"segunda-feira";"09:00:00";"MT";70;77,3;"GENERAL CARNEIRO";"Falta de Atenção à Condução";"Saída de leito carroçável";"Com Vítimas Feridas";"Pleno dia";"Crescente";"Céu Claro";"Simples";"Curva";"Não";3;0;3;0;0;0;3;1;-15,67031267;-52,80235291;"SPRF-MT";"DEL07-MT";"UOP01-DEL07-MT"
165612;2018-10-15;"segunda-feira";"10:55:00";"MG";381;924,5;"ITAPEVA";"Velocidade Incompatível";"Colisão com objeto estático";"Com Vítimas Feridas";"Pleno dia";"Crescente";"Chuva";"Dupla";"Curva";"Não";2;0;1;0;1;0;1;1;-22,77008775;-46,1949563;"SPRF-MG";"DEL16-MG";"UOP03-DEL16-MG"
165615;2018-10-15;"segunda-feira";"10:55:00";"PI";343;306,4;"ALTOS";"Falta de Atenção à Condução";"Colisão transversal";"Com Vítimas Feridas";"Pleno dia";"Decrescente";"Sol";"Simples";"Reta";"Sim";2;0;0;1;1;0;1;2;-5,03881131;-42,45108068;"SPRF-PI";"DEL01-PI";"UOP01-DEL01-PI"
165616;2018-10-15;"segunda-feira";"11:30:00";"RN";101;106,5;"PARNAMIRIM";"Desobediência às normas de trânsito pelo pedestre";"Atropelamento de Pedestre";"Com Vítimas Feridas";"Pleno dia";"Decrescente";"Céu Claro";"Dupla";"Reta";"Não";2;0;2;0;0;0;2;2;-5,919193;-35,264118;"SPRF-RN";"DEL01-RN";"UOP01-DEL01-RN"
165617;2018-10-15;"segunda-feira";"11:10:00";"PR";476;142;"CURITIBA";"Ingestão de Álcool";"Colisão transversal";"Com Vítimas Feridas";"Pleno dia";"Decrescente";"Chuva";"Dupla";"Declive;Reta";"Sim";6;0;2;0;4;0;2;3;-25,53987617;-49,30229008;"SPRF-PR";"DEL01-PR";"UOP07-DEL01-PR"
165618;2018-10-15;"segunda-feira";"09:45:00";"SP";116;551;"BARRA DO TURVO";"Velocidade Incompatível";"Colisão com objeto estático";"Com Vítimas Feridas";"Pleno dia";"Decrescente";"Garoa/Chuvisco";"Simples";"Curva;Declive";"Não";3;0;1;0;2;0;1;2;-24,96707388;-48,46677259;"SPRF-SP";"DEL05-SP";"UOP02-DEL05-SP"
165619;2018-10-15;"segunda-feira";"10:50:00";"RJ";40;96,8;"DUQUE DE CAXIAS";"Pista Escorregadia";"Colisão com objeto estático";"Com Vítimas Feridas";"Pleno dia";"Crescente";"Garoa/Chuvisco";"Simples";"Curva";"Não";2;0;1;0;1;0;1;1;-22,571943;-43,28028;"SPRF-RJ";"DEL06-RJ";"UOP01-DEL06-RJ"
165621;2018-10-15;"segunda-feira";"11:30:00";"MG";381;927,8;"ITAPEVA";"Velocidade Incompatível";"Colisão com objeto estático";"Sem Vítimas";"Pleno dia";"Crescente";"Nublado";"Dupla";"Curva";"Sim";3;0;0;0;3;0;0;2;-22,76592781;-46,22326878;"SPRF-MG";"DEL16-MG";"UOP03-DEL16-MG"