"id";"data_inversa";"dia_semana";"horario";"uf";"br";"km";"municipio";"causa_acidente";"tipo_acidente";"classificacao_acidente";"fase_dia";"sentido_via";"condicao_metereologica";"tipo_pista";"tracado_via";"uso_solo";"pessoas";"mortos";"feridos_leves";"feridos_graves";"ilesos";"ignorados";"feridos";"veiculos";"latitude";"longitude";"regional";"delegacia";"uop"
165732;2018-10-15;"segunda-feira";"21:45:00";"PE";101;87,4;"JABOATAO DOS GUARARAPES";"Falta de Atenção do Pedestre";"Atropelamento de Pedestre";"Com Vítimas Feridas";"Plena Noite";"Crescente";"Ignorado";"Simples";"Reta";"Não";2;0;0;1;1;0;1;2;-8,2090432;-34,9622443;"SPRF-PE";"DEL01-PE";"UOP03-DEL01-PE"
165735;2018-10-15;"segunda-feira";"20:50:00";"TO";153;335;"GUARAI";"Falta de Atenção do Pedestre";"Atropelamento de Pedestre";"Com Vítimas Feridas";"Plena Noite";"Crescente";"Céu Claro";"Simples";"Reta";"Sim";2;0;1;1;0;0;2;2;-8,844914;-48,510712;"SPRF-TO";"DEL02-TO";"UOP02-DEL02-TO"
165737;2018-10-15;"segunda-feira";"22:00:00";"MG";262;161;"SAO DOMINGOS DO PRATA";"Pista Escorregadia";"Saída de leito carroçável";"Com Vítimas Fatais";"Plena Noite";"Decrescente";"Nublado";"Simples";"Declive;Curva";"Não";4;1;0;3;0;0;3;1;-19,96172711;-42,8342396;"SPRF-MG";"DEL03-MG";"UOP03-DEL03-MG"
165738;2018-10-15;"segunda-feira";"21:32:00";"MG";40;458;"CAETANOPOLIS";"Velocidade Incompatível";"Saída de leito carroçável";"Com Vítimas Feridas";"Plena Noite";"Crescente";"Chuva";"Dupla";"Reta;Declive";"Não";37;0;2;0;35;0;2;1;-19,3969;-44,3347;"SPRF-MG";"DEL02-MG";"UOP01-DEL02-MG"
165739;2018-10-15;"segunda-feira";"22:45:00";"PE";232;5,7;"RECIFE";"Pista Escorregadia";"Tombamento";"Com Vítimas Feridas";"Plena Noite";"Crescente";"Chuva";"Dupla";"Reta";"Sim";2;0;2;0;0;0;2;1;-8,06992672;-34,95079095;"SPRF-PE";"DEL01-PE";"UOP01-DEL01-PE"
165741;2018-10-15;"segunda-feira";"03:15:00";"SC";101;197;"BIGUACU";"Ingestão de Álcool";"Tombamento";"Sem Vítimas";"Plena Noite";"Decrescente";"Chuva";"Dupla";"Curva";"Sim";1;0;0;0;1;0;0;1;-27,5177688;-48,63880739;"SPRF-SC";"DEL01-SC";"UOP01-DEL01-SC"
165743;2018-10-15;"segunda-feira";"20:00:00";"SP";116;565;"BARRA DO TURVO";"Velocidade Incompatível";"Saída de leito carroçável";"Com Vítimas Feridas";"Plena Noite";"Crescente";"Garoa/Chuvisco";"Simples";"Curva;Declive";"Não";3;0;1;0;2;0;1;1;-25,03661622;-48,54649454;"SPRF-SP";"DEL05-SP";"UOP02-DEL05-SP"
165744;2018-10-15;"segunda-feira";"23:05:00";"SC";101;141,8;"BALNEARIO CAMBORIU";"Falta de Atenção à Condução";"Colisão com objeto estático";"Sem Vítimas";"Plena Noite";"Crescente";"Nublado";"Dupla";"Curva";"Não";1;0;0;0;1;0;0;1;-27,0562;-48,5985;"SPRF-SC";"DEL04-SC";"UOP03-DEL04-SC"
165745;2018-10-15;"segunda-feira";"23:30:00";"RJ";40;105;"DUQUE DE CAXIAS";"Falta de Atenção do Pedestre";"Colisão com objeto em movimento";"Com Vítimas Feridas";"Plena Noite";"Decrescente";"Garoa/Chuvisco";"Simples";"Aclive";"Sim";3;0;1;0;2;0;1;2;-22,63752582;-43,28407195;"SPRF-RJ";"DEL01-RJ";"UOP01-DEL01-RJ"
165746;2018-10-15;"segunda-feira";"21:45:00";"MG";116;528;"CARATINGA";"Ingestão de Álcool";"Colisão com objeto estático";"Com Vítimas Feridas";"Plena Noite";"Crescente";"Chuva";"Simples";"Retorno Regulamentado";"Sim";1;0;0;1;0;0;1;1;-19,78154403;-42,13303238;"SPRF-MG";"DEL06-MG";"UOP02-DEL06-MG"
165747;2018-10-15;"segunda-feira";"18:35:00";"RO";364;390;"OURO PRETO DO OESTE";"Falta de Atenção à Condução";"Colisão traseira";"Com Vítimas Feridas";"Plena Noite";"Crescente";"Céu Claro";"Simples";"Reta";"Não";2;0;1;0;1;0;1;2;-10,67306;-62,2855;"SPRF-RO";"DEL03-RO";"UOP02-DEL03-RO"
165748;2018-10-15;"segunda-feira";"23:55:00";"RJ";40;114;"DUQUE DE CAXIAS";"Objeto estático sobre o leito carroçável";"Colisão com objeto estático";"Com Vítimas Feridas";"Plena Noite";"Decrescente";"Nublado";"Dupla";"Reta";"Não";3;0;3;0;0;0;3;1;-22,72061535;-43,28936219;"SPRF-RJ";"DEL01-RJ";"UOP01-DEL01-RJ"
165749;2018-10-16;"terça-feira";"00:10:00";"PE";101;88;"JABOATAO DOS GUARARAPES";"Falta de Atenção à Condução";"Colisão traseira";"Com Vítimas Feridas";"Plena Noite";"Decrescente";"Nublado";"Dupla";"Reta";"Não";2;0;1;0;1;0;1;2;-8,2073;-34,9836;"SPRF-PE";"DEL01-PE";"UOP03-DEL01-PE"
165751;2018-10-16;"terça-feira";"00:45:00";"PR";116;111,1;"CURITIBA";"Ingestão de Álcool";"Colisão traseira";"Com Vítimas Feridas";"Plena Noite";"Crescente";"Nublado";"Dupla";"Reta;Declive";"Não";3;0;2;1;0;0;3;2;-25,55842252;-49,26777005;"SPRF-PR";"DEL01-PR";"UOP01-DEL01-PR"
165753;2018-10-16;"terça-feira";"01:00:00";"BA";324;514;"FEIRA DE SANTANA";"Ultrapassagem Indevida";"Colisão frontal";"Com Vítimas Feridas";"Plena Noite";"Decrescente";"Céu Claro";"Simples";"Reta";"Sim";2;0;0;1;1;0;1;2;-12,233;-38,95;"SPRF-BA";"DEL02-BA";"UOP01-DEL02-BA"
165754;2018-10-16;"terça-feira";"03:00:00";"MG";365;175;"BURITIZEIRO";"Pista Escorregadia";"Capotamento";"Com Vítimas Feridas";"Plena Noite";"Crescente";"Garoa/Chuvisco";"Simples";"Curva";"Não";4;0;0;1;3;0;1;1;-17,412964;-45,042637;"SPRF-MG";"DEL12-MG";"UOP01-DEL12-MG"
165760;2018-10-16;"terça-feira";"05:40:00";"PE";232;10,9;"JABOATAO DOS GUARARAPES";"Pista Escorregadia";"Colisão lateral";"Sem Vítimas";"Amanhecer";"Decrescente";"Nublado";"Dupla";"Interseção de Vias";"Não";2;0;0;0;2;0;0;2;-8,08241232;-34,99415445;"SPRF-PE";"DEL01-PE";"UOP01-DEL01-PE"
165761;2018-10-16;"terça-feira";"04:00:00";"PR";476;237,9;"LAPA";"Velocidade Incompatível";"Saída de leito carroçável";"Sem Vítimas";"Plena Noite";"Decrescente";"Garoa/Chuvisco";"Simples";"Curva;Declive";"Não";1;0;0;0;0;1;0;1;-25,874727;-50,045357;"SPRF-PR";"DEL02-PR";"UOP04-DEL02-PR"
165762;2018-10-16;"terça-feira";"05:50:00";"MG";381;642,7;"SANTO ANTONIO DO AMPARO";"Defeito Mecânico no Veículo";"Queda de ocupante de veículo";"Com Vítimas Feridas";"Pleno dia";"Decrescente";"Nublado";"Dupla";"Reta";"Não";2;0;2;0;0;0;2;1;-20,9207;-44,8698;"SPRF-MG";"DEL04-MG";"UOP01-DEL04-MG"
165763;2018-10-16;"terça-feira";"05:50:00";"SP";381;61;"MAIRIPORA";"Pista Escorregadia";"Engavetamento";"Sem Vítimas";"Amanhecer";"Crescente";"Garoa/Chuvisco";"Dupla";"Curva";"Não";9;0;0;0;9;0;0;9;-23,290478;-46,580081;"SPRF-SP";"DEL03-SP";"UOP01-DEL03-SP"
165765;2018-10-16;"terça-feira";"06:00:00";"CE";222;99;"UMIRIM";"Ultrapassagem Indevida";"Colisão frontal";"Com Vítimas Fatais";"Pleno dia";"Crescente";"Céu Claro";"Simples";"Reta";"Não";2;1;0;0;0;1;0;2;-3,721737;-39,412823;"SPRF-CE";"DEL04-CE";"UOP03-DEL04-CE"
165767;2018-10-16;"terça-feira";"06:30:00";"SC";470;68,1;"INDAIAL";"Não guardar distância de segurança";"Tombamento";"Com Vítimas Feridas";"Pleno dia";"Decrescente";"Garoa/Chuvisco";"Simples";"Reta";"Não";1;0;0;1;0;0;1;1;-26,88027755;-49,24238026;"SPRF-SC";"DEL04-SC";"UOP01-DEL04-SC"
165769;2018-10-16;"terça-feira";"05:30:00";"GO";40;6,7;"VALPARAISO DE GOIAS";"Falta de Atenção à Condução";"Colisão lateral";"Sem Vítimas";"Amanhecer";"Decrescente";"Céu Claro";"Dupla";"Reta";"Sim";2;0;0;0;2;0;0;2;-16,10604033;-47,97409773;"SPRF-DF";"DEL01-DF";"UOP01-DEL01-DF"
165771;2018-10-16;"terça-feira";"05:30:00";"MS";158;91,5;"PARANAIBA";"Falta de Atenção à Condução";"Colisão lateral";"Com Vítimas Feridas";"Pleno dia";"Decrescente";"Céu Claro";"Dupla";"Reta";"Sim";2;0;0;1;1;0;1;2;-19,656206;-51,203968;"SPRF-MS";"DEL08-MS";"UOP01-DEL08-MS"
165773;2018-10-16;"terça-feira";"05:45:00";"MG";381;840;"SAO SEBASTIAO DA BELA VISTA";"Condutor Dormindo";"Saída de leito carroçável";"Com Vítimas Feridas";"Amanhecer";"Crescente";"Nublado";"Dupla";"Reta";"Não";2;0;2;0;0;0;2;1;-22,1727;-45,8384;"SPRF-MG";"DEL16-MG";"UOP01-DEL16-MG"
165778;2018-10-16;"terça-feira";"05:15:00";"MG";262;24,7;"REDUTO";"Velocidade Incompatível";"Saída de leito carroçável";"Com Vítimas Feridas";"Amanhecer";"Crescente";"Chuva";"Simples";"Curva";"Não";3;0;2;0;1;0;2;1;-20,24815;-41,940948;"SPRF-MG";"DEL06-MG";"UOP03-DEL06-MG"
165780;2018-10-16;"terça-feira";"07:20:00";"RJ";101;298,3;"ITABORAI";"Não guardar distância de segurança";"Colisão traseira";"Com Vítimas Feridas";"Pleno dia";"Crescente";"Nublado";"Múltipla";"Declive;Interseção de Vias";"Sim";2;0;1;0;1;0;1;2;-22,7714;-42,928959;"SPRF-RJ";"DEL02-RJ";"DEL5/2-UOP04/RJ"
165781;2018-10-16;"terça-feira";"07:30:00";"GO";60;137,5;"GOIANIA";"Falta de Atenção à Condução";"Atropelamento de Pedestre";"Com Vítimas Feridas";"Pleno dia";"Crescente";"Nublado";"Simples";"Reta";"Sim";5;0;3;1;1;0;4;4;-16,603;-49,2023;"SPRF-GO";"DEL01-GO";"UOP01-DEL01-GO"
165782;2018-10-16;"terça-feira";"07:50:00";"RS";116;311,3;"GUAIBA";"Desobediência às normas de trânsito pelo condutor";"Saída de leito carroçável";"Com Vítimas Feridas";"Pleno dia";"Crescente";"Céu Claro";"Simples";"Reta";"Não";1;0;1;0;0;0;1;1;-30,209583;-51,403286;"SPRF-RS";"DEL02-RS";"UOP01-DEL02-RS"
165784;2018-10-16;"terça-feira";"07:20:00";"SC";282;219,1;"LAGES";"Falta de Atenção à Condução";"Atropelamento de Pedestre";"Com Vítimas Feridas";"Pleno dia";"Decrescente";"Garoa/Chuvisco";"Simples";"Reta";"Sim";2;0;0;1;0;1;1;2;-27,795521;-50,323608;"SPRF-SC";"DEL05-SC";"UOP01-DEL05-SC"
165785;2018-10-16;"terça-feira";"07:20:00";"SP";116;220;"GUARULHOS";"Falta de Atenção à Condução";"Colisão traseira";"Com Vítimas Feridas";"Pleno dia";"Crescente";"Céu Claro";"Múltipla";"Reta";"Sim";2;0;0;1;1;0;1;2;-23,46563785;-46,50153447;"SPRF-SP";"DEL01-SP";"UOP01-DEL01-SP"
165786;2018-10-16;"terça-feira";"07:50:00";"PI";343;334;"TERESINA";"Falta de Atenção à Condução";"Colisão lateral";"Com Vítimas Feridas";"Pleno dia";"Crescente";"Sol";"Simples";"Reta";"Não";2;0;2;0;0;0;2;2;-5,057786;-42,688541;"SPRF-PI";"DEL01-PI";"UOP01-DEL01-PI"
165787;2018-08-31;"sexta-feira";"09:50:00";"SP";381;86;"SAO PAULO";"Falta de Atenção à Condução";"Colisão com objeto estático";"Com Vítimas Feridas";"Pleno dia";"Crescente";"Céu Claro";"Múltipla";"Reta";"Sim";2;0;0;2;0;0;2;1;-23,46865246;-46,57065832;"SPRF-SP";"DEL03-SP";"DEL6/3-UOP03/SP"
165788;2018-10-15;"segunda-feira";"20:00:00";"MG";262;192;"BELA VISTA DE MINAS";"Falta de Atenção à Condução";"Colisão traseira";"Sem Vítimas";"Plena Noite";"Decrescente";"Chuva";"Simples";"Reta";"Não";2;0;0;0;1;1;0;2;-19,86069594;-43,09438705;"SPRF-MG";"DEL03-MG";"UOP01-DEL03-MG"
165791;2018-10-16;"terça-feira";"07:50:00";"CE";222;7,3;"CAUCAIA";"Falta de Atenção à Condução";"Colisão lateral";"Com Vítimas Fatais";"Pleno dia";"Crescente";"Céu Claro";"Simples";"Reta";"Sim";2;1;0;0;0;1;0;2;-3,7344427;-38,680619;"SPRF-CE";"DEL01-CE";"UOP01-DEL01-CE"
165792;2018-10-16;"terça-feira";"08:00:00";"PE";101;95;"CABO DE SANTO AGOSTINHO";"Falta de Atenção à Condução";"Atropelamento de Pedestre";"Com Vítimas Feridas";"Pleno dia";"Crescente";"Céu Claro";"Simples";"Reta";"Não";2;0;1;0;1;0;1;2;-8,2516;-35,0177;"SPRF-PE";"DEL01-PE";"UOP03-DEL01-PE"
165793;2018-10-16;"terça-feira";"07:45:00";"GO";60;96;"ANAPOLIS";"Desobediência às normas de trânsito pelo condutor";"Colisão lateral";"Sem Vítimas";"Pleno dia";"Crescente";"Céu Claro";"Dupla";"Reta;Retorno Regulamentado";"Sim";2;0;0;0;2;0;0;2;-16,371;-48,9422;"SPRF-GO";"DEL02-GO";"UOP01-DEL02-GO"
165797;2018-09-17;"segunda-feira";"12:00:00";"MT";163;865;"SINOP";"Falta de Atenção à Condução";"Colisão traseira";"Sem Vítimas";"Pleno dia";"Decrescente";"Céu Claro";"Simples";"Reta";"Não";3;0;0;0;3;0;0;3;-11,5015569;-55,39306641;"SPRF-MT";"DEL06-MT";"UOP02-DEL06-MT"
165798;2018-10-16;"terça-feira";"07:20:00";"RO";319;59;"PORTO VELHO";"Falta de Atenção à Condução";"Engavetamento";"Com Vítimas Feridas";"Pleno dia";"Crescente";"Sol";"Dupla";"Reta";"Sim";3;0;1;0;2;0;1;3;-8,74223955;-63,90064716;"SPRF-RO";"DEL01-RO";"UOP01-DEL01-RO"
165799;2018-10-16;"terça-feira";"06:25:00";"SP";116;518;"CAJATI";"Velocidade Incompatível";"Capotamento";"Com Vítimas Feridas";"Pleno dia";"Decrescente";"Chuva";"Simples";"Curva";"Não";2;0;2;0;0;0;2;1;-24,88044107;-48,22165489;"SPRF-SP";"DEL05-SP";"UAP01-DEL05-SP"
165800;2018-10-16;"terça-feira";"06:00:00";"MG";365;59,1;"CLARO DOS POCOES";"Velocidade Incompatível";"Saída de leito carroçável";"Com Vítimas Feridas";"Amanhecer";"Decrescente";"Chuva";"Simples";"Reta";"Não";1;0;1;0;0;0;1;1;-17,003143;-44,288158;"SPRF-MG";"DEL12-MG";"UOP01-DEL12-MG"
165804;2018-10-16;"terça-feira";"10:00:00";"DF";20;46;"BRASILIA";"Falta de Atenção à Condução";"Capotamento";"Com Vítimas Feridas";"Pleno dia";"Crescente";"Céu Claro";"Dupla";"Declive";"Sim";1;0;1;0;0;0;1;1;-15,580584;-47,458492;"SPRF-DF";"DEL02-DF";"UOP01-DEL02-DF"
165808;2018-10-16;"terça-feira";"06:50:00";"PR";163;6,5;"BARRACAO";"Desobediência às normas de trânsito pelo condutor";"Colisão transversal";"Sem Vítimas";"Pleno dia";"Crescente";"Nublado";"Simples";"Reta";"Sim";2;0;0;0;1;1;0;2;-26,259728;-53,611747;"SPRF-PR";"DEL02-PR";"UOP02-DEL02-PR"
165811;2018-10-16;"terça-feira";"10:40:00";"MG";381;488,3;"BETIM";"Defeito Mecânico no Veículo";"Queda de ocupante de veículo";"Com Vítimas Feridas";"Pleno dia";"Crescente";"Céu Claro";"Dupla";"Reta";"Sim";2;0;2;0;0;0;2;1;-19,9562;-44,1335;"SPRF-MG";"DEL01-MG";"UOP03-DEL01-MG"
165812;2018-10-16;"terça-feira";"06:50:00";"PR";376;651,9;"TIJUCAS DO SUL";"Velocidade Incompatível";"Saída de leito carroçável";"Com Vítimas Feridas";"Amanhecer";"Decrescente";"Chuva";"Dupla";"Declive;Curva";"Não";2;0;0;2;0;0;2;1;-25,84671061;-49,06597137;"SPRF-PR";"DEL01-PR";"DEL7/1-UOP08/PR"
165813;2018-08-19;"domingo";"09:00:00";"AC";364;141;"RIO BRANCO";"Falta de Atenção à Condução";"Atropelamento de Pedestre";"Com Vítimas Feridas";"Pleno dia";"Decrescente";"Ignorado";"Simples";"Reta";"Não";4;0;2;2;0;0;4;2;-9,942003;-67,875122;"SPRF-AC";"DEL01-AC";"UOP01-DEL01-AC"
165814;2018-10-16;"terça-feira";"10:40:00";"RJ";40;84;"PETROPOLIS";"Velocidade Incompatível";"Colisão com objeto estático";"Com Vítimas Feridas";"Pleno dia";"Decrescente";"Garoa/Chuvisco";"Simples";"Curva";"Não";3;0;2;0;1;0;2;1;-22,55199811;-43,22892666;"SPRF-RJ";"DEL06-RJ";"UOP01-DEL06-RJ"
165816;2018-10-16;"terça-feira";"11:40:00";"ES";101;0,1;"SERRA";"Falta de Atenção à Condução";"Colisão traseira";"Com Vítimas Feridas";"Pleno dia";"Decrescente";"Nublado";"Simples";"Reta";"Sim";3;0;1;0;2;0;1;2;-20,23483829;-40,27602911;"SPRF-ES";"DEL04-ES";"UOP02-DEL04-ES"
165817;2018-10-16;"terça-feira";"11:15:00";"GO";153;545,8;"HIDROLANDIA";"Falta de Atenção à Condução";"Saída de leito carroçável";"Com Vítimas Feridas";"Pleno dia";"Crescente";"Nublado";"Dupla";"Reta";"Não";2;0;1;1;0;0;2;1;-17,098;-49,2182;"SPRF-GO";"DEL01-GO";"UOP03-DEL01-GO"
165818;2018-08-01;"quarta-feira";"08:20:00";"PR";476;141,5;"CURITIBA";"Não guardar distância de segurança";"Colisão traseira";"Com Vítimas Feridas";"Pleno dia";"Decrescente";"Nublado";"Dupla";"Reta";"Sim";3;0;1;1;1;0;2;3;-25,528614;-49,298798;"SPRF-PR";"DEL01-PR";"UOP07-DEL01-PR"
165819;2018-10-14;"domingo";"00:50:00";"RO";174;19;"VILHENA";"Ingestão de Substâncias Psicoativas";"Atropelamento de Pedestre";"Com Vítimas Feridas";"Plena Noite";"Crescente";"Céu Claro";"Simples";"Reta";"Não";2;0;1;1;0;0;2;2;-12,691122;-60,11335;"SPRF-RO";"DEL04-RO";"UOP01-DEL04-RO"
165821;2018-10-16;"terça-feira";"10:30:00";"BA";242;363;"LENCOIS";"Pista Escorregadia";"Colisão com objeto estático";"Sem Vítimas";"Pleno dia";"Crescente";"Garoa/Chuvisco";"Simples";"Curva";"Não";1;0;0;0;1;0;0;1;-12,46732961;-41,41621471;"SPRF-BA";"DEL06-BA";"UOP01-DEL06-BA"
165823;2018-10-16;"terça-feira";"12:00:00";"BA";242;884;"LUIS EDUARDO MAGALHAES";"Desobediência às normas de trânsito pelo condutor";"Colisão transversal";"Com Vítimas Feridas";"Pleno dia";"Decrescente";"Nublado";"Simples";"Reta";"Sim";4;0;3;0;1;0;3;2;-12,09299662;-45,80810666;"SPRF-BA";"DEL10-BA";"UOP01-DEL10-BA"
165824;2018-10-16;"terça-feira";"11:45:00";"PB";230;16,5;"JOAO PESSOA";"Não guardar distância de segurança";"Colisão lateral";"Com Vítimas Feridas";"Pleno dia";"Decrescente";"Céu Claro";"Dupla";"Aclive";"Sim";2;0;1;0;1;0;1;2;-7,1103467;-34,84289825;"SPRF-PB";"DEL01-PB";"UOP01-DEL01-PB"
165825;2018-10-04;"quinta-feira";"19:30:00";"MT";364;184;"PEDRA PRETA";"Falta de Atenção à Condução";"Queda de ocupante de veículo";"Com Vítimas Feridas";"Plena Noite";"Crescente";"Céu Claro";"Simples";"Reta";"Não";3;0;2;0;0;1;2;2;-16,582939;-54,523304;"SPRF-MT";"DEL02-MT";"UOP01-DEL02-MT"
165826;2018-10-16;"terça-feira";"12:30:00";"SC";280;32,4;"ARAQUARI";"Falta de Atenção à Condução";"Colisão frontal";"Sem Vítimas";"Pleno dia";"Decrescente";"Céu Claro";"Simples";"Reta";"Não";2;0;0;0;2;0;0;2;-26,422814;-48,782679;"SPRF-SC";"DEL03-SC";"UOP03-DEL03-SC"
165827;2018-10-16;"terça-feira";"12:35:00";"PB";230;24;"JOAO PESSOA";"Falta de Atenção à Condução";"Colisão lateral";"Com Vítimas Feridas";"Pleno dia";"Crescente";"Céu Claro";"Múltipla";"Reta";"Sim";3;0;2;0;1;0;2;2;-7,169395;-34,873445;"SPRF-PB";"DEL01-PB";"UOP01-DEL01-PB"
165829;2018-10-16;"terça-feira";"12:20:00";"GO";153;505,1;"APARECIDA DE GOIANIA";"Desobediência às normas de trânsito pelo condutor";"Colisão lateral";"Com Vítimas Feridas";"Pleno dia";"Decrescente";"Nublado";"Dupla";"Reta";"Sim";3;0;2;0;1;0;2;2;-16,7537;-49,2411;"SPRF-GO";"DEL01-GO";"UOP01-DEL01-GO"
165831;2018-08-31;"sexta-feira";"23:00:00";"BA";324;515;"FEIRA DE SANTANA";"Falta de Atenção à Condução";"Tombamento";"Com Vítimas Feridas";"Plena Noite";"Decrescente";"Céu Claro";"Simples";"Interseção de Vias";"Sim";1;0;0;1;0;0;1;1;-12,24708213;-38,94289881;"SPRF-BA";"DEL02-BA";"UOP01-DEL02-BA"
165832;2018-10-16;"terça-feira";"12:30:00";"SP";116;272;"TABOAO DA SERRA";"Falta de Atenção à Condução";"Colisão lateral";"Com Vítimas Feridas";"Pleno dia";"Decrescente";"Nublado";"Dupla";"Reta";"Sim";2;0;1;0;0;1;1;2;-23,61278716;-46,77900463;"SPRF-SP";"DEL04-SP";"UOP01-DEL04-SP"
165833;2018-10-16;"terça-feira";"12:00:00";"SC";101;45;"JOINVILLE";"Desobediência às normas de trânsito pelo condutor";"Colisão transversal";"Com Vítimas Feridas";"Pleno dia";"Decrescente";"Nublado";"Simples";"Interseção de Vias";"Sim";2;0;1;0;1;0;1;2;-26,3578;-48,8588;"SPRF-SC";"DEL03-SC";"UOP01-DEL03-SC"
165834;2018-10-16;"terça-feira";"11:50:00";"RS";0;0;"SAO GABRIEL";"Falta de Atenção à Condução";"Colisão transversal";"Sem Vítimas";"Pleno dia";"Não Informado";"Céu Claro";"Dupla";"Reta";"Sim";3;0;0;0;3;0;0;2;-30,3531572;-54,33149636;"SPRF-RS";"DEL11-RS";"UOP02-DEL11-RS"
165835;2018-10-11;"quinta-feira";"17:00:00";"BA";101;11;"RIO REAL";"Condutor Dormindo";"Saída de leito carroçável";"Sem Vítimas";"Pleno dia";"Decrescente";"Céu Claro";"Dupla";"Reta";"Não";2;0;0;0;2;0;0;1;-11,572;-37,8714;"SPRF-SE";"DEL02-SE";"UOP03-DEL02-SE"
165837;2018-10-16;"terça-feira";"12:15:00";"MG";40;143;"JOAO PINHEIRO";"Falta de Atenção do Pedestre";"Atropelamento de Pedestre";"Sem Vítimas";"Pleno dia";"Crescente";"Céu Claro";"Simples";"Reta";"Sim";2;0;0;0;0;2;0;2;-17,74722545;-46,17518473;"SPRF-MG";"DEL14-MG";"UOP01-DEL14-MG"
165838;2018-06-29;"sexta-feira";"17:30:00";"SE";235;107,6;"CARIRA";"Falta de Atenção à Condução";"Colisão transversal";"Com Vítimas Feridas";"Anoitecer";"Crescente";"Céu Claro";"Simples";"Reta";"Não";2;0;0;1;1;0;1;2;-10,359977;-37,69725;"SPRF-SE";"DEL01-SE";"UOP02-DEL01-SE"
165840;2018-10-16;"terça-feira";"13:50:00";"BA";116;424;"FEIRA DE SANTANA";"Falta de Atenção à Condução";"Colisão transversal";"Com Vítimas Feridas";"Pleno dia";"Decrescente";"Céu Claro";"Simples";"Reta";"Sim";3;0;1;1;1;0;2;2;-12,23863;-38,98124;"SPRF-BA";"DEL02-BA";"UOP01-DEL02-BA"
165841;2018-10-16;"terça-feira";"14:00:00";"GO";60;164,6;"GOIANIA";"Defeito Mecânico no Veículo";"Colisão com objeto estático";"Com Vítimas Feridas";"Pleno dia";"Decrescente";"Céu Claro";"Simples";"Reta";"Sim";1;0;1;0;0;0;1;1;-16,70862983;-49,3501997;"SPRF-GO";"DEL01-GO";"UOP02-DEL01-GO"
165842;2018-10-16;"terça-feira";"14:00:00";"SC";101;132;"BALNEARIO CAMBORIU";"Falta de Atenção à Condução";"Colisão lateral";"Com Vítimas Feridas";"Pleno dia";"Crescente";"Chuva";"Dupla";"Reta";"Sim";3;0;1;0;2;0;1;3;-26,9992;-48,646;"SPRF-SC";"DEL04-SC";"UOP03-DEL04-SC"
165843;2018-09-11;"terça-feira";"19:47:00";"PR";277;591,6;"CASCAVEL";"Ultrapassagem Indevida";"Colisão frontal";"Com Vítimas Feridas";"Plena Noite";"Crescente";"Céu Claro";"Simples";"Interseção de Vias;Reta";"Sim";2;0;0;2;0;0;2;2;-24,98553069;-53,47093608;"SPRF-PR";"DEL04-PR";"UOP01-DEL04-PR"
165845;2018-10-16;"terça-feira";"14:25:00";"DF";20;16;"BRASILIA";"Falta de Atenção à Condução";"Colisão traseira";"Com Vítimas Feridas";"Pleno dia";"Crescente";"Céu Claro";"Dupla";"Retorno Regulamentado;Reta";"Não";3;0;3;0;0;0;3;2;-15,6404241;-47,7574375;"SPRF-DF";"DEL02-DF";"UOP01-DEL02-DF"
165851;2018-10-16;"terça-feira";"14:35:00";"TO";153;498;"PARAISO DO TOCANTINS";"Animais na Pista";"Atropelamento de Animal";"Com Vítimas Feridas";"Pleno dia";"Decrescente";"Garoa/Chuvisco";"Simples";"Reta";"Não";1;0;1;0;0;0;1;1;-10,183949;-48,880169;"SPRF-TO";"DEL02-TO";"UOP01-DEL01-TO"
165853;2018-10-16;"terça-feira";"14:50:00";"ES";101;285,8;"CARIACICA";"Falta de Atenção à Condução";"Tombamento";"Com Vítimas Feridas";"Pleno dia";"Crescente";"Chuva";"Dupla";"Reta";"Sim";1;0;1;0;0;0;1;1;-20,25457387;-40,37495865;"SPRF-ES";"DEL01-ES";"UOP01-DEL01-ES"
165854;2018-10-16;"terça-feira";"14:40:00";"SC";101;193;"BIGUACU";"Falta de Atenção à Condução";"Colisão com objeto estático";"Com Vítimas Feridas";"Pleno dia";"Decrescente";"Chuva";"Dupla";"Curva";"Sim";3;0;1;0;2;0;1;2;-27,4847;-48,6476;"SPRF-SC";"DEL01-SC";"UOP01-DEL01-SC"
165855;2018-10-16;"terça-feira";"13:30:00";"MT";364;336,9;"SANTO ANTONIO DO LEVERGER";"Velocidade Incompatível";"Saída de leito carroçável";"Com Vítimas Feridas";"Pleno dia";"Decrescente";"Céu Claro";"Dupla";"Reta";"Não";1;0;1;0;0;0;1;1;-15,832582;-55,467125;"SPRF-MT";"DEL02-MT";"UOP02-DEL05-MT"
165858;2018-10-16;"terça-feira";"14:10:00";"SC";470;142,9;"RIO DO SUL";"Falta de Atenção à Condução";"Colisão lateral";"Com Vítimas Feridas";"Pleno dia";"Decrescente";"Nublado";"Simples";"Reta";"Sim";2;0;1;0;1;0;1;2;-27,22044113;-49,65923041;"SPRF-SC";"DEL04-SC";"UOP02-DEL04-SC"
165860;2018-10-16;"terça-feira";"13:55:00";"RO";319;62;"PORTO VELHO";"Desobediência às normas de trânsito pelo condutor";"Colisão transversal";"Com Vítimas Feridas";"Pleno dia";"Decrescente";"Sol";"Dupla";"Reta";"Sim";4;0;1;1;1;1;2;3;-8,74807531;-63,88818087;"SPRF-RO";"DEL01-RO";"UOP01-DEL01-RO"