"id";"data_inversa";"dia_semana";"horario";"uf";"br";"km";"municipio";"causa_acidente";"tipo_acidente";"classificacao_acidente";"fase_dia";"sentido_via";"condicao_metereologica";"tipo_pista";"tracado_via";"uso_solo";"pessoas";"mortos";"feridos_leves";"feridos_graves";"ilesos";"ignorados";"feridos";"veiculos";"latitude";"longitude";"regional";"delegacia";"uop"
165979;2018-10-17;"quarta-feira";"09:30:00";"SP";116;274;"TABOAO DA SERRA";"Falta de Atenção à Condução";"Colisão traseira";"Com Vítimas Feridas";"Pleno dia";"Decrescente";"Céu Claro";"Dupla";"Reta";"Sim";3;0;1;0;2;0;1;3;-23,61810343;-46,79901123;"SPRF-SP";"DEL04-SP";"UOP01-DEL04-SP"
165980;2018-10-17;"quarta-feira";"09:30:00";"CE";116;48,2;"PACAJUS";"Desobediência às normas de trânsito pelo condutor";"Colisão transversal";"Com Vítimas Feridas";"Pleno dia";"Decrescente";"Céu Claro";"Dupla";"Reta";"Sim";2;0;1;0;1;0;1;2;-4,1707;-38,493;"SPRF-CE";"DEL01-CE";"UOP02-DEL01-CE"
165982;2018-10-06;"sábado";"08:45:00";"MG";381;315,3;"NOVA ERA";"Defeito Mecânico no Veículo";"Capotamento";"Com Vítimas Feridas";"Pleno dia";"Decrescente";"Chuva";"Simples";"Declive;Curva";"Não";4;0;4;0;0;0;4;1;-19,66986479;-42,97022284;"SPRF-MG";"DEL03-MG";"UOP02-DEL03-MG"
165984;2018-10-01;"segunda-feira";"16:00:00";"PR";369;184,3;"ARAPONGAS";"Falta de Atenção à Condução";"Colisão transversal";"Com Vítimas Feridas";"Pleno dia";"Decrescente";"Céu Claro";"Dupla";"Interseção de Vias;Reta";"Sim";4;0;1;0;1;2;1;3;-23,40138643;-51,4275902;"SPRF-PR";"DEL07-PR";"UOP03-DEL07-PR"
165988;2018-10-17;"quarta-feira";"10:20:00";"SC";101;118,5;"ITAJAI";"Defeito na Via";"Incêndio";"Sem Vítimas";"Pleno dia";"Decrescente";"Garoa/Chuvisco";"Dupla";"Reta";"Não";1;0;0;0;1;0;0;1;-26,9045;-48,7153;"SPRF-SC";"DEL04-SC";"UOP04-DEL04-SC"
165990;2018-10-17;"quarta-feira";"10:14:00";"PR";277;711;"SANTA TEREZINHA DE ITAIPU";"Falta de Atenção à Condução";"Saída de leito carroçável";"Sem Vítimas";"Pleno dia";"Crescente";"Chuva";"Dupla";"Reta";"Sim";2;0;0;0;2;0;0;1;-25,454039;-54,422295;"SPRF-PR";"DEL05-PR";"UOP01-DEL05-PR"
165991;2018-10-17;"quarta-feira";"10:15:00";"SE";101;98;"SAO CRISTOVAO";"Pista Escorregadia";"Saída de leito carroçável";"Com Vítimas Feridas";"Pleno dia";"Decrescente";"Nublado";"Dupla";"Retorno Regulamentado";"Não";1;0;1;0;0;0;1;1;-10,96556184;-37,26872554;"SPRF-SE";"DEL02-SE";"UOP01-DEL02-SE"
165992;2018-10-17;"quarta-feira";"09:55:00";"PE";232;117,7;"CARUARU";"Não guardar distância de segurança";"Saída de leito carroçável";"Com Vítimas Feridas";"Pleno dia";"Crescente";"Céu Claro";"Dupla";"Reta";"Não";5;0;1;0;4;0;1;1;-8,2947;-35,8863;"SPRF-PE";"DEL02-PE";"UOP03-DEL02-PE"
165993;2018-10-17;"quarta-feira";"10:40:00";"RJ";393;227,9;"VASSOURAS";"Falta de Atenção à Condução";"Colisão lateral";"Com Vítimas Feridas";"Pleno dia";"Decrescente";"Nublado";"Simples";"Reta";"Não";2;0;1;0;0;1;1;2;-22,37042809;-43,61900568;"SPRF-RJ";"DEL05-RJ";"UOP03-DEL05-RJ"
165994;2018-10-17;"quarta-feira";"11:05:00";"ES";262;5,7;"CARIACICA";"Não guardar distância de segurança";"Colisão traseira";"Com Vítimas Feridas";"Pleno dia";"Crescente";"Chuva";"Dupla";"Reta";"Sim";5;0;3;0;2;0;3;2;-20,3376312;-40,39044;"SPRF-ES";"DEL01-ES";"UOP01-DEL01-ES"
165995;2018-10-17;"quarta-feira";"10:10:00";"MG";40;447,1;"CAETANOPOLIS";"Defeito Mecânico no Veículo";"Colisão traseira";"Com Vítimas Feridas";"Pleno dia";"Decrescente";"Sol";"Dupla";"Reta";"Não";2;0;0;1;1;0;1;2;-19,3089;-44,3729;"SPRF-MG";"DEL02-MG";"UOP01-DEL02-MG"
165996;2018-10-17;"quarta-feira";"11:05:00";"RS";290;106,6;"ELDORADO DO SUL";"Não guardar distância de segurança";"Colisão traseira";"Sem Vítimas";"Pleno dia";"Crescente";"Sol";"Dupla";"Em Obras;Reta";"Sim";2;0;0;0;2;0;0;2;-29,998999;-51,294563;"SPRF-RS";"DEL02-RS";"UOP01-DEL02-RS"
165997;2018-10-17;"quarta-feira";"11:15:00";"PR";376;3,5;"APUCARANA";"Desobediência às normas de trânsito pelo condutor";"Colisão transversal";"Com Vítimas Feridas";"Pleno dia";"Decrescente";"Nublado";"Simples";"Interseção de Vias";"Sim";2;0;1;0;1;0;1;2;-23,55869622;-51,44013405;"SPRF-PR";"DEL07-PR";"UOP03-DEL07-PR"
165999;2018-10-17;"quarta-feira";"10:45:00";"SP";116;215;"GUARULHOS";"Não guardar distância de segurança";"Tombamento";"Com Vítimas Feridas";"Pleno dia";"Crescente";"Nublado";"Múltipla";"Reta";"Sim";1;0;1;0;0;0;1;1;-23,45070647;-46,46350712;"SPRF-SP";"DEL01-SP";"UOP01-DEL01-SP"
166001;2018-10-17;"quarta-feira";"12:00:00";"SC";116;1,4;"MAFRA";"Falta de Atenção à Condução";"Colisão transversal";"Com Vítimas Feridas";"Pleno dia";"Crescente";"Céu Claro";"Simples";"Reta";"Sim";2;0;0;2;0;0;2;2;-26,119482;-49,788936;"SPRF-SC";"DEL06-SC";"UOP01-DEL06-SC"
166003;2018-10-17;"quarta-feira";"11:30:00";"MG";381;497;"BETIM";"Falta de Atenção à Condução";"Queda de ocupante de veículo";"Com Vítimas Feridas";"Pleno dia";"Decrescente";"Nublado";"Dupla";"Reta";"Sim";1;0;1;0;0;0;1;1;-19,9874;-44,2038;"SPRF-MG";"DEL01-MG";"UOP03-DEL01-MG"
166004;2018-05-17;"quinta-feira";"19:00:00";"RJ";101;71;"CAMPOS DOS GOYTACAZES";"Falta de Atenção à Condução";"Queda de ocupante de veículo";"Com Vítimas Feridas";"Plena Noite";"Crescente";"Nublado";"Simples";"Reta";"Não";1;0;0;1;0;0;1;1;-21,785795;-41,381424;"SPRF-RJ";"DEL08-RJ";"UOP02-DEL08-RJ"
166006;2018-10-17;"quarta-feira";"11:04:00";"RO";174;15,1;"VILHENA";"Desobediência às normas de trânsito pelo condutor";"Colisão transversal";"Com Vítimas Feridas";"Pleno dia";"Decrescente";"Céu Claro";"Simples";"Reta;Interseção de Vias";"Sim";2;0;0;2;0;0;2;2;-12,723907;-60,128222;"SPRF-RO";"DEL04-RO";"UOP01-DEL04-RO"
166009;2018-10-17;"quarta-feira";"02:15:00";"ES";262;34;"DOMINGOS MARTINS";"Velocidade Incompatível";"Tombamento";"Com Vítimas Feridas";"Plena Noite";"Crescente";"Chuva";"Simples";"Curva";"Não";1;0;0;1;0;0;1;1;-20,3730124;-40,59288198;"SPRF-ES";"DEL01-ES";"UOP01-DEL01-ES"
166011;2018-04-11;"quarta-feira";"18:10:00";"SP";116;226,7;"GUARULHOS";"Não guardar distância de segurança";"Colisão lateral";"Com Vítimas Feridas";"Anoitecer";"Decrescente";"Céu Claro";"Múltipla";"Reta";"Sim";2;0;1;0;1;0;1;2;-23,49641875;-46,55633386;"SPRF-SP";"DEL01-SP";"UOP01-DEL01-SP"
166012;2018-10-17;"quarta-feira";"13:15:00";"PR";376;104,4;"PARANAVAI";"Falta de Atenção do Pedestre";"Atropelamento de Pedestre";"Com Vítimas Feridas";"Pleno dia";"Decrescente";"Céu Claro";"Dupla";"Reta";"Não";2;0;2;0;0;0;2;2;-23,04910349;-52,45322406;"SPRF-PR";"DEL07-PR";"UOP02-DEL09-PR"
166015;2018-10-17;"quarta-feira";"11:55:00";"ES";101;256;"SERRA";"Pista Escorregadia";"Queda de ocupante de veículo";"Com Vítimas Feridas";"Pleno dia";"Crescente";"Chuva";"Simples";"Declive";"Não";1;0;0;1;0;0;1;1;-20,12150661;-40,30701399;"SPRF-ES";"DEL02-ES";"UOP01-DEL02-ES"
166016;2018-10-05;"sexta-feira";"20:00:00";"BA";135;193;"BARREIRAS";"Defeito Mecânico no Veículo";"Incêndio";"Sem Vítimas";"Plena Noite";"Crescente";"Céu Claro";"Simples";"Reta";"Não";1;0;0;0;1;0;0;1;-12,26586999;-45,02403259;"SPRF-BA";"DEL10-BA";"UOP01-DEL10-BA"
166017;2018-10-17;"quarta-feira";"14:20:00";"BA";116;826;"VITORIA DA CONQUISTA";"Defeito Mecânico no Veículo";"Colisão traseira";"Com Vítimas Feridas";"Pleno dia";"Decrescente";"Sol";"Dupla";"Interseção de Vias";"Sim";2;0;1;0;1;0;1;2;-14,87844305;-40,8543992;"SPRF-BA";"DEL08-BA";"UOP01-DEL08-BA"
166018;2018-10-17;"quarta-feira";"14:50:00";"RN";101;98,7;"NATAL";"Não guardar distância de segurança";"Colisão traseira";"Com Vítimas Feridas";"Pleno dia";"Decrescente";"Sol";"Múltipla";"Reta";"Sim";2;0;1;0;1;0;1;2;-5,86901501;-35,21817684;"SPRF-RN";"DEL01-RN";"UOP01-DEL01-RN"
166020;2018-10-05;"sexta-feira";"20:40:00";"ES";262;115;"VENDA NOVA DO IMIGRANTE";"Falta de Atenção à Condução";"Colisão transversal";"Com Vítimas Feridas";"Plena Noite";"Crescente";"Chuva";"Simples";"Reta";"Sim";3;0;3;0;0;0;3;2;-20,33655394;-41,18339628;"SPRF-ES";"DEL01-ES";"UOP02-DEL01-ES"
166025;2018-10-17;"quarta-feira";"15:20:00";"GO";50;154;"CAMPO ALEGRE DE GOIAS";"Avarias e/ou desgaste excessivo no pneu";"Capotamento";"Com Vítimas Feridas";"Pleno dia";"Decrescente";"Céu Claro";"Dupla";"Reta";"Não";5;0;2;3;0;0;5;1;-17,2055;-47,744;"SPRF-GO";"DEL06-GO";"UOP01-DEL06-GO"
166027;2018-09-29;"sábado";"11:20:00";"PB";230;74;"SOBRADO";"Não guardar distância de segurança";"Colisão lateral";"Com Vítimas Feridas";"Pleno dia";"Decrescente";"Sol";"Dupla";"Reta";"Não";3;0;2;0;1;0;2;2;-7,1894;-35,2596;"SPRF-PB";"DEL01-PB";"UOP03-DEL01-PB"
166028;2018-10-17;"quarta-feira";"13:30:00";"AC";364;145;"RIO BRANCO";"Desobediência às normas de trânsito pelo condutor";"Colisão transversal";"Com Vítimas Feridas";"Pleno dia";"Decrescente";"Nublado";"Dupla";"Rotatória";"Sim";2;0;1;0;1;0;1;2;-9,911164;-67,8899;"SPRF-AC";"DEL01-AC";"UOP01-DEL01-AC"
166029;2018-10-17;"quarta-feira";"15:20:00";"BA";116;412;"FEIRA DE SANTANA";"Ultrapassagem Indevida";"Saída de leito carroçável";"Com Vítimas Feridas";"Pleno dia";"Decrescente";"Nublado";"Simples";"Reta";"Não";1;0;1;0;0;0;1;1;-12,14470575;-38,96585835;"SPRF-BA";"DEL02-BA";"UOP01-DEL02-BA"
166031;2018-10-17;"quarta-feira";"15:45:00";"CE";116;12,8;"FORTALEZA";"Desobediência às normas de trânsito pelo condutor";"Colisão transversal";"Com Vítimas Feridas";"Pleno dia";"Crescente";"Céu Claro";"Dupla";"Reta;Interseção de Vias";"Sim";2;0;0;1;1;0;1;2;-3,85286501;-38,49583626;"SPRF-CE";"DEL01-CE";"UOP02-DEL01-CE"
166032;2018-10-17;"quarta-feira";"15:50:00";"ES";101;233,5;"FUNDAO";"Defeito Mecânico no Veículo";"Tombamento";"Com Vítimas Feridas";"Pleno dia";"Decrescente";"Chuva";"Simples";"Curva";"Não";2;0;1;1;0;0;2;1;-19,96825763;-40,40678037;"SPRF-ES";"DEL02-ES";"UOP01-DEL02-ES"
166035;2018-09-22;"sábado";"21:55:00";"PR";277;723,9;"FOZ DO IGUACU";"Falta de Atenção à Condução";"Colisão transversal";"Com Vítimas Fatais";"Plena Noite";"Decrescente";"Céu Claro";"Dupla";"Reta";"Sim";3;1;0;2;0;0;2;2;-25,50213575;-54,53744173;"SPRF-PR";"DEL05-PR";"UOP01-DEL05-PR"
166037;2018-10-17;"quarta-feira";"16:30:00";"PR";116;115,1;"CURITIBA";"Não guardar distância de segurança";"Colisão traseira";"Com Vítimas Feridas";"Pleno dia";"Crescente";"Nublado";"Dupla";"Viaduto;Reta";"Sim";3;0;1;0;2;0;1;2;-25,5441021;-49,3036735;"SPRF-PR";"DEL01-PR";"UOP01-DEL01-PR"
166038;2018-10-17;"quarta-feira";"16:30:00";"ES";262;31,9;"DOMINGOS MARTINS";"Velocidade Incompatível";"Colisão frontal";"Com Vítimas Feridas";"Pleno dia";"Crescente";"Chuva";"Simples";"Curva";"Não";2;0;0;1;1;0;1;2;-20,3768;-40,5817;"SPRF-ES";"DEL01-ES";"UOP01-DEL01-ES"
166041;2018-10-17;"quarta-feira";"12:20:00";"SC";282;564,1;"NOVA ERECHIM";"Falta de Atenção à Condução";"Colisão lateral";"Com Vítimas Feridas";"Pleno dia";"Crescente";"Garoa/Chuvisco";"Simples";"Curva";"Sim";2;0;1;1;0;0;2;2;-26,898739;-52,877975;"SPRF-SC";"DEL07-SC";"UOP02-DEL07-SC"
166042;2018-10-17;"quarta-feira";"08:15:00";"RO";364;337,4;"JI-PARANA";"Não guardar distância de segurança";"Colisão frontal";"Com Vítimas Feridas";"Pleno dia";"Decrescente";"Céu Claro";"Simples";"Reta";"Não";4;0;0;2;2;0;2;3;-10,925952;-61,9296;"SPRF-RO";"DEL02-RO";"UOP01-DEL02-RO"
166043;2018-10-17;"quarta-feira";"15:30:00";"SC";280;57;"GUARAMIRIM";"Falta de Atenção à Condução";"Colisão lateral";"Com Vítimas Feridas";"Pleno dia";"Crescente";"Céu Claro";"Simples";"Reta";"Não";2;0;1;0;1;0;1;2;-26,478106;-49,012608;"SPRF-SC";"DEL03-SC";"UOP03-DEL03-SC"
166045;2018-10-17;"quarta-feira";"16:00:00";"SC";153;111,4;"CONCORDIA";"Velocidade Incompatível";"Saída de leito carroçável";"Com Vítimas Feridas";"Pleno dia";"Crescente";"Chuva";"Simples";"Curva";"Não";1;0;1;0;0;0;1;1;-27,319271;-51,983299;"SPRF-SC";"DEL07-SC";"UOP04-DEL07-SC"
166046;2018-10-17;"quarta-feira";"18:25:00";"MG";40;532;"BELO HORIZONTE";"Não guardar distância de segurança";"Engavetamento";"Com Vítimas Feridas";"Plena Noite";"Crescente";"Nublado";"Dupla";"Reta";"Sim";4;0;1;0;3;0;1;4;-19,9256;-44,0053;"SPRF-MG";"DEL01-MG";"UOP03-DEL01-MG"
166047;2018-10-17;"quarta-feira";"14:45:00";"MG";262;583,7;"TIROS";"Pista Escorregadia";"Colisão frontal";"Com Vítimas Feridas";"Pleno dia";"Crescente";"Chuva";"Simples";"Reta";"Não";5;0;3;1;1;0;4;2;-19;-46;"SPRF-MG";"DEL08-MG";"UOP02-DEL08-MG"
166049;2018-10-17;"quarta-feira";"17:00:00";"RJ";40;75;"PETROPOLIS";"Pista Escorregadia";"Colisão com objeto estático";"Sem Vítimas";"Pleno dia";"Crescente";"Nublado";"Simples";"Curva;Aclive";"Não";2;0;0;0;2;0;0;1;-22,4684849;-43,2328684;"SPRF-RJ";"DEL06-RJ";"UOP01-DEL06-RJ"
166051;2018-10-17;"quarta-feira";"18:20:00";"BA";116;791,6;"PLANALTO";"Falta de Atenção à Condução";"Tombamento";"Com Vítimas Feridas";"Plena Noite";"Decrescente";"Céu Claro";"Simples";"Reta";"Não";1;0;0;1;0;0;1;1;-14,71115;-40,60322;"SPRF-BA";"DEL08-BA";"UOP02-DEL08-BA"
166052;2018-10-17;"quarta-feira";"17:30:00";"CE";116;2;"FORTALEZA";"Não guardar distância de segurança";"Engavetamento";"Com Vítimas Feridas";"Anoitecer";"Crescente";"Céu Claro";"Múltipla";"Em Obras;Reta";"Sim";6;0;1;0;5;0;1;6;-3,77088536;-38,51675749;"SPRF-CE";"DEL01-CE";"UOP02-DEL01-CE"
166053;2018-10-17;"quarta-feira";"18:20:00";"SC";101;204;"SAO JOSE";"Falta de Atenção à Condução";"Colisão lateral";"Com Vítimas Feridas";"Anoitecer";"Decrescente";"Céu Claro";"Dupla";"Reta";"Sim";2;0;1;0;1;0;1;2;-27,5832;-48,6151;"SPRF-SC";"DEL01-SC";"UOP01-DEL01-SC"
166054;2018-10-17;"quarta-feira";"18:20:00";"RN";101;73;"NATAL";"Animais na Pista";"Atropelamento de Animal";"Com Vítimas Feridas";"Plena Noite";"Crescente";"Céu Claro";"Simples";"Reta";"Não";1;0;1;0;0;0;1;1;-5,706872;-35,266884;"SPRF-RN";"DEL02-RN";"UOP01-DEL02-RN"
166055;2018-10-17;"quarta-feira";"18:00:00";"PE";232;4;"RECIFE";"Não guardar distância de segurança";"Colisão traseira";"Com Vítimas Feridas";"Plena Noite";"Crescente";"Céu Claro";"Dupla";"Viaduto";"Sim";2;0;1;0;1;0;1;2;-8,064473;-34,936928;"SPRF-PE";"DEL01-PE";"UOP01-DEL01-PE"
166056;2018-10-17;"quarta-feira";"18:30:00";"RS";116;300,8;"GUAIBA";"Ingestão de Álcool";"Atropelamento de Pedestre";"Com Vítimas Feridas";"Plena Noite";"Crescente";"Céu Claro";"Simples";"Reta";"Sim";2;0;1;1;0;0;2;2;-30,13058776;-51,35297298;"SPRF-RS";"DEL02-RS";"UOP01-DEL02-RS"
166057;2018-10-17;"quarta-feira";"18:00:00";"PE";101;48,1;"ABREU E LIMA";"Velocidade Incompatível";"Engavetamento";"Sem Vítimas";"Anoitecer";"Decrescente";"Céu Claro";"Múltipla";"Reta";"Sim";3;0;0;0;2;1;0;3;-7,896557;-34,902631;"SPRF-PE";"DEL01-PE";"UOP02-DEL01-PE"
166062;2018-10-17;"quarta-feira";"17:40:00";"MG";40;527;"CONTAGEM";"Velocidade Incompatível";"Queda de ocupante de veículo";"Com Vítimas Feridas";"Anoitecer";"Decrescente";"Céu Claro";"Dupla";"Curva";"Sim";1;0;1;0;0;0;1;1;-19,90109396;-44,04914249;"SPRF-MG";"DEL01-MG";"UOP03-DEL01-MG"
166063;2018-10-17;"quarta-feira";"19:00:00";"PA";163;1003;"SANTAREM";"Falta de Atenção à Condução";"Colisão transversal";"Com Vítimas Feridas";"Plena Noite";"Crescente";"Céu Claro";"Dupla";"Retorno Regulamentado";"Sim";2;0;1;0;1;0;1;2;-2,4384537;-54,73282456;"SPRF-PA";"DEL05-PA";"UOP01-DEL05-PA"
166064;2018-10-17;"quarta-feira";"19:00:00";"RJ";101;284;"ITABORAI";"Falta de Atenção do Pedestre";"Atropelamento de Pedestre";"Com Vítimas Feridas";"Plena Noite";"Decrescente";"Nublado";"Dupla";"Reta";"Sim";2;0;1;1;0;0;2;2;-22,74743161;-42,81273901;"SPRF-RJ";"DEL02-RJ";"UOP03-DEL02-RJ"
166065;2018-10-17;"quarta-feira";"19:06:00";"SC";101;119;"ITAJAI";"Desobediência às normas de trânsito pelo condutor";"Colisão lateral";"Com Vítimas Feridas";"Plena Noite";"Crescente";"Garoa/Chuvisco";"Múltipla";"Reta";"Não";1;0;1;0;0;0;1;1;-26,9128;-48,7118;"SPRF-SC";"DEL04-SC";"UOP04-DEL04-SC"
166066;2018-10-17;"quarta-feira";"18:50:00";"CE";20;431,2;"FORTALEZA";"Desobediência às normas de trânsito pelo condutor";"Colisão transversal";"Com Vítimas Feridas";"Plena Noite";"Decrescente";"Céu Claro";"Dupla";"Reta";"Sim";2;0;0;1;1;0;1;2;-3,87233643;-38,48574042;"SPRF-CE";"DEL01-CE";"UOP02-DEL01-CE"
166070;2018-10-17;"quarta-feira";"15:30:00";"MG";354;761,1;"ITAMONTE";"Defeito Mecânico no Veículo";"Incêndio";"Sem Vítimas";"Pleno dia";"Decrescente";"Céu Claro";"Simples";"Reta";"Não";1;0;0;0;0;1;0;1;-22,33179173;-44,83034575;"SPRF-MG";"DEL05-MG";"UOP01-DEL17-MG"
166072;2018-10-17;"quarta-feira";"19:30:00";"GO";60;48;"ABADIANIA";"Falta de Atenção à Condução";"Tombamento";"Com Vítimas Feridas";"Plena Noite";"Crescente";"Nublado";"Dupla";"Curva";"Não";1;0;1;0;0;0;1;1;-16,1529;-48,6109;"SPRF-GO";"DEL02-GO";"UOP01-DEL02-GO"
166074;2018-10-17;"quarta-feira";"19:00:00";"CE";222;11;"CAUCAIA";"Desobediência às normas de trânsito pelo condutor";"Colisão traseira";"Com Vítimas Feridas";"Plena Noite";"Crescente";"Céu Claro";"Simples";"Reta";"Sim";2;0;1;0;1;0;1;2;-3,7354919;-38,6613822;"SPRF-CE";"DEL01-CE";"UOP01-DEL01-CE"
166075;2018-09-12;"quarta-feira";"06:40:00";"BA";415;29;"ILHEUS";"Defeito Mecânico no Veículo";"Queda de ocupante de veículo";"Com Vítimas Feridas";"Amanhecer";"Decrescente";"Céu Claro";"Simples";"Reta";"Não";2;0;2;0;0;0;2;1;-14,8482;-39,281986;"SPRF-BA";"DEL05-BA";"UOP01-DEL05-BA"
166076;2018-10-17;"quarta-feira";"19:50:00";"BA";367;60,7;"PORTO SEGURO";"Velocidade Incompatível";"Colisão traseira";"Com Vítimas Feridas";"Plena Noite";"Crescente";"Ignorado";"Simples";"Reta";"Não";3;0;1;0;2;0;1;2;-16,389008;-39,383636;"SPRF-BA";"DEL09-BA";"UOP01-DEL09-BA"
166077;2018-10-17;"quarta-feira";"17:00:00";"RJ";40;91,2;"PETROPOLIS";"Velocidade Incompatível";"Colisão com objeto estático";"Com Vítimas Feridas";"Pleno dia";"Decrescente";"Nublado";"Simples";"Curva";"Não";1;0;1;0;0;0;1;1;-22,56328829;-43,23597819;"SPRF-RJ";"DEL06-RJ";"UOP01-DEL06-RJ"
166078;2018-10-17;"quarta-feira";"17:50:00";"MT";70;254;"PRIMAVERA DO LESTE";"Pista Escorregadia";"Saída de leito carroçável";"Com Vítimas Feridas";"Anoitecer";"Crescente";"Chuva";"Simples";"Reta";"Não";1;0;0;1;0;0;1;1;-15,62766572;-54,14800644;"SPRF-MT";"DEL05-MT";"UOP01-DEL05-MT"
166079;2018-10-17;"quarta-feira";"19:00:00";"MG";40;275;"TRES MARIAS";"Falta de Atenção à Condução";"Colisão transversal";"Com Vítimas Feridas";"Plena Noite";"Decrescente";"Céu Claro";"Simples";"Reta;Retorno Regulamentado";"Sim";4;0;1;0;3;0;1;2;-18,199532;-45,237633;"SPRF-MG";"DEL14-MG";"UOP02-DEL14-MG"
166080;2018-09-22;"sábado";"18:15:00";"MT";364;404;"CUIABA";"Falta de Atenção à Condução";"Colisão traseira";"Com Vítimas Feridas";"Plena Noite";"Decrescente";"Nublado";"Dupla";"Reta";"Sim";3;0;1;0;1;1;1;3;-15,64383837;-56,01525426;"SPRF-MT";"DEL02-MT";"UOP02-DEL01-MT"
166081;2018-10-17;"quarta-feira";"17:30:00";"PR";369;19,5;"CAMBARA";"Animais na Pista";"Atropelamento de Animal";"Com Vítimas Feridas";"Pleno dia";"Decrescente";"Nublado";"Simples";"Reta";"Sim";1;0;0;1;0;0;1;1;-23,037048;-50,075182;"SPRF-PR";"DEL07-PR";"UOP05-DEL07-PR"
166082;2018-10-17;"quarta-feira";"20:30:00";"PR";277;181,2;"PALMEIRA";"Pista Escorregadia";"Saída de leito carroçável";"Sem Vítimas";"Plena Noite";"Decrescente";"Chuva";"Simples";"Curva;Declive";"Não";1;0;0;0;1;0;0;1;-25,42322309;-50,10527104;"SPRF-PR";"DEL03-PR";"UOP02-DEL08-PR"
166083;2018-10-17;"quarta-feira";"19:40:00";"PB";101;89;"JOAO PESSOA";"Ingestão de álcool e/ou substâncias psicoativas pelo pedestre";"Atropelamento de Pedestre";"Com Vítimas Feridas";"Plena Noite";"Crescente";"Nublado";"Dupla";"Reta";"Sim";2;0;1;0;0;1;1;2;-7,1745161;-34,8985842;"SPRF-PB";"DEL01-PB";"UOP01-DEL01-PB"
166086;2018-10-17;"quarta-feira";"20:30:00";"SP";101;46,2;"UBATUBA";"Desobediência às normas de trânsito pelo condutor";"Colisão transversal";"Com Vítimas Feridas";"Plena Noite";"Decrescente";"Nublado";"Simples";"Reta";"Sim";2;0;1;1;0;0;2;2;-23,42656324;-45,07816494;"SPRF-SP";"DEL06-SP";"UOP01-DEL06-SP"
166089;2018-10-01;"segunda-feira";"07:20:00";"RN";101;84;"NATAL";"Não guardar distância de segurança";"Tombamento";"Com Vítimas Feridas";"Pleno dia";"Crescente";"Céu Claro";"Simples";"Túnel";"Sim";2;0;1;0;1;0;1;2;-5,774175;-35,257801;"SPRF-RN";"DEL02-RN";"UOP01-DEL02-RN"
166091;2018-10-17;"quarta-feira";"20:40:00";"BA";324;624;"SALVADOR";"Agressão Externa";"Saída de leito carroçável";"Com Vítimas Feridas";"Plena Noite";"Decrescente";"Céu Claro";"Dupla";"Curva";"Sim";2;0;1;0;1;0;1;1;-12,94692663;-38,46965504;"SPRF-BA";"DEL01-BA";"UOP01-DEL01-BA"
166092;2018-10-17;"quarta-feira";"21:40:00";"SC";101;213,9;"PALHOCA";"Falta de Atenção à Condução";"Colisão traseira";"Com Vítimas Feridas";"Plena Noite";"Crescente";"Chuva";"Múltipla";"Reta";"Sim";2;0;1;0;1;0;1;2;-27,652;-48,676;"SPRF-SC";"DEL01-SC";"UOP02-DEL01-SC"
166093;2018-10-17;"quarta-feira";"20:15:00";"RO";319;63;"PORTO VELHO";"Desobediência às normas de trânsito pelo condutor";"Colisão transversal";"Com Vítimas Feridas";"Plena Noite";"Decrescente";"Céu Claro";"Dupla";"Interseção de Vias";"Sim";3;0;0;1;2;0;1;2;-8,7610297;-63,88528347;"SPRF-RO";"DEL01-RO";"UOP01-DEL01-RO"
166094;2018-10-17;"quarta-feira";"22:15:00";"GO";40;65;"CRISTALINA";"Desobediência às normas de trânsito pelo condutor";"Tombamento";"Com Vítimas Feridas";"Plena Noite";"Crescente";"Céu Claro";"Simples";"Curva";"Não";1;0;1;0;0;0;1;1;-16,564254;-47,791422;"SPRF-DF";"DEL01-DF";"UOP02-DEL01-DF"
166095;2018-10-17;"quarta-feira";"18:00:00";"MT";70;4;"BARRA DO GARCAS";"Falta de Atenção à Condução";"Colisão traseira";"Com Vítimas Feridas";"Anoitecer";"Decrescente";"Céu Claro";"Dupla";"Reta";"Sim";2;0;1;0;1;0;1;2;-15,87818036;-52,29135293;"SPRF-MT";"DEL07-MT";"UOP01-DEL07-MT"
166096;2018-10-17;"quarta-feira";"20:00:00";"AC";364;88;"SENADOR GUIOMARD";"Defeito Mecânico no Veículo";"Incêndio";"Sem Vítimas";"Plena Noite";"Crescente";"Céu Claro";"Simples";"Reta";"Não";1;0;0;0;1;0;0;1;-10,103365;-67,492332;"SPRF-AC";"DEL01-AC";"UOP01-DEL01-AC"
166097;2018-10-17;"quarta-feira";"22:15:00";"RJ";40;102;"DUQUE DE CAXIAS";"Falta de Atenção à Condução";"Colisão frontal";"Com Vítimas Feridas";"Plena Noite";"Crescente";"Nublado";"Dupla";"Reta";"Não";3;0;2;0;1;0;2;2;-22,60755334;-43,28585118;"SPRF-RJ";"DEL01-RJ";"UOP01-DEL01-RJ"