"id";"data_inversa";"dia_semana";"horario";"uf";"br";"km";"municipio";"causa_acidente";"tipo_acidente";"classificacao_acidente";"fase_dia";"sentido_via";"condicao_metereologica";"tipo_pista";"tracado_via";"uso_solo";"pessoas";"mortos";"feridos_leves";"feridos_graves";"ilesos";"ignorados";"feridos";"veiculos";"latitude";"longitude";"regional";"delegacia";"uop"
166721;2018-10-21;"domingo";"01:35:00";"PI";316;213;"VALENCA DO PIAUI";"Desobediência às normas de trânsito pelo condutor";"Colisão transversal";"Com Vítimas Feridas";"Plena Noite";"Decrescente";"Céu Claro";"Simples";"Reta";"Não";7;0;0;2;5;0;2;2;-6,41088;-41,75407;"SPRF-PI";"DEL04-PI";"UOP02-DEL04-PI"
166722;2018-10-21;"domingo";"03:20:00";"SC";470;66;"INDAIAL";"Falta de Atenção à Condução";"Tombamento";"Com Vítimas Feridas";"Plena Noite";"Decrescente";"Nublado";"Simples";"Reta;Em Obras";"Não";1;0;1;0;0;0;1;1;-26,87031338;-49,22748864;"SPRF-SC";"DEL04-SC";"UOP01-DEL04-SC"
166723;2018-10-21;"domingo";"02:30:00";"PR";277;727,3;"FOZ DO IGUACU";"Ingestão de Álcool";"Atropelamento de Pedestre";"Com Vítimas Feridas";"Plena Noite";"Crescente";"Céu Claro";"Dupla";"Reta";"Sim";2;0;1;0;1;0;1;2;-25,510118;-54,564636;"SPRF-PR";"DEL05-PR";"UOP03-DEL05-PR"
166724;2018-10-21;"domingo";"03:50:00";"TO";242;411;"CARIRI DO TOCANTINS";"Ingestão de Álcool";"Tombamento";"Com Vítimas Feridas";"Plena Noite";"Decrescente";"Céu Claro";"Simples";"Interseção de Vias";"Não";2;0;1;1;0;0;2;1;-11,96164126;-49,20023203;"SPRF-TO";"DEL02-TO";"UOP02-DEL01-TO"
166725;2018-10-21;"domingo";"02:20:00";"PA";316;38;"SANTA IZABEL DO PARA";"Condutor Dormindo";"Tombamento";"Com Vítimas Feridas";"Plena Noite";"Crescente";"Céu Claro";"Dupla";"Reta";"Não";3;0;0;2;0;1;2;1;-1,283135;-48,139954;"SPRF-PA";"DEL01-PA";"UOP01-DEL01-PA"
166726;2018-10-21;"domingo";"03:00:00";"RJ";393;281,7;"VOLTA REDONDA";"Ingestão de Álcool";"Tombamento";"Com Vítimas Feridas";"Plena Noite";"Crescente";"Céu Claro";"Simples";"Ponte";"Sim";1;0;1;0;0;0;1;1;-22,47868329;-44,06309081;"SPRF-RJ";"DEL05-RJ";"UOP04-DEL05-RJ"
166728;2018-10-20;"sábado";"20:00:00";"SC";101;415,1;"ARARANGUA";"Falta de Atenção à Condução";"Capotamento";"Sem Vítimas";"Plena Noite";"Decrescente";"Chuva";"Múltipla";"Curva";"Sim";1;0;0;0;1;0;0;1;-28,9651;-49,5212;"SPRF-SC";"DEL02-SC";"UOP02-DEL02-SC"
166729;2018-10-20;"sábado";"22:55:00";"BA";324;614;"SALVADOR";"Ingestão de Álcool";"Saída de leito carroçável";"Sem Vítimas";"Plena Noite";"Decrescente";"Garoa/Chuvisco";"Dupla";"Curva";"Sim";1;0;0;0;0;1;0;1;-12,87345518;-38,42782952;"SPRF-BA";"DEL01-BA";"UOP01-DEL01-BA"
166730;2018-10-21;"domingo";"04:40:00";"SC";101;57;"ARAQUARI";"Pista Escorregadia";"Colisão com objeto estático";"Com Vítimas Feridas";"Plena Noite";"Decrescente";"Chuva";"Dupla";"Curva";"Não";2;0;1;0;1;0;1;1;-26,4403;-48,801;"SPRF-SC";"DEL03-SC";"UOP01-DEL03-SC"
166732;2018-10-21;"domingo";"04:25:00";"RS";116;239;"NOVO HAMBURGO";"Condutor Dormindo";"Colisão com objeto estático";"Com Vítimas Feridas";"Plena Noite";"Crescente";"Céu Claro";"Dupla";"Reta;Aclive";"Sim";1;0;1;0;0;0;1;1;-29,69839164;-51,14566907;"SPRF-RS";"DEL01-RS";"UOP02-DEL01-RS"
166733;2018-10-21;"domingo";"04:10:00";"MS";163;508,5;"JARAGUARI";"Ingestão de Álcool";"Saída de leito carroçável";"Com Vítimas Fatais";"Plena Noite";"Decrescente";"Céu Claro";"Dupla";"Reta";"Não";2;1;1;0;0;0;1;1;-20,25573;-54,48268;"SPRF-MS";"DEL01-MS";"UOP02-DEL01-MS"
166735;2018-09-30;"domingo";"05:30:00";"RJ";116;77;"TERESOPOLIS";"Velocidade Incompatível";"Saída de leito carroçável";"Sem Vítimas";"Amanhecer";"Crescente";"Nublado";"Simples";"Curva";"Sim";3;0;0;0;3;0;0;3;-22,369141;-42,948757;"SPRF-RJ";"DEL04-RJ";"UOP01-DEL04-RJ"
166736;2018-10-21;"domingo";"03:50:00";"GO";153;493,1;"GOIANIA";"Ingestão de Álcool";"Colisão traseira";"Com Vítimas Feridas";"Plena Noite";"Decrescente";"Céu Claro";"Dupla";"Reta";"Não";2;0;0;1;1;0;1;2;-16,6537;-49,2172;"SPRF-GO";"DEL01-GO";"UOP01-DEL01-GO"
166739;2018-10-21;"domingo";"05:45:00";"DF";60;5;"BRASILIA";"Falta de Atenção à Condução";"Colisão lateral";"Com Vítimas Feridas";"Amanhecer";"Crescente";"Garoa/Chuvisco";"Dupla";"Reta";"Não";2;0;1;0;1;0;1;2;-15,895438;-48,104771;"SPRF-DF";"DEL01-DF";"UOP01-DEL03-DF"
166740;2018-10-21;"domingo";"03:00:00";"SC";470;169,4;"POUSO REDONDO";"Velocidade Incompatível";"Saída de leito carroçável";"Sem Vítimas";"Plena Noite";"Decrescente";"Céu Claro";"Simples";"Curva";"Não";1;0;0;0;1;0;0;1;-27,2655402;-49,8874864;"SPRF-SC";"DEL04-SC";"UOP02-DEL04-SC"
166741;2018-10-21;"domingo";"05:00:00";"BA";116;512;"FEIRA DE SANTANA";"Falta de Atenção à Condução";"Colisão frontal";"Com Vítimas Feridas";"Amanhecer";"Crescente";"Chuva";"Simples";"Curva;Viaduto";"Sim";3;0;2;0;1;0;2;2;-12,23005448;-38,96456838;"SPRF-BA";"DEL03-BA";"UOP02-DEL03-BA"
166742;2018-10-21;"domingo";"04:20:00";"MA";135;10,4;"SAO LUIS";"Falta de Atenção à Condução";"Tombamento";"Com Vítimas Feridas";"Amanhecer";"Decrescente";"Céu Claro";"Dupla";"Curva";"Não";1;0;1;0;0;0;1;1;-2,53073;-44,3068;"SPRF-MA";"DEL01-MA";"UOP01-DEL01-MA"
166744;2018-10-21;"domingo";"05:30:00";"RJ";101;55;"CAMPOS DOS GOYTACAZES";"Ingestão de Álcool";"Saída de leito carroçável";"Sem Vítimas";"Amanhecer";"Crescente";"Céu Claro";"Simples";"Reta";"Não";1;0;0;0;1;0;0;1;-21,6637699;-41,31017424;"SPRF-RJ";"DEL08-RJ";"UOP01-DEL08-RJ"
166747;2018-10-21;"domingo";"02:35:00";"PR";476;140;"CURITIBA";"Velocidade Incompatível";"Queda de ocupante de veículo";"Com Vítimas Fatais";"Plena Noite";"Crescente";"Garoa/Chuvisco";"Múltipla";"Curva";"Sim";1;1;0;0;0;0;0;1;-25,520693;-49,294121;"SPRF-PR";"DEL01-PR";"UOP07-DEL01-PR"
166748;2018-10-21;"domingo";"05:50:00";"PR";476;141,5;"CURITIBA";"Falta de Atenção do Pedestre";"Atropelamento de Pedestre";"Com Vítimas Feridas";"Amanhecer";"Decrescente";"Nublado";"Dupla";"Reta";"Sim";2;0;0;1;1;0;1;2;-25,528614;-49,298798;"SPRF-PR";"DEL01-PR";"UOP07-DEL01-PR"
166749;2018-10-21;"domingo";"05:30:00";"MG";381;945,9;"EXTREMA";"Falta de Atenção à Condução";"Colisão com objeto estático";"Com Vítimas Feridas";"Amanhecer";"Crescente";"Céu Claro";"Dupla";"Reta";"Não";1;0;1;0;0;0;1;1;-22,85982881;-46,3413563;"SPRF-MG";"DEL16-MG";"UOP03-DEL16-MG"
166750;2018-10-21;"domingo";"02:00:00";"SC";116;243,6;"LAGES";"Velocidade Incompatível";"Tombamento";"Com Vítimas Feridas";"Plena Noite";"Crescente";"Céu Claro";"Múltipla";"Curva;Declive";"Não";1;0;1;0;0;0;1;1;-27,795443;-50,361874;"SPRF-SC";"DEL05-SC";"UOP01-DEL05-SC"
166751;2018-10-21;"domingo";"05:00:00";"RJ";101;307;"SAO GONCALO";"Condutor Dormindo";"Colisão com objeto estático";"Com Vítimas Feridas";"Pleno dia";"Decrescente";"Nublado";"Dupla";"Reta";"Não";1;0;1;0;0;0;1;1;-22,7923247;-43,02108765;"SPRF-RJ";"DEL02-RJ";"DEL5/2-UOP04/RJ"
166752;2018-10-21;"domingo";"06:00:00";"RJ";116;330;"RESENDE";"Velocidade Incompatível";"Capotamento";"Sem Vítimas";"Pleno dia";"Crescente";"Nublado";"Dupla";"Reta";"Não";1;0;0;0;1;0;0;1;-22,495203;-44,570347;"SPRF-RJ";"DEL07-RJ";"DEL5/7-UOP03/RJ"
166753;2018-10-20;"sábado";"20:15:00";"RJ";393;282,9;"VOLTA REDONDA";"Velocidade Incompatível";"Colisão transversal";"Com Vítimas Feridas";"Plena Noite";"Crescente";"Céu Claro";"Simples";"Reta";"Não";3;0;0;3;0;0;3;2;-22,48739;-44,063385;"SPRF-RJ";"DEL05-RJ";"UOP04-DEL05-RJ"
166755;2018-10-21;"domingo";"07:20:00";"CE";20;361;"CARIDADE";"Não guardar distância de segurança";"Colisão traseira";"Com Vítimas Feridas";"Pleno dia";"Decrescente";"Céu Claro";"Simples";"Reta";"Não";2;0;1;0;1;0;1;2;-4,01564459;-38,9736557;"SPRF-CE";"DEL02-CE";"UOP01-DEL02-CE"
166756;2018-10-21;"domingo";"05:40:00";"RN";405;153,8;"PAU DOS FERROS";"Falta de Atenção à Condução";"Atropelamento de Pedestre";"Com Vítimas Fatais";"Amanhecer";"Decrescente";"Céu Claro";"Simples";"Curva";"Sim";2;1;0;0;0;1;0;2;-6,132635;-38,206673;"SPRF-RN";"DEL04-RN";"UOP02-DEL04-RN"
166757;2018-10-21;"domingo";"07:00:00";"PA";316;106,9;"SANTA MARIA DO PARA";"Falta de Atenção à Condução";"Colisão lateral";"Com Vítimas Feridas";"Pleno dia";"Crescente";"Sol";"Simples";"Reta";"Sim";2;0;1;0;1;0;1;2;-1,339653;-47,577732;"SPRF-PA";"DEL01-PA";"UOP02-DEL01-PA"
166758;2018-10-21;"domingo";"05:50:00";"SP";116;456;"REGISTRO";"Falta de Atenção à Condução";"Capotamento";"Com Vítimas Feridas";"Pleno dia";"Crescente";"Céu Claro";"Dupla";"Reta";"Não";1;0;1;0;0;0;1;1;-24,61918493;-47,89060593;"SPRF-SP";"DEL05-SP";"UOP01-DEL05-SP"
166760;2018-10-21;"domingo";"07:50:00";"PR";369;13,7;"CAMBARA";"Falta de Atenção à Condução";"Queda de ocupante de veículo";"Com Vítimas Feridas";"Pleno dia";"Decrescente";"Sol";"Simples";"Reta";"Não";1;0;1;0;0;0;1;1;-23,018018;-50,02293;"SPRF-PR";"DEL07-PR";"UOP05-DEL07-PR"
166761;2018-10-21;"domingo";"07:40:00";"PB";230;55;"SANTA RITA";"Objeto estático sobre o leito carroçável";"Saída de leito carroçável";"Com Vítimas Feridas";"Pleno dia";"Decrescente";"Sol";"Dupla";"Reta";"Não";5;0;4;0;1;0;4;1;-7,2022573;-35,1016819;"SPRF-PB";"DEL01-PB";"UOP03-DEL01-PB"
166763;2018-10-21;"domingo";"07:40:00";"RJ";40;113;"DUQUE DE CAXIAS";"Ingestão de Álcool";"Colisão traseira";"Com Vítimas Feridas";"Pleno dia";"Decrescente";"Céu Claro";"Múltipla";"Reta";"Sim";3;0;1;0;2;0;1;2;-22,7088454;-43,2900917;"SPRF-RJ";"DEL01-RJ";"UOP01-DEL01-RJ"
166765;2018-10-21;"domingo";"07:00:00";"MG";40;697,1;"BARBACENA";"Desobediência às normas de trânsito pelo condutor";"Colisão com objeto estático";"Sem Vítimas";"Pleno dia";"Decrescente";"Céu Claro";"Dupla";"Reta";"Sim";1;0;0;0;1;0;0;1;-21,19018;-43,75158;"SPRF-MG";"DEL05-MG";"UOP02-DEL05-MG"
166768;2018-10-21;"domingo";"09:05:00";"PE";232;129,9;"CARUARU";"Não guardar distância de segurança";"Colisão lateral";"Com Vítimas Feridas";"Pleno dia";"Crescente";"Sol";"Dupla";"Viaduto";"Sim";3;0;1;0;2;0;1;2;-8,299833;-35,989662;"SPRF-PE";"DEL02-PE";"UOP03-DEL02-PE"
166769;2018-10-21;"domingo";"08:10:00";"RS";101;76;"OSORIO";"Condutor Dormindo";"Saída de leito carroçável";"Com Vítimas Feridas";"Pleno dia";"Crescente";"Sol";"Dupla";"Reta";"Não";1;0;1;0;0;0;1;1;-29,796622;-50,232046;"SPRF-RS";"DEL03-RS";"UOP01-DEL03-RS"
166771;2018-10-21;"domingo";"10:27:00";"RN";405;125;"SAO FRANCISCO DO OESTE";"Defeito Mecânico no Veículo";"Saída de leito carroçável";"Com Vítimas Feridas";"Pleno dia";"Decrescente";"Céu Claro";"Simples";"Reta";"Não";2;0;0;2;0;0;2;1;-5,923169;-38,101482;"SPRF-RN";"DEL04-RN";"UOP02-DEL04-RN"
166772;2018-10-21;"domingo";"08:50:00";"MS";262;128;"TRES LAGOAS";"Falta de Atenção à Condução";"Saída de leito carroçável";"Com Vítimas Feridas";"Pleno dia";"Crescente";"Céu Claro";"Simples";"Aclive";"Não";2;0;2;0;0;0;2;1;-20,758873;-52,033009;"SPRF-MS";"DEL07-MS";"UOP02-DEL07-MS"
166773;2018-10-21;"domingo";"07:15:00";"PA";308;102;"SANTA MARIA DO PARA";"Falta de Atenção à Condução";"Saída de leito carroçável";"Com Vítimas Feridas";"Pleno dia";"Crescente";"Céu Claro";"Simples";"Reta";"Não";4;0;2;0;2;0;2;2;-1,338084;-47,586559;"SPRF-PA";"DEL01-PA";"UOP02-DEL01-PA"
166774;2018-10-21;"domingo";"08:30:00";"SC";153;118;"CONCORDIA";"Falta de Atenção à Condução";"Colisão lateral";"Com Vítimas Feridas";"Pleno dia";"Crescente";"Céu Claro";"Simples";"Declive";"Não";3;0;1;0;2;0;1;2;-27,365223;-51,997379;"SPRF-SC";"DEL07-SC";"UOP04-DEL07-SC"
166775;2018-10-21;"domingo";"08:00:00";"SC";470;326;"CAMPOS NOVOS";"Falta de Atenção à Condução";"Colisão transversal";"Com Vítimas Feridas";"Pleno dia";"Decrescente";"Céu Claro";"Simples";"Interseção de Vias";"Não";6;0;3;0;3;0;3;2;-27,461012;-51,259975;"SPRF-SC";"DEL07-SC";"UOP06-DEL07-SC"
166776;2018-10-21;"domingo";"10:10:00";"CE";20;407,3;"CAUCAIA";"Defeito Mecânico no Veículo";"Capotamento";"Com Vítimas Feridas";"Pleno dia";"Decrescente";"Sol";"Dupla";"Reta;Declive";"Não";2;0;2;0;0;0;2;1;-3,77184886;-38,66293788;"SPRF-CE";"DEL01-CE";"UOP01-DEL01-CE"
166777;2018-10-21;"domingo";"08:15:00";"RO";364;709;"PORTO VELHO";"Falta de Atenção à Condução";"Colisão traseira";"Com Vítimas Feridas";"Pleno dia";"Decrescente";"Nublado";"Dupla";"Reta";"Sim";2;0;1;0;0;1;1;2;-8,78885265;-63,85331154;"SPRF-RO";"DEL01-RO";"UOP01-DEL01-RO"
166778;2018-10-21;"domingo";"09:25:00";"MT";163;512,4;"DIAMANTINO";"Ingestão de Álcool";"Saída de leito carroçável";"Sem Vítimas";"Pleno dia";"Crescente";"Sol";"Simples";"Reta";"Não";1;0;0;0;1;0;0;1;-14,45063892;-56,13258362;"SPRF-MT";"DEL01-MT";"UOP01-DEL01-MT"
166779;2018-10-21;"domingo";"07:00:00";"PR";163;215,2;"CASCAVEL";"Velocidade Incompatível";"Colisão com objeto estático";"Sem Vítimas";"Amanhecer";"Crescente";"Céu Claro";"Simples";"Viaduto";"Não";2;0;0;0;2;0;0;1;-24,89776471;-53,53343725;"SPRF-PR";"DEL04-PR";"UOP01-DEL04-PR"
166780;2018-10-21;"domingo";"10:30:00";"PR";153;193;"TIBAGI";"Falta de Atenção à Condução";"Queda de ocupante de veículo";"Com Vítimas Feridas";"Pleno dia";"Crescente";"Céu Claro";"Simples";"Reta";"Não";2;0;1;0;1;0;1;1;-24,43589759;-50,41900635;"SPRF-PR";"DEL03-PR";"UOP02-DEL03-PR"
166781;2018-10-21;"domingo";"09:40:00";"RJ";40;31;"AREAL";"Velocidade Incompatível";"Queda de ocupante de veículo";"Com Vítimas Feridas";"Pleno dia";"Decrescente";"Céu Claro";"Dupla";"Curva";"Não";1;0;1;0;0;0;1;1;-22,1987;-43,1562;"SPRF-RJ";"DEL06-RJ";"UOP02-DEL05-RJ"
166782;2018-10-21;"domingo";"10:30:00";"SC";101;119;"ITAJAI";"Defeito Mecânico no Veículo";"Incêndio";"Sem Vítimas";"Pleno dia";"Crescente";"Nublado";"Dupla";"Reta";"Não";2;0;0;0;2;0;0;1;-26,9128;-48,7118;"SPRF-SC";"DEL04-SC";"UOP04-DEL04-SC"
166783;2018-10-21;"domingo";"10:20:00";"SP";116;279;"EMBU DAS ARTES";"Pista Escorregadia";"Queda de ocupante de veículo";"Com Vítimas Feridas";"Pleno dia";"Crescente";"Céu Claro";"Dupla";"Curva";"Sim";2;0;1;0;1;0;1;1;-23,64117275;-46,83712542;"SPRF-SP";"DEL04-SP";"UOP01-DEL04-SP"
166784;2018-10-21;"domingo";"11:20:00";"PB";230;40;"SANTA RITA";"Velocidade Incompatível";"Colisão traseira";"Com Vítimas Feridas";"Pleno dia";"Decrescente";"Sol";"Dupla";"Declive";"Não";2;0;1;0;1;0;1;2;-7,1414;-34,9778;"SPRF-PB";"DEL01-PB";"UOP01-DEL01-PB"
166786;2018-10-21;"domingo";"11:10:00";"RJ";101;485;"ANGRA DOS REIS";"Falta de Atenção à Condução";"Engavetamento";"Com Vítimas Feridas";"Pleno dia";"Decrescente";"Céu Claro";"Simples";"Reta";"Não";7;0;3;0;4;0;3;5;-22,98683193;-44,29955536;"SPRF-RJ";"DEL03-RJ";"UOP03-DEL03-RJ"
166787;2018-10-21;"domingo";"11:40:00";"SP";116;227;"SAO PAULO";"Falta de Atenção à Condução";"Tombamento";"Com Vítimas Feridas";"Pleno dia";"Decrescente";"Nublado";"Múltipla";"Curva";"Não";2;0;2;0;0;0;2;1;-23,50124149;-46,56573677;"SPRF-SP";"DEL01-SP";"UOP01-DEL01-SP"
166788;2018-10-21;"domingo";"11:52:00";"GO";60;96;"ANAPOLIS";"Defeito Mecânico no Veículo";"Queda de ocupante de veículo";"Com Vítimas Feridas";"Pleno dia";"Crescente";"Céu Claro";"Dupla";"Reta";"Sim";2;0;2;0;0;0;2;1;-16,371;-48,9422;"SPRF-GO";"DEL02-GO";"UOP01-DEL02-GO"
166789;2018-10-21;"domingo";"13:25:00";"PR";116;40,7;"CAMPINA GRANDE DO SUL";"Velocidade Incompatível";"Saída de leito carroçável";"Com Vítimas Feridas";"Pleno dia";"Crescente";"Chuva";"Dupla";"Curva";"Não";1;0;0;1;0;0;1;1;-25,16890215;-48,86708692;"SPRF-PR";"DEL01-PR";"UOP02-DEL01-PR"
166790;2018-10-21;"domingo";"11:10:00";"MG";40;588;"ITABIRITO";"Falta de Atenção à Condução";"Colisão transversal";"Com Vítimas Feridas";"Pleno dia";"Crescente";"Céu Claro";"Simples";"Reta";"Não";4;0;1;0;3;0;1;2;-20,3578;-43,9098;"SPRF-MG";"DEL01-MG";"UOP02-DEL01-MG"
166792;2018-10-21;"domingo";"12:40:00";"MG";267;9;"LEOPOLDINA";"Velocidade Incompatível";"Saída de leito carroçável";"Com Vítimas Feridas";"Pleno dia";"Decrescente";"Sol";"Simples";"Reta;Declive";"Não";1;0;1;0;0;0;1;1;-21,57029129;-42,69183928;"SPRF-MG";"DEL07-MG";"UOP01-DEL07-MG"
166793;2018-10-21;"domingo";"12:05:00";"SP";116;147;"SAO JOSE DOS CAMPOS";"Ingestão de Álcool";"Colisão traseira";"Com Vítimas Feridas";"Pleno dia";"Decrescente";"Céu Claro";"Múltipla";"Reta";"Sim";3;0;1;0;2;0;1;2;-23,19469092;-45,87022018;"SPRF-SP";"DEL02-SP";"UOP01-DEL02-SP"
166796;2018-10-21;"domingo";"13:10:00";"GO";60;191,9;"GUAPO";"Falta de Atenção à Condução";"Capotamento";"Com Vítimas Feridas";"Pleno dia";"Decrescente";"Céu Claro";"Dupla";"Curva";"Não";1;0;0;1;0;0;1;1;-16,85153387;-49,56779122;"SPRF-GO";"DEL01-GO";"UOP02-DEL01-GO"
166797;2018-10-21;"domingo";"12:57:00";"GO";40;1,7;"VALPARAISO DE GOIAS";"Defeito Mecânico no Veículo";"Queda de ocupante de veículo";"Com Vítimas Feridas";"Pleno dia";"Crescente";"Nublado";"Dupla";"Reta";"Sim";2;0;2;0;0;0;2;1;-16,058245;-47,982825;"SPRF-DF";"DEL01-DF";"UOP01-DEL01-DF"
166799;2018-10-21;"domingo";"12:00:00";"RJ";40;85;"PETROPOLIS";"Velocidade Incompatível";"Queda de ocupante de veículo";"Com Vítimas Feridas";"Pleno dia";"Crescente";"Nublado";"Simples";"Declive;Curva";"Não";1;0;0;1;0;0;1;1;-22,52947938;-43,23550427;"SPRF-RJ";"DEL06-RJ";"UOP01-DEL06-RJ"
166800;2018-10-21;"domingo";"12:00:00";"CE";222;103;"UMIRIM";"Falta de Atenção à Condução";"Colisão transversal";"Com Vítimas Feridas";"Pleno dia";"Crescente";"Céu Claro";"Simples";"Reta";"Sim";2;0;0;1;0;1;1;2;-3,74366;-39,440395;"SPRF-CE";"DEL04-CE";"UOP03-DEL04-CE"
166801;2018-10-21;"domingo";"12:30:00";"SP";116;136;"SAO JOSE DOS CAMPOS";"Não guardar distância de segurança";"Colisão traseira";"Com Vítimas Feridas";"Pleno dia";"Crescente";"Céu Claro";"Dupla";"Reta";"Sim";2;0;1;0;1;0;1;2;-23,148764;-45,778675;"SPRF-SP";"DEL06-SP";"UOP02-DEL02-SP"
166802;2018-10-21;"domingo";"11:00:00";"SC";280;271,9;"IRINEOPOLIS";"Falta de Atenção à Condução";"Colisão transversal";"Com Vítimas Feridas";"Pleno dia";"Crescente";"Céu Claro";"Simples";"Interseção de Vias";"Não";2;0;1;1;0;0;2;2;-26,27304059;-50,74739456;"SPRF-SC";"DEL06-SC";"UOP04-DEL06-SC"
166804;2018-10-21;"domingo";"13:20:00";"RS";116;324,3;"BARRA DO RIBEIRO";"Ingestão de Álcool";"Saída de leito carroçável";"Com Vítimas Feridas";"Pleno dia";"Crescente";"Sol";"Simples";"Reta";"Não";4;0;1;0;1;2;1;2;-30,326962;-51,421684;"SPRF-RS";"DEL02-RS";"UOP01-DEL02-RS"
166805;2018-10-21;"domingo";"14:00:00";"PR";376;177,6;"MARINGA";"Falta de Atenção à Condução";"Atropelamento de Pedestre";"Com Vítimas Feridas";"Pleno dia";"Decrescente";"Céu Claro";"Dupla";"Interseção de Vias";"Sim";2;0;1;0;1;0;1;2;-23,412691;-51,931583;"SPRF-PR";"DEL07-PR";"UOP01-DEL09-PR"
166807;2018-10-21;"domingo";"14:15:00";"ES";101;298;"VIANA";"Velocidade Incompatível";"Queda de ocupante de veículo";"Com Vítimas Feridas";"Pleno dia";"Decrescente";"Sol";"Múltipla";"Reta";"Sim";2;0;1;0;0;1;1;2;-20,35549088;-40,41721255;"SPRF-ES";"DEL01-ES";"UOP01-DEL01-ES"
166811;2018-10-21;"domingo";"15:00:00";"CE";116;509,3;"BREJO SANTO";"Ingestão de Álcool";"Saída de leito carroçável";"Com Vítimas Feridas";"Pleno dia";"Crescente";"Céu Claro";"Simples";"Curva";"Não";1;0;1;0;0;0;1;1;-7,543307;-39,015689;"SPRF-CE";"DEL05-CE";"UOP03-DEL05-CE"
166812;2018-10-21;"domingo";"14:55:00";"PA";316;9,7;"MARITUBA";"Ingestão de Álcool";"Colisão transversal";"Com Vítimas Feridas";"Pleno dia";"Crescente";"Céu Claro";"Dupla";"Reta";"Sim";2;0;2;0;0;0;2;2;-1,36587675;-48,36475611;"SPRF-PA";"DEL01-PA";"DEL19/1-UOP05/PA"
166814;2018-10-21;"domingo";"15:00:00";"ES";101;219,5;"IBIRACU";"Falta de Atenção à Condução";"Tombamento";"Com Vítimas Feridas";"Pleno dia";"Crescente";"Nublado";"Simples";"Reta";"Sim";1;0;0;1;0;0;1;1;-19,86511561;-40,38833764;"SPRF-ES";"DEL02-ES";"UOP01-DEL02-ES"
166815;2018-10-21;"domingo";"15:30:00";"RN";101;109;"PARNAMIRIM";"Ingestão de Álcool";"Colisão com objeto estático";"Com Vítimas Feridas";"Pleno dia";"Crescente";"Céu Claro";"Dupla";"Reta";"Não";1;0;1;0;0;0;1;1;-5,933717;-35,264712;"SPRF-RN";"DEL01-RN";"UOP01-DEL01-RN"
166816;2018-10-21;"domingo";"15:30:00";"SC";470;1,5;"NAVEGANTES";"Defeito Mecânico no Veículo";"Colisão transversal";"Com Vítimas Feridas";"Pleno dia";"Decrescente";"Nublado";"Simples";"Reta";"Sim";3;0;1;1;1;0;2;2;-26,875383;-48,668285;"SPRF-SC";"DEL04-SC";"UOP04-DEL04-SC"
166817;2018-10-21;"domingo";"15:30:00";"RJ";101;275;"TANGUA";"Desobediência às normas de trânsito pelo pedestre";"Atropelamento de Pedestre";"Com Vítimas Feridas";"Pleno dia";"Crescente";"Nublado";"Dupla";"Reta";"Sim";2;0;0;1;1;0;1;2;-22,73628025;-42,72841573;"SPRF-RJ";"DEL02-RJ";"UOP03-DEL02-RJ"
166818;2018-10-21;"domingo";"14:10:00";"PR";272;548;"TERRA ROXA";"Desobediência às normas de trânsito pelo condutor";"Colisão transversal";"Com Vítimas Feridas";"Pleno dia";"Decrescente";"Céu Claro";"Simples";"Interseção de Vias";"Não";8;0;3;5;0;0;8;2;-24,08186814;-54,09401357;"SPRF-PR";"DEL06-PR";"UAP01-DEL06-PR"
166819;2018-10-21;"domingo";"15:00:00";"PA";155;326;"MARABA";"Avarias e/ou desgaste excessivo no pneu";"Saída de leito carroçável";"Com Vítimas Feridas";"Pleno dia";"Decrescente";"Céu Claro";"Simples";"Reta";"Não";2;0;0;2;0;0;2;1;-5,52520588;-49,07594723;"SPRF-PA";"DEL03-PA";"UOP01-DEL03-PA"
166820;2018-10-21;"domingo";"16:00:00";"PE";116;24,7;"SALGUEIRO";"Velocidade Incompatível";"Atropelamento de Pedestre";"Com Vítimas Feridas";"Pleno dia";"Crescente";"Sol";"Simples";"Reta";"Não";2;0;0;1;0;1;1;2;-8,058398;-39,136771;"SPRF-PE";"DEL05-PE";"UOP01-DEL05-PE"
166821;2018-10-21;"domingo";"15:50:00";"GO";40;111,9;"CRISTALINA";"Pista Escorregadia";"Saída de leito carroçável";"Com Vítimas Feridas";"Pleno dia";"Crescente";"Chuva";"Dupla";"Curva";"Não";2;0;2;0;0;0;2;1;-16,849002;-47,502195;"SPRF-DF";"DEL01-DF";"UOP02-DEL01-DF"
166822;2018-10-21;"domingo";"15:20:00";"RJ";101;433;"MANGARATIBA";"Falta de Atenção à Condução";"Colisão transversal";"Com Vítimas Feridas";"Pleno dia";"Crescente";"Nublado";"Simples";"Reta";"Sim";2;0;1;0;1;0;1;2;-22,937099;-44,010822;"SPRF-RJ";"DEL03-RJ";"UOP01-DEL03-RJ"
166823;2018-10-21;"domingo";"14:30:00";"PE";104;35,5;"CARUARU";"Ingestão de Álcool";"Saída de leito carroçável";"Com Vítimas Feridas";"Pleno dia";"Decrescente";"Sol";"Dupla";"Reta;Aclive";"Não";1;0;1;0;0;0;1;1;-8,049292;-36,041541;"SPRF-PE";"DEL02-PE";"UOP01-DEL02-PE"