"id";"data_inversa";"dia_semana";"horario";"uf";"br";"km";"municipio";"causa_acidente";"tipo_acidente";"classificacao_acidente";"fase_dia";"sentido_via";"condicao_metereologica";"tipo_pista";"tracado_via";"uso_solo";"pessoas";"mortos";"feridos_leves";"feridos_graves";"ilesos";"ignorados";"feridos";"veiculos";"latitude";"longitude";"regional";"delegacia";"uop"
166944;2018-10-22;"segunda-feira";"03:00:00";"GO";153;699;"ITUMBIARA";"Velocidade Incompatível";"Capotamento";"Sem Vítimas";"Plena Noite";"Crescente";"Céu Claro";"Dupla";"Reta";"Sim";1;0;0;0;1;0;0;1;-18,3862;-49,2076;"SPRF-GO";"DEL03-GO";"UOP02-DEL03-GO"
166945;2018-10-22;"segunda-feira";"01:30:00";"RS";470;223;"GARIBALDI";"Condutor Dormindo";"Saída de leito carroçável";"Com Vítimas Feridas";"Plena Noite";"Decrescente";"Céu Claro";"Simples";"Reta";"Sim";1;0;1;0;0;0;1;1;-29,2198639;-51,51649117;"SPRF-RS";"DEL06-RS";"UOP01-DEL06-RS"
166946;2018-10-22;"segunda-feira";"07:55:00";"PR";369;153,8;"LONDRINA";"Falta de Atenção à Condução";"Colisão traseira";"Com Vítimas Feridas";"Pleno dia";"Crescente";"Céu Claro";"Dupla";"Reta";"Sim";2;0;1;0;1;0;1;2;-23,29785118;-51,19726446;"SPRF-PR";"DEL07-PR";"UOP01-DEL07-PR"
166947;2018-10-22;"segunda-feira";"06:45:00";"ES";101;431,8;"ATILIO VIVACQUA";"Desobediência às normas de trânsito pelo condutor";"Colisão frontal";"Com Vítimas Feridas";"Pleno dia";"Crescente";"Céu Claro";"Simples";"Reta";"Não";3;0;1;1;1;0;2;2;-21,03099408;-41,18122101;"SPRF-ES";"DEL03-ES";"UOP02-DEL03-ES"
166948;2018-10-22;"segunda-feira";"06:30:00";"PR";163;85,5;"CAPANEMA";"Desobediência às normas de trânsito pelo condutor";"Colisão transversal";"Com Vítimas Feridas";"Amanhecer";"Crescente";"Céu Claro";"Simples";"Aclive;Reta";"Não";2;0;0;1;1;0;1;2;-25,692383;-53,780962;"SPRF-PR";"DEL02-PR";"UOP02-DEL02-PR"
166949;2018-10-22;"segunda-feira";"06:30:00";"CE";222;1,2;"CAUCAIA";"Falta de Atenção à Condução";"Colisão transversal";"Com Vítimas Feridas";"Pleno dia";"Decrescente";"Céu Claro";"Múltipla";"Reta";"Sim";2;0;1;0;1;0;1;2;-3,737807;-38,578083;"SPRF-CE";"DEL01-CE";"UOP01-DEL01-CE"
166950;2018-10-22;"segunda-feira";"06:20:00";"CE";116;23;"ITAITINGA";"Desobediência às normas de trânsito pelo condutor";"Saída de leito carroçável";"Com Vítimas Feridas";"Pleno dia";"Decrescente";"Sol";"Dupla";"Reta";"Não";2;0;0;1;1;0;1;2;-3,95414574;-38,51231039;"SPRF-CE";"DEL01-CE";"UOP02-DEL01-CE"
166951;2018-10-22;"segunda-feira";"07:10:00";"GO";60;374,4;"RIO VERDE";"Condutor Dormindo";"Capotamento";"Sem Vítimas";"Pleno dia";"Crescente";"Céu Claro";"Dupla";"Reta";"Não";1;0;0;0;1;0;0;1;-17,7179;-50,8566;"SPRF-GO";"DEL04-GO";"UOP01-DEL04-GO"
166952;2018-10-22;"segunda-feira";"06:30:00";"SP";153;72,5;"SAO JOSE DO RIO PRETO";"Falta de Atenção à Condução";"Saída de leito carroçável";"Com Vítimas Feridas";"Pleno dia";"Decrescente";"Ignorado";"Dupla";"Reta";"Sim";1;0;1;0;0;0;1;1;-20,867146;-49,413338;"SPRF-SP";"DEL09-SP";"UOP01-DEL09-SP"
166953;2018-10-22;"segunda-feira";"07:15:00";"ES";101;290,9;"CARIACICA";"Falta de Atenção à Condução";"Colisão lateral";"Com Vítimas Feridas";"Pleno dia";"Decrescente";"Céu Claro";"Dupla";"Reta";"Não";2;0;0;1;1;0;1;2;-20,31243302;-40,3950119;"SPRF-ES";"DEL01-ES";"UOP01-DEL01-ES"
166954;2018-10-22;"segunda-feira";"06:35:00";"SC";163;86,5;"GUARACIABA";"Agressão Externa";"Colisão traseira";"Com Vítimas Feridas";"Amanhecer";"Decrescente";"Céu Claro";"Simples";"Aclive;Reta";"Não";2;0;1;0;1;0;1;1;-26,59874;-53,514919;"SPRF-SC";"DEL07-SC";"UOP03-DEL07-SC"
166957;2018-10-22;"segunda-feira";"07:56:00";"SP";116;145;"SAO JOSE DOS CAMPOS";"Falta de Atenção à Condução";"Colisão lateral";"Com Vítimas Feridas";"Pleno dia";"Crescente";"Céu Claro";"Simples";"Reta";"Sim";2;0;1;0;1;0;1;2;-23,18646606;-45,8543572;"SPRF-SP";"DEL02-SP";"UOP01-DEL02-SP"
166958;2018-10-22;"segunda-feira";"07:20:00";"MG";381;484,1;"BETIM";"Falta de Atenção à Condução";"Colisão com objeto estático";"Com Vítimas Feridas";"Pleno dia";"Decrescente";"Sol";"Múltipla";"Curva";"Sim";2;0;1;1;0;0;2;1;-19,9557;-44,0964;"SPRF-MG";"DEL01-MG";"UOP03-DEL01-MG"
166960;2018-10-22;"segunda-feira";"06:50:00";"MG";40;516;"RIBEIRAO DAS NEVES";"Falta de Atenção do Pedestre";"Atropelamento de Pedestre";"Com Vítimas Feridas";"Pleno dia";"Crescente";"Céu Claro";"Dupla";"Reta";"Sim";2;0;1;0;1;0;1;2;-19,8278;-44,0836;"SPRF-MG";"DEL01-MG";"UOP03-DEL01-MG"
166961;2018-10-22;"segunda-feira";"07:55:00";"PB";230;17,7;"JOAO PESSOA";"Não guardar distância de segurança";"Engavetamento";"Com Vítimas Feridas";"Pleno dia";"Crescente";"Céu Claro";"Dupla";"Reta";"Sim";3;0;1;0;2;0;1;3;-7,12074805;-34,84519422;"SPRF-PB";"DEL01-PB";"UOP01-DEL01-PB"
166962;2018-10-22;"segunda-feira";"07:45:00";"DF";20;5;"BRASILIA";"Falta de Atenção à Condução";"Colisão lateral";"Sem Vítimas";"Pleno dia";"Decrescente";"Céu Claro";"Dupla";"Reta";"Sim";2;0;0;0;2;0;0;2;-15,675484;-47,823761;"SPRF-DF";"DEL02-DF";"UOP01-DEL02-DF"
166964;2018-10-22;"segunda-feira";"09:00:00";"SP";116;224;"GUARULHOS";"Falta de Atenção à Condução";"Colisão traseira";"Com Vítimas Feridas";"Pleno dia";"Decrescente";"Céu Claro";"Múltipla";"Reta";"Sim";1;0;1;0;0;0;1;1;-23,48274136;-46,53600454;"SPRF-SP";"DEL01-SP";"UOP01-DEL01-SP"
166965;2018-10-03;"quarta-feira";"17:00:00";"PB";230;350;"PATOS";"Falta de Atenção à Condução";"Colisão transversal";"Com Vítimas Feridas";"Pleno dia";"Decrescente";"Céu Claro";"Simples";"Reta";"Sim";4;0;3;0;1;0;3;2;-6,94877114;-37,3968628;"SPRF-PB";"DEL03-PB";"UOP01-DEL03-PB"
166966;2018-10-22;"segunda-feira";"08:00:00";"SC";280;55;"GUARAMIRIM";"Falta de Atenção à Condução";"Colisão transversal";"Sem Vítimas";"Pleno dia";"Decrescente";"Sol";"Simples";"Reta";"Sim";2;0;0;0;2;0;0;2;-26,47865936;-48,999955;"SPRF-SC";"DEL03-SC";"UOP03-DEL03-SC"
166967;2018-10-22;"segunda-feira";"06:50:00";"MT";364;270,6;"JACIARA";"Restrição de Visibilidade";"Colisão lateral";"Com Vítimas Feridas";"Pleno dia";"Decrescente";"Céu Claro";"Simples";"Declive";"Sim";2;0;0;1;1;0;1;2;-15,96937479;-54,95005131;"SPRF-MT";"DEL02-MT";"UOP02-DEL05-MT"
166968;2018-10-22;"segunda-feira";"07:45:00";"RN";101;108;"PARNAMIRIM";"Falta de Atenção à Condução";"Colisão lateral";"Com Vítimas Feridas";"Pleno dia";"Decrescente";"Sol";"Dupla";"Viaduto";"Sim";2;0;1;0;1;0;1;2;-5,922236;-35,264736;"SPRF-RN";"DEL01-RN";"UOP01-DEL01-RN"
166969;2018-10-22;"segunda-feira";"07:45:00";"RN";406;170;"SAO GONCALO DO AMARANTE";"Falta de Atenção à Condução";"Colisão traseira";"Com Vítimas Feridas";"Pleno dia";"Decrescente";"Sol";"Dupla";"Reta";"Sim";2;0;1;0;1;0;1;2;-5,75721712;-35,3023392;"SPRF-RN";"DEL02-RN";"UOP01-DEL02-RN"
166971;2018-10-22;"segunda-feira";"07:45:00";"SP";116;29,1;"CRUZEIRO";"Defeito Mecânico no Veículo";"Incêndio";"Sem Vítimas";"Pleno dia";"Crescente";"Céu Claro";"Dupla";"Reta";"Não";1;0;0;0;1;0;0;1;-22,629137;-44,924511;"SPRF-SP";"DEL08-SP";"UOP02-DEL08-SP"
166972;2018-10-22;"segunda-feira";"08:10:00";"PR";376;175;"MARINGA";"Falta de Atenção à Condução";"Colisão lateral";"Com Vítimas Feridas";"Pleno dia";"Crescente";"Céu Claro";"Dupla";"Reta";"Sim";2;0;1;0;1;0;1;2;-23,4167852;-51,95704937;"SPRF-PR";"DEL07-PR";"UOP01-DEL09-PR"
166974;2018-10-22;"segunda-feira";"07:40:00";"MG";40;514;"RIBEIRAO DAS NEVES";"Falta de Atenção à Condução";"Colisão lateral";"Com Vítimas Feridas";"Amanhecer";"Crescente";"Céu Claro";"Dupla";"Reta";"Sim";2;0;1;0;1;0;1;2;-19,8128;-44,093;"SPRF-MG";"DEL01-MG";"UOP03-DEL01-MG"
166975;2018-10-22;"segunda-feira";"08:30:00";"MG";40;509;"RIBEIRAO DAS NEVES";"Mal Súbito";"Saída de leito carroçável";"Com Vítimas Feridas";"Pleno dia";"Crescente";"Céu Claro";"Dupla";"Reta";"Sim";1;0;1;0;0;0;1;1;-19,7677435;-44,12860394;"SPRF-MG";"DEL01-MG";"UOP03-DEL01-MG"
166976;2018-10-22;"segunda-feira";"07:20:00";"CE";20;428;"FORTALEZA";"Não guardar distância de segurança";"Colisão traseira";"Com Vítimas Feridas";"Pleno dia";"Decrescente";"Sol";"Dupla";"Em Obras;Curva";"Sim";2;0;1;0;1;0;1;2;-3,86817243;-38,50973278;"SPRF-CE";"DEL01-CE";"UOP02-DEL01-CE"
166978;2018-10-22;"segunda-feira";"08:10:00";"SC";116;2,9;"MAFRA";"Objeto estático sobre o leito carroçável";"Queda de ocupante de veículo";"Com Vítimas Feridas";"Pleno dia";"Decrescente";"Nublado";"Simples";"Reta";"Sim";1;0;0;1;0;0;1;1;-26,13075469;-49,79919643;"SPRF-SC";"DEL06-SC";"UOP01-DEL06-SC"
166979;2018-10-22;"segunda-feira";"08:00:00";"PA";230;126;"MARABA";"Desobediência às normas de trânsito pelo condutor";"Colisão transversal";"Com Vítimas Feridas";"Pleno dia";"Crescente";"Céu Claro";"Simples";"Aclive";"Não";3;0;0;1;2;0;1;2;-5,375874;-49,151646;"SPRF-PA";"DEL03-PA";"UOP01-DEL03-PA"
166980;2018-10-22;"segunda-feira";"08:30:00";"RS";116;270;"PORTO ALEGRE";"Falta de Atenção à Condução";"Colisão traseira";"Com Vítimas Feridas";"Pleno dia";"Crescente";"Céu Claro";"Múltipla";"Reta";"Sim";2;0;1;0;1;0;1;2;-29,968391;-51,176239;"SPRF-RS";"DEL01-RS";"UOP01-DEL01-RS"
166981;2018-10-22;"segunda-feira";"08:30:00";"RS";386;287;"SAO JOSE DO HERVAL";"Desobediência às normas de trânsito pelo condutor";"Saída de leito carroçável";"Com Vítimas Feridas";"Pleno dia";"Crescente";"Céu Claro";"Simples";"Curva";"Não";4;0;4;0;0;0;4;1;-29,074862;-52,278538;"SPRF-RS";"DEL04-RS";"NPF/DEL04-RS"
166982;2018-10-22;"segunda-feira";"09:00:00";"MG";381;478;"CONTAGEM";"Não guardar distância de segurança";"Colisão traseira";"Com Vítimas Feridas";"Pleno dia";"Decrescente";"Céu Claro";"Dupla";"Reta";"Sim";3;0;2;0;0;1;2;2;-19,9643;-44,044;"SPRF-MG";"DEL01-MG";"UOP03-DEL01-MG"
166983;2018-07-14;"sábado";"16:20:00";"SC";101;208;"SAO JOSE";"Falta de Atenção à Condução";"Colisão lateral";"Com Vítimas Feridas";"Pleno dia";"Decrescente";"Sol";"Múltipla";"Reta";"Sim";3;0;1;0;2;0;1;3;-27,6101;-48,6388;"SPRF-SC";"DEL01-SC";"UOP01-DEL01-SC"
166984;2018-10-22;"segunda-feira";"09:30:00";"SP";116;216;"GUARULHOS";"Não guardar distância de segurança";"Colisão traseira";"Com Vítimas Feridas";"Pleno dia";"Crescente";"Céu Claro";"Múltipla";"Reta";"Não";2;0;1;0;1;0;1;2;-23,45218376;-46,46766186;"SPRF-SP";"DEL01-SP";"UOP01-DEL01-SP"
166986;2018-06-11;"segunda-feira";"18:08:00";"RS";392;4,5;"RIO GRANDE";"Falta de Atenção do Pedestre";"Atropelamento de Pedestre";"Com Vítimas Fatais";"Plena Noite";"Crescente";"Garoa/Chuvisco";"Simples";"Reta";"Sim";2;1;0;0;1;0;0;2;-32,069656;-52,095535;"SPRF-RS";"DEL07-RS";"UOP02-DEL07-RS"
166987;2018-10-10;"quarta-feira";"10:40:00";"RJ";465;12;"SEROPEDICA";"Falta de Atenção à Condução";"Colisão frontal";"Com Vítimas Feridas";"Pleno dia";"Crescente";"Céu Claro";"Simples";"Reta";"Sim";3;0;2;0;0;1;2;3;-22,79205278;-43,65198132;"SPRF-RJ";"DEL01-RJ";"UOP03-DEL01-RJ"
166989;2018-10-22;"segunda-feira";"10:00:00";"RS";290;96,5;"PORTO ALEGRE";"Falta de Atenção à Condução";"Colisão lateral";"Com Vítimas Feridas";"Pleno dia";"Crescente";"Sol";"Dupla";"Reta";"Sim";2;0;1;0;1;0;1;2;-29,99206293;-51,20477618;"SPRF-RS";"DEL01-RS";"UOP01-DEL01-RS"
166990;2018-10-22;"segunda-feira";"10:05:00";"PR";376;178,9;"MARINGA";"Desobediência às normas de trânsito pelo condutor";"Colisão transversal";"Com Vítimas Feridas";"Pleno dia";"Crescente";"Sol";"Dupla";"Retorno Regulamentado";"Sim";2;0;1;0;1;0;1;2;-23,41888221;-51,91401601;"SPRF-PR";"DEL07-PR";"UOP01-DEL09-PR"
166991;2018-06-04;"segunda-feira";"09:05:00";"RS";392;5,3;"RIO GRANDE";"Falta de Atenção à Condução";"Colisão transversal";"Com Vítimas Feridas";"Pleno dia";"Decrescente";"Céu Claro";"Simples";"Reta";"Sim";2;0;1;0;1;0;1;2;-32,076946;-52,101723;"SPRF-RS";"DEL07-RS";"UOP02-DEL07-RS"
166992;2018-10-22;"segunda-feira";"07:30:00";"PB";230;9;"CABEDELO";"Defeito Mecânico no Veículo";"Tombamento";"Com Vítimas Feridas";"Pleno dia";"Decrescente";"Sol";"Dupla";"Reta";"Sim";2;0;2;0;0;0;2;1;-7,04805144;-34,84844518;"SPRF-PB";"DEL01-PB";"UOP01-DEL01-PB"
166993;2018-10-22;"segunda-feira";"09:55:00";"RJ";101;319;"SAO GONCALO";"Falta de Atenção à Condução";"Colisão traseira";"Com Vítimas Feridas";"Pleno dia";"Crescente";"Céu Claro";"Dupla";"Reta";"Não";3;0;1;0;2;0;1;2;-22,85815367;-43,10491204;"SPRF-RJ";"DEL02-RJ";"DEL5/2-UOP04/RJ"
166994;2018-05-17;"quinta-feira";"12:08:00";"RS";392;31,3;"RIO GRANDE";"Defeito Mecânico no Veículo";"Tombamento";"Com Vítimas Feridas";"Pleno dia";"Crescente";"Céu Claro";"Dupla";"Reta";"Sim";2;0;1;0;1;0;1;1;-32,0814106;-52,2456572;"SPRF-RS";"DEL07-RS";"UOP02-DEL07-RS"
166995;2018-10-21;"domingo";"19:50:00";"BA";367;83,3;"EUNAPOLIS";"Velocidade Incompatível";"Colisão frontal";"Com Vítimas Feridas";"Plena Noite";"Decrescente";"Céu Claro";"Simples";"Reta";"Sim";2;0;2;0;0;0;2;2;-16,372566;-39,570656;"SPRF-BA";"DEL09-BA";"UOP01-DEL09-BA"
166998;2018-07-28;"sábado";"19:12:00";"SC";116;12,3;"MAFRA";"Ingestão de Álcool";"Colisão com objeto estático";"Com Vítimas Fatais";"Plena Noite";"Decrescente";"Céu Claro";"Simples";"Interseção de Vias";"Não";1;1;0;0;0;0;0;1;-26,17978062;-49,87172037;"SPRF-SC";"DEL06-SC";"UOP01-DEL06-SC"
166999;2018-10-22;"segunda-feira";"10:00:00";"RJ";465;2,4;"SEROPEDICA";"Pista Escorregadia";"Queda de ocupante de veículo";"Com Vítimas Feridas";"Pleno dia";"Crescente";"Céu Claro";"Simples";"Curva";"Sim";1;0;1;0;0;0;1;1;-22,73037932;-43,71677398;"SPRF-RJ";"DEL01-RJ";"UOP03-DEL01-RJ"
167003;2018-10-22;"segunda-feira";"09:40:00";"RS";116;270;"PORTO ALEGRE";"Falta de Atenção à Condução";"Colisão lateral";"Com Vítimas Feridas";"Pleno dia";"Decrescente";"Céu Claro";"Dupla";"Reta";"Sim";2;0;1;0;1;0;1;2;-29,968391;-51,176239;"SPRF-RS";"DEL01-RS";"UOP01-DEL01-RS"
167007;2018-10-22;"segunda-feira";"11:20:00";"SC";282;3,9;"FLORIANOPOLIS";"Falta de Atenção à Condução";"Colisão lateral";"Com Vítimas Feridas";"Pleno dia";"Crescente";"Sol";"Dupla";"Reta";"Sim";3;0;1;0;2;0;1;2;-27,600384;-48,599705;"SPRF-SC";"DEL01-SC";"UOP01-DEL01-SC"
167009;2018-10-22;"segunda-feira";"11:37:00";"DF";70;10;"BRASILIA";"Falta de Atenção à Condução";"Colisão traseira";"Com Vítimas Feridas";"Pleno dia";"Crescente";"Nublado";"Dupla";"Reta";"Sim";4;0;1;0;3;0;1;2;-15,78688508;-48,13954175;"SPRF-DF";"DEL01-DF";"UOP02-DEL03-DF"
167011;2018-10-22;"segunda-feira";"12:15:00";"RS";116;397,5;"BARRA DO RIBEIRO";"Desobediência às normas de trânsito pelo condutor";"Colisão transversal";"Com Vítimas Feridas";"Pleno dia";"Crescente";"Céu Claro";"Simples";"Rotatória";"Não";2;0;0;1;1;0;1;2;-30,34457;-51,42852;"SPRF-RS";"DEL02-RS";"UOP03-DEL02-RS"
167012;2018-10-22;"segunda-feira";"12:15:00";"SP";381;63;"MAIRIPORA";"Ingestão de Álcool";"Colisão traseira";"Sem Vítimas";"Pleno dia";"Decrescente";"Céu Claro";"Dupla";"Aclive";"Não";4;0;0;0;2;2;0;3;-23,29415124;-46,57213658;"SPRF-SP";"DEL03-SP";"UOP01-DEL03-SP"
167013;2018-10-22;"segunda-feira";"12:10:00";"ES";101;147,5;"LINHARES";"Falta de Atenção à Condução";"Engavetamento";"Com Vítimas Feridas";"Pleno dia";"Decrescente";"Céu Claro";"Múltipla";"Reta";"Sim";5;0;1;0;4;0;1;4;-19,38726708;-40,06782532;"SPRF-ES";"DEL04-ES";"UOP01-DEL04-ES"
167014;2018-10-22;"segunda-feira";"12:30:00";"RJ";116;74;"TERESOPOLIS";"Objeto estático sobre o leito carroçável";"Tombamento";"Com Vítimas Feridas";"Pleno dia";"Crescente";"Céu Claro";"Simples";"Reta";"Não";1;0;1;0;0;0;1;1;-22,353407;-42,942436;"SPRF-RJ";"DEL04-RJ";"UOP01-DEL04-RJ"
167016;2018-10-14;"domingo";"15:00:00";"ES";262;169,3;"IBATIBA";"Pista Escorregadia";"Colisão frontal";"Com Vítimas Fatais";"Pleno dia";"Decrescente";"Chuva";"Simples";"Curva";"Não";3;1;0;0;1;1;0;3;-20,26501527;-41,579175;"SPRF-ES";"DEL01-ES";"UOP02-DEL01-ES"
167017;2018-10-22;"segunda-feira";"12:50:00";"RS";101;21,5;"TRES CACHOEIRAS";"Falta de Atenção à Condução";"Saída de leito carroçável";"Com Vítimas Feridas";"Pleno dia";"Decrescente";"Céu Claro";"Dupla";"Curva";"Sim";3;0;2;0;1;0;2;1;-29,44071878;-49,90245581;"SPRF-RS";"DEL03-RS";"DEL9/3-UOP03/RS"
167020;2018-10-21;"domingo";"21:00:00";"MG";251;402;"MONTES CLAROS";"Não guardar distância de segurança";"Colisão traseira";"Com Vítimas Feridas";"Plena Noite";"Crescente";"Chuva";"Simples";"Aclive";"Não";1;0;0;1;0;0;1;1;-16,6526385;-43,7190298;"SPRF-MG";"DEL12-MG";"UOP01-DEL12-MG"
167022;2018-10-22;"segunda-feira";"13:00:00";"PE";101;91,8;"CABO DE SANTO AGOSTINHO";"Falta de Atenção à Condução";"Colisão traseira";"Com Vítimas Feridas";"Pleno dia";"Decrescente";"Céu Claro";"Dupla";"Viaduto";"Sim";6;0;4;0;2;0;4;4;-8,2308;-34,9969;"SPRF-PE";"DEL01-PE";"UOP03-DEL01-PE"
167023;2018-10-22;"segunda-feira";"13:20:00";"SC";101;207,6;"SAO JOSE";"Desobediência às normas de trânsito pelo condutor";"Colisão traseira";"Com Vítimas Feridas";"Pleno dia";"Decrescente";"Sol";"Múltipla";"Aclive;Reta";"Sim";5;0;3;0;2;0;3;3;-27,6034;-48,632;"SPRF-SC";"DEL01-SC";"UOP01-DEL01-SC"
167024;2018-10-22;"segunda-feira";"07:20:00";"MG";50;141,4;"UBERABA";"Falta de Atenção à Condução";"Saída de leito carroçável";"Com Vítimas Feridas";"Pleno dia";"Crescente";"Céu Claro";"Dupla";"Reta";"Não";2;0;2;0;0;0;2;1;-19,48277628;-48,05179596;"SPRF-MG";"DEL13-MG";"UOP01-DEL13-MG"
167025;2018-10-22;"segunda-feira";"13:15:00";"PR";277;454,4;"LARANJEIRAS DO SUL";"Falta de Atenção à Condução";"Colisão transversal";"Com Vítimas Feridas";"Pleno dia";"Crescente";"Céu Claro";"Simples";"Rotatória";"Sim";2;0;1;0;1;0;1;2;-25,38593071;-52,41412193;"SPRF-PR";"DEL04-PR";"UOP02-DEL04-PR"
167029;2018-10-22;"segunda-feira";"14:40:00";"PR";369;200;"APUCARANA";"Não guardar distância de segurança";"Colisão traseira";"Com Vítimas Feridas";"Pleno dia";"Decrescente";"Céu Claro";"Simples";"Reta";"Não";3;0;1;0;2;0;1;3;-23,52536254;-51,44471342;"SPRF-PR";"DEL07-PR";"UOP03-DEL07-PR"
167030;2018-10-22;"segunda-feira";"14:00:00";"SC";101;134;"BALNEARIO CAMBORIU";"Restrição de Visibilidade";"Colisão transversal";"Com Vítimas Feridas";"Pleno dia";"Crescente";"Céu Claro";"Simples";"Reta";"Sim";2;0;1;0;1;0;1;2;-27,0049;-48,6266;"SPRF-SC";"DEL04-SC";"UOP03-DEL04-SC"
167032;2018-10-22;"segunda-feira";"14:30:00";"BA";116;361,2;"SERRINHA";"Falta de Atenção à Condução";"Colisão lateral";"Com Vítimas Feridas";"Pleno dia";"Decrescente";"Sol";"Simples";"Reta";"Não";4;0;4;0;0;0;4;2;-11,68333755;-38,99150848;"SPRF-BA";"DEL02-BA";"DEL10/2-UOP02/BA"
167033;2018-10-22;"segunda-feira";"14:30:00";"PB";101;54;"SANTA RITA";"Defeito Mecânico no Veículo";"Incêndio";"Sem Vítimas";"Pleno dia";"Crescente";"Céu Claro";"Dupla";"Reta";"Não";1;0;0;0;1;0;0;1;-6,965;-35,0848;"SPRF-PB";"DEL01-PB";"UOP04-DEL01-PB"
167034;2018-10-22;"segunda-feira";"12:30:00";"PE";232;410;"SERRA TALHADA";"Desobediência às normas de trânsito pelo condutor";"Colisão transversal";"Com Vítimas Feridas";"Pleno dia";"Decrescente";"Céu Claro";"Simples";"Reta";"Sim";3;0;2;0;1;0;2;2;-7,981944;-38,289467;"SPRF-PE";"DEL04-PE";"UOP01-DEL04-PE"
167037;2018-10-22;"segunda-feira";"14:10:00";"CE";116;8;"FORTALEZA";"Fenômenos da Natureza";"Incêndio";"Sem Vítimas";"Pleno dia";"Decrescente";"Sol";"Múltipla";"Reta";"Sim";1;0;0;0;1;0;0;1;-3,8301;-38,5049;"SPRF-CE";"DEL01-CE";"UOP02-DEL01-CE"
167038;2018-10-22;"segunda-feira";"14:45:00";"RS";290;97,8;"PORTO ALEGRE";"Falta de Atenção à Condução";"Colisão traseira";"Com Vítimas Feridas";"Pleno dia";"Decrescente";"Céu Claro";"Dupla";"Reta";"Não";3;0;0;2;1;0;2;2;-29,997789;-51,20779;"SPRF-RS";"DEL01-RS";"UOP01-DEL01-RS"
167039;2018-10-22;"segunda-feira";"15:05:00";"SC";101;444;"SANTA ROSA DO SUL";"Falta de Atenção à Condução";"Colisão com objeto estático";"Com Vítimas Feridas";"Pleno dia";"Crescente";"Céu Claro";"Simples";"Reta";"Sim";2;0;2;0;0;0;2;1;-29,1361891;-49,7110802;"SPRF-SC";"DEL02-SC";"UOP02-DEL02-SC"
167041;2018-10-22;"segunda-feira";"15:45:00";"MG";381;457,9;"BELO HORIZONTE";"Não guardar distância de segurança";"Colisão transversal";"Sem Vítimas";"Pleno dia";"Decrescente";"Céu Claro";"Simples";"Aclive";"Não";2;0;0;0;2;0;0;2;-19,84027105;-43,87639046;"SPRF-MG";"DEL01-MG";"UOP01-DEL01-MG"
167043;2018-10-22;"segunda-feira";"15:00:00";"ES";101;269,5;"SERRA";"Desobediência às normas de trânsito pelo condutor";"Colisão transversal";"Com Vítimas Feridas";"Pleno dia";"Crescente";"Nublado";"Múltipla";"Reta";"Sim";2;0;1;0;0;1;1;2;-20,22179576;-40,27039435;"SPRF-ES";"DEL02-ES";"UOP01-DEL02-ES"
167044;2018-10-22;"segunda-feira";"15:20:00";"SP";116;273,4;"TABOAO DA SERRA";"Defeito Mecânico no Veículo";"Incêndio";"Sem Vítimas";"Pleno dia";"Crescente";"Nublado";"Dupla";"Reta";"Sim";1;0;0;0;1;0;0;1;-23,61619636;-46,78964496;"SPRF-SP";"DEL04-SP";"UOP01-DEL04-SP"
167046;2018-03-31;"sábado";"11:00:00";"RN";226;176,1;"CURRAIS NOVOS";"Falta de Atenção à Condução";"Colisão lateral";"Com Vítimas Feridas";"Pleno dia";"Decrescente";"Céu Claro";"Simples";"Interseção de Vias";"Sim";2;0;1;0;0;1;1;2;-6,262168;-36,516617;"SPRF-RN";"DEL03-RN";"UOP02-DEL03-RN"
167048;2018-10-22;"segunda-feira";"14:50:00";"MA";135;10,1;"SAO LUIS";"Falta de Atenção à Condução";"Colisão traseira";"Sem Vítimas";"Pleno dia";"Decrescente";"Céu Claro";"Dupla";"Reta";"Não";2;0;0;0;2;0;0;2;-2,65759518;-44,2860824;"SPRF-MA";"DEL01-MA";"UOP01-DEL01-MA"
167052;2018-10-22;"segunda-feira";"16:30:00";"CE";116;2,9;"FORTALEZA";"Falta de Atenção à Condução";"Colisão lateral";"Com Vítimas Feridas";"Pleno dia";"Crescente";"Céu Claro";"Dupla";"Reta";"Sim";3;0;1;0;2;0;1;2;-3,77036078;-38,51729929;"SPRF-CE";"DEL01-CE";"UOP02-DEL01-CE"
167054;2018-08-07;"terça-feira";"18:00:00";"PE";101;29,3;"IGARASSU";"Falta de Atenção à Condução";"Colisão traseira";"Com Vítimas Feridas";"Plena Noite";"Decrescente";"Vento";"Múltipla";"Reta";"Não";2;0;1;0;1;0;1;2;-7,7392;-34,9432;"SPRF-PE";"DEL01-PE";"UOP02-DEL01-PE"
167055;2018-10-22;"segunda-feira";"16:20:00";"BA";101;355,6;"WENCESLAU GUIMARAES";"Pista Escorregadia";"Saída de leito carroçável";"Sem Vítimas";"Pleno dia";"Crescente";"Garoa/Chuvisco";"Simples";"Curva";"Não";1;0;0;0;1;0;0;1;-13,661084;-39,480032;"SPRF-BA";"DEL05-BA";"UOP03-DEL05-BA"
167056;2018-10-22;"segunda-feira";"16:30:00";"RJ";116;169;"SAO JOAO DE MERITI";"Falta de Atenção à Condução";"Colisão lateral";"Com Vítimas Feridas";"Pleno dia";"Crescente";"Céu Claro";"Múltipla";"Reta";"Sim";2;0;1;0;1;0;1;2;-22,816206;-43,324463;"SPRF-RJ";"DEL01-RJ";"UOP02-DEL01-RJ"