"id";"data_inversa";"dia_semana";"horario";"uf";"br";"km";"municipio";"causa_acidente";"tipo_acidente";"classificacao_acidente";"fase_dia";"sentido_via";"condicao_metereologica";"tipo_pista";"tracado_via";"uso_solo";"pessoas";"mortos";"feridos_leves";"feridos_graves";"ilesos";"ignorados";"feridos";"veiculos";"latitude";"longitude";"regional";"delegacia";"uop"
167060;2018-10-22;"segunda-feira";"17:15:00";"SP";116;228;"SAO PAULO";"Desobediência às normas de trânsito pelo condutor";"Colisão lateral";"Com Vítimas Feridas";"Pleno dia";"Decrescente";"Céu Claro";"Múltipla";"Reta";"Sim";4;0;2;0;2;0;2;3;-23,50579511;-46,56924248;"SPRF-SP";"DEL01-SP";"UOP01-DEL01-SP"
167061;2018-10-22;"segunda-feira";"17:00:00";"RN";405;167,6;"RIACHO DE SANTANA";"Animais na Pista";"Atropelamento de Animal";"Com Vítimas Fatais";"Pleno dia";"Crescente";"Céu Claro";"Simples";"Reta";"Não";2;1;0;0;1;0;0;2;-6,25318927;-38,24855804;"SPRF-RN";"DEL04-RN";"UOP02-DEL04-RN"
167062;2018-10-22;"segunda-feira";"15:30:00";"BA";101;561,5;"ARATACA";"Velocidade Incompatível";"Saída de leito carroçável";"Com Vítimas Feridas";"Pleno dia";"Crescente";"Chuva";"Simples";"Curva";"Não";1;0;1;0;0;0;1;1;-15,2027;-39,4431;"SPRF-BA";"DEL05-BA";"UOP02-DEL05-BA"
167063;2018-10-22;"segunda-feira";"17:25:00";"SC";101;139;"BALNEARIO CAMBORIU";"Falta de Atenção à Condução";"Colisão traseira";"Com Vítimas Feridas";"Pleno dia";"Crescente";"Sol";"Múltipla";"Aclive";"Sim";2;0;1;0;1;0;1;2;-27,03691909;-48,60054709;"SPRF-SC";"DEL04-SC";"UOP03-DEL04-SC"
167064;2018-10-22;"segunda-feira";"17:05:00";"SE";101;92,2;"NOSSA SENHORA DO SOCORRO";"Desobediência às normas de trânsito pelo condutor";"Colisão transversal";"Com Vítimas Feridas";"Anoitecer";"Crescente";"Nublado";"Dupla";"Reta";"Não";3;0;0;1;1;1;1;3;-10,90187;-37,13508;"SPRF-SE";"DEL01-SE";"UOP01-DEL01-SE"
167065;2018-10-22;"segunda-feira";"16:30:00";"PR";116;98;"SAO JOSE DOS PINHAIS";"Falta de Atenção à Condução";"Colisão frontal";"Com Vítimas Feridas";"Pleno dia";"Crescente";"Céu Claro";"Simples";"Curva";"Não";3;0;1;0;2;0;1;2;-25,5508222;-49,15055282;"SPRF-PR";"DEL01-PR";"UOP01-DEL01-PR"
167069;2018-06-04;"segunda-feira";"18:00:00";"PI";343;302,5;"ALTOS";"Desobediência às normas de trânsito pelo pedestre";"Atropelamento de Pedestre";"Com Vítimas Fatais";"Anoitecer";"Crescente";"Chuva";"Simples";"Reta";"Não";2;1;0;0;1;0;0;2;-5,017174;-42,423988;"SPRF-PI";"DEL01-PI";"UOP03-DEL01-PI"
167070;2018-10-22;"segunda-feira";"17:35:00";"RS";290;102,9;"PORTO ALEGRE";"Falta de Atenção à Condução";"Colisão lateral";"Com Vítimas Feridas";"Pleno dia";"Crescente";"Sol";"Dupla";"Aclive";"Sim";2;0;1;0;1;0;1;2;-29,99125926;-51,2703401;"SPRF-RS";"DEL01-RS";"UOP01-DEL01-RS"
167071;2018-10-22;"segunda-feira";"16:15:00";"PR";277;666,8;"MEDIANEIRA";"Defeito Mecânico no Veículo";"Incêndio";"Sem Vítimas";"Pleno dia";"Crescente";"Céu Claro";"Dupla";"Reta";"Não";1;0;0;0;1;0;0;1;-25,26466065;-54,05245006;"SPRF-PR";"DEL05-PR";"UOP02-DEL05-PR"
167072;2018-10-22;"segunda-feira";"18:00:00";"PI";402;33;"PARNAIBA";"Falta de Atenção à Condução";"Colisão transversal";"Sem Vítimas";"Plena Noite";"Decrescente";"Céu Claro";"Simples";"Reta";"Sim";2;0;0;0;1;1;0;2;-2,92992606;-41,75249934;"SPRF-PI";"DEL05-PI";"UOP01-DEL05-PI"
167074;2018-10-22;"segunda-feira";"17:40:00";"PB";230;18;"JOAO PESSOA";"Desobediência às normas de trânsito pelo condutor";"Engavetamento";"Com Vítimas Feridas";"Anoitecer";"Decrescente";"Céu Claro";"Dupla";"Reta";"Sim";3;0;2;0;1;0;2;3;-7,1219298;-34,8452962;"SPRF-PB";"DEL01-PB";"UOP01-DEL01-PB"
167081;2018-06-22;"sexta-feira";"04:20:00";"ES";101;141;"LINHARES";"Objeto estático sobre o leito carroçável";"Colisão traseira";"Sem Vítimas";"Plena Noite";"Crescente";"Céu Claro";"Múltipla";"Reta";"Sim";2;0;0;0;2;0;0;2;-19,35512129;-40,06421506;"SPRF-ES";"DEL04-ES";"UOP01-DEL04-ES"
167082;2018-10-22;"segunda-feira";"18:21:00";"PR";476;133;"CURITIBA";"Falta de Atenção do Pedestre";"Atropelamento de Pedestre";"Com Vítimas Feridas";"Anoitecer";"Crescente";"Céu Claro";"Dupla";"Reta";"Sim";2;0;1;0;1;0;1;2;-25,46948818;-49,25436974;"SPRF-PR";"DEL01-PR";"UOP07-DEL01-PR"
167083;2018-10-22;"segunda-feira";"18:45:00";"RN";406;148,1;"CEARA-MIRIM";"Animais na Pista";"Atropelamento de Animal";"Com Vítimas Feridas";"Plena Noite";"Crescente";"Céu Claro";"Simples";"Reta";"Não";2;0;2;0;0;0;2;1;-5,64583889;-35,46326637;"SPRF-RN";"DEL02-RN";"UOP01-DEL02-RN"
167084;2018-10-22;"segunda-feira";"18:40:00";"RS";116;222,5;"DOIS IRMAOS";"Desobediência às normas de trânsito pelo condutor";"Colisão transversal";"Com Vítimas Feridas";"Plena Noite";"Decrescente";"Nublado";"Simples";"Reta";"Sim";3;0;0;2;1;0;2;2;-29,581001;-51,095177;"SPRF-RS";"DEL05-RS";"UOP02-DEL05-RS"
167087;2018-10-22;"segunda-feira";"19:15:00";"SC";101;214,3;"PALHOCA";"Não guardar distância de segurança";"Colisão lateral";"Com Vítimas Feridas";"Plena Noite";"Decrescente";"Ignorado";"Múltipla";"Reta";"Não";1;0;1;0;0;0;1;1;-27,652;-48,676;"SPRF-SC";"DEL01-SC";"UOP02-DEL01-SC"
167088;2018-10-22;"segunda-feira";"19:00:00";"ES";101;171;"ARACRUZ";"Animais na Pista";"Queda de ocupante de veículo";"Com Vítimas Feridas";"Plena Noite";"Decrescente";"Chuva";"Simples";"Reta";"Não";1;0;0;1;0;0;1;1;-19,55744467;-40,17319322;"SPRF-ES";"DEL04-ES";"UOP01-DEL04-ES"
167089;2018-10-22;"segunda-feira";"17:25:00";"PR";277;726;"FOZ DO IGUACU";"Velocidade Incompatível";"Colisão lateral";"Sem Vítimas";"Pleno dia";"Crescente";"Céu Claro";"Dupla";"Rotatória";"Sim";3;0;0;0;3;0;0;3;-25,510289;-54,55976307;"SPRF-PR";"DEL05-PR";"UOP03-DEL05-PR"
167090;2018-10-22;"segunda-feira";"19:00:00";"SC";470;89,8;"ASCURRA";"Desobediência às normas de trânsito pelo condutor";"Colisão frontal";"Com Vítimas Feridas";"Plena Noite";"Decrescente";"Céu Claro";"Simples";"Reta";"Sim";2;0;2;0;0;0;2;2;-26,96742195;-49,36833692;"SPRF-SC";"DEL04-SC";"UOP01-DEL04-SC"
167091;2018-10-22;"segunda-feira";"17:55:00";"PR";277;454;"LARANJEIRAS DO SUL";"Falta de Atenção à Condução";"Colisão transversal";"Com Vítimas Feridas";"Anoitecer";"Decrescente";"Céu Claro";"Simples";"Rotatória";"Sim";2;0;1;0;1;0;1;2;-25,37448774;-52,38868386;"SPRF-PR";"DEL04-PR";"UOP02-DEL04-PR"
167092;2018-10-22;"segunda-feira";"18:30:00";"GO";60;165,8;"GOIANIA";"Falta de Atenção à Condução";"Colisão traseira";"Com Vítimas Feridas";"Plena Noite";"Decrescente";"Vento";"Simples";"Reta";"Sim";2;0;2;0;0;0;2;2;-16,7084;-49,3503;"SPRF-GO";"DEL01-GO";"UOP02-DEL01-GO"
167093;2018-10-22;"segunda-feira";"19:35:00";"MG";262;34,3;"MANHUACU";"Falta de Atenção à Condução";"Colisão transversal";"Com Vítimas Feridas";"Plena Noite";"Crescente";"Céu Claro";"Simples";"Curva";"Sim";3;0;2;0;1;0;2;2;-20,256927;-42,011028;"SPRF-MG";"DEL06-MG";"UOP03-DEL06-MG"
167095;2018-10-22;"segunda-feira";"18:03:00";"RO";174;14,2;"VILHENA";"Ingestão de Álcool";"Colisão transversal";"Com Vítimas Feridas";"Plena Noite";"Decrescente";"Céu Claro";"Dupla";"Reta";"Não";2;0;1;0;1;0;1;2;-12,733067;-60,12981;"SPRF-RO";"DEL04-RO";"UOP01-DEL04-RO"
167096;2018-10-22;"segunda-feira";"19:35:00";"SC";101;348,3;"JAGUARUNA";"Falta de Atenção à Condução";"Saída de leito carroçável";"Com Vítimas Feridas";"Plena Noite";"Decrescente";"Nublado";"Dupla";"Reta";"Não";1;0;1;0;0;0;1;1;-28,57751217;-49,05209899;"SPRF-SC";"DEL02-SC";"UOP01-DEL02-SC"
167097;2018-10-22;"segunda-feira";"18:30:00";"MG";116;116;"ITAOBIM";"Falta de Atenção à Condução";"Colisão transversal";"Com Vítimas Feridas";"Amanhecer";"Crescente";"Nublado";"Simples";"Rotatória";"Não";2;0;1;0;1;0;1;2;-16,57730045;-41,5039444;"SPRF-MG";"DEL11-MG";"UOP02-DEL11-MG"
167100;2018-10-22;"segunda-feira";"20:15:00";"RS";392;351,6;"SANTA MARIA";"Falta de Atenção do Pedestre";"Atropelamento de Pedestre";"Com Vítimas Feridas";"Plena Noite";"Crescente";"Céu Claro";"Simples";"Reta";"Sim";3;0;1;0;1;1;1;2;-29,72950184;-53,80217314;"SPRF-RS";"DEL09-RS";"UOP01-DEL09-RS"
167101;2018-10-22;"segunda-feira";"19:05:00";"BA";407;120;"SENHOR DO BONFIM";"Animais na Pista";"Atropelamento de Animal";"Com Vítimas Feridas";"Plena Noite";"Crescente";"Céu Claro";"Simples";"Declive";"Não";1;0;1;0;0;0;1;1;-10,41326475;-40,18357068;"SPRF-BA";"DEL04-BA";"UOP01-DEL04-BA"
167103;2018-10-22;"segunda-feira";"20:30:00";"AL";316;245;"ATALAIA";"Não guardar distância de segurança";"Atropelamento de Pedestre";"Com Vítimas Fatais";"Plena Noite";"Crescente";"Céu Claro";"Simples";"Reta;Declive";"Não";2;1;0;0;0;1;0;2;-9,517871;-35,999893;"SPRF-AL";"DEL01-AL";"UOP01-DEL01-AL"
167104;2018-10-22;"segunda-feira";"19:00:00";"SC";280;283;"IRINEOPOLIS";"Falta de Atenção à Condução";"Capotamento";"Com Vítimas Feridas";"Plena Noite";"Crescente";"Céu Claro";"Simples";"Reta";"Não";2;0;2;0;0;0;2;1;-26,2939;-50,858276;"SPRF-SC";"DEL06-SC";"UOP04-DEL06-SC"
167105;2018-10-22;"segunda-feira";"20:50:00";"GO";60;164;"GOIANIA";"Velocidade Incompatível";"Capotamento";"Com Vítimas Feridas";"Plena Noite";"Crescente";"Céu Claro";"Dupla";"Interseção de Vias";"Não";1;0;1;0;0;0;1;1;-16,7084;-49,3503;"SPRF-GO";"DEL01-GO";"UOP02-DEL01-GO"
167107;2018-10-22;"segunda-feira";"12:30:00";"MT";174;350,2;"CONQUISTA DOESTE";"Falta de Atenção à Condução";"Saída de leito carroçável";"Com Vítimas Feridas";"Pleno dia";"Crescente";"Nublado";"Simples";"Reta";"Não";2;0;1;0;1;0;1;1;-14,72859;-59,36794;"SPRF-MT";"DEL04-MT";"UOP01-DEL04-MT"
167110;2018-10-22;"segunda-feira";"19:30:00";"MT";163;837;"SINOP";"Desobediência às normas de trânsito pelo condutor";"Colisão frontal";"Com Vítimas Feridas";"Plena Noite";"Crescente";"Céu Claro";"Simples";"Interseção de Vias";"Sim";2;0;1;0;1;0;1;2;-11,84329545;-55,49050033;"SPRF-MT";"DEL06-MT";"UOP02-DEL06-MT"
167112;2018-10-22;"segunda-feira";"16:00:00";"GO";153;120;"ESTRELA DO NORTE";"Pista Escorregadia";"Saída de leito carroçável";"Sem Vítimas";"Pleno dia";"Crescente";"Chuva";"Simples";"Declive";"Não";1;0;0;0;1;0;0;1;-13,822886;-49,041809;"SPRF-GO";"DEL07-GO";"UOP01-DEL07-GO"
167113;2018-10-22;"segunda-feira";"16:35:00";"RJ";101;324;"NITEROI";"Falta de Atenção à Condução";"Queda de ocupante de veículo";"Com Vítimas Feridas";"Pleno dia";"Decrescente";"Céu Claro";"Dupla";"Reta";"Não";1;0;1;0;0;0;1;1;-22,87522623;-43,12168121;"SPRF-RJ";"DEL02-RJ";"UOP02-DEL02-RJ"
167114;2018-10-22;"segunda-feira";"18:40:00";"RO";364;613,9;"ITAPUA DO OESTE";"Pista Escorregadia";"Saída de leito carroçável";"Com Vítimas Feridas";"Plena Noite";"Decrescente";"Chuva";"Simples";"Reta";"Não";19;0;2;0;17;0;2;1;-9,134484;-63,245953;"SPRF-RO";"DEL03-RO";"UOP04-DEL01-RO"
167115;2018-10-22;"segunda-feira";"22:00:00";"PR";376;2;"APUCARANA";"Ingestão de Álcool";"Colisão transversal";"Com Vítimas Feridas";"Plena Noite";"Decrescente";"Céu Claro";"Simples";"Reta";"Não";2;0;1;0;1;0;1;2;-23,5616859;-51,43449957;"SPRF-PR";"DEL07-PR";"UOP03-DEL07-PR"
167117;2018-10-22;"segunda-feira";"22:20:00";"GO";60;48;"APARECIDA DE GOIANIA";"Mal Súbito";"Colisão com objeto estático";"Com Vítimas Feridas";"Plena Noite";"Decrescente";"Nublado";"Dupla";"Reta";"Sim";1;0;1;0;0;0;1;1;-16,8101;-49,2397;"SPRF-GO";"DEL01-GO";"UOP03-DEL01-GO"
167118;2018-10-22;"segunda-feira";"23:00:00";"RJ";493;22;"MAGE";"Restrição de Visibilidade";"Colisão lateral";"Sem Vítimas";"Plena Noite";"Decrescente";"Nublado";"Simples";"Em Obras";"Não";2;0;0;0;2;0;0;2;-22,657847;-43,057231;"SPRF-RJ";"DEL04-RJ";"UOP02-DEL04-RJ"
167119;2018-10-22;"segunda-feira";"22:20:00";"MG";116;704,6;"MURIAE";"Falta de Atenção à Condução";"Colisão traseira";"Com Vítimas Feridas";"Plena Noite";"Decrescente";"Céu Claro";"Simples";"Interseção de Vias";"Sim";2;0;1;0;1;0;1;2;-21,12517839;-42,381669;"SPRF-MG";"DEL07-MG";"UOP02-DEL07-MG"
167121;2018-10-22;"segunda-feira";"21:30:00";"GO";40;132;"CRISTALINA";"Ultrapassagem Indevida";"Saída de leito carroçável";"Sem Vítimas";"Plena Noite";"Crescente";"Nublado";"Simples";"Reta;Declive";"Não";1;0;0;0;1;0;0;1;-16,925474;-47,34287;"SPRF-DF";"DEL01-DF";"UOP02-DEL01-DF"
167122;2018-10-22;"segunda-feira";"22:00:00";"RS";158;155;"PANAMBI";"Ingestão de Álcool";"Colisão com objeto estático";"Sem Vítimas";"Plena Noite";"Decrescente";"Nublado";"Simples";"Rotatória";"Sim";1;0;0;0;1;0;0;1;-28,32092898;-53,49826813;"SPRF-RS";"DEL10-RS";"UOP02-DEL10-RS"
167124;2018-10-22;"segunda-feira";"22:20:00";"RJ";101;312;"SAO GONCALO";"Falta de Atenção à Condução";"Engavetamento";"Sem Vítimas";"Plena Noite";"Decrescente";"Céu Claro";"Dupla";"Reta";"Sim";4;0;0;0;4;0;0;4;-22,80922552;-43,0651703;"SPRF-RJ";"DEL02-RJ";"DEL5/2-UOP04/RJ"
167126;2018-10-22;"segunda-feira";"21:55:00";"RJ";101;18,3;"CAMPOS DOS GOYTACAZES";"Ultrapassagem Indevida";"Colisão transversal";"Com Vítimas Feridas";"Plena Noite";"Decrescente";"Céu Claro";"Simples";"Curva";"Não";7;0;3;0;4;0;3;2;-21,36906629;-41,33787274;"SPRF-RJ";"DEL08-RJ";"UOP01-DEL08-RJ"
167127;2018-10-22;"segunda-feira";"19:00:00";"PE";428;173;"SANTA MARIA DA BOA VISTA";"Animais na Pista";"Atropelamento de Animal";"Sem Vítimas";"Plena Noite";"Crescente";"Céu Claro";"Dupla";"Curva";"Não";3;0;0;0;3;0;0;1;-8,718888;-39,77259;"SPRF-PE";"DEL06-PE";"UOP01-DEL06-PE"
167128;2018-10-23;"terça-feira";"00:25:00";"SC";101;210;"SAO JOSE";"Falta de Atenção à Condução";"Colisão transversal";"Com Vítimas Feridas";"Plena Noite";"Crescente";"Céu Claro";"Múltipla";"Interseção de Vias";"Sim";2;0;1;0;1;0;1;2;-27,61964847;-48,64891933;"SPRF-SC";"DEL01-SC";"UOP01-DEL01-SC"
167130;2018-10-23;"terça-feira";"02:20:00";"SP";116;221;"GUARULHOS";"Ingestão de Álcool";"Saída de leito carroçável";"Sem Vítimas";"Plena Noite";"Decrescente";"Céu Claro";"Múltipla";"Reta";"Sim";1;0;0;0;1;0;0;1;-23,47070123;-46,51555086;"SPRF-SP";"DEL01-SP";"UOP01-DEL01-SP"
167131;2018-10-23;"terça-feira";"02:30:00";"MS";60;221;"BANDEIRANTES";"Desobediência às normas de trânsito pelo pedestre";"Atropelamento de Pedestre";"Com Vítimas Fatais";"Plena Noite";"Decrescente";"Céu Claro";"Simples";"Reta";"Não";3;1;0;0;0;2;0;2;-19,64485093;-54,15435791;"SPRF-MS";"DEL06-MS";"UOP02-DEL06-MS"
167133;2018-10-23;"terça-feira";"00:51:00";"GO";153;311,1;"RIALMA";"Pista Escorregadia";"Saída de leito carroçável";"Com Vítimas Feridas";"Plena Noite";"Crescente";"Garoa/Chuvisco";"Simples";"Curva";"Não";6;0;6;0;0;0;6;1;-15,375852;-49,55616;"SPRF-GO";"DEL02-GO";"UOP02-DEL02-GO"
167134;2018-10-23;"terça-feira";"02:40:00";"RS";158;79,8;"BOA VISTA DAS MISSOES";"Pista Escorregadia";"Saída de leito carroçável";"Com Vítimas Feridas";"Plena Noite";"Decrescente";"Chuva";"Simples";"Curva";"Não";2;0;0;2;0;0;2;1;-27,73018543;-53,32158566;"SPRF-RS";"DEL08-RS";"UOP02-DEL08-RS"
167139;2018-10-23;"terça-feira";"05:30:00";"GO";60;386;"RIO VERDE";"Desobediência às normas de trânsito pelo condutor";"Colisão traseira";"Com Vítimas Feridas";"Amanhecer";"Crescente";"Nublado";"Dupla";"Curva";"Não";3;0;0;2;0;1;2;2;-17,8250607;-50,9619798;"SPRF-GO";"DEL04-GO";"UOP01-DEL04-GO"
167140;2018-10-23;"terça-feira";"06:00:00";"SP";116;304,9;"SAO LOURENCO DA SERRA";"Falta de Atenção à Condução";"Saída de leito carroçável";"Com Vítimas Feridas";"Amanhecer";"Crescente";"Céu Claro";"Dupla";"Reta;Declive";"Não";1;0;1;0;0;0;1;1;-23,83422705;-46,92954898;"SPRF-SP";"DEL04-SP";"UOP01-DEL04-SP"
167141;2018-10-23;"terça-feira";"05:50:00";"RJ";40;88;"PETROPOLIS";"Animais na Pista";"Atropelamento de Animal";"Com Vítimas Feridas";"Pleno dia";"Crescente";"Céu Claro";"Simples";"Reta";"Não";1;0;1;0;0;0;1;1;-22,55001641;-43,23297143;"SPRF-RJ";"DEL06-RJ";"UOP01-DEL06-RJ"
167143;2018-10-23;"terça-feira";"06:12:00";"PR";116;121;"CURITIBA";"Falta de Atenção à Condução";"Colisão lateral";"Com Vítimas Feridas";"Pleno dia";"Decrescente";"Céu Claro";"Dupla";"Reta";"Sim";3;0;1;1;1;0;2;3;-25,59629737;-49,31646459;"SPRF-PR";"DEL01-PR";"UOP03-DEL01-PR"
167144;2018-10-23;"terça-feira";"06:50:00";"PE";101;68;"RECIFE";"Falta de Atenção à Condução";"Colisão lateral";"Com Vítimas Feridas";"Pleno dia";"Crescente";"Céu Claro";"Dupla";"Reta";"Sim";3;0;2;0;1;0;2;2;-8,0595;-34,9458;"SPRF-PE";"DEL01-PE";"UOP01-DEL01-PE"
167145;2018-10-23;"terça-feira";"07:30:00";"GO";153;137;"MARA ROSA";"Avarias e/ou desgaste excessivo no pneu";"Saída de leito carroçável";"Com Vítimas Feridas";"Pleno dia";"Crescente";"Céu Claro";"Simples";"Aclive";"Não";2;0;0;2;0;0;2;1;-13,9671;-49,090271;"SPRF-GO";"DEL07-GO";"UOP01-DEL07-GO"
167147;2018-10-23;"terça-feira";"06:45:00";"ES";101;146;"LINHARES";"Falta de Atenção à Condução";"Colisão traseira";"Com Vítimas Feridas";"Pleno dia";"Decrescente";"Céu Claro";"Múltipla";"Reta";"Sim";1;0;1;0;0;0;1;1;-19,35941316;-40,06507874;"SPRF-ES";"DEL04-ES";"UOP01-DEL04-ES"
167148;2018-10-23;"terça-feira";"07:10:00";"SC";101;198;"BIGUACU";"Animais na Pista";"Atropelamento de Animal";"Com Vítimas Feridas";"Pleno dia";"Crescente";"Céu Claro";"Múltipla";"Reta";"Sim";1;0;1;0;0;0;1;1;-27,52874768;-48,63406397;"SPRF-SC";"DEL01-SC";"UOP01-DEL01-SC"
167149;2018-10-23;"terça-feira";"07:20:00";"GO";40;0,4;"VALPARAISO DE GOIAS";"Não guardar distância de segurança";"Colisão traseira";"Com Vítimas Feridas";"Pleno dia";"Decrescente";"Nublado";"Dupla";"Reta";"Sim";2;0;1;0;1;0;1;2;-16,058273;-47,982655;"SPRF-DF";"DEL01-DF";"UOP01-DEL01-DF"
167150;2018-10-23;"terça-feira";"07:25:00";"PR";476;125;"CURITIBA";"Deficiência ou não Acionamento do Sistema de Iluminação/Sinalização do Veículo";"Saída de leito carroçável";"Com Vítimas Feridas";"Pleno dia";"Crescente";"Céu Claro";"Dupla";"Curva;Em Obras";"Sim";1;0;1;0;0;0;1;1;-25,40905083;-49,21994425;"SPRF-PR";"DEL01-PR";"UOP07-DEL01-PR"
167151;2018-10-23;"terça-feira";"07:20:00";"SP";116;270;"TABOAO DA SERRA";"Falta de Atenção à Condução";"Colisão traseira";"Com Vítimas Feridas";"Pleno dia";"Decrescente";"Céu Claro";"Dupla";"Reta";"Sim";3;0;1;0;2;0;1;2;-23,60829257;-46,76063418;"SPRF-SP";"DEL04-SP";"UOP01-DEL04-SP"
167153;2018-10-23;"terça-feira";"07:40:00";"PE";232;4,4;"RECIFE";"Não guardar distância de segurança";"Colisão traseira";"Com Vítimas Feridas";"Pleno dia";"Decrescente";"Sol";"Dupla";"Reta;Declive";"Não";3;0;0;1;1;1;1;2;-8,066419;-34,941237;"SPRF-PE";"DEL01-PE";"UOP01-DEL01-PE"
167155;2018-10-23;"terça-feira";"07:20:00";"TO";153;157,8;"ARAGUAINA";"Avarias e/ou desgaste excessivo no pneu";"Tombamento";"Com Vítimas Feridas";"Pleno dia";"Crescente";"Céu Claro";"Simples";"Reta";"Não";2;0;0;2;0;0;2;1;-7,297842;-48,291779;"SPRF-TO";"DEL02-TO";"UOP01-DEL02-TO"
167157;2018-10-23;"terça-feira";"07:15:00";"PI";343;3,2;"TERESINA";"Falta de Atenção à Condução";"Colisão traseira";"Sem Vítimas";"Pleno dia";"Crescente";"Céu Claro";"Múltipla";"Interseção de Vias";"Sim";2;0;0;0;2;0;0;2;-5,08099496;-42,77784884;"SPRF-PI";"DEL01-PI";"UOP01-DEL01-PI"
167158;2018-10-23;"terça-feira";"06:00:00";"ES";101;262;"SERRA";"Animais na Pista";"Tombamento";"Com Vítimas Feridas";"Pleno dia";"Crescente";"Céu Claro";"Dupla";"Reta";"Sim";2;0;2;0;0;0;2;1;-20,15249117;-40,27899627;"SPRF-ES";"DEL02-ES";"UOP01-DEL02-ES"
167160;2018-10-23;"terça-feira";"07:50:00";"RS";116;260;"CANOAS";"Não guardar distância de segurança";"Colisão traseira";"Com Vítimas Feridas";"Pleno dia";"Crescente";"Garoa/Chuvisco";"Dupla";"Reta";"Sim";4;0;1;0;3;0;1;3;-29,87637381;-51,18106484;"SPRF-RS";"DEL01-RS";"UOP01-DEL01-RS"
167162;2018-10-23;"terça-feira";"06:20:00";"PR";476;136,4;"CURITIBA";"Falta de Atenção à Condução";"Colisão traseira";"Com Vítimas Feridas";"Pleno dia";"Decrescente";"Nublado";"Dupla";"Reta";"Sim";2;0;1;0;1;0;1;2;-25,491621;-49,271936;"SPRF-PR";"DEL01-PR";"UOP07-DEL01-PR"
167163;2018-10-23;"terça-feira";"08:10:00";"RS";290;87;"PORTO ALEGRE";"Falta de Atenção à Condução";"Queda de ocupante de veículo";"Com Vítimas Feridas";"Pleno dia";"Crescente";"Céu Claro";"Múltipla";"Reta";"Não";1;0;1;0;0;0;1;1;-29,967838;-51,127197;"SPRF-RS";"DEL01-RS";"UOP01-DEL01-RS"
167164;2018-10-23;"terça-feira";"06:40:00";"RN";101;101,9;"PARNAMIRIM";"Falta de Atenção à Condução";"Colisão lateral";"Com Vítimas Feridas";"Pleno dia";"Decrescente";"Céu Claro";"Dupla";"Reta";"Sim";2;0;1;0;1;0;1;2;-5,89506621;-35,12526512;"SPRF-RN";"DEL01-RN";"UOP01-DEL01-RN"
167165;2018-10-23;"terça-feira";"04:40:00";"RJ";40;120;"DUQUE DE CAXIAS";"Condutor Dormindo";"Colisão com objeto estático";"Com Vítimas Feridas";"Amanhecer";"Decrescente";"Céu Claro";"Múltipla";"Reta";"Sim";1;0;1;0;0;0;1;1;-22,78179029;-43,28554273;"SPRF-RJ";"DEL01-RJ";"UOP01-DEL01-RJ"
167168;2018-10-23;"terça-feira";"07:30:00";"ES";262;3,8;"CARIACICA";"Falta de Atenção à Condução";"Colisão lateral";"Com Vítimas Feridas";"Pleno dia";"Crescente";"Céu Claro";"Múltipla";"Interseção de Vias";"Sim";2;0;1;0;1;0;1;2;-20,3352914;-40,37685871;"SPRF-ES";"DEL01-ES";"UOP01-DEL01-ES"
167169;2018-10-23;"terça-feira";"08:10:00";"SP";116;144,6;"SAO JOSE DOS CAMPOS";"Falta de Atenção à Condução";"Colisão traseira";"Com Vítimas Feridas";"Pleno dia";"Decrescente";"Sol";"Dupla";"Declive";"Sim";2;0;0;1;1;0;1;2;-23,182779;-45,846405;"SPRF-SP";"DEL02-SP";"UOP01-DEL02-SP"
167172;2018-10-23;"terça-feira";"08:10:00";"PE";232;245;"ARCOVERDE";"Falta de Atenção à Condução";"Saída de leito carroçável";"Com Vítimas Feridas";"Pleno dia";"Crescente";"Céu Claro";"Simples";"Reta";"Não";1;0;0;1;0;0;1;1;-8,429241;-37,060127;"SPRF-PE";"DEL03-PE";"UOP02-DEL03-PE"
167175;2018-10-23;"terça-feira";"07:30:00";"RJ";116;174;"NOVA IGUACU";"Defeito Mecânico no Veículo";"Queda de ocupante de veículo";"Com Vítimas Feridas";"Pleno dia";"Decrescente";"Céu Claro";"Múltipla";"Reta";"Não";1;0;1;0;0;0;1;1;-22,77048345;-43,40904236;"SPRF-RJ";"DEL01-RJ";"UOP02-DEL01-RJ"
167178;2018-10-23;"terça-feira";"08:40:00";"RJ";116;168;"SAO JOAO DE MERITI";"Desobediência às normas de trânsito pelo condutor";"Colisão lateral";"Com Vítimas Feridas";"Pleno dia";"Decrescente";"Céu Claro";"Dupla";"Reta";"Não";2;0;1;0;1;0;1;2;-22,79359075;-43,36492538;"SPRF-RJ";"DEL01-RJ";"UOP02-DEL01-RJ"
167182;2018-10-23;"terça-feira";"07:30:00";"RN";101;94;"NATAL";"Não guardar distância de segurança";"Colisão traseira";"Com Vítimas Feridas";"Pleno dia";"Decrescente";"Céu Claro";"Múltipla";"Reta";"Sim";3;0;1;0;2;0;1;3;-5,831766;-35,211914;"SPRF-RN";"DEL01-RN";"UOP01-DEL01-RN"