"id";"data_inversa";"dia_semana";"horario";"uf";"br";"km";"municipio";"causa_acidente";"tipo_acidente";"classificacao_acidente";"fase_dia";"sentido_via";"condicao_metereologica";"tipo_pista";"tracado_via";"uso_solo";"pessoas";"mortos";"feridos_leves";"feridos_graves";"ilesos";"ignorados";"feridos";"veiculos";"latitude";"longitude";"regional";"delegacia";"uop"
167292;2018-10-23;"terça-feira";"21:10:00";"PE";116;26;"SALGUEIRO";"Falta de Atenção à Condução";"Colisão frontal";"Com Vítimas Feridas";"Plena Noite";"Crescente";"Nublado";"Simples";"Reta";"Sim";4;0;2;1;0;1;3;2;-8,069921;-39,13364;"SPRF-PE";"DEL05-PE";"UOP01-DEL05-PE"
167293;2018-10-23;"terça-feira";"20:20:00";"RJ";116;13;"TERESOPOLIS";"Defeito Mecânico no Veículo";"Incêndio";"Sem Vítimas";"Plena Noite";"Decrescente";"Nublado";"Simples";"Reta";"Não";1;0;0;0;1;0;0;1;-22,3511914;-42,9409267;"SPRF-RJ";"DEL04-RJ";"UOP01-DEL04-RJ"
167294;2018-10-23;"terça-feira";"21:30:00";"CE";20;326,5;"CARIDADE";"Falta de Atenção à Condução";"Colisão transversal";"Com Vítimas Fatais";"Plena Noite";"Crescente";"Céu Claro";"Simples";"Declive";"Sim";2;1;0;0;1;0;0;2;-4,223617;-39,195717;"SPRF-CE";"DEL02-CE";"UOP01-DEL02-CE"
167296;2018-10-23;"terça-feira";"22:30:00";"PB";230;4,5;"CABEDELO";"Desobediência às normas de trânsito pelo condutor";"Colisão lateral";"Com Vítimas Feridas";"Plena Noite";"Crescente";"Céu Claro";"Simples";"Reta;Em Obras";"Sim";7;0;0;2;2;3;2;3;-7,0004;-34,8284;"SPRF-PB";"DEL01-PB";"UOP01-DEL01-PB"
167302;2018-10-23;"terça-feira";"23:45:00";"RO";364;703;"PORTO VELHO";"Desobediência às normas de trânsito pelo condutor";"Colisão transversal";"Com Vítimas Feridas";"Plena Noite";"Decrescente";"Céu Claro";"Dupla";"Reta";"Sim";3;0;3;0;0;0;3;2;-8,80053682;-63,80318642;"SPRF-RO";"DEL01-RO";"UOP01-DEL01-RO"
167303;2018-10-23;"terça-feira";"23:10:00";"SC";101;383,2;"ICARA";"Falta de Atenção à Condução";"Capotamento";"Com Vítimas Feridas";"Plena Noite";"Crescente";"Ignorado";"Dupla";"Reta";"Não";2;0;1;0;1;0;1;1;-28,7686;-49,3019;"SPRF-SC";"DEL02-SC";"UOP02-DEL02-SC"
167304;2018-10-23;"terça-feira";"22:30:00";"PR";369;176,8;"ROLANDIA";"Animais na Pista";"Atropelamento de Animal";"Com Vítimas Feridas";"Plena Noite";"Crescente";"Chuva";"Dupla";"Reta";"Não";1;0;1;0;0;0;1;1;-23,3357542;-51,38863564;"SPRF-PR";"DEL07-PR";"UOP01-DEL07-PR"
167305;2018-10-24;"quarta-feira";"01:25:00";"BA";324;527,2;"FEIRA DE SANTANA";"Condutor Dormindo";"Capotamento";"Com Vítimas Feridas";"Plena Noite";"Decrescente";"Céu Claro";"Dupla";"Reta";"Não";2;0;2;0;0;0;2;1;-12,3220493;-38,8697733;"SPRF-BA";"DEL01-BA";"UOP01-DEL01-BA"
167306;2018-10-23;"terça-feira";"09:25:00";"PA";222;238;"MARABA";"Ultrapassagem Indevida";"Colisão frontal";"Com Vítimas Feridas";"Pleno dia";"Decrescente";"Céu Claro";"Simples";"Curva";"Sim";4;0;4;0;0;0;4;2;-5,301523;-49,072395;"SPRF-PA";"DEL03-PA";"UOP01-DEL03-PA"
167312;2018-10-24;"quarta-feira";"03:40:00";"RS";290;582,1;"ALEGRETE";"Ingestão de Álcool";"Colisão traseira";"Com Vítimas Feridas";"Plena Noite";"Crescente";"Céu Claro";"Simples";"Reta";"Não";2;0;0;1;1;0;1;2;-29,81085921;-55,79750061;"SPRF-RS";"DEL13-RS";"UOP02-DEL13-RS"
167314;2018-10-24;"quarta-feira";"04:30:00";"SP";116;515;"CAJATI";"Falta de Atenção à Condução";"Tombamento";"Sem Vítimas";"Amanhecer";"Crescente";"Garoa/Chuvisco";"Simples";"Reta";"Não";1;0;0;0;1;0;0;1;-24,85746889;-48,21756184;"SPRF-SP";"DEL05-SP";"UAP01-DEL05-SP"
167316;2018-10-24;"quarta-feira";"04:40:00";"PR";369;51,8;"BANDEIRANTES";"Objeto estático sobre o leito carroçável";"Capotamento";"Com Vítimas Feridas";"Plena Noite";"Decrescente";"Chuva";"Simples";"Reta";"Não";2;0;0;2;0;0;2;1;-23,113508;-50,331142;"SPRF-PR";"DEL07-PR";"UOP05-DEL07-PR"
167318;2018-10-24;"quarta-feira";"06:27:00";"SP";116;219;"GUARULHOS";"Falta de Atenção à Condução";"Tombamento";"Com Vítimas Feridas";"Pleno dia";"Crescente";"Chuva";"Múltipla";"Reta";"Sim";2;0;2;0;0;0;2;1;-23,4638744;-46,49687469;"SPRF-SP";"DEL01-SP";"UOP01-DEL01-SP"
167321;2018-10-24;"quarta-feira";"06:30:00";"ES";101;370,5;"ANCHIETA";"Falta de Atenção à Condução";"Colisão transversal";"Com Vítimas Feridas";"Amanhecer";"Decrescente";"Céu Claro";"Simples";"Interseção de Vias";"Não";3;0;1;0;2;0;1;2;-20,77097129;-40,76337039;"SPRF-ES";"DEL03-ES";"UOP01-DEL03-ES"
167323;2018-10-16;"terça-feira";"07:30:00";"SC";101;210;"SAO JOSE";"Não guardar distância de segurança";"Colisão traseira";"Com Vítimas Feridas";"Pleno dia";"Decrescente";"Sol";"Múltipla";"Reta";"Sim";3;0;1;0;2;0;1;3;-27,61631864;-48,6449571;"SPRF-SC";"DEL01-SC";"UOP01-DEL01-SC"
167324;2018-10-24;"quarta-feira";"06:40:00";"SP";116;224,6;"GUARULHOS";"Não guardar distância de segurança";"Queda de ocupante de veículo";"Com Vítimas Feridas";"Amanhecer";"Crescente";"Chuva";"Múltipla";"Reta";"Sim";1;0;1;0;0;0;1;1;-23,48352923;-46,53685569;"SPRF-SP";"DEL01-SP";"UOP01-DEL01-SP"
167325;2018-10-24;"quarta-feira";"07:40:00";"PE";232;136,9;"CARUARU";"Falta de Atenção à Condução";"Colisão traseira";"Com Vítimas Feridas";"Pleno dia";"Crescente";"Céu Claro";"Dupla";"Reta";"Não";2;0;1;0;0;1;1;2;-8,31568;-36,04987;"SPRF-PE";"DEL02-PE";"UOP03-DEL02-PE"
167326;2018-10-24;"quarta-feira";"05:20:00";"RO";364;658;"CANDEIAS DO JAMARI";"Falta de Atenção à Condução";"Colisão lateral";"Com Vítimas Feridas";"Amanhecer";"Crescente";"Nublado";"Simples";"Reta";"Não";5;0;1;0;3;1;1;3;-8,84492339;-63,44721671;"SPRF-RO";"DEL01-RO";"UOP01-DEL01-RO"
167328;2018-07-22;"domingo";"21:30:00";"MA";316;280;"BELA VISTA DO MARANHAO";"Desobediência às normas de trânsito pelo condutor";"Colisão traseira";"Com Vítimas Feridas";"Plena Noite";"Crescente";"Céu Claro";"Simples";"Reta";"Sim";3;0;1;1;1;0;2;2;-3,747769;-45,2397;"SPRF-MA";"DEL02-MA";"UI04-DEL02-MA"
167329;2018-10-24;"quarta-feira";"08:00:00";"RS";287;255,9;"SANTA MARIA";"Falta de Atenção à Condução";"Colisão frontal";"Com Vítimas Feridas";"Pleno dia";"Decrescente";"Céu Claro";"Simples";"Reta";"Não";3;0;1;0;2;0;1;3;-29,684521;-53,920952;"SPRF-RS";"DEL09-RS";"UOP01-DEL09-RS"
167331;2018-10-24;"quarta-feira";"08:10:00";"PR";277;660;"MATELANDIA";"Pista Escorregadia";"Saída de leito carroçável";"Sem Vítimas";"Pleno dia";"Crescente";"Chuva";"Dupla";"Declive";"Não";1;0;0;0;1;0;0;1;-25,251387;-53,990307;"SPRF-PR";"DEL05-PR";"UOP02-DEL05-PR"
167332;2018-10-24;"quarta-feira";"07:55:00";"PR";376;635,6;"SAO JOSE DOS PINHAIS";"Falta de Atenção à Condução";"Saída de leito carroçável";"Sem Vítimas";"Pleno dia";"Crescente";"Sol";"Dupla";"Reta";"Não";1;0;0;0;1;0;0;1;-25,51595334;-49,11712646;"SPRF-PR";"DEL01-PR";"DEL7/1-UOP08/PR"
167333;2018-10-24;"quarta-feira";"07:25:00";"BA";116;5,5;"VITORIA DA CONQUISTA";"Defeito Mecânico no Veículo";"Saída de leito carroçável";"Com Vítimas Feridas";"Pleno dia";"Crescente";"Céu Claro";"Simples";"Reta";"Não";2;0;2;0;0;0;2;1;-14,824241;-40,88166;"SPRF-BA";"DEL08-BA";"UOP01-DEL08-BA"
167334;2018-10-24;"quarta-feira";"08:10:00";"SC";280;28,1;"ARAQUARI";"Falta de Atenção à Condução";"Colisão transversal";"Com Vítimas Feridas";"Pleno dia";"Crescente";"Chuva";"Simples";"Reta";"Sim";1;0;1;0;0;0;1;1;-26,40537277;-48,74639368;"SPRF-SC";"DEL03-SC";"UOP03-DEL03-SC"
167337;2018-10-24;"quarta-feira";"07:30:00";"MG";381;481,6;"CONTAGEM";"Não guardar distância de segurança";"Colisão traseira";"Com Vítimas Feridas";"Pleno dia";"Crescente";"Sol";"Dupla";"Reta";"Sim";2;0;1;0;1;0;1;2;-19,95902955;-44,06607628;"SPRF-MG";"DEL01-MG";"UOP03-DEL01-MG"
167339;2018-10-24;"quarta-feira";"09:00:00";"PR";277;488,2;"NOVA LARANJEIRAS";"Velocidade Incompatível";"Saída de leito carroçável";"Sem Vítimas";"Pleno dia";"Crescente";"Garoa/Chuvisco";"Simples";"Curva";"Não";1;0;0;0;1;0;0;1;-25,28661075;-52,58571625;"SPRF-PR";"DEL04-PR";"UOP02-DEL04-PR"
167340;2018-10-24;"quarta-feira";"08:30:00";"PA";10;183,8;"IPIXUNA DO PARA";"Desobediência às normas de trânsito pelo condutor";"Colisão lateral";"Com Vítimas Feridas";"Pleno dia";"Crescente";"Céu Claro";"Simples";"Reta";"Não";2;0;1;0;1;0;1;2;-2,8271985;-47,44573474;"SPRF-PA";"DEL02-PA";"UOP01-DEL02-PA"
167341;2018-10-24;"quarta-feira";"08:50:00";"PR";467;105,8;"CASCAVEL";"Falta de Atenção à Condução";"Saída de leito carroçável";"Com Vítimas Feridas";"Pleno dia";"Crescente";"Chuva";"Dupla";"Curva";"Não";2;0;1;1;0;0;2;1;-24,91746011;-53,48398268;"SPRF-PR";"DEL04-PR";"UOP01-DEL04-PR"
167347;2018-07-29;"domingo";"08:00:00";"RJ";40;106;"DUQUE DE CAXIAS";"Falta de Atenção à Condução";"Capotamento";"Com Vítimas Feridas";"Pleno dia";"Decrescente";"Céu Claro";"Dupla";"Reta";"Não";2;0;1;0;1;0;1;2;-22,6266905;-43,2859814;"SPRF-RJ";"DEL01-RJ";"UOP01-DEL01-RJ"
167349;2018-10-24;"quarta-feira";"09:30:00";"BA";116;819,5;"VITORIA DA CONQUISTA";"Falta de Atenção à Condução";"Colisão traseira";"Sem Vítimas";"Pleno dia";"Crescente";"Sol";"Múltipla";"Curva";"Não";2;0;0;0;2;0;0;2;-14,829596;-40,830987;"SPRF-BA";"DEL08-BA";"UOP01-DEL08-BA"
167350;2018-06-27;"quarta-feira";"20:30:00";"PB";412;26,8;"BOA VISTA";"Ingestão de Álcool";"Colisão frontal";"Com Vítimas Feridas";"Plena Noite";"Crescente";"Céu Claro";"Simples";"Reta";"Não";2;0;0;2;0;0;2;2;-7,287084;-36,287048;"SPRF-PB";"DEL02-PB";"UOP02-DEL02-PB"
167353;2018-09-22;"sábado";"20:00:00";"PR";476;130;"CURITIBA";"Condutor Dormindo";"Colisão com objeto estático";"Sem Vítimas";"Plena Noite";"Decrescente";"Nublado";"Dupla";"Reta";"Sim";1;0;0;0;1;0;0;1;-25,449564;-49,236427;"SPRF-PR";"DEL01-PR";"UOP07-DEL01-PR"
167354;2018-10-24;"quarta-feira";"10:00:00";"PE";232;294,8;"SERTANIA";"Condutor Dormindo";"Capotamento";"Sem Vítimas";"Pleno dia";"Crescente";"Céu Claro";"Simples";"Reta";"Não";1;0;0;0;1;0;0;1;-8,359081;-37,274879;"SPRF-PE";"DEL03-PE";"UOP02-DEL03-PE"
167359;2018-10-24;"quarta-feira";"11:50:00";"SC";101;207,8;"SAO JOSE";"Falta de Atenção à Condução";"Colisão lateral";"Com Vítimas Feridas";"Pleno dia";"Decrescente";"Céu Claro";"Dupla";"Reta";"Não";2;0;1;0;1;0;1;2;-27,6023812;-48,62935066;"SPRF-SC";"DEL01-SC";"UOP01-DEL01-SC"
167363;2018-10-24;"quarta-feira";"10:30:00";"SP";381;81;"SAO PAULO";"Não guardar distância de segurança";"Colisão traseira";"Com Vítimas Feridas";"Pleno dia";"Decrescente";"Chuva";"Dupla";"Reta";"Sim";3;0;2;0;1;0;2;3;-23,43659134;-46,56803914;"SPRF-SP";"DEL03-SP";"DEL6/3-UOP03/SP"
167365;2018-10-24;"quarta-feira";"12:45:00";"SC";101;109,4;"PENHA";"Velocidade Incompatível";"Colisão com objeto estático";"Com Vítimas Feridas";"Pleno dia";"Crescente";"Chuva";"Dupla";"Curva";"Sim";1;0;1;0;0;0;1;1;-26,835;-48,702;"SPRF-SC";"DEL03-SC";"UOP02-DEL03-SC"
167366;2018-10-24;"quarta-feira";"12:04:00";"SC";101;56,6;"ARAQUARI";"Falta de Atenção à Condução";"Queda de ocupante de veículo";"Com Vítimas Feridas";"Pleno dia";"Decrescente";"Chuva";"Dupla";"Reta";"Não";1;0;1;0;0;0;1;1;-26,4355705;-48,81504536;"SPRF-SC";"DEL03-SC";"UOP01-DEL03-SC"
167367;2018-10-24;"quarta-feira";"11:20:00";"MG";381;332;"NOVA ERA";"Desobediência às normas de trânsito pelo condutor";"Colisão frontal";"Sem Vítimas";"Pleno dia";"Crescente";"Céu Claro";"Simples";"Aclive";"Sim";3;0;0;0;2;1;0;2;-19,78479575;-43,04602146;"SPRF-MG";"DEL03-MG";"UOP01-DEL03-MG"
167368;2018-10-24;"quarta-feira";"11:55:00";"PB";230;12,5;"CABEDELO";"Ingestão de Álcool";"Atropelamento de Pedestre";"Com Vítimas Feridas";"Pleno dia";"Crescente";"Céu Claro";"Dupla";"Reta";"Sim";3;0;0;1;1;1;1;3;-7,076892;-34,84933;"SPRF-PB";"DEL01-PB";"UOP01-DEL01-PB"
167369;2018-10-24;"quarta-feira";"12:30:00";"PE";428;96;"SANTA MARIA DA BOA VISTA";"Animais na Pista";"Atropelamento de Animal";"Sem Vítimas";"Pleno dia";"Crescente";"Céu Claro";"Simples";"Reta";"Não";1;0;0;0;1;0;0;1;-8,819541;-39,927242;"SPRF-PE";"DEL06-PE";"UOP03-DEL06-PE"
167370;2018-10-24;"quarta-feira";"11:25:00";"SP";101;39;"UBATUBA";"Pista Escorregadia";"Colisão com objeto estático";"Sem Vítimas";"Pleno dia";"Decrescente";"Chuva";"Simples";"Curva";"Não";1;0;0;0;1;0;0;1;-23,41410728;-45,02918243;"SPRF-SP";"DEL06-SP";"UOP01-DEL06-SP"
167373;2018-10-24;"quarta-feira";"13:10:00";"SC";470;56;"BLUMENAU";"Desobediência às normas de trânsito pelo condutor";"Colisão transversal";"Com Vítimas Feridas";"Pleno dia";"Decrescente";"Chuva";"Simples";"Reta";"Sim";3;0;1;0;2;0;1;2;-26,87749698;-49,13029578;"SPRF-SC";"DEL04-SC";"UOP01-DEL04-SC"
167375;2018-10-24;"quarta-feira";"13:30:00";"SC";101;203,5;"SAO JOSE";"Falta de Atenção à Condução";"Colisão traseira";"Com Vítimas Feridas";"Pleno dia";"Crescente";"Nublado";"Múltipla";"Reta";"Sim";3;0;2;0;1;0;2;2;-27,5742;-48,6134;"SPRF-SC";"DEL01-SC";"UOP01-DEL01-SC"
167377;2018-10-24;"quarta-feira";"12:00:00";"MG";116;412,2;"GOVERNADOR VALADARES";"Animais na Pista";"Atropelamento de Animal";"Com Vítimas Feridas";"Pleno dia";"Crescente";"Céu Claro";"Múltipla";"Reta";"Sim";2;0;1;0;1;0;1;2;-18,88095014;-41,95970535;"SPRF-MG";"DEL06-MG";"UOP01-DEL06-MG"
167378;2018-10-24;"quarta-feira";"12:00:00";"GO";40;8,7;"VALPARAISO DE GOIAS";"Defeito Mecânico no Veículo";"Saída de leito carroçável";"Sem Vítimas";"Pleno dia";"Decrescente";"Céu Claro";"Dupla";"Reta";"Sim";1;0;0;0;1;0;0;1;-16,116158;-47,96761;"SPRF-DF";"DEL01-DF";"UOP01-DEL01-DF"
167380;2018-10-24;"quarta-feira";"11:45:00";"PR";116;210;"RIO NEGRO";"Desobediência às normas de trânsito pelo condutor";"Colisão transversal";"Com Vítimas Feridas";"Pleno dia";"Decrescente";"Chuva";"Simples";"Interseção de Vias";"Sim";2;0;0;1;1;0;1;2;-26,101749;-49,780796;"SPRF-SC";"DEL06-SC";"UOP01-DEL06-SC"
167381;2018-10-24;"quarta-feira";"10:45:00";"MG";262;574;"CORREGO DANTA";"Pista Escorregadia";"Saída de leito carroçável";"Com Vítimas Feridas";"Pleno dia";"Decrescente";"Chuva";"Simples";"Curva";"Não";4;0;1;0;3;0;1;1;-19,72961;-46,018539;"SPRF-MG";"N/A";"N/A"
167384;2018-10-24;"quarta-feira";"12:10:00";"MG";116;422;"CARATINGA";"Falta de Atenção à Condução";"Capotamento";"Com Vítimas Feridas";"Pleno dia";"Decrescente";"Céu Claro";"Simples";"Reta";"Não";1;0;1;0;0;0;1;1;-19,73137141;-42,13321745;"SPRF-MG";"DEL06-MG";"UOP01-DEL06-MG"
167385;2018-10-24;"quarta-feira";"12:20:00";"PI";343;330,1;"TERESINA";"Avarias e/ou desgaste excessivo no pneu";"Tombamento";"Com Vítimas Feridas";"Pleno dia";"Crescente";"Sol";"Simples";"Reta";"Sim";2;0;1;1;0;0;2;1;-5,0567229;-42,6842822;"SPRF-PI";"DEL01-PI";"UOP01-DEL01-PI"
167386;2018-10-24;"quarta-feira";"13:40:00";"PR";376;658;"TIJUCAS DO SUL";"Avarias e/ou desgaste excessivo no pneu";"Tombamento";"Sem Vítimas";"Pleno dia";"Decrescente";"Chuva";"Dupla";"Curva";"Não";1;0;0;0;1;0;0;1;-25,84682647;-49,00584698;"SPRF-PR";"DEL01-PR";"DEL7/1-UOP08/PR"
167387;2018-10-24;"quarta-feira";"13:45:00";"TO";153;112;"WANDERLANDIA";"Desobediência às normas de trânsito pelo condutor";"Colisão frontal";"Com Vítimas Fatais";"Pleno dia";"Crescente";"Céu Claro";"Simples";"Curva";"Não";3;1;0;0;1;1;0;3;-6,967053;-48,098759;"SPRF-TO";"DEL02-TO";"UOP01-DEL02-TO"
167388;2018-10-24;"quarta-feira";"11:40:00";"RO";364;343;"JI-PARANA";"Desobediência às normas de trânsito pelo condutor";"Colisão lateral";"Com Vítimas Feridas";"Pleno dia";"Crescente";"Céu Claro";"Simples";"Retorno Regulamentado";"Sim";3;0;2;0;1;0;2;2;-10,878848;-61,944893;"SPRF-RO";"DEL02-RO";"UOP01-DEL02-RO"
167392;2018-10-24;"quarta-feira";"14:00:00";"PR";476;132,8;"CURITIBA";"Falta de Atenção à Condução";"Colisão traseira";"Sem Vítimas";"Pleno dia";"Decrescente";"Chuva";"Múltipla";"Interseção de Vias";"Não";2;0;0;0;1;1;0;2;-25,49628193;-49,27559045;"SPRF-PR";"DEL01-PR";"UOP07-DEL01-PR"
167396;2018-10-10;"quarta-feira";"19:20:00";"DF";70;8;"BRASILIA";"Não guardar distância de segurança";"Engavetamento";"Com Vítimas Feridas";"Plena Noite";"Crescente";"Nublado";"Dupla";"Declive";"Sim";5;0;2;0;3;0;2;4;-15,784966;-48,122108;"SPRF-DF";"DEL01-DF";"UOP02-DEL03-DF"
167397;2018-10-24;"quarta-feira";"13:35:00";"PB";230;4,9;"CABEDELO";"Ultrapassagem Indevida";"Colisão lateral";"Com Vítimas Feridas";"Pleno dia";"Decrescente";"Sol";"Simples";"Em Obras";"Sim";3;0;1;1;1;0;2;2;-7,009082;-34,830787;"SPRF-PB";"DEL01-PB";"UOP01-DEL01-PB"
167399;2018-10-24;"quarta-feira";"14:45:00";"SP";116;7;"QUELUZ";"Falta de Atenção à Condução";"Colisão lateral";"Sem Vítimas";"Pleno dia";"Crescente";"Chuva";"Dupla";"Curva";"Sim";2;0;0;0;2;0;0;2;-22,53587856;-44,76295942;"SPRF-SP";"DEL08-SP";"UOP02-DEL08-SP"
167400;2018-10-24;"quarta-feira";"15:10:00";"SC";470;6,1;"NAVEGANTES";"Desobediência às normas de trânsito pelo condutor";"Colisão frontal";"Com Vítimas Feridas";"Pleno dia";"Crescente";"Céu Claro";"Dupla";"Reta";"Sim";2;0;0;1;1;0;1;2;-26,85099697;-48,71106696;"SPRF-SC";"DEL04-SC";"UOP04-DEL04-SC"
167401;2018-10-24;"quarta-feira";"15:20:00";"RN";101;104;"PARNAMIRIM";"Defeito Mecânico no Veículo";"Colisão traseira";"Com Vítimas Feridas";"Pleno dia";"Crescente";"Céu Claro";"Dupla";"Viaduto";"Sim";3;0;2;0;1;0;2;2;-5,8922501;-35,2576694;"SPRF-RN";"DEL01-RN";"UOP01-DEL01-RN"
167403;2018-10-24;"quarta-feira";"13:30:00";"BA";418;87;"NOVA VICOSA";"Desobediência às normas de trânsito pelo condutor";"Colisão transversal";"Com Vítimas Feridas";"Pleno dia";"Decrescente";"Sol";"Simples";"Reta";"Sim";2;0;1;0;1;0;1;2;-17,88465918;-39,84518051;"SPRF-BA";"DEL09-BA";"UOP02-DEL09-BA"
167405;2018-10-24;"quarta-feira";"14:30:00";"RJ";40;63;"PETROPOLIS";"Não guardar distância de segurança";"Queda de ocupante de veículo";"Com Vítimas Fatais";"Pleno dia";"Crescente";"Garoa/Chuvisco";"Múltipla";"Curva";"Não";1;1;0;0;0;0;0;1;-22,4114789;-43,1479626;"SPRF-RJ";"DEL06-RJ";"UOP01-DEL06-RJ"
167407;2018-10-24;"quarta-feira";"13:10:00";"SP";381;76,3;"SAO PAULO";"Falta de Atenção à Condução";"Capotamento";"Com Vítimas Feridas";"Pleno dia";"Crescente";"Chuva";"Dupla";"Curva";"Não";1;0;1;0;0;0;1;1;-23,38653732;-46,56804085;"SPRF-SP";"DEL03-SP";"DEL6/3-UOP03/SP"
167409;2018-10-24;"quarta-feira";"15:30:00";"GO";60;465;"JATAI";"Desobediência às normas de trânsito pelo pedestre";"Colisão lateral";"Com Vítimas Feridas";"Pleno dia";"Decrescente";"Nublado";"Dupla";"Retorno Regulamentado";"Não";3;0;2;0;1;0;2;2;-17,8893;-51,6555;"SPRF-GO";"DEL05-GO";"UOP01-DEL05-GO"
167410;2018-10-24;"quarta-feira";"15:20:00";"PE";232;107,5;"BEZERROS";"Não guardar distância de segurança";"Colisão traseira";"Sem Vítimas";"Pleno dia";"Decrescente";"Céu Claro";"Dupla";"Reta";"Não";2;0;0;0;2;0;0;2;-8,25219;-35,76585;"SPRF-PE";"DEL02-PE";"UOP03-DEL02-PE"
167411;2018-10-24;"quarta-feira";"15:15:00";"RJ";393;107;"SAPUCAIA";"Falta de Atenção à Condução";"Colisão transversal";"Com Vítimas Feridas";"Pleno dia";"Crescente";"Céu Claro";"Simples";"Reta";"Sim";2;0;1;0;1;0;1;2;-21,89170596;-42,70703048;"SPRF-RJ";"DEL06-RJ";"UOP01-DEL05-RJ"
167413;2018-10-24;"quarta-feira";"16:15:00";"PR";376;526,2;"PONTA GROSSA";"Velocidade Incompatível";"Saída de leito carroçável";"Com Vítimas Feridas";"Pleno dia";"Decrescente";"Chuva";"Dupla";"Reta";"Não";2;0;0;1;1;0;1;1;-25,27760805;-49,92462158;"SPRF-PR";"DEL03-PR";"UOP04-DEL03-PR"
167416;2018-09-16;"domingo";"10:30:00";"MG";381;3,3;"BETIM";"Falta de Atenção à Condução";"Colisão traseira";"Com Vítimas Feridas";"Pleno dia";"Crescente";"Chuva";"Dupla";"Curva";"Sim";6;0;3;3;0;0;6;2;-19,97278411;-44,16057587;"SPRF-MG";"DEL01-MG";"UOP03-DEL01-MG"
167417;2018-10-24;"quarta-feira";"16:00:00";"DF";70;1,3;"BRASILIA";"Falta de Atenção à Condução";"Colisão lateral";"Com Vítimas Feridas";"Pleno dia";"Decrescente";"Céu Claro";"Dupla";"Reta";"Sim";3;0;1;0;2;0;1;2;-15,79594948;-48,065759;"SPRF-DF";"DEL01-DF";"UOP02-DEL03-DF"
167418;2018-10-24;"quarta-feira";"12:30:00";"AC";364;136;"RIO BRANCO";"Falta de Atenção à Condução";"Colisão traseira";"Sem Vítimas";"Pleno dia";"Crescente";"Nublado";"Simples";"Rotatória";"Sim";2;0;0;0;2;0;0;2;-9,97725115;-67,84886956;"SPRF-AC";"DEL01-AC";"UOP01-DEL01-AC"
167425;2018-10-24;"quarta-feira";"16:50:00";"PB";230;28,1;"JOAO PESSOA";"Não guardar distância de segurança";"Colisão lateral";"Com Vítimas Feridas";"Pleno dia";"Crescente";"Céu Claro";"Dupla";"Aclive";"Sim";3;0;2;0;1;0;2;2;-7,16538491;-34,89504576;"SPRF-PB";"DEL01-PB";"UOP01-DEL01-PB"
167426;2018-10-24;"quarta-feira";"16:20:00";"RS";158;323;"SANTA MARIA";"Mal Súbito";"Queda de ocupante de veículo";"Com Vítimas Fatais";"Pleno dia";"Decrescente";"Céu Claro";"Simples";"Reta";"Sim";2;1;0;0;0;1;0;2;-29,695568;-53,78022;"SPRF-RS";"DEL09-RS";"UOP01-DEL09-RS"
167430;2018-10-24;"quarta-feira";"16:40:00";"MG";365;9,5;"MONTES CLAROS";"Animais na Pista";"Atropelamento de Animal";"Com Vítimas Feridas";"Pleno dia";"Decrescente";"Chuva";"Simples";"Reta";"Não";1;0;0;1;0;0;1;1;-16,83452;-43,943565;"SPRF-MG";"DEL12-MG";"UOP01-DEL12-MG"
167433;2018-10-24;"quarta-feira";"18:00:00";"PR";116;116,8;"CURITIBA";"Mal Súbito";"Queda de ocupante de veículo";"Com Vítimas Feridas";"Plena Noite";"Crescente";"Chuva";"Dupla";"Reta";"Sim";1;0;1;0;0;0;1;1;-25,544559;-49,30146;"SPRF-PR";"DEL01-PR";"UOP07-DEL01-PR"
167434;2018-10-24;"quarta-feira";"17:35:00";"CE";116;56,4;"PACAJUS";"Falta de Atenção à Condução";"Colisão lateral";"Com Vítimas Feridas";"Anoitecer";"Decrescente";"Céu Claro";"Simples";"Reta";"Não";2;0;1;1;0;0;2;1;-4,21421555;-38,47372949;"SPRF-CE";"DEL03-CE";"UOP02-DEL03-CE"
167438;2018-10-24;"quarta-feira";"17:40:00";"SC";101;326;"CAPIVARI DE BAIXO";"Desobediência às normas de trânsito pelo condutor";"Atropelamento de Pedestre";"Com Vítimas Feridas";"Pleno dia";"Crescente";"Céu Claro";"Simples";"Reta";"Sim";3;0;1;1;0;1;2;3;-28,4302804;-48,9526102;"SPRF-SC";"DEL02-SC";"UOP01-DEL02-SC"
167439;2018-10-24;"quarta-feira";"18:00:00";"RJ";101;250;"SILVA JARDIM";"Mal Súbito";"Colisão com objeto estático";"Com Vítimas Fatais";"Anoitecer";"Crescente";"Chuva";"Dupla";"Reta";"Não";1;1;0;0;0;0;0;1;-22,676118;-42,518771;"SPRF-RJ";"DEL02-RJ";"UOP03-DEL02-RJ"
167442;2018-10-24;"quarta-feira";"16:30:00";"SC";116;111,4;"SANTA CECILIA";"Mal Súbito";"Saída de leito carroçável";"Com Vítimas Feridas";"Pleno dia";"Decrescente";"Chuva";"Simples";"Reta";"Não";1;0;1;0;0;0;1;1;-26,76952464;-50,34948202;"SPRF-SC";"DEL06-SC";"UOP02-DEL06-SC"