"id";"data_inversa";"dia_semana";"horario";"uf";"br";"km";"municipio";"causa_acidente";"tipo_acidente";"classificacao_acidente";"fase_dia";"sentido_via";"condicao_metereologica";"tipo_pista";"tracado_via";"uso_solo";"pessoas";"mortos";"feridos_leves";"feridos_graves";"ilesos";"ignorados";"feridos";"veiculos";"latitude";"longitude";"regional";"delegacia";"uop"
167561;2018-10-08;"segunda-feira";"00:45:00";"SP";153;256,9;"MARILIA";"Ingestão de Álcool";"Colisão com objeto estático";"Sem Vítimas";"Plena Noite";"Decrescente";"Nublado";"Simples";"Rotatória";"Sim";3;0;0;0;2;1;0;2;-22,238632;-49,919465;"SPRF-SP";"DEL07-SP";"UOP02-DEL07-SP"
167562;2018-09-18;"terça-feira";"05:00:00";"SC";282;162,2;"BOM RETIRO";"Falta de Atenção à Condução";"Colisão frontal";"Com Vítimas Feridas";"Plena Noite";"Decrescente";"Garoa/Chuvisco";"Simples";"Curva";"Não";5;0;4;1;0;0;5;2;-27,729252;-49,77306;"SPRF-SC";"DEL05-SC";"UOP01-DEL05-SC"
167563;2018-10-04;"quinta-feira";"06:10:00";"PB";101;122;"CAAPORA";"Falta de Atenção à Condução";"Colisão com objeto estático";"Com Vítimas Feridas";"Amanhecer";"Crescente";"Garoa/Chuvisco";"Dupla";"Curva";"Não";4;0;2;0;2;0;2;1;-7,4681;-34,9768;"SPRF-PB";"DEL01-PB";"UOP01-DEL01-PB"
167564;2018-10-25;"quinta-feira";"07:20:00";"RN";405;1;"MOSSORO";"Falta de Atenção do Pedestre";"Atropelamento de Pedestre";"Com Vítimas Feridas";"Pleno dia";"Decrescente";"Céu Claro";"Dupla";"Reta";"Sim";2;0;0;1;1;0;1;2;-5,191708;-37,361526;"SPRF-RN";"DEL04-RN";"UOP02-DEL04-RN"
167568;2018-10-25;"quinta-feira";"09:40:00";"PR";476;148;"ARAUCARIA";"Avarias e/ou desgaste excessivo no pneu";"Tombamento";"Com Vítimas Feridas";"Pleno dia";"Crescente";"Nublado";"Dupla";"Aclive;Reta";"Não";1;0;1;0;0;0;1;1;-25,5568319;-49,347863;"SPRF-PR";"DEL01-PR";"UOP06-DEL01-PR"
167569;2018-10-25;"quinta-feira";"08:09:00";"SC";163;66,7;"SAO MIGUEL DO OESTE";"Desobediência às normas de trânsito pelo condutor";"Colisão transversal";"Com Vítimas Feridas";"Pleno dia";"Crescente";"Garoa/Chuvisco";"Simples";"Reta";"Sim";4;0;0;1;3;0;1;2;-26,768297;-53,500191;"SPRF-SC";"DEL07-SC";"UOP03-DEL07-SC"
167573;2018-07-17;"terça-feira";"12:45:00";"PR";369;198;"APUCARANA";"Falta de Atenção à Condução";"Tombamento";"Com Vítimas Feridas";"Pleno dia";"Crescente";"Ignorado";"Dupla";"Reta";"Sim";1;0;1;0;0;0;1;1;-23,51723685;-51,42812756;"SPRF-PR";"DEL07-PR";"UOP03-DEL07-PR"
167574;2018-10-25;"quinta-feira";"10:30:00";"SP";116;517,1;"CAJATI";"Velocidade Incompatível";"Saída de leito carroçável";"Com Vítimas Feridas";"Pleno dia";"Decrescente";"Chuva";"Dupla";"Curva";"Não";2;0;2;0;0;0;2;1;-24,8814533;-48,21006775;"SPRF-SP";"DEL05-SP";"UAP01-DEL05-SP"
167577;2018-10-25;"quinta-feira";"10:30:00";"SE";101;143;"ESTANCIA";"Condutor Dormindo";"Colisão traseira";"Com Vítimas Feridas";"Pleno dia";"Crescente";"Sol";"Dupla";"Reta";"Não";3;0;2;0;1;0;2;2;-11,2095;-37,4137;"SPRF-SE";"DEL02-SE";"UOP01-DEL02-SE"
167579;2018-10-25;"quinta-feira";"11:30:00";"BA";324;512;"FEIRA DE SANTANA";"Desobediência às normas de trânsito pelo condutor";"Colisão transversal";"Com Vítimas Feridas";"Pleno dia";"Crescente";"Céu Claro";"Simples";"Reta";"Sim";2;0;1;0;1;0;1;2;-12,23200704;-38,954896;"SPRF-BA";"DEL02-BA";"UOP01-DEL02-BA"
167582;2018-10-14;"domingo";"15:20:00";"BA";101;242;"CONCEICAO DO ALMEIDA";"Falta de Atenção à Condução";"Colisão traseira";"Sem Vítimas";"Pleno dia";"Decrescente";"Céu Claro";"Simples";"Reta";"Não";2;0;0;0;2;0;0;2;-12,7789912;-39,18783009;"SPRF-BA";"DEL01-BA";"UOP02-DEL01-BA"
167583;2018-10-25;"quinta-feira";"05:40:00";"MT";70;569,1;"NOSSA SENHORA DO LIVRAMENTO";"Falta de Atenção à Condução";"Capotamento";"Com Vítimas Feridas";"Pleno dia";"Decrescente";"Céu Claro";"Simples";"Reta";"Não";2;0;2;0;0;0;2;1;-15,74081351;-56,5397054;"SPRF-MT";"DEL01-MT";"DEL2/4-UOP02/MT"
167589;2018-10-25;"quinta-feira";"11:45:00";"PR";369;400,1;"MAMBORE";"Falta de Atenção à Condução";"Saída de leito carroçável";"Com Vítimas Feridas";"Pleno dia";"Crescente";"Chuva";"Simples";"Reta";"Não";1;0;1;0;0;0;1;1;-24,3131;-52,6158;"SPRF-PR";"DEL04-PR";"UOP03-DEL04-PR"
167590;2018-10-25;"quinta-feira";"09:00:00";"RO";364;715;"PORTO VELHO";"Falta de Atenção à Condução";"Queda de ocupante de veículo";"Com Vítimas Feridas";"Pleno dia";"Crescente";"Sol";"Dupla";"Reta";"Sim";2;0;2;0;0;0;2;1;-8,77421511;-63,88616431;"SPRF-RO";"DEL01-RO";"UOP01-DEL01-RO"
167591;2018-10-25;"quinta-feira";"09:00:00";"MG";116;232,8;"TEOFILO OTONI";"Velocidade Incompatível";"Saída de leito carroçável";"Com Vítimas Feridas";"Pleno dia";"Crescente";"Chuva";"Simples";"Curva";"Não";3;0;2;0;0;1;2;1;-17,56613824;-41,4692688;"SPRF-MG";"DEL11-MG";"UOP01-DEL11-MG"
167593;2018-10-25;"quinta-feira";"12:20:00";"MG";381;697,6;"LAVRAS";"Pista Escorregadia";"Capotamento";"Com Vítimas Feridas";"Pleno dia";"Crescente";"Chuva";"Dupla";"Curva";"Não";1;0;1;0;0;0;1;1;-21,25982119;-45,14005054;"SPRF-MG";"DEL04-MG";"UOP02-DEL04-MG"
167595;2018-10-25;"quinta-feira";"11:40:00";"ES";101;37,5;"CONCEICAO DA BARRA";"Falta de Atenção à Condução";"Colisão transversal";"Com Vítimas Feridas";"Pleno dia";"Decrescente";"Chuva";"Simples";"Interseção de Vias;Rotatória";"Sim";2;0;1;0;1;0;1;2;-18,47916133;-39,9248904;"SPRF-ES";"DEL04-ES";"UOP02-DEL04-ES"
167597;2018-10-25;"quinta-feira";"09:30:00";"CE";116;309,3;"JAGUARIBE";"Falta de Atenção à Condução";"Colisão frontal";"Com Vítimas Feridas";"Pleno dia";"Crescente";"Céu Claro";"Simples";"Interseção de Vias";"Sim";3;0;0;2;1;0;2;2;-5,90547141;-38,62424433;"SPRF-CE";"DEL05-CE";"UOP02-DEL05-CE"
167598;2018-10-25;"quinta-feira";"09:15:00";"MG";262;18,9;"REDUTO";"Velocidade Incompatível";"Colisão frontal";"Com Vítimas Feridas";"Pleno dia";"Decrescente";"Nublado";"Simples";"Reta";"Não";5;0;5;0;0;0;5;2;-20,24968;-41,900546;"SPRF-MG";"DEL06-MG";"UOP03-DEL06-MG"
167601;2018-10-25;"quinta-feira";"13:10:00";"SC";101;214;"PALHOCA";"Não guardar distância de segurança";"Colisão lateral";"Com Vítimas Feridas";"Pleno dia";"Decrescente";"Chuva";"Simples";"Reta";"Sim";2;0;1;0;1;0;1;2;-27,652;-48,676;"SPRF-SC";"DEL01-SC";"UOP02-DEL01-SC"
167603;2018-10-25;"quinta-feira";"13:20:00";"MG";116;407,5;"GOVERNADOR VALADARES";"Condutor Dormindo";"Saída de leito carroçável";"Com Vítimas Feridas";"Pleno dia";"Crescente";"Nublado";"Simples";"Curva";"Sim";2;0;2;0;0;0;2;1;-18,82796591;-41,98848009;"SPRF-MG";"DEL06-MG";"UOP01-DEL06-MG"
167604;2018-10-25;"quinta-feira";"13:15:00";"SP";116;223;"GUARULHOS";"Velocidade Incompatível";"Colisão lateral";"Com Vítimas Feridas";"Pleno dia";"Crescente";"Chuva";"Múltipla";"Reta";"Sim";3;0;0;1;2;0;1;3;-23,48132051;-46,53436121;"SPRF-SP";"DEL01-SP";"UOP01-DEL01-SP"
167605;2018-10-25;"quinta-feira";"13:10:00";"SC";101;210;"SAO JOSE";"Falta de Atenção à Condução";"Tombamento";"Com Vítimas Feridas";"Pleno dia";"Decrescente";"Chuva";"Dupla";"Reta";"Sim";1;0;0;1;0;0;1;1;-27,6235;-48,6524;"SPRF-SC";"DEL01-SC";"UOP01-DEL01-SC"
167606;2018-10-07;"domingo";"22:30:00";"MS";262;65,9;"TRES LAGOAS";"Defeito na Via";"Tombamento";"Com Vítimas Feridas";"Plena Noite";"Decrescente";"Garoa/Chuvisco";"Simples";"Em Obras";"Não";2;0;0;2;0;0;2;1;-20,758873;-52,033009;"SPRF-MS";"DEL07-MS";"UOP01-DEL07-MS"
167608;2018-10-25;"quinta-feira";"13:00:00";"MG";381;547;"RIO MANSO";"Sinalização da via insuficiente ou inadequada";"Colisão com objeto em movimento";"Sem Vítimas";"Pleno dia";"Crescente";"Nublado";"Dupla";"Reta";"Não";1;0;0;0;1;0;0;1;-20,2843;-44,4322;"SPRF-MG";"DEL04-MG";"UOP03-DEL04-MG"
167609;2018-10-25;"quinta-feira";"13:20:00";"PA";316;12;"MARITUBA";"Falta de Atenção à Condução";"Colisão traseira";"Com Vítimas Feridas";"Pleno dia";"Crescente";"Céu Claro";"Dupla";"Reta";"Sim";2;0;2;0;0;0;2;2;-1,365636;-48,358788;"SPRF-PA";"DEL01-PA";"DEL19/1-UOP05/PA"
167610;2018-10-25;"quinta-feira";"12:50:00";"RJ";493;15;"GUAPIMIRIM";"Defeito na Via";"Queda de ocupante de veículo";"Com Vítimas Feridas";"Pleno dia";"Decrescente";"Chuva";"Simples";"Reta";"Não";1;0;1;0;0;0;1;1;-22,665804;-42,991043;"SPRF-RJ";"DEL04-RJ";"UOP02-DEL04-RJ"
167611;2018-10-25;"quinta-feira";"13:30:00";"PE";104;49,8;"CARUARU";"Condutor Dormindo";"Colisão com objeto estático";"Com Vítimas Feridas";"Pleno dia";"Decrescente";"Sol";"Dupla";"Curva";"Não";4;0;2;0;2;0;2;1;-8,162669;-35,980729;"SPRF-PE";"DEL02-PE";"UOP01-DEL02-PE"
167612;2018-10-25;"quinta-feira";"13:50:00";"SC";101;79,8;"ARAQUARI";"Falta de Atenção à Condução";"Colisão traseira";"Sem Vítimas";"Pleno dia";"Decrescente";"Chuva";"Dupla";"Reta";"Não";2;0;0;0;2;0;0;2;-26,59253745;-48,72203615;"SPRF-SC";"DEL03-SC";"UOP02-DEL03-SC"
167613;2018-10-25;"quinta-feira";"13:45:00";"RS";470;258,8;"SALVADOR DO SUL";"Falta de Atenção à Condução";"Colisão transversal";"Com Vítimas Feridas";"Pleno dia";"Decrescente";"Céu Claro";"Simples";"Reta";"Não";2;0;1;0;1;0;1;2;-29,45919487;-51,49338176;"SPRF-RS";"DEL06-RS";"UOP01-DEL06-RS"
167614;2018-10-25;"quinta-feira";"14:00:00";"PR";163;184;"SANTA TEREZA DO OESTE";"Falta de Atenção à Condução";"Saída de leito carroçável";"Com Vítimas Feridas";"Pleno dia";"Crescente";"Nublado";"Dupla";"Reta";"Não";3;0;2;1;0;0;3;1;-25,147;-53,5913;"SPRF-PR";"DEL04-PR";"UOP05-DEL05-PR"
167615;2018-10-25;"quinta-feira";"13:00:00";"RO";364;711;"PORTO VELHO";"Sinalização da via insuficiente ou inadequada";"Colisão traseira";"Sem Vítimas";"Pleno dia";"Decrescente";"Céu Claro";"Dupla";"Viaduto";"Sim";2;0;0;0;2;0;0;2;-8,77799516;-63,87185097;"SPRF-RO";"DEL01-RO";"UOP01-DEL01-RO"
167617;2018-10-25;"quinta-feira";"14:40:00";"PE";101;56;"RECIFE";"Falta de Atenção à Condução";"Colisão lateral";"Com Vítimas Feridas";"Pleno dia";"Crescente";"Céu Claro";"Simples";"Aclive";"Sim";2;0;1;0;1;0;1;2;-7,9641;-34,9158;"SPRF-PE";"DEL01-PE";"UOP02-DEL01-PE"
167622;2018-10-25;"quinta-feira";"15:47:00";"GO";60;354,9;"SANTO ANTONIO DA BARRA";"Pista Escorregadia";"Saída de leito carroçável";"Com Vítimas Feridas";"Pleno dia";"Decrescente";"Chuva";"Dupla";"Curva";"Não";2;0;1;0;1;0;1;1;-17,59895;-50,72192;"SPRF-GO";"DEL04-GO";"UOP01-DEL04-GO"
167623;2018-10-25;"quinta-feira";"15:20:00";"MG";381;489;"BETIM";"Falta de Atenção à Condução";"Tombamento";"Com Vítimas Feridas";"Pleno dia";"Decrescente";"Sol";"Dupla";"Aclive;Reta";"Sim";1;0;0;1;0;0;1;1;-19,9563;-44,1428;"SPRF-MG";"DEL01-MG";"UOP03-DEL01-MG"
167624;2018-10-25;"quinta-feira";"15:00:00";"SP";116;221;"GUARULHOS";"Pista Escorregadia";"Colisão com objeto estático";"Com Vítimas Feridas";"Pleno dia";"Decrescente";"Chuva";"Múltipla";"Reta";"Sim";1;0;1;0;0;0;1;1;-23,46670073;-46,50353456;"SPRF-SP";"DEL01-SP";"UOP01-DEL01-SP"
167625;2018-10-25;"quinta-feira";"12:50:00";"SC";280;29,5;"ARAQUARI";"Falta de Atenção à Condução";"Colisão traseira";"Com Vítimas Feridas";"Pleno dia";"Decrescente";"Chuva";"Simples";"Reta";"Não";6;0;2;0;4;0;2;4;-26,41310239;-48,75747442;"SPRF-SC";"DEL03-SC";"UOP03-DEL03-SC"
167626;2018-10-25;"quinta-feira";"16:00:00";"ES";101;154;"LINHARES";"Velocidade Incompatível";"Saída de leito carroçável";"Com Vítimas Feridas";"Pleno dia";"Decrescente";"Chuva";"Simples";"Reta";"Não";2;0;2;0;0;0;2;1;-19,42523466;-40,08009911;"SPRF-ES";"DEL04-ES";"UOP01-DEL04-ES"
167627;2018-10-25;"quinta-feira";"13:00:00";"MA";10;255;"IMPERATRIZ";"Desobediência às normas de trânsito pelo condutor";"Colisão frontal";"Com Vítimas Feridas";"Pleno dia";"Decrescente";"Sol";"Simples";"Reta";"Sim";2;0;1;0;1;0;1;2;-5,508798;-47,471718;"SPRF-MA";"DEL04-MA";"UOP01-DEL04-MA"
167628;2018-10-25;"quinta-feira";"16:00:00";"PE";424;9,3;"ARCOVERDE";"Falta de Atenção à Condução";"Colisão lateral";"Com Vítimas Feridas";"Pleno dia";"Crescente";"Céu Claro";"Simples";"Curva";"Não";3;0;0;2;1;0;2;2;-8,49718919;-37,01643276;"SPRF-PE";"DEL03-PE";"UOP02-DEL03-PE"
167629;2018-10-25;"quinta-feira";"15:35:00";"DF";80;13,2;"BRASILIA";"Defeito na Via";"Colisão frontal";"Com Vítimas Fatais";"Pleno dia";"Crescente";"Chuva";"Simples";"Reta";"Não";4;1;1;0;1;1;1;3;-15,726485;-48,194291;"SPRF-DF";"DEL01-DF";"UOP02-DEL03-DF"
167637;2018-10-25;"quinta-feira";"09:00:00";"MG";381;362;"JOAO MONLEVADE";"Velocidade Incompatível";"Saída de leito carroçável";"Com Vítimas Feridas";"Pleno dia";"Decrescente";"Chuva";"Simples";"Reta";"Sim";1;0;1;0;0;0;1;1;-19,84422707;-43,1968689;"SPRF-MG";"DEL03-MG";"UOP01-DEL03-MG"
167638;2018-10-25;"quinta-feira";"16:00:00";"SC";101;186;"BIGUACU";"Velocidade Incompatível";"Colisão com objeto estático";"Com Vítimas Feridas";"Pleno dia";"Decrescente";"Chuva";"Dupla";"Curva";"Sim";1;0;0;1;0;0;1;1;-27,4432;-48,6284;"SPRF-SC";"DEL01-SC";"UOP01-DEL01-SC"
167641;2018-10-25;"quinta-feira";"08:00:00";"RJ";116;271;"BARRA MANSA";"Falta de Atenção à Condução";"Colisão com objeto estático";"Com Vítimas Feridas";"Pleno dia";"Crescente";"Garoa/Chuvisco";"Dupla";"Curva";"Não";1;0;1;0;0;0;1;1;-22,560883;-44,122238;"SPRF-RJ";"DEL07-RJ";"UOP02-DEL07-RJ"
167642;2018-10-06;"sábado";"23:40:00";"MT";364;269;"JACIARA";"Falta de Atenção à Condução";"Colisão lateral";"Com Vítimas Feridas";"Plena Noite";"Decrescente";"Ignorado";"Simples";"Reta";"Sim";1;0;1;0;0;0;1;1;-15,974228;-54,938;"SPRF-MT";"DEL02-MT";"UOP02-DEL05-MT"
167644;2018-10-25;"quinta-feira";"16:30:00";"MG";381;494;"BETIM";"Falta de Atenção à Condução";"Colisão lateral";"Com Vítimas Feridas";"Anoitecer";"Decrescente";"Nublado";"Dupla";"Reta";"Não";2;0;1;0;1;0;1;1;-19,9731;-44,1843;"SPRF-MG";"DEL01-MG";"UOP03-DEL01-MG"
167645;2018-10-25;"quinta-feira";"16:15:00";"PR";376;207,4;"MANDAGUARI";"Falta de Atenção do Pedestre";"Atropelamento de Pedestre";"Com Vítimas Feridas";"Pleno dia";"Crescente";"Chuva";"Simples";"Reta";"Sim";2;0;0;1;1;0;1;2;-23,5220592;-51,67923541;"SPRF-PR";"DEL07-PR";"UOP01-DEL09-PR"
167646;2018-10-25;"quinta-feira";"17:30:00";"RS";158;324,5;"SANTA MARIA";"Desobediência às normas de trânsito pelo condutor";"Colisão transversal";"Com Vítimas Feridas";"Pleno dia";"Crescente";"Céu Claro";"Simples";"Reta";"Sim";3;0;0;1;1;1;1;3;-29,70482361;-53,79657;"SPRF-RS";"DEL09-RS";"UOP01-DEL09-RS"
167647;2018-10-25;"quinta-feira";"16:10:00";"RJ";493;97,7;"SEROPEDICA";"Pista Escorregadia";"Colisão com objeto estático";"Com Vítimas Feridas";"Pleno dia";"Crescente";"Chuva";"Dupla";"Curva";"Não";2;0;2;0;0;0;2;1;-22,72018981;-43,70940149;"SPRF-RJ";"DEL03-RJ";"UOP01-DEL03-RJ"
167648;2018-10-25;"quinta-feira";"17:20:00";"SC";101;204;"SAO JOSE";"Não guardar distância de segurança";"Tombamento";"Com Vítimas Feridas";"Pleno dia";"Decrescente";"Chuva";"Dupla";"Reta";"Sim";2;0;2;0;0;0;2;1;-27,5832;-48,6151;"SPRF-SC";"DEL01-SC";"UOP01-DEL01-SC"
167652;2018-10-25;"quinta-feira";"18:10:00";"GO";40;5,2;"VALPARAISO DE GOIAS";"Mal Súbito";"Colisão frontal";"Com Vítimas Feridas";"Anoitecer";"Crescente";"Nublado";"Dupla";"Reta";"Sim";4;0;2;1;1;0;3;3;-16,09453657;-47,98111439;"SPRF-DF";"DEL01-DF";"UOP01-DEL01-DF"
167653;2018-10-25;"quinta-feira";"16:30:00";"MG";116;411,3;"GOVERNADOR VALADARES";"Desobediência às normas de trânsito pelo condutor";"Colisão traseira";"Com Vítimas Feridas";"Pleno dia";"Crescente";"Céu Claro";"Simples";"Reta";"Sim";3;0;1;0;1;1;1;3;-18,85398546;-41,97687149;"SPRF-MG";"DEL06-MG";"UOP01-DEL06-MG"
167654;2018-10-25;"quinta-feira";"16:30:00";"MG";381;345;"BELA VISTA DE MINAS";"Velocidade Incompatível";"Colisão com objeto estático";"Com Vítimas Feridas";"Pleno dia";"Decrescente";"Garoa/Chuvisco";"Simples";"Reta";"Não";2;0;2;0;0;0;2;1;-19,7784;-43,0437;"SPRF-MG";"DEL03-MG";"UOP01-DEL03-MG"
167655;2018-10-25;"quinta-feira";"17:50:00";"PE";232;250,9;"ARCOVERDE";"Falta de Atenção à Condução";"Colisão lateral";"Com Vítimas Feridas";"Anoitecer";"Decrescente";"Céu Claro";"Simples";"Reta";"Sim";2;0;0;1;1;0;1;2;-8,428796;-37,059749;"SPRF-PE";"DEL03-PE";"UOP02-DEL03-PE"
167657;2018-10-25;"quinta-feira";"17:00:00";"RJ";101;101;"CAMPOS DOS GOYTACAZES";"Pista Escorregadia";"Capotamento";"Com Vítimas Feridas";"Pleno dia";"Decrescente";"Chuva";"Dupla";"Curva";"Não";1;0;1;0;0;0;1;1;-21,857945;-41,530208;"SPRF-RJ";"DEL08-RJ";"UOP02-DEL08-RJ"
167658;2018-10-25;"quinta-feira";"16:45:00";"PR";272;548;"TERRA ROXA";"Falta de Atenção à Condução";"Colisão transversal";"Com Vítimas Feridas";"Pleno dia";"Decrescente";"Sol";"Simples";"Interseção de Vias";"Não";2;0;1;0;1;0;1;2;-24,08282805;-54,09393311;"SPRF-PR";"DEL06-PR";"UAP01-DEL06-PR"
167659;2018-10-25;"quinta-feira";"17:20:00";"RJ";493;1;"ITABORAI";"Desobediência às normas de trânsito pelo condutor";"Colisão transversal";"Com Vítimas Feridas";"Anoitecer";"Crescente";"Chuva";"Simples";"Reta";"Sim";2;0;1;0;1;0;1;2;-22,763901;-42,927532;"SPRF-RJ";"DEL04-RJ";"UOP02-DEL04-RJ"
167660;2018-10-25;"quinta-feira";"17:30:00";"MT";163;1044;"MATUPA";"Falta de Atenção à Condução";"Colisão transversal";"Com Vítimas Feridas";"Anoitecer";"Decrescente";"Céu Claro";"Simples";"Reta";"Não";5;0;1;0;4;0;1;2;-10,13853096;-54,93051142;"SPRF-MT";"DEL06-MT";"UOP02-DEL06-MT"
167662;2018-10-25;"quinta-feira";"18:20:00";"PB";230;19,4;"JOAO PESSOA";"Não guardar distância de segurança";"Colisão traseira";"Com Vítimas Feridas";"Plena Noite";"Crescente";"Céu Claro";"Dupla";"Reta";"Sim";2;0;1;0;1;0;1;2;-7,12983439;-34,85077322;"SPRF-PB";"DEL01-PB";"UOP01-DEL01-PB"
167664;2018-10-25;"quinta-feira";"17:00:00";"RJ";101;81;"CAMPOS DOS GOYTACAZES";"Falta de Atenção à Condução";"Capotamento";"Com Vítimas Feridas";"Pleno dia";"Decrescente";"Chuva";"Simples";"Curva";"Não";1;0;1;0;0;0;1;1;-21,83089671;-41,45263374;"SPRF-RJ";"DEL08-RJ";"UOP02-DEL08-RJ"
167666;2018-10-25;"quinta-feira";"18:40:00";"MG";116;667;"MIRADOURO";"Pista Escorregadia";"Saída de leito carroçável";"Com Vítimas Feridas";"Plena Noite";"Crescente";"Chuva";"Simples";"Curva";"Não";1;0;1;0;0;0;1;1;-20,851761;-42,323494;"SPRF-MG";"DEL07-MG";"UOP03-DEL07-MG"
167670;2018-10-25;"quinta-feira";"19:30:00";"RJ";393;256;"BARRA DO PIRAI";"Desobediência às normas de trânsito pelo condutor";"Colisão frontal";"Com Vítimas Feridas";"Plena Noite";"Crescente";"Chuva";"Simples";"Declive;Reta";"Sim";5;0;2;0;2;1;2;3;-22,4567739;-43,8428782;"SPRF-RJ";"DEL05-RJ";"UOP04-DEL05-RJ"
167672;2018-10-25;"quinta-feira";"17:50:00";"MG";262;38,2;"MANHUACU";"Falta de Atenção à Condução";"Colisão lateral";"Com Vítimas Feridas";"Anoitecer";"Crescente";"Nublado";"Simples";"Aclive";"Não";3;0;1;1;1;0;2;3;-20,273752;-42,049828;"SPRF-MG";"DEL06-MG";"UOP03-DEL06-MG"
167675;2018-10-25;"quinta-feira";"19:30:00";"SC";282;3,8;"FLORIANOPOLIS";"Velocidade Incompatível";"Tombamento";"Com Vítimas Feridas";"Plena Noite";"Decrescente";"Chuva";"Dupla";"Curva";"Sim";2;0;1;1;0;0;2;1;-27,600384;-48,599705;"SPRF-SC";"DEL01-SC";"UOP01-DEL01-SC"
167678;2018-10-25;"quinta-feira";"20:00:00";"RS";470;176;"VERANOPOLIS";"Falta de Atenção à Condução";"Colisão frontal";"Com Vítimas Feridas";"Plena Noite";"Crescente";"Chuva";"Simples";"Curva";"Sim";3;0;3;0;0;0;3;2;-28,92638429;-51,54122584;"SPRF-RS";"DEL06-RS";"UOP02-DEL06-RS"
167679;2018-10-25;"quinta-feira";"16:40:00";"MG";116;422,5;"ALPERCATA";"Ingestão de Álcool";"Saída de leito carroçável";"Sem Vítimas";"Pleno dia";"Decrescente";"Nublado";"Simples";"Interseção de Vias";"Não";1;0;0;0;1;0;0;1;-18,94509564;-41,95043564;"SPRF-MG";"DEL06-MG";"UOP01-DEL06-MG"
167683;2018-10-25;"quinta-feira";"20:00:00";"RS";290;147;"ELDORADO DO SUL";"Ingestão de Álcool";"Colisão frontal";"Com Vítimas Feridas";"Plena Noite";"Decrescente";"Nublado";"Simples";"Reta";"Não";3;0;0;1;2;0;1;2;-30,10755;-51,675858;"SPRF-RS";"DEL02-RS";"UOP01-DEL02-RS"
167684;2018-10-25;"quinta-feira";"13:10:00";"MG";116;606,9;"SAO JOAO DO MANHUACU";"Falta de Atenção à Condução";"Colisão com objeto estático";"Com Vítimas Feridas";"Pleno dia";"Decrescente";"Nublado";"Simples";"Reta";"Não";1;0;0;1;0;0;1;1;-20,374051;-42,147389;"SPRF-MG";"DEL06-MG";"UOP03-DEL06-MG"
167685;2018-10-25;"quinta-feira";"19:40:00";"DF";40;1,8;"BRASILIA";"Falta de Atenção à Condução";"Colisão traseira";"Com Vítimas Feridas";"Plena Noite";"Crescente";"Nublado";"Dupla";"Reta";"Sim";3;0;2;0;1;0;2;2;-15,99297365;-47,98635006;"SPRF-DF";"DEL01-DF";"UOP01-DEL01-DF"
167686;2018-10-25;"quinta-feira";"20:30:00";"PI";343;341,9;"TERESINA";"Falta de Atenção à Condução";"Colisão traseira";"Com Vítimas Feridas";"Plena Noite";"Decrescente";"Céu Claro";"Dupla";"Reta";"Sim";3;0;1;1;1;0;2;2;-5,08115526;-42,74981976;"SPRF-PI";"DEL01-PI";"UOP01-DEL01-PI"
167687;2018-10-25;"quinta-feira";"21:00:00";"PE";232;369;"FLORES";"Ingestão de álcool e/ou substâncias psicoativas pelo pedestre";"Atropelamento de Pedestre";"Com Vítimas Fatais";"Plena Noite";"Crescente";"Céu Claro";"Simples";"Declive;Reta";"Sim";4;1;0;0;3;0;0;2;-8,04403863;-37,8987658;"SPRF-PE";"DEL04-PE";"UOP01-DEL04-PE"
167692;2018-10-25;"quinta-feira";"21:20:00";"PR";277;584;"CASCAVEL";"Falta de Atenção à Condução";"Colisão transversal";"Com Vítimas Fatais";"Plena Noite";"Decrescente";"Garoa/Chuvisco";"Dupla";"Interseção de Vias";"Sim";5;2;1;1;1;0;2;2;-24,9647472;-53,4050853;"SPRF-PR";"DEL04-PR";"UOP01-DEL04-PR"
167693;2018-10-25;"quinta-feira";"21:35:00";"GO";40;33;"LUZIANIA";"Falta de Atenção à Condução";"Capotamento";"Com Vítimas Feridas";"Plena Noite";"Crescente";"Céu Claro";"Dupla";"Reta";"Não";2;0;1;0;0;1;1;2;-16,299561;-47,847163;"SPRF-DF";"DEL01-DF";"UOP01-DEL01-DF"
167694;2018-10-25;"quinta-feira";"18:30:00";"SC";158;139,9;"PALMITOS";"Falta de Atenção à Condução";"Colisão com objeto estático";"Com Vítimas Feridas";"Anoitecer";"Decrescente";"Céu Claro";"Simples";"Curva";"Não";1;0;1;0;0;0;1;1;-27,11078424;-53,21708679;"SPRF-SC";"DEL07-SC";"UOP02-DEL07-SC"
167697;2018-10-25;"quinta-feira";"18:40:00";"MG";40;654,7;"CRISTIANO OTONI";"Velocidade Incompatível";"Colisão com objeto estático";"Com Vítimas Feridas";"Plena Noite";"Crescente";"Nublado";"Dupla";"Curva";"Não";6;0;1;2;3;0;3;2;-20,86487628;-43,79724115;"SPRF-MG";"DEL05-MG";"UOP02-DEL05-MG"
167698;2018-10-25;"quinta-feira";"20:30:00";"MG";40;690,5;"ALFREDO VASCONCELOS";"Desobediência às normas de trânsito pelo condutor";"Saída de leito carroçável";"Com Vítimas Fatais";"Plena Noite";"Decrescente";"Chuva";"Simples";"Curva";"Não";1;1;0;0;0;0;0;1;-21,15348785;-43,76271039;"SPRF-MG";"DEL05-MG";"UOP02-DEL05-MG"