"id";"data_inversa";"dia_semana";"horario";"uf";"br";"km";"municipio";"causa_acidente";"tipo_acidente";"classificacao_acidente";"fase_dia";"sentido_via";"condicao_metereologica";"tipo_pista";"tracado_via";"uso_solo";"pessoas";"mortos";"feridos_leves";"feridos_graves";"ilesos";"ignorados";"feridos";"veiculos";"latitude";"longitude";"regional";"delegacia";"uop"
167702;2018-10-25;"quinta-feira";"20:20:00";"SP";116;54;"LORENA";"Velocidade Incompatível";"Colisão com objeto estático";"Com Vítimas Feridas";"Plena Noite";"Crescente";"Céu Claro";"Simples";"Interseção de Vias";"Sim";1;0;1;0;0;0;1;1;-22,76021449;-45,11913534;"SPRF-SP";"DEL08-SP";"UOP01-DEL08-SP"
167703;2018-10-25;"quinta-feira";"22:25:00";"MG";116;278;"TEOFILO OTONI";"Falta de Atenção à Condução";"Colisão traseira";"Com Vítimas Feridas";"Plena Noite";"Decrescente";"Nublado";"Dupla";"Reta";"Sim";2;0;1;0;1;0;1;2;-17,86792357;-41,51707046;"SPRF-MG";"DEL11-MG";"UOP01-DEL11-MG"
167704;2018-10-25;"quinta-feira";"22:30:00";"GO";153;693;"ITUMBIARA";"Velocidade Incompatível";"Saída de leito carroçável";"Sem Vítimas";"Plena Noite";"Crescente";"Chuva";"Dupla";"Reta";"Não";1;0;0;0;1;0;0;1;-18,2910586;-49,2386136;"SPRF-GO";"DEL03-GO";"UOP02-DEL03-GO"
167705;2018-10-25;"quinta-feira";"22:15:00";"SP";116;127;"CACAPAVA";"Não guardar distância de segurança";"Colisão lateral";"Com Vítimas Feridas";"Plena Noite";"Decrescente";"Nublado";"Dupla";"Reta";"Sim";4;0;1;1;2;0;2;3;-23,109911;-45,702461;"SPRF-SP";"DEL06-SP";"UOP02-DEL02-SP"
167706;2018-10-25;"quinta-feira";"11:55:00";"BA";116;422,7;"FEIRA DE SANTANA";"Ingestão de Álcool";"Colisão traseira";"Com Vítimas Feridas";"Plena Noite";"Crescente";"Sol";"Simples";"Reta";"Sim";3;0;2;0;1;0;2;2;-12,23190452;-38,97082832;"SPRF-BA";"DEL02-BA";"UOP01-DEL02-BA"
167707;2018-10-25;"quinta-feira";"22:40:00";"MG";153;39;"CANAPOLIS";"Ingestão de Álcool";"Colisão transversal";"Sem Vítimas";"Plena Noite";"Decrescente";"Chuva";"Dupla";"Reta";"Não";2;0;0;0;2;0;0;2;-18,737521;-49,101037;"SPRF-MG";"DEL15-MG";"UOP03-DEL15-MG"
167711;2018-10-25;"quinta-feira";"22:50:00";"RJ";116;170;"SAO JOAO DE MERITI";"Falta de Atenção do Pedestre";"Atropelamento de Pedestre";"Com Vítimas Fatais";"Plena Noite";"Crescente";"Nublado";"Dupla";"Reta";"Sim";2;1;0;0;1;0;0;2;-22,78499521;-43,38016033;"SPRF-RJ";"DEL01-RJ";"UOP02-DEL01-RJ"
167712;2018-10-25;"quinta-feira";"21:30:00";"MS";158;111,5;"PARANAIBA";"Ultrapassagem Indevida";"Colisão frontal";"Com Vítimas Fatais";"Plena Noite";"Crescente";"Céu Claro";"Simples";"Aclive";"Não";2;1;0;0;1;0;0;2;-19,702106;-51,158798;"SPRF-MS";"DEL08-MS";"UOP01-DEL08-MS"
167713;2018-10-25;"quinta-feira";"20:10:00";"RS";470;236,6;"CARLOS BARBOSA";"Deficiência ou não Acionamento do Sistema de Iluminação/Sinalização do Veículo";"Colisão traseira";"Com Vítimas Feridas";"Plena Noite";"Crescente";"Nublado";"Simples";"Reta";"Sim";2;0;0;1;1;0;1;2;-29,32546848;-51,49889588;"SPRF-RS";"DEL06-RS";"UOP01-DEL06-RS"
167714;2018-10-25;"quinta-feira";"22:40:00";"SP";116;520,5;"CAJATI";"Pista Escorregadia";"Saída de leito carroçável";"Sem Vítimas";"Plena Noite";"Crescente";"Chuva";"Simples";"Aclive;Curva";"Não";1;0;0;0;1;0;0;1;-24,89442979;-48,24491464;"SPRF-SP";"DEL05-SP";"UAP01-DEL05-SP"
167717;2018-10-26;"sexta-feira";"00:20:00";"SP";116;269;"TABOAO DA SERRA";"Falta de Atenção à Condução";"Colisão transversal";"Sem Vítimas";"Plena Noite";"Decrescente";"Céu Claro";"Dupla";"Interseção de Vias";"Sim";2;0;0;0;2;0;0;2;-23,60890208;-46,75832748;"SPRF-SP";"DEL04-SP";"UOP01-DEL04-SP"
167718;2018-10-26;"sexta-feira";"00:40:00";"SP";116;146;"SAO JOSE DOS CAMPOS";"Ingestão de Álcool";"Colisão traseira";"Sem Vítimas";"Plena Noite";"Crescente";"Garoa/Chuvisco";"Dupla";"Reta";"Não";2;0;0;0;2;0;0;2;-23,191269;-45,863358;"SPRF-SP";"DEL02-SP";"UOP01-DEL02-SP"
167720;2018-10-26;"sexta-feira";"00:20:00";"SP";116;143;"SAO JOSE DOS CAMPOS";"Falta de Atenção à Condução";"Colisão traseira";"Com Vítimas Feridas";"Plena Noite";"Decrescente";"Garoa/Chuvisco";"Dupla";"Reta";"Sim";2;0;0;1;0;1;1;2;-23,178532;-45,83794;"SPRF-SP";"DEL06-SP";"UOP02-DEL02-SP"
167723;2018-10-26;"sexta-feira";"00:10:00";"RJ";101;531;"PARATY";"Pista Escorregadia";"Saída de leito carroçável";"Com Vítimas Feridas";"Plena Noite";"Crescente";"Chuva";"Simples";"Curva";"Não";2;0;0;1;1;0;1;1;-23,02444784;-44,51969147;"SPRF-RJ";"DEL03-RJ";"UOP02-DEL03-RJ"
167726;2018-10-26;"sexta-feira";"01:40:00";"AM";174;597;"MANAUS";"Defeito na Via";"Saída de leito carroçável";"Com Vítimas Feridas";"Plena Noite";"Decrescente";"Céu Claro";"Simples";"Reta";"Não";3;0;3;0;0;0;3;1;-2,74621658;-60,04285812;"SPRF-AM";"DEL01-AM";"UOP04-DEL01-AM"
167727;2018-10-26;"sexta-feira";"02:30:00";"SC";101;194;"BIGUACU";"Ingestão de Álcool";"Saída de leito carroçável";"Com Vítimas Feridas";"Plena Noite";"Crescente";"Chuva";"Múltipla";"Reta";"Sim";1;0;1;0;0;0;1;1;-27,5055;-48,6491;"SPRF-SC";"DEL01-SC";"UOP01-DEL01-SC"
167729;2018-10-25;"quinta-feira";"18:35:00";"MG";50;179,9;"UBERABA";"Falta de Atenção à Condução";"Queda de ocupante de veículo";"Com Vítimas Feridas";"Plena Noite";"Crescente";"Garoa/Chuvisco";"Dupla";"Reta";"Sim";1;0;1;0;0;0;1;1;-19,7783;-47,9223;"SPRF-MG";"DEL13-MG";"UOP01-DEL13-MG"
167730;2018-10-26;"sexta-feira";"03:00:00";"RJ";101;220;"SILVA JARDIM";"Falta de Atenção à Condução";"Colisão com objeto estático";"Com Vítimas Feridas";"Plena Noite";"Crescente";"Céu Claro";"Dupla";"Em Obras";"Sim";3;0;2;0;1;0;2;1;-22,5169773;-42,32723773;"SPRF-RJ";"DEL02-RJ";"UOP03-DEL02-RJ"
167731;2018-10-26;"sexta-feira";"06:10:00";"RJ";40;102;"DUQUE DE CAXIAS";"Defeito Mecânico no Veículo";"Colisão traseira";"Com Vítimas Feridas";"Amanhecer";"Decrescente";"Garoa/Chuvisco";"Simples";"Curva";"Não";3;0;2;0;1;0;2;2;-22,6357782;-43,2859814;"SPRF-RJ";"DEL01-RJ";"UOP01-DEL01-RJ"
167732;2018-10-26;"sexta-feira";"04:25:00";"MG";50;146,7;"UBERABA";"Condutor Dormindo";"Saída de leito carroçável";"Com Vítimas Feridas";"Plena Noite";"Crescente";"Céu Claro";"Dupla";"Curva";"Não";1;0;1;0;0;0;1;1;-19,5382;-48,0369;"SPRF-MG";"DEL13-MG";"UOP01-DEL13-MG"
167733;2018-09-06;"quinta-feira";"18:08:00";"PR";277;584;"CASCAVEL";"Desobediência às normas de trânsito pelo condutor";"Colisão transversal";"Com Vítimas Feridas";"Anoitecer";"Crescente";"Céu Claro";"Múltipla";"Interseção de Vias";"Sim";2;0;0;1;1;0;1;2;-25,02817;-53,55983;"SPRF-PR";"DEL04-PR";"UOP01-DEL04-PR"
167734;2018-10-26;"sexta-feira";"06:00:00";"PR";277;590,1;"CASCAVEL";"Desobediência às normas de trânsito pelo condutor";"Colisão transversal";"Com Vítimas Feridas";"Pleno dia";"Decrescente";"Garoa/Chuvisco";"Simples";"Reta";"Não";2;0;1;0;1;0;1;2;-25,02817;-53,55983;"SPRF-PR";"DEL04-PR";"UOP01-DEL04-PR"
167736;2018-10-26;"sexta-feira";"06:33:00";"CE";116;4,6;"FORTALEZA";"Falta de Atenção à Condução";"Colisão traseira";"Com Vítimas Feridas";"Pleno dia";"Decrescente";"Céu Claro";"Dupla";"Reta";"Sim";3;0;1;0;1;1;1;2;-3,7956;-38,507;"SPRF-CE";"DEL01-CE";"UOP02-DEL01-CE"
167737;2018-10-26;"sexta-feira";"04:30:00";"PI";343;600;"FLORIANO";"Condutor Dormindo";"Colisão com objeto estático";"Com Vítimas Feridas";"Amanhecer";"Decrescente";"Céu Claro";"Simples";"Ponte";"Sim";1;0;0;1;0;0;1;1;-6,833065;-43,071575;"SPRF-PI";"DEL03-PI";"UOP01-DEL03-PI"
167738;2018-10-25;"quinta-feira";"23:05:00";"MS";163;316;"RIO BRILHANTE";"Ingestão de Álcool";"Saída de leito carroçável";"Sem Vítimas";"Plena Noite";"Crescente";"Chuva";"Simples";"Reta";"Não";1;0;0;0;1;0;0;1;-21,83932213;-54,53888476;"SPRF-MS";"DEL02-MS";"UOP02-DEL02-MS"
167740;2018-10-22;"segunda-feira";"16:00:00";"BA";101;217;"CRUZ DAS ALMAS";"Falta de Atenção à Condução";"Colisão traseira";"Com Vítimas Feridas";"Pleno dia";"Crescente";"Nublado";"Simples";"Reta";"Não";2;0;1;0;1;0;1;1;-12,64703825;-39,11158562;"SPRF-BA";"DEL01-BA";"UOP03-DEL01-BA"
167741;2018-10-26;"sexta-feira";"07:45:00";"PR";277;78,8;"CURITIBA";"Falta de Atenção à Condução";"Colisão traseira";"Com Vítimas Feridas";"Pleno dia";"Crescente";"Nublado";"Dupla";"Reta";"Não";2;0;1;0;1;0;1;2;-25,48003219;-49,19866525;"SPRF-PR";"DEL01-PR";"UOP01-DEL01-PR"
167742;2018-10-26;"sexta-feira";"07:20:00";"RS";116;395,8;"CAMAQUA";"Não guardar distância de segurança";"Colisão traseira";"Com Vítimas Feridas";"Amanhecer";"Decrescente";"Céu Claro";"Simples";"Reta";"Sim";3;0;2;0;1;0;2;3;-30,8503082;-51,76908016;"SPRF-RS";"DEL02-RS";"UOP03-DEL02-RS"
167744;2018-10-26;"sexta-feira";"07:25:00";"SC";101;208;"SAO JOSE";"Falta de Atenção à Condução";"Atropelamento de Pedestre";"Com Vítimas Feridas";"Pleno dia";"Crescente";"Chuva";"Simples";"Reta";"Não";3;0;0;1;1;1;1;2;-27,60616521;-48,63536862;"SPRF-SC";"DEL01-SC";"UOP01-DEL01-SC"
167745;2018-10-26;"sexta-feira";"07:40:00";"RJ";116;134;"MAGE";"Desobediência às normas de trânsito pelo condutor";"Colisão transversal";"Sem Vítimas";"Pleno dia";"Decrescente";"Nublado";"Dupla";"Reta";"Sim";2;0;0;0;2;0;0;2;-22,653688;-43,153564;"SPRF-RJ";"DEL04-RJ";"UOP02-DEL04-RJ"
167748;2018-10-26;"sexta-feira";"07:40:00";"BA";420;82,2;"SALVADOR";"Pista Escorregadia";"Tombamento";"Com Vítimas Feridas";"Pleno dia";"Crescente";"Céu Claro";"Dupla";"Reta";"Sim";2;0;1;0;1;0;1;1;-12,8938;-38,4471;"SPRF-BA";"DEL01-BA";"UOP01-DEL01-BA"
167749;2018-10-26;"sexta-feira";"07:00:00";"SP";381;55,1;"MAIRIPORA";"Falta de Atenção do Pedestre";"Atropelamento de Pedestre";"Com Vítimas Fatais";"Amanhecer";"Decrescente";"Nublado";"Dupla";"Reta;Declive";"Não";3;1;0;0;1;1;0;2;-23,2542326;-46,5940915;"SPRF-SP";"DEL03-SP";"UOP01-DEL03-SP"
167752;2018-10-26;"sexta-feira";"07:25:00";"PR";373;274,5;"PRUDENTOPOLIS";"Desobediência às normas de trânsito pelo condutor";"Colisão transversal";"Com Vítimas Feridas";"Pleno dia";"Crescente";"Garoa/Chuvisco";"Simples";"Reta";"Não";2;0;1;0;1;0;1;2;-25,25154893;-51,05863676;"SPRF-PR";"DEL03-PR";"UOP01-DEL03-PR"
167753;2018-10-26;"sexta-feira";"08:15:00";"MG";116;277,8;"TEOFILO OTONI";"Falta de Atenção à Condução";"Colisão transversal";"Com Vítimas Feridas";"Pleno dia";"Decrescente";"Nublado";"Dupla";"Interseção de Vias";"Sim";2;0;0;1;1;0;1;2;-17,8660651;-41,516388;"SPRF-MG";"DEL11-MG";"UOP01-DEL11-MG"
167755;2018-10-26;"sexta-feira";"08:10:00";"PR";277;76,8;"CURITIBA";"Desobediência às normas de trânsito pelo condutor";"Colisão lateral";"Com Vítimas Feridas";"Pleno dia";"Crescente";"Garoa/Chuvisco";"Dupla";"Reta";"Sim";2;0;1;0;1;0;1;2;-25,48254836;-49,19325792;"SPRF-PR";"DEL01-PR";"UOP01-DEL01-PR"
167756;2018-10-22;"segunda-feira";"17:20:00";"PR";376;679,1;"GUARATUBA";"Velocidade Incompatível";"Queda de ocupante de veículo";"Com Vítimas Feridas";"Pleno dia";"Decrescente";"Garoa/Chuvisco";"Dupla";"Reta";"Não";1;0;1;0;0;0;1;1;-25,95392469;-48,90220349;"SPRF-PR";"DEL01-PR";"DEL7/1-UOP08/PR"
167758;2018-10-26;"sexta-feira";"08:35:00";"PE";232;128;"CARUARU";"Velocidade Incompatível";"Colisão transversal";"Com Vítimas Fatais";"Pleno dia";"Decrescente";"Sol";"Dupla";"Reta";"Sim";2;1;0;0;0;1;0;2;-8,303831;-35,973667;"SPRF-PE";"DEL02-PE";"UOP03-DEL02-PE"
167762;2018-10-26;"sexta-feira";"09:00:00";"SP";101;48,4;"UBATUBA";"Defeito na Via";"Tombamento";"Com Vítimas Feridas";"Pleno dia";"Decrescente";"Garoa/Chuvisco";"Simples";"Ponte";"Sim";2;0;0;2;0;0;2;2;-23,44308893;-45,08548737;"SPRF-SP";"DEL06-SP";"UOP01-DEL06-SP"
167763;2018-10-26;"sexta-feira";"09:00:00";"SC";101;150;"ITAPEMA";"Falta de Atenção à Condução";"Colisão traseira";"Com Vítimas Feridas";"Pleno dia";"Decrescente";"Chuva";"Simples";"Reta";"Sim";3;0;1;0;2;0;1;2;-27,109;-48,6126;"SPRF-SC";"DEL04-SC";"UOP03-DEL04-SC"
167764;2018-10-26;"sexta-feira";"08:10:00";"PI";343;294;"ALTOS";"Falta de Atenção à Condução";"Tombamento";"Com Vítimas Feridas";"Pleno dia";"Decrescente";"Céu Claro";"Simples";"Curva";"Não";2;0;1;0;1;0;1;1;-4,98560935;-42,38044739;"SPRF-PI";"DEL01-PI";"UOP03-DEL01-PI"
167765;2018-10-16;"terça-feira";"08:40:00";"MG";262;89,9;"ABRE CAMPO";"Condutor Dormindo";"Colisão com objeto estático";"Com Vítimas Feridas";"Pleno dia";"Decrescente";"Nublado";"Simples";"Reta";"Não";5;0;2;3;0;0;5;1;-20,33253197;-42,46235407;"SPRF-MG";"DEL03-MG";"UOP03-DEL03-MG"
167766;2018-10-26;"sexta-feira";"09:00:00";"PA";316;61,3;"CASTANHAL";"Desobediência às normas de trânsito pelo condutor";"Colisão traseira";"Sem Vítimas";"Pleno dia";"Crescente";"Céu Claro";"Dupla";"Interseção de Vias";"Sim";2;0;0;0;2;0;0;2;-1,29761688;-47,93648779;"SPRF-PA";"DEL01-PA";"UOP01-DEL01-PA"
167767;2018-10-26;"sexta-feira";"07:30:00";"RJ";101;310;"SAO GONCALO";"Falta de Atenção à Condução";"Colisão traseira";"Com Vítimas Feridas";"Pleno dia";"Decrescente";"Nublado";"Dupla";"Reta";"Não";2;0;1;0;1;0;1;2;-22,80144396;-43,05488348;"SPRF-RJ";"DEL02-RJ";"DEL5/2-UOP04/RJ"
167769;2018-10-26;"sexta-feira";"09:35:00";"GO";20;59,4;"FORMOSA";"Ultrapassagem Indevida";"Colisão frontal";"Com Vítimas Feridas";"Pleno dia";"Crescente";"Céu Claro";"Simples";"Declive";"Não";4;0;3;0;1;0;3;2;-15,25577;-47,165115;"SPRF-DF";"DEL02-DF";"UOP01-DEL02-DF"
167772;2018-10-26;"sexta-feira";"09:30:00";"DF";20;1;"BRASILIA";"Falta de Atenção à Condução";"Colisão traseira";"Com Vítimas Feridas";"Pleno dia";"Decrescente";"Nublado";"Múltipla";"Reta";"Não";3;0;1;0;2;0;1;2;-15,685814;-47,849838;"SPRF-DF";"DEL02-DF";"UOP01-DEL02-DF"
167773;2018-10-26;"sexta-feira";"09:30:00";"ES";101;285;"CARIACICA";"Agressão Externa";"Colisão lateral";"Com Vítimas Feridas";"Pleno dia";"Crescente";"Nublado";"Múltipla";"Declive";"Sim";4;0;1;0;2;1;1;3;-20,2571042;-40,37706524;"SPRF-ES";"DEL01-ES";"UOP01-DEL01-ES"
167775;2018-08-27;"segunda-feira";"07:00:00";"MG";381;381,4;"SAO GONCALO DO RIO ABAIXO";"Defeito Mecânico no Veículo";"Colisão traseira";"Com Vítimas Fatais";"Pleno dia";"Crescente";"Nublado";"Simples";"Curva";"Sim";49;4;40;5;0;0;45;2;-19,83720306;-43,33760977;"SPRF-MG";"DEL01-MG";"UOP01-DEL01-MG"
167777;2018-10-26;"sexta-feira";"09:25:00";"PR";277;719,8;"FOZ DO IGUACU";"Pista Escorregadia";"Saída de leito carroçável";"Com Vítimas Feridas";"Pleno dia";"Crescente";"Chuva";"Dupla";"Viaduto";"Sim";1;0;1;0;0;0;1;1;-25,483784;-54,494278;"SPRF-PR";"DEL05-PR";"UOP01-DEL05-PR"
167778;2018-10-26;"sexta-feira";"10:30:00";"SC";101;32,6;"JOINVILLE";"Velocidade Incompatível";"Saída de leito carroçável";"Com Vítimas Feridas";"Pleno dia";"Crescente";"Chuva";"Dupla";"Reta";"Não";1;0;0;1;0;0;1;1;-26,2531;-48,9065;"SPRF-SC";"DEL03-SC";"UOP01-DEL03-SC"
167779;2018-10-26;"sexta-feira";"08:00:00";"RO";364;423,5;"JARU";"Falta de Atenção à Condução";"Colisão transversal";"Com Vítimas Feridas";"Pleno dia";"Decrescente";"Céu Claro";"Simples";"Reta";"Sim";2;0;1;0;1;0;1;2;-10,452208;-62,46072;"SPRF-RO";"DEL03-RO";"UOP02-DEL03-RO"
167781;2018-10-02;"terça-feira";"20:30:00";"SC";101;39;"JOINVILLE";"Não guardar distância de segurança";"Colisão traseira";"Com Vítimas Feridas";"Plena Noite";"Decrescente";"Chuva";"Múltipla";"Reta";"Sim";3;0;2;0;0;1;2;2;-26,3096;-48,878;"SPRF-SC";"DEL03-SC";"UOP01-DEL03-SC"
167782;2018-10-26;"sexta-feira";"10:15:00";"SC";101;332,8;"TUBARAO";"Falta de Atenção à Condução";"Colisão transversal";"Com Vítimas Feridas";"Pleno dia";"Crescente";"Céu Claro";"Simples";"Interseção de Vias";"Sim";2;0;1;0;1;0;1;2;-28,46558969;-48,99573029;"SPRF-SC";"DEL02-SC";"UOP01-DEL02-SC"
167783;2018-10-26;"sexta-feira";"10:30:00";"RS";290;174,7;"BUTIA";"Desobediência às normas de trânsito pelo condutor";"Colisão transversal";"Sem Vítimas";"Pleno dia";"Decrescente";"Céu Claro";"Simples";"Interseção de Vias";"Sim";2;0;0;0;2;0;0;2;-30,12760909;-51,9588089;"SPRF-RS";"DEL02-RS";"UOP02-DEL02-RS"
167784;2018-10-26;"sexta-feira";"11:05:00";"DF";20;6,2;"BRASILIA";"Não guardar distância de segurança";"Colisão traseira";"Com Vítimas Feridas";"Pleno dia";"Decrescente";"Sol";"Dupla";"Curva";"Sim";2;0;1;0;1;0;1;2;-15,66494097;-47,8063398;"SPRF-DF";"DEL02-DF";"UOP01-DEL02-DF"
167785;2018-10-26;"sexta-feira";"10:15:00";"SC";101;142;"BALNEARIO CAMBORIU";"Velocidade Incompatível";"Colisão com objeto estático";"Com Vítimas Feridas";"Pleno dia";"Crescente";"Céu Claro";"Dupla";"Declive";"Sim";2;0;1;0;1;0;1;1;-27,05819136;-48,5974474;"SPRF-SC";"DEL04-SC";"UOP03-DEL04-SC"
167790;2018-10-26;"sexta-feira";"12:15:00";"MG";40;771,4;"JUIZ DE FORA";"Falta de Atenção à Condução";"Colisão com objeto estático";"Com Vítimas Feridas";"Pleno dia";"Decrescente";"Nublado";"Simples";"Reta";"Não";2;0;1;0;0;1;1;2;-21,6341;-43,4421;"SPRF-MG";"DEL05-MG";"UOP01-DEL05-MG"
167791;2018-10-26;"sexta-feira";"12:00:00";"MG";381;750,5;"TRES CORACOES";"Velocidade Incompatível";"Colisão com objeto estático";"Com Vítimas Feridas";"Pleno dia";"Decrescente";"Sol";"Dupla";"Curva";"Não";2;0;2;0;0;0;2;1;-21,6469;-45,2967;"SPRF-MG";"DEL16-MG";"UOP02-DEL16-MG"
167792;2018-10-26;"sexta-feira";"12:15:00";"AP";210;0;"MACAPA";"Falta de Atenção à Condução";"Colisão traseira";"Com Vítimas Feridas";"Pleno dia";"Crescente";"Céu Claro";"Múltipla";"Reta";"Sim";3;0;1;0;2;0;1;2;0,07779;-51,065;"SPRF-AP";"DEL01-AP";"UOP01-DEL01-AP"
167793;2018-10-06;"sábado";"02:00:00";"ES";262;5;"CARIACICA";"Falta de Atenção à Condução";"Colisão lateral";"Sem Vítimas";"Plena Noite";"Crescente";"Céu Claro";"Dupla";"Reta";"Sim";1;0;0;0;1;0;0;1;-20,33738197;-40,37963536;"SPRF-ES";"DEL01-ES";"UOP01-DEL01-ES"
167794;2018-10-26;"sexta-feira";"12:15:00";"PI";343;343,4;"TERESINA";"Falta de Atenção à Condução";"Colisão traseira";"Sem Vítimas";"Pleno dia";"Crescente";"Céu Claro";"Simples";"Reta";"Sim";2;0;0;0;2;0;0;2;-5,08752448;-42,75784492;"SPRF-PI";"DEL01-PI";"UOP01-DEL01-PI"
167797;2018-10-26;"sexta-feira";"11:35:00";"MG";40;638;"CONSELHEIRO LAFAIETE";"Pista Escorregadia";"Saída de leito carroçável";"Com Vítimas Feridas";"Pleno dia";"Decrescente";"Chuva";"Simples";"Curva";"Não";1;0;1;0;0;0;1;1;-20,73982021;-43,79957199;"SPRF-MG";"DEL05-MG";"UOP02-DEL05-MG"
167798;2018-10-26;"sexta-feira";"12:30:00";"PR";373;392,4;"CANDOI";"Avarias e/ou desgaste excessivo no pneu";"Colisão frontal";"Com Vítimas Feridas";"Pleno dia";"Crescente";"Chuva";"Simples";"Reta";"Não";2;0;1;0;1;0;1;2;-25,5327627;-51,99704379;"SPRF-PR";"DEL03-PR";"UOP01-DEL08-PR"
167801;2018-10-26;"sexta-feira";"12:50:00";"SP";153;61,2;"SAO JOSE DO RIO PRETO";"Agressão Externa";"Colisão com objeto estático";"Com Vítimas Feridas";"Pleno dia";"Crescente";"Sol";"Dupla";"Declive";"Sim";1;0;1;0;0;0;1;1;-20,805029;-49,355747;"SPRF-SP";"DEL09-SP";"UOP01-DEL09-SP"
167804;2018-10-26;"sexta-feira";"13:20:00";"SP";116;224;"GUARULHOS";"Falta de Atenção à Condução";"Colisão traseira";"Com Vítimas Feridas";"Pleno dia";"Crescente";"Sol";"Múltipla";"Reta";"Não";2;0;1;0;1;0;1;2;-23,48301688;-46,53727055;"SPRF-SP";"DEL01-SP";"UOP01-DEL01-SP"
167806;2018-10-26;"sexta-feira";"10:50:00";"RJ";40;73;"PETROPOLIS";"Falta de Atenção à Condução";"Tombamento";"Com Vítimas Feridas";"Pleno dia";"Decrescente";"Chuva";"Simples";"Curva";"Não";2;0;2;0;0;0;2;1;-22,4744;-43,2192;"SPRF-RJ";"DEL06-RJ";"UOP01-DEL06-RJ"
167807;2018-10-26;"sexta-feira";"13:20:00";"SC";101;201;"SAO JOSE";"Falta de Atenção à Condução";"Colisão transversal";"Com Vítimas Feridas";"Pleno dia";"Crescente";"Chuva";"Dupla";"Reta";"Sim";2;0;1;0;1;0;1;2;-27,5572;-48,6188;"SPRF-SC";"DEL01-SC";"UOP01-DEL01-SC"
167808;2018-10-26;"sexta-feira";"12:40:00";"RS";116;318;"BARRA DO RIBEIRO";"Falta de Atenção à Condução";"Colisão traseira";"Sem Vítimas";"Pleno dia";"Crescente";"Sol";"Simples";"Reta;Em Obras";"Não";2;0;0;0;2;0;0;2;-30,272774;-51,409355;"SPRF-RS";"DEL02-RS";"UOP01-DEL02-RS"
167809;2018-10-26;"sexta-feira";"13:30:00";"PR";376;180,5;"MARINGA";"Defeito na Via";"Colisão traseira";"Com Vítimas Feridas";"Pleno dia";"Crescente";"Chuva";"Dupla";"Aclive";"Sim";2;0;1;0;1;0;1;2;-23,427254;-51,895123;"SPRF-PR";"DEL07-PR";"UOP01-DEL09-PR"
167810;2018-10-26;"sexta-feira";"14:00:00";"PB";230;176,1;"POCINHOS";"Desobediência às normas de trânsito pelo condutor";"Colisão frontal";"Com Vítimas Feridas";"Pleno dia";"Crescente";"Céu Claro";"Simples";"Aclive";"Não";4;0;1;3;0;0;4;2;-7;-36;"SPRF-PB";"DEL02-PB";"UOP02-DEL02-PB"
167812;2018-10-26;"sexta-feira";"13:15:00";"MS";163;60,1;"ELDORADO";"Falta de Atenção à Condução";"Saída de leito carroçável";"Com Vítimas Feridas";"Pleno dia";"Crescente";"Nublado";"Simples";"Reta";"Não";2;0;1;0;1;0;1;1;-23,61052416;-54,22593534;"SPRF-MS";"DEL09-MS";"UOP02-DEL09-MS"
167817;2018-10-26;"sexta-feira";"14:50:00";"PR";369;162,5;"CAMBE";"Velocidade Incompatível";"Colisão lateral";"Com Vítimas Feridas";"Pleno dia";"Crescente";"Chuva";"Dupla";"Reta";"Sim";3;0;3;0;0;0;3;2;-23,29518072;-51,30343166;"SPRF-PR";"DEL07-PR";"UOP01-DEL07-PR"
167819;2018-10-25;"quinta-feira";"09:20:00";"MG";459;61;"IPUIUNA";"Falta de Atenção à Condução";"Engavetamento";"Com Vítimas Feridas";"Pleno dia";"Crescente";"Garoa/Chuvisco";"Simples";"Aclive;Reta";"Não";4;0;2;0;2;0;2;3;-22,10124;-46,17988;"SPRF-MG";"DEL09-MG";"UOP01-DEL09-MG"
167822;2018-10-26;"sexta-feira";"15:15:00";"GO";40;7,2;"VALPARAISO DE GOIAS";"Falta de Atenção à Condução";"Danos eventuais";"Sem Vítimas";"Pleno dia";"Decrescente";"Nublado";"Dupla";"Reta";"Sim";2;0;0;0;0;2;0;2;-16,114766;-47,968278;"SPRF-DF";"DEL01-DF";"UOP01-DEL01-DF"
167823;2018-09-29;"sábado";"01:30:00";"MG";40;514;"RIBEIRAO DAS NEVES";"Falta de Atenção à Condução";"Queda de ocupante de veículo";"Com Vítimas Feridas";"Pleno dia";"Decrescente";"Ignorado";"Dupla";"Reta";"Não";1;0;0;1;0;0;1;1;-19,8128;-44,093;"SPRF-MG";"DEL01-MG";"UOP03-DEL01-MG"
167824;2018-10-26;"sexta-feira";"15:35:00";"MG";50;192,5;"UBERABA";"Falta de Atenção à Condução";"Saída de leito carroçável";"Com Vítimas Feridas";"Pleno dia";"Decrescente";"Chuva";"Dupla";"Declive";"Não";1;0;1;0;0;0;1;1;-19,8772;-47,8553;"SPRF-MG";"DEL13-MG";"UOP01-DEL13-MG"
167825;2018-10-26;"sexta-feira";"15:30:00";"MG";116;585,7;"MANHUACU";"Velocidade Incompatível";"Capotamento";"Com Vítimas Fatais";"Pleno dia";"Crescente";"Nublado";"Simples";"Reta";"Não";2;1;1;0;0;0;1;1;-20,22544008;-42,17748642;"SPRF-MG";"DEL06-MG";"UOP03-DEL06-MG"
167826;2018-10-26;"sexta-feira";"13:35:00";"SC";282;389,4;"JOACABA";"Pista Escorregadia";"Tombamento";"Com Vítimas Fatais";"Pleno dia";"Crescente";"Chuva";"Simples";"Curva;Aclive";"Não";2;1;0;0;1;0;0;2;-27,178604;-51,541367;"SPRF-SC";"DEL07-SC";"UOP05-DEL07-SC"