"id";"data_inversa";"dia_semana";"horario";"uf";"br";"km";"municipio";"causa_acidente";"tipo_acidente";"classificacao_acidente";"fase_dia";"sentido_via";"condicao_metereologica";"tipo_pista";"tracado_via";"uso_solo";"pessoas";"mortos";"feridos_leves";"feridos_graves";"ilesos";"ignorados";"feridos";"veiculos";"latitude";"longitude";"regional";"delegacia";"uop"
167831;2018-10-26;"sexta-feira";"16:15:00";"SP";153;215;"MARILIA";"Desobediência às normas de trânsito pelo condutor";"Colisão lateral";"Com Vítimas Feridas";"Pleno dia";"Crescente";"Chuva";"Simples";"Reta";"Não";2;0;0;1;1;0;1;2;-21,952909;-49,922554;"SPRF-SP";"DEL07-SP";"UOP02-DEL07-SP"
167832;2018-10-26;"sexta-feira";"13:47:00";"MG";262;364,4;"JUATUBA";"Falta de Atenção à Condução";"Colisão com objeto em movimento";"Com Vítimas Feridas";"Pleno dia";"Decrescente";"Céu Claro";"Dupla";"Reta";"Não";1;0;1;0;0;0;1;1;-19,9735;-44,3155;"SPRF-MG";"DEL01-MG";"UOP03-DEL01-MG"
167833;2018-10-26;"sexta-feira";"16:30:00";"ES";101;268,9;"SERRA";"Desobediência às normas de trânsito pelo pedestre";"Atropelamento de Pedestre";"Com Vítimas Feridas";"Pleno dia";"Decrescente";"Chuva";"Múltipla";"Reta";"Sim";2;0;0;1;1;0;1;2;-20,21601465;-40,26990082;"SPRF-ES";"DEL02-ES";"UOP01-DEL02-ES"
167834;2018-10-26;"sexta-feira";"16:00:00";"MG";40;688,8;"ALFREDO VASCONCELOS";"Desobediência às normas de trânsito pelo condutor";"Colisão traseira";"Com Vítimas Feridas";"Pleno dia";"Decrescente";"Chuva";"Simples";"Reta";"Não";5;0;3;0;2;0;3;2;-21,1215;-43,7584;"SPRF-MG";"DEL05-MG";"UOP02-DEL05-MG"
167836;2018-10-26;"sexta-feira";"16:00:00";"PI";316;45;"DEMERVAL LOBAO";"Não guardar distância de segurança";"Colisão traseira";"Sem Vítimas";"Pleno dia";"Crescente";"Céu Claro";"Simples";"Reta";"Não";2;0;0;0;2;0;0;2;-5,34218;-42,686275;"SPRF-PI";"DEL01-PI";"UOP02-DEL01-PI"
167837;2018-10-26;"sexta-feira";"14:50:00";"SP";116;123,5;"CACAPAVA";"Não guardar distância de segurança";"Colisão traseira";"Com Vítimas Feridas";"Pleno dia";"Decrescente";"Nublado";"Dupla";"Declive";"Não";3;0;1;0;2;0;1;2;-23,087582;-45,669758;"SPRF-SP";"DEL06-SP";"UOP02-DEL02-SP"
167838;2018-10-26;"sexta-feira";"16:45:00";"GO";153;202;"URUACU";"Falta de Atenção à Condução";"Colisão lateral";"Com Vítimas Feridas";"Pleno dia";"Crescente";"Céu Claro";"Simples";"Reta";"Não";3;0;1;0;2;0;1;2;-14,527802;-49,159687;"SPRF-GO";"DEL07-GO";"UOP02-DEL07-GO"
167841;2018-10-26;"sexta-feira";"16:00:00";"MG";116;278;"TEOFILO OTONI";"Falta de Atenção à Condução";"Colisão transversal";"Com Vítimas Feridas";"Pleno dia";"Crescente";"Nublado";"Múltipla";"Interseção de Vias";"Sim";2;0;1;0;1;0;1;2;-17,8672292;-41,51684046;"SPRF-MG";"DEL11-MG";"UOP01-DEL11-MG"
167842;2018-10-26;"sexta-feira";"13:30:00";"RJ";40;114;"DUQUE DE CAXIAS";"Mal Súbito";"Capotamento";"Com Vítimas Feridas";"Pleno dia";"Decrescente";"Nublado";"Múltipla";"Reta";"Não";1;0;1;0;0;0;1;1;-22,7283;-43,2889;"SPRF-RJ";"DEL01-RJ";"UOP01-DEL01-RJ"
167843;2018-10-26;"sexta-feira";"16:50:00";"RJ";356;129,1;"CAMPOS DOS GOYTACAZES";"Condutor Dormindo";"Saída de leito carroçável";"Com Vítimas Feridas";"Pleno dia";"Crescente";"Chuva";"Simples";"Reta";"Não";1;0;1;0;0;0;1;1;-21,6854923;-41,3560286;"SPRF-RJ";"DEL08-RJ";"UOP01-DEL08-RJ"
167846;2018-10-26;"sexta-feira";"16:40:00";"RJ";393;168;"TRES RIOS";"Falta de Atenção à Condução";"Colisão transversal";"Com Vítimas Feridas";"Anoitecer";"Crescente";"Nublado";"Simples";"Reta";"Sim";3;0;1;0;1;1;1;3;-22,127502;-43,147022;"SPRF-RJ";"DEL06-RJ";"UOP01-DEL05-RJ"
167847;2018-10-26;"sexta-feira";"15:00:00";"RJ";495;25;"PETROPOLIS";"Falta de Atenção à Condução";"Colisão frontal";"Com Vítimas Feridas";"Pleno dia";"Decrescente";"Chuva";"Simples";"Reta";"Não";2;0;1;0;1;0;1;2;-22,40941;-43,100292;"SPRF-RJ";"DEL06-RJ";"UOP02-DEL05-RJ"
167848;2018-10-26;"sexta-feira";"17:10:00";"BA";324;513;"FEIRA DE SANTANA";"Ingestão de Álcool";"Colisão traseira";"Sem Vítimas";"Pleno dia";"Crescente";"Céu Claro";"Simples";"Reta";"Sim";2;0;0;0;2;0;0;2;-12,23332589;-38,94833565;"SPRF-BA";"DEL02-BA";"UOP01-DEL02-BA"
167851;2018-10-26;"sexta-feira";"17:20:00";"RS";285;287,8;"PASSO FUNDO";"Falta de Atenção do Pedestre";"Atropelamento de Pedestre";"Com Vítimas Feridas";"Pleno dia";"Crescente";"Chuva";"Dupla";"Reta";"Sim";2;0;1;0;1;0;1;2;-28,239072;-52,36488457;"SPRF-RS";"DEL08-RS";"UOP03-DEL08-RS"
167853;2018-10-26;"sexta-feira";"12:00:00";"PR";153;112,2;"IBAITI";"Velocidade Incompatível";"Saída de leito carroçável";"Com Vítimas Feridas";"Pleno dia";"Decrescente";"Sol";"Simples";"Curva";"Não";1;0;1;0;0;0;1;1;-23,87157324;-50,2021122;"SPRF-PR";"DEL07-PR";"UOP04-DEL07-PR"
167854;2018-10-26;"sexta-feira";"14:10:00";"PR";153;6,2;"JACAREZINHO";"Não guardar distância de segurança";"Saída de leito carroçável";"Com Vítimas Feridas";"Pleno dia";"Crescente";"Nublado";"Simples";"Aclive;Reta";"Não";1;0;1;0;0;0;1;1;-23,03740211;-49,92112935;"SPRF-PR";"DEL07-PR";"UOP04-DEL07-PR"
167855;2018-10-26;"sexta-feira";"17:40:00";"AL";101;145;"SAO MIGUEL DOS CAMPOS";"Falta de Atenção à Condução";"Colisão transversal";"Com Vítimas Feridas";"Plena Noite";"Decrescente";"Céu Claro";"Simples";"Curva";"Não";3;0;2;0;1;0;2;2;-9,809752;-36,11702;"SPRF-AL";"DEL02-AL";"UOP01-DEL02-AL"
167856;2018-10-26;"sexta-feira";"17:50:00";"BA";324;518,7;"FEIRA DE SANTANA";"Falta de Atenção à Condução";"Colisão lateral";"Com Vítimas Feridas";"Anoitecer";"Decrescente";"Céu Claro";"Simples";"Interseção de Vias";"Sim";2;0;1;0;1;0;1;2;-12,26209575;-38,93226385;"SPRF-BA";"DEL01-BA";"UOP01-DEL01-BA"
167857;2018-10-26;"sexta-feira";"16:33:00";"MS";262;481,2;"CORGUINHO";"Avarias e/ou desgaste excessivo no pneu";"Queda de ocupante de veículo";"Com Vítimas Feridas";"Pleno dia";"Decrescente";"Chuva";"Simples";"Reta";"Não";2;0;0;2;0;0;2;1;-20;-55;"SPRF-MS";"DEL03-MS";"UOP01-DEL03-MS"
167859;2018-06-01;"sexta-feira";"18:40:00";"RS";290;177,9;"BUTIA";"Ingestão de Álcool";"Colisão transversal";"Sem Vítimas";"Plena Noite";"Decrescente";"Chuva";"Simples";"Reta";"Não";2;0;0;0;2;0;0;2;-30,132814;-51,982243;"SPRF-RS";"DEL02-RS";"UOP02-DEL02-RS"
167860;2018-10-26;"sexta-feira";"18:10:00";"SC";282;219,4;"LAGES";"Desobediência às normas de trânsito pelo condutor";"Colisão transversal";"Sem Vítimas";"Anoitecer";"Decrescente";"Nublado";"Simples";"Interseção de Vias";"Sim";2;0;0;0;2;0;0;2;-27,795521;-50,323608;"SPRF-SC";"DEL05-SC";"UOP01-DEL05-SC"
167861;2018-10-26;"sexta-feira";"18:20:00";"SC";101;210,5;"PALHOCA";"Falta de Atenção à Condução";"Queda de ocupante de veículo";"Com Vítimas Feridas";"Plena Noite";"Crescente";"Chuva";"Múltipla";"Reta";"Não";2;0;2;0;0;0;2;2;-27,6372;-48,6651;"SPRF-SC";"DEL01-SC";"UOP01-DEL01-SC"
167862;2018-10-26;"sexta-feira";"18:05:00";"PR";277;713,5;"SANTA TEREZINHA DE ITAIPU";"Falta de Atenção à Condução";"Colisão traseira";"Com Vítimas Feridas";"Pleno dia";"Crescente";"Garoa/Chuvisco";"Dupla";"Declive";"Não";2;0;1;0;1;0;1;2;-25,461424;-54,440189;"SPRF-PR";"DEL05-PR";"UOP01-DEL05-PR"
167865;2018-10-26;"sexta-feira";"18:20:00";"PR";277;344,9;"GUARAPUAVA";"Desobediência às normas de trânsito pelo condutor";"Colisão transversal";"Com Vítimas Feridas";"Anoitecer";"Crescente";"Chuva";"Simples";"Reta";"Sim";2;0;0;1;1;0;1;2;-25,36607095;-51,48664579;"SPRF-PR";"DEL03-PR";"UOP01-DEL08-PR"
167866;2018-10-26;"sexta-feira";"17:00:00";"RS";392;8,9;"RIO GRANDE";"Falta de Atenção à Condução";"Colisão traseira";"Com Vítimas Feridas";"Pleno dia";"Crescente";"Garoa/Chuvisco";"Simples";"Interseção de Vias";"Sim";2;0;0;1;1;0;1;2;-32,10957147;-52,11127397;"SPRF-RS";"DEL07-RS";"UOP02-DEL07-RS"
167867;2018-10-26;"sexta-feira";"16:40:00";"MG";459;103;"POUSO ALEGRE";"Falta de Atenção à Condução";"Colisão traseira";"Com Vítimas Feridas";"Pleno dia";"Decrescente";"Nublado";"Dupla";"Reta";"Sim";3;0;1;1;0;1;2;2;-22,217806;-45,917549;"SPRF-MG";"DEL16-MG";"UOP01-DEL16-MG"
167868;2018-10-26;"sexta-feira";"14:10:00";"MA";222;636;"ACAILANDIA";"Falta de Atenção à Condução";"Saída de leito carroçável";"Sem Vítimas";"Pleno dia";"Crescente";"Céu Claro";"Simples";"Declive";"Não";1;0;0;0;1;0;0;1;-4,7818527;-47,1876672;"SPRF-MA";"DEL04-MA";"UOP03-DEL04-MA"
167869;2018-10-26;"sexta-feira";"12:35:00";"SC";282;108;"ALFREDO WAGNER";"Velocidade Incompatível";"Saída de leito carroçável";"Com Vítimas Feridas";"Pleno dia";"Decrescente";"Chuva";"Simples";"Curva";"Não";1;0;1;0;0;0;1;1;-27,710777;-49,356228;"SPRF-SC";"DEL01-SC";"UOP03-DEL01-SC"
167871;2018-10-26;"sexta-feira";"19:00:00";"SP";101;47,2;"UBATUBA";"Pista Escorregadia";"Colisão com objeto estático";"Com Vítimas Feridas";"Plena Noite";"Crescente";"Garoa/Chuvisco";"Simples";"Rotatória";"Sim";1;0;0;1;0;0;1;1;-23,43678911;-45,08840561;"SPRF-SP";"DEL06-SP";"UOP01-DEL06-SP"
167872;2018-10-26;"sexta-feira";"18:50:00";"PR";116;103,9;"SAO JOSE DOS PINHAIS";"Falta de Atenção à Condução";"Colisão traseira";"Com Vítimas Feridas";"Plena Noite";"Decrescente";"Chuva";"Dupla";"Reta";"Não";2;0;2;0;0;0;2;2;-25,56465562;-49,15763671;"SPRF-PR";"DEL01-PR";"UOP01-DEL01-PR"
167873;2018-10-26;"sexta-feira";"17:30:00";"RJ";465;21,1;"NOVA IGUACU";"Falta de Atenção à Condução";"Colisão transversal";"Com Vítimas Feridas";"Anoitecer";"Crescente";"Céu Claro";"Simples";"Reta";"Sim";3;0;1;0;2;0;1;2;-22,85561287;-43,60198975;"SPRF-RJ";"DEL01-RJ";"UOP03-DEL01-RJ"
167874;2018-10-26;"sexta-feira";"19:00:00";"RJ";393;288,2;"VOLTA REDONDA";"Fenômenos da Natureza";"Queda de ocupante de veículo";"Com Vítimas Feridas";"Plena Noite";"Crescente";"Chuva";"Dupla";"Reta";"Sim";1;0;1;0;0;0;1;1;-22,51340932;-44,09877777;"SPRF-RJ";"DEL05-RJ";"UOP04-DEL05-RJ"
167876;2018-10-26;"sexta-feira";"19:00:00";"RJ";393;219;"VASSOURAS";"Desobediência às normas de trânsito pelo condutor";"Colisão frontal";"Com Vítimas Feridas";"Plena Noite";"Decrescente";"Nublado";"Simples";"Reta";"Não";3;0;1;1;1;0;2;2;-22,32012;-43,529716;"SPRF-RJ";"DEL05-RJ";"UOP03-DEL05-RJ"
167878;2018-10-26;"sexta-feira";"18:30:00";"MG";381;294;"ANTONIO DIAS";"Pista Escorregadia";"Tombamento";"Com Vítimas Feridas";"Plena Noite";"Decrescente";"Chuva";"Simples";"Declive;Curva";"Não";5;0;3;0;2;0;3;3;-19,64002097;-42,8172183;"SPRF-MG";"DEL03-MG";"UOP02-DEL03-MG"
167879;2018-10-26;"sexta-feira";"18:45:00";"PB";230;3,8;"CABEDELO";"Desobediência às normas de trânsito pelo condutor";"Colisão transversal";"Com Vítimas Feridas";"Plena Noite";"Crescente";"Céu Claro";"Simples";"Reta";"Sim";2;0;1;0;1;0;1;2;-7,00362623;-34,82897222;"SPRF-PB";"DEL01-PB";"UOP01-DEL01-PB"
167880;2018-10-26;"sexta-feira";"19:00:00";"MG";381;360;"JOAO MONLEVADE";"Desobediência às normas de trânsito pelo condutor";"Colisão transversal";"Com Vítimas Feridas";"Anoitecer";"Decrescente";"Nublado";"Múltipla";"Rotatória";"Sim";2;0;1;0;1;0;1;2;-19,83857559;-43,19019556;"SPRF-MG";"DEL03-MG";"UOP01-DEL03-MG"
167881;2018-10-26;"sexta-feira";"18:30:00";"MS";60;389,9;"SIDROLANDIA";"Não guardar distância de segurança";"Colisão traseira";"Com Vítimas Feridas";"Plena Noite";"Crescente";"Céu Claro";"Simples";"Reta";"Não";2;0;0;1;0;1;1;2;-20,712796;-54,773;"SPRF-MS";"DEL01-MS";"UOP04-DEL01-MS"
167888;2018-10-26;"sexta-feira";"14:45:00";"ES";262;158,2;"IBATIBA";"Falta de Atenção à Condução";"Colisão com objeto em movimento";"Com Vítimas Feridas";"Pleno dia";"Crescente";"Céu Claro";"Simples";"Reta";"Sim";2;0;1;0;1;0;1;2;-20,2316;-41,4947;"SPRF-ES";"DEL01-ES";"UOP02-DEL01-ES"
167890;2018-10-26;"sexta-feira";"18:20:00";"AC";364;201;"BUJARI";"Desobediência às normas de trânsito pelo condutor";"Colisão traseira";"Com Vítimas Feridas";"Plena Noite";"Decrescente";"Nublado";"Simples";"Reta;Declive";"Não";3;0;0;2;1;0;2;3;-9,584394;-68,270111;"SPRF-AC";"DEL01-AC";"UOP01-DEL01-AC"
167896;2018-10-26;"sexta-feira";"20:00:00";"SC";116;14,2;"MAFRA";"Não guardar distância de segurança";"Colisão com objeto estático";"Com Vítimas Feridas";"Plena Noite";"Crescente";"Nublado";"Simples";"Aclive";"Não";2;0;2;0;0;0;2;1;-26,22785397;-49,89477212;"SPRF-SC";"DEL06-SC";"UOP01-DEL06-SC"
167897;2018-10-26;"sexta-feira";"20:55:00";"PI";230;308;"FLORIANO";"Falta de Atenção à Condução";"Colisão transversal";"Com Vítimas Feridas";"Plena Noite";"Crescente";"Céu Claro";"Simples";"Curva";"Sim";3;0;2;0;1;0;2;2;-6,780452;-43,002651;"SPRF-PI";"DEL03-PI";"UOP01-DEL03-PI"
167898;2018-10-26;"sexta-feira";"21:25:00";"SP";116;270;"TABOAO DA SERRA";"Ingestão de Álcool";"Colisão com objeto estático";"Sem Vítimas";"Plena Noite";"Crescente";"Chuva";"Dupla";"Reta";"Sim";1;0;0;0;1;0;0;1;-23,6070932;-46,81497574;"SPRF-SP";"DEL04-SP";"UOP01-DEL04-SP"
167900;2018-10-26;"sexta-feira";"19:00:00";"RS";386;375,7;"TAQUARI";"Velocidade Incompatível";"Saída de leito carroçável";"Com Vítimas Feridas";"Plena Noite";"Crescente";"Chuva";"Dupla";"Curva;Declive";"Não";2;0;1;0;1;0;1;1;-29,633495;-51,774724;"SPRF-RS";"DEL04-RS";"UOP02-DEL04-RS"
167902;2018-10-26;"sexta-feira";"22:10:00";"RS";101;18;"MAQUINE";"Pista Escorregadia";"Colisão frontal";"Com Vítimas Feridas";"Plena Noite";"Crescente";"Chuva";"Simples";"Reta";"Sim";2;0;0;2;0;0;2;2;-29,6781;-50,2066;"SPRF-RS";"DEL03-RS";"UOP01-DEL03-RS"
167904;2018-10-26;"sexta-feira";"19:00:00";"MA";135;68;"SANTA RITA";"Velocidade Incompatível";"Capotamento";"Com Vítimas Feridas";"Plena Noite";"Decrescente";"Céu Claro";"Simples";"Reta";"Não";2;0;1;0;0;1;1;2;-3,123958;-44,324142;"SPRF-MA";"DEL01-MA";"UOP02-DEL01-MA"
167906;2018-10-26;"sexta-feira";"23:00:00";"RJ";40;119;"DUQUE DE CAXIAS";"Desobediência às normas de trânsito pelo condutor";"Colisão frontal";"Com Vítimas Feridas";"Plena Noite";"Decrescente";"Garoa/Chuvisco";"Dupla";"Viaduto";"Sim";2;0;1;0;1;0;1;2;-22,78631079;-43,2875061;"SPRF-RJ";"DEL01-RJ";"UOP01-DEL01-RJ"
167907;2018-10-26;"sexta-feira";"22:15:00";"SP";116;212;"GUARULHOS";"Ingestão de Álcool";"Atropelamento de Pedestre";"Com Vítimas Feridas";"Plena Noite";"Decrescente";"Chuva";"Múltipla";"Aclive";"Sim";3;0;1;0;1;1;1;3;-23,43678911;-46,43015385;"SPRF-SP";"DEL01-SP";"UOP01-DEL01-SP"
167908;2018-10-26;"sexta-feira";"22:50:00";"PR";376;3,6;"APUCARANA";"Desobediência às normas de trânsito pelo condutor";"Colisão transversal";"Sem Vítimas";"Plena Noite";"Decrescente";"Chuva";"Dupla";"Reta";"Sim";3;0;0;0;2;1;0;3;-23,55850936;-51,44064367;"SPRF-PR";"DEL07-PR";"UOP03-DEL07-PR"
167909;2018-10-26;"sexta-feira";"22:00:00";"ES";101;67,6;"SAO MATEUS";"Ingestão de Álcool";"Colisão transversal";"Sem Vítimas";"Plena Noite";"Crescente";"Chuva";"Simples";"Interseção de Vias";"Sim";2;0;0;0;2;0;0;2;-18,72263323;-39,86199796;"SPRF-ES";"DEL04-ES";"UOP02-DEL04-ES"
167910;2018-10-26;"sexta-feira";"20:30:00";"RO";364;803;"PORTO VELHO";"Avarias e/ou desgaste excessivo no pneu";"Tombamento";"Com Vítimas Feridas";"Plena Noite";"Crescente";"Céu Claro";"Simples";"Reta";"Não";1;0;1;0;0;0;1;1;-9,674507;-65,44786;"SPRF-RO";"DEL01-RO";"UOP02-DEL01-RO"
167911;2018-10-26;"sexta-feira";"23:14:00";"MG";50;74;"UBERLANDIA";"Falta de Atenção à Condução";"Atropelamento de Pedestre";"Com Vítimas Feridas";"Plena Noite";"Crescente";"Céu Claro";"Dupla";"Reta";"Não";3;0;2;1;0;0;3;2;-19,1451682;-48,16955566;"SPRF-MG";"DEL15-MG";"UOP01-DEL15-MG"
167913;2018-10-26;"sexta-feira";"19:50:00";"PE";428;15;"CABROBO";"Ingestão de Álcool";"Atropelamento de Animal";"Com Vítimas Feridas";"Plena Noite";"Crescente";"Céu Claro";"Simples";"Reta";"Não";1;0;1;0;0;0;1;1;-8,499334;-39,352074;"SPRF-PE";"DEL05-PE";"UOP03-DEL05-PE"
167914;2018-10-26;"sexta-feira";"19:50:00";"MS";163;462,3;"CAMPO GRANDE";"Falta de Atenção do Pedestre";"Atropelamento de Pedestre";"Com Vítimas Fatais";"Plena Noite";"Decrescente";"Nublado";"Simples";"Reta";"Sim";3;1;0;0;2;0;0;2;-20,619613;-54,574441;"SPRF-MS";"DEL01-MS";"UOP01-DEL01-MS"
167915;2018-10-26;"sexta-feira";"13:25:00";"SC";280;59;"GUARAMIRIM";"Falta de Atenção à Condução";"Colisão transversal";"Com Vítimas Feridas";"Pleno dia";"Crescente";"Céu Claro";"Simples";"Interseção de Vias";"Sim";2;0;1;0;1;0;1;2;-26,47547883;-49,03124034;"SPRF-SC";"DEL03-SC";"UOP03-DEL03-SC"
167916;2018-10-26;"sexta-feira";"22:40:00";"SC";101;153;"PORTO BELO";"Velocidade Incompatível";"Saída de leito carroçável";"Com Vítimas Feridas";"Plena Noite";"Decrescente";"Garoa/Chuvisco";"Dupla";"Reta";"Sim";3;0;2;0;1;0;2;1;-27,14004361;-48,61009669;"SPRF-SC";"DEL04-SC";"UOP03-DEL04-SC"
167917;2018-10-26;"sexta-feira";"22:40:00";"BA";407;5,9;"JUAZEIRO";"Falta de Atenção do Pedestre";"Atropelamento de Pedestre";"Com Vítimas Feridas";"Plena Noite";"Crescente";"Ignorado";"Dupla";"Reta";"Sim";2;0;0;1;1;0;1;2;-9,45507418;-40,4870672;"SPRF-PE";"DEL06-PE";"UOP01-DEL06-PE"
167918;2018-10-26;"sexta-feira";"23:00:00";"SP";381;86,3;"GUARULHOS";"Pista Escorregadia";"Tombamento";"Com Vítimas Feridas";"Plena Noite";"Crescente";"Chuva";"Múltipla";"Reta";"Não";1;0;0;1;0;0;1;1;-23,47804746;-46,56074524;"SPRF-SP";"DEL03-SP";"DEL6/3-UOP03/SP"
167920;2018-10-26;"sexta-feira";"22:30:00";"PA";308;1,9;"ANANINDEUA";"Ingestão de Álcool";"Colisão traseira";"Com Vítimas Feridas";"Plena Noite";"Crescente";"Ignorado";"Dupla";"Reta";"Sim";6;0;2;0;4;0;2;5;-1,39972173;-48,4256798;"SPRF-PA";"DEL01-PA";"DEL19/1-UOP05/PA"
167921;2018-10-26;"sexta-feira";"23:15:00";"RS";285;297,1;"PASSO FUNDO";"Falta de Atenção à Condução";"Colisão traseira";"Sem Vítimas";"Plena Noite";"Decrescente";"Chuva";"Simples";"Reta";"Sim";2;0;0;0;2;0;0;2;-28,22538193;-52,44976044;"SPRF-RS";"DEL08-RS";"UOP03-DEL08-RS"
167922;2018-10-26;"sexta-feira";"15:00:00";"BA";407;0;"JUAZEIRO";"Não guardar distância de segurança";"Colisão traseira";"Sem Vítimas";"Pleno dia";"Decrescente";"Céu Claro";"Simples";"Ponte";"Sim";2;0;0;0;2;0;0;2;-9,409546;-40,505337;"SPRF-PE";"DEL06-PE";"UOP01-DEL06-PE"
167923;2018-10-26;"sexta-feira";"23:40:00";"ES";101;271,4;"SERRA";"Desobediência às normas de trânsito pelo condutor";"Colisão transversal";"Com Vítimas Feridas";"Plena Noite";"Crescente";"Chuva";"Dupla";"Interseção de Vias";"Sim";2;0;1;1;0;0;2;2;-20,2298997;-40,2810473;"SPRF-ES";"DEL02-ES";"UOP01-DEL02-ES"
167925;2018-10-26;"sexta-feira";"23:15:00";"SC";101;235,3;"PALHOCA";"Velocidade Incompatível";"Colisão com objeto estático";"Com Vítimas Feridas";"Plena Noite";"Decrescente";"Chuva";"Múltipla";"Curva";"Não";2;0;1;0;1;0;1;1;-27,827;-48,63;"SPRF-SC";"DEL01-SC";"UOP02-DEL01-SC"
167926;2018-10-26;"sexta-feira";"23:50:00";"MG";381;743,1;"TRES CORACOES";"Falta de Atenção à Condução";"Saída de leito carroçável";"Com Vítimas Feridas";"Plena Noite";"Crescente";"Ignorado";"Dupla";"Reta";"Não";4;0;4;0;0;0;4;1;-21,61193624;-45,24127007;"SPRF-MG";"DEL16-MG";"UOP02-DEL16-MG"
167927;2018-10-26;"sexta-feira";"21:30:00";"AM";174;957;"MANAUS";"Defeito na Via";"Queda de ocupante de veículo";"Com Vítimas Feridas";"Plena Noite";"Crescente";"Céu Claro";"Simples";"Reta";"Não";2;0;2;0;0;0;2;1;-2,333;-60,047;"SPRF-AM";"DEL01-AM";"UOP01-DEL01-AM"
167928;2018-10-27;"sábado";"00:10:00";"MG";381;521,5;"BRUMADINHO";"Velocidade Incompatível";"Colisão com objeto estático";"Com Vítimas Feridas";"Plena Noite";"Crescente";"Nublado";"Dupla";"Curva";"Não";3;0;2;0;1;0;2;1;-20,13246674;-44,3061018;"SPRF-MG";"DEL04-MG";"UOP03-DEL04-MG"
167929;2018-10-26;"sexta-feira";"22:30:00";"MT";364;258;"JUSCIMEIRA";"Falta de Atenção à Condução";"Colisão lateral";"Sem Vítimas";"Plena Noite";"Crescente";"Céu Claro";"Dupla";"Reta";"Sim";2;0;0;0;2;0;0;2;-16,05517549;-54,88409579;"SPRF-MT";"DEL02-MT";"UOP01-DEL02-MT"
167930;2018-10-27;"sábado";"00:50:00";"MG";262;41,9;"MANHUACU";"Ingestão de Álcool";"Saída de leito carroçável";"Com Vítimas Feridas";"Plena Noite";"Decrescente";"Nublado";"Simples";"Curva";"Não";2;0;2;0;0;0;2;1;-20,274427;-42,059002;"SPRF-MG";"DEL06-MG";"UOP03-DEL06-MG"
167935;2018-10-27;"sábado";"01:50:00";"SC";101;214,3;"PALHOCA";"Ingestão de álcool e/ou substâncias psicoativas pelo pedestre";"Colisão lateral";"Sem Vítimas";"Plena Noite";"Crescente";"Céu Claro";"Múltipla";"Reta";"Não";2;0;0;0;2;0;0;2;-27,652;-48,676;"SPRF-SC";"DEL01-SC";"UOP02-DEL01-SC"
167936;2018-10-27;"sábado";"01:30:00";"PR";487;158,6;"ARARUNA";"Pista Escorregadia";"Saída de leito carroçável";"Com Vítimas Feridas";"Plena Noite";"Crescente";"Chuva";"Simples";"Aclive";"Não";7;0;6;0;1;0;6;1;-23,96854838;-52,56915092;"SPRF-PR";"DEL04-PR";"UOP03-DEL09-PR"
167938;2018-10-27;"sábado";"01:30:00";"MG";381;518,1;"IGARAPE";"Velocidade Incompatível";"Colisão com objeto estático";"Sem Vítimas";"Plena Noite";"Crescente";"Céu Claro";"Dupla";"Curva";"Não";1;0;0;0;0;1;0;1;-20,1093;-44,3169;"SPRF-MG";"DEL01-MG";"UOP03-DEL01-MG"
167939;2018-10-27;"sábado";"02:10:00";"MG";40;729,7;"OLIVEIRA FORTES";"Defeito Mecânico no Veículo";"Colisão traseira";"Com Vítimas Feridas";"Plena Noite";"Crescente";"Chuva";"Dupla";"Reta";"Não";21;0;1;0;20;0;1;2;-21,3478;-43,581;"SPRF-MG";"DEL05-MG";"UOP01-DEL05-MG"
167940;2018-10-27;"sábado";"02:30:00";"SP";116;161,5;"JACAREI";"Ingestão de Álcool";"Colisão com objeto estático";"Sem Vítimas";"Plena Noite";"Crescente";"Céu Claro";"Dupla";"Reta";"Sim";1;0;0;0;1;0;0;1;-23,27616072;-45,97632408;"SPRF-SP";"DEL02-SP";"UOP01-DEL02-SP"
167942;2018-10-27;"sábado";"00:36:00";"GO";70;153,6;"JARAGUA";"Falta de Atenção à Condução";"Queda de ocupante de veículo";"Com Vítimas Feridas";"Plena Noite";"Crescente";"Céu Claro";"Simples";"Reta";"Não";1;0;0;1;0;0;1;1;-15,8942;-49,5048;"SPRF-GO";"DEL02-GO";"UOP02-DEL02-GO"
167943;2018-10-27;"sábado";"03:00:00";"MG";381;704,5;"LAVRAS";"Velocidade Incompatível";"Saída de leito carroçável";"Com Vítimas Feridas";"Plena Noite";"Decrescente";"Nublado";"Dupla";"Curva";"Não";1;0;1;0;0;0;1;1;-21,3156;-45,1672;"SPRF-MG";"DEL04-MG";"UOP02-DEL04-MG"
167945;2018-10-27;"sábado";"02:50:00";"SC";282;5,5;"SAO JOSE";"Ingestão de Álcool";"Colisão com objeto estático";"Sem Vítimas";"Plena Noite";"Crescente";"Chuva";"Dupla";"Curva";"Sim";1;0;0;0;1;0;0;1;-27,588425;-48,612919;"SPRF-SC";"DEL01-SC";"UOP01-DEL01-SC"
167947;2018-09-17;"segunda-feira";"01:30:00";"MG";381;343;"JOAO MONLEVADE";"Falta de Atenção à Condução";"Colisão com objeto em movimento";"Com Vítimas Feridas";"Plena Noite";"Decrescente";"Ignorado";"Simples";"Reta";"Não";1;0;1;0;0;0;1;1;-19,85714398;-43,12408447;"SPRF-MG";"DEL03-MG";"UOP01-DEL03-MG"