"id";"data_inversa";"dia_semana";"horario";"uf";"br";"km";"municipio";"causa_acidente";"tipo_acidente";"classificacao_acidente";"fase_dia";"sentido_via";"condicao_metereologica";"tipo_pista";"tracado_via";"uso_solo";"pessoas";"mortos";"feridos_leves";"feridos_graves";"ilesos";"ignorados";"feridos";"veiculos";"latitude";"longitude";"regional";"delegacia";"uop"
168073;2018-10-27;"sábado";"18:00:00";"MA";10;231;"GOVERNADOR EDISON LOBAO";"Ingestão de Álcool";"Saída de leito carroçável";"Com Vítimas Fatais";"Anoitecer";"Decrescente";"Chuva";"Simples";"Reta";"Não";1;1;0;0;0;0;0;1;-5,69286;-47,364136;"SPRF-MA";"DEL04-MA";"UOP01-DEL04-MA"
168076;2018-10-27;"sábado";"19:20:00";"CE";20;300,2;"CANINDE";"Defeito na Via";"Colisão traseira";"Com Vítimas Feridas";"Plena Noite";"Decrescente";"Céu Claro";"Simples";"Reta";"Não";2;0;0;1;1;0;1;2;-4,37225715;-39,30458933;"SPRF-CE";"DEL02-CE";"UOP01-DEL02-CE"
168077;2018-10-27;"sábado";"15:05:00";"MG";262;43,3;"MANHUACU";"Ingestão de Álcool";"Capotamento";"Com Vítimas Feridas";"Pleno dia";"Crescente";"Nublado";"Simples";"Curva";"Não";2;0;1;1;0;0;2;1;-20,264055;-42,078053;"SPRF-MG";"DEL06-MG";"UOP03-DEL06-MG"
168078;2018-10-27;"sábado";"19:20:00";"PR";369;161;"CAMBE";"Desobediência às normas de trânsito pelo condutor";"Colisão transversal";"Com Vítimas Feridas";"Plena Noite";"Crescente";"Nublado";"Dupla";"Interseção de Vias;Reta";"Sim";3;0;1;0;2;0;1;2;-23,28850432;-51,26181451;"SPRF-PR";"DEL07-PR";"UOP01-DEL07-PR"
168079;2018-10-27;"sábado";"19:30:00";"PR";277;666;"MEDIANEIRA";"Não guardar distância de segurança";"Colisão traseira";"Sem Vítimas";"Plena Noite";"Crescente";"Céu Claro";"Dupla";"Aclive;Reta";"Não";3;0;0;0;3;0;0;3;-25,260912;-54,046021;"SPRF-PR";"DEL05-PR";"UOP02-DEL05-PR"
168080;2018-10-27;"sábado";"19:30:00";"GO";70;1;"AGUAS LINDAS DE GOIAS";"Condutor Dormindo";"Saída de leito carroçável";"Sem Vítimas";"Plena Noite";"Crescente";"Nublado";"Dupla";"Curva";"Não";1;0;0;0;1;0;0;1;-15,78137192;-48,23418248;"SPRF-DF";"DEL01-DF";"UOP02-DEL03-DF"
168081;2018-10-27;"sábado";"18:15:00";"MA";10;306;"ACAILANDIA";"Desobediência às normas de trânsito pelo condutor";"Colisão transversal";"Com Vítimas Feridas";"Plena Noite";"Decrescente";"Céu Claro";"Simples";"Reta";"Não";4;0;2;0;2;0;2;2;-5,060839;-47,557995;"SPRF-MA";"DEL04-MA";"UOP03-DEL04-MA"
168082;2018-10-27;"sábado";"20:10:00";"ES";101;278;"SERRA";"Falta de Atenção à Condução";"Colisão traseira";"Sem Vítimas";"Plena Noite";"Decrescente";"Chuva";"Dupla";"Reta";"Não";2;0;0;0;1;1;0;2;-20,21083746;-40,31809151;"SPRF-ES";"DEL02-ES";"UOP01-DEL02-ES"
168085;2018-10-27;"sábado";"20:30:00";"RJ";40;65,9;"PETROPOLIS";"Falta de Atenção à Condução";"Tombamento";"Com Vítimas Feridas";"Plena Noite";"Decrescente";"Nublado";"Dupla";"Reta";"Não";1;0;1;0;0;0;1;1;-22,433074;-43,1703;"SPRF-RJ";"DEL06-RJ";"UOP01-DEL06-RJ"
168086;2018-10-27;"sábado";"19:40:00";"RJ";101;301;"SAO GONCALO";"Ingestão de Álcool";"Colisão transversal";"Com Vítimas Feridas";"Plena Noite";"Crescente";"Nublado";"Dupla";"Reta";"Não";4;0;0;1;2;1;1;3;-22,778576;-42,957455;"SPRF-RJ";"DEL02-RJ";"DEL5/2-UOP04/RJ"
168089;2018-10-27;"sábado";"20:10:00";"BA";101;498,2;"ITABUNA";"Velocidade Incompatível";"Saída de leito carroçável";"Sem Vítimas";"Plena Noite";"Crescente";"Nublado";"Simples";"Reta";"Não";1;0;0;0;1;0;0;1;-14,7357;-39,336;"SPRF-BA";"DEL05-BA";"UOP01-DEL05-BA"
168090;2018-10-27;"sábado";"21:30:00";"ES";262;45;"MARECHAL FLORIANO";"Falta de Atenção à Condução";"Colisão transversal";"Com Vítimas Feridas";"Plena Noite";"Decrescente";"Chuva";"Simples";"Reta";"Sim";2;0;0;1;0;1;1;2;-20,41186066;-40,68234947;"SPRF-ES";"DEL01-ES";"UOP01-DEL01-ES"
168091;2018-10-27;"sábado";"20:00:00";"SC";282;502,1;"XANXERE";"Desobediência às normas de trânsito pelo condutor";"Colisão frontal";"Com Vítimas Feridas";"Plena Noite";"Decrescente";"Céu Claro";"Simples";"Declive";"Sim";3;0;2;0;1;0;2;2;-26,88443069;-52,38908887;"SPRF-SC";"DEL07-SC";"UOP01-DEL07-SC"
168094;2018-10-27;"sábado";"20:30:00";"PR";116;99;"SAO JOSE DOS PINHAIS";"Ingestão de Álcool";"Capotamento";"Com Vítimas Feridas";"Plena Noite";"Decrescente";"Nublado";"Dupla";"Reta";"Sim";1;0;0;1;0;0;1;1;-25,54994602;-49,1498208;"SPRF-PR";"DEL01-PR";"UOP01-DEL01-PR"
168095;2018-10-27;"sábado";"19:10:00";"SP";381;28;"ATIBAIA";"Pista Escorregadia";"Colisão traseira";"Sem Vítimas";"Plena Noite";"Decrescente";"Chuva";"Dupla";"Reta";"Sim";1;0;0;0;1;0;0;1;-23,036167;-46,551922;"SPRF-SP";"DEL03-SP";"UOP02-DEL03-SP"
168096;2018-10-27;"sábado";"21:50:00";"RS";470;212;"BENTO GONCALVES";"Falta de Atenção à Condução";"Saída de leito carroçável";"Com Vítimas Feridas";"Plena Noite";"Crescente";"Céu Claro";"Dupla";"Reta";"Não";1;0;1;0;0;0;1;1;-29,14016723;-51,5425086;"SPRF-RS";"DEL06-RS";"UOP01-DEL06-RS"
168097;2018-10-27;"sábado";"20:40:00";"SC";101;358,5;"SANGAO";"Ingestão de álcool e/ou substâncias psicoativas pelo pedestre";"Tombamento";"Com Vítimas Feridas";"Plena Noite";"Decrescente";"Chuva";"Dupla";"Reta";"Não";1;0;1;0;0;0;1;1;-28,6417065;-49,09972966;"SPRF-SC";"DEL02-SC";"UOP01-DEL02-SC"
168098;2018-10-27;"sábado";"22:00:00";"GO";70;8;"AGUAS LINDAS DE GOIAS";"Ingestão de Álcool";"Colisão traseira";"Com Vítimas Feridas";"Plena Noite";"Crescente";"Céu Claro";"Dupla";"Reta";"Sim";3;0;2;0;0;1;2;2;-15,7375;-48,2739;"SPRF-DF";"DEL01-DF";"UOP02-DEL03-DF"
168099;2018-10-27;"sábado";"22:00:00";"PE";101;101;"CABO DE SANTO AGOSTINHO";"Desobediência às normas de trânsito pelo condutor";"Colisão transversal";"Com Vítimas Feridas";"Plena Noite";"Crescente";"Céu Claro";"Simples";"Reta";"Sim";4;0;2;0;0;2;2;3;-8,290406;-35,043827;"SPRF-PE";"DEL01-PE";"UOP03-DEL01-PE"
168100;2018-10-27;"sábado";"21:30:00";"PR";277;588;"CASCAVEL";"Objeto estático sobre o leito carroçável";"Colisão traseira";"Com Vítimas Feridas";"Plena Noite";"Decrescente";"Céu Claro";"Simples";"Interseção de Vias;Reta;Declive";"Sim";3;0;1;0;2;0;1;2;-24,977211;-53,445708;"SPRF-PR";"DEL04-PR";"UOP01-DEL04-PR"
168101;2018-10-27;"sábado";"22:00:00";"GO";414;439,1;"ANAPOLIS";"Ingestão de Álcool";"Colisão lateral";"Sem Vítimas";"Plena Noite";"Crescente";"Chuva";"Simples";"Reta";"Sim";6;0;0;0;6;0;0;2;-16,28075777;-48,94238591;"SPRF-GO";"DEL02-GO";"UOP01-DEL02-GO"
168102;2018-10-27;"sábado";"20:35:00";"PR";369;162;"CAMBE";"Velocidade Incompatível";"Saída de leito carroçável";"Com Vítimas Feridas";"Pleno dia";"Crescente";"Céu Claro";"Dupla";"Reta;Aclive";"Sim";1;0;1;0;0;0;1;1;-23,29646176;-51,27283528;"SPRF-PR";"DEL07-PR";"UOP01-DEL07-PR"
168103;2018-10-27;"sábado";"19:28:00";"PR";116;192;"CAMPO DO TENENTE";"Ingestão de Álcool";"Saída de leito carroçável";"Sem Vítimas";"Plena Noite";"Decrescente";"Nublado";"Simples";"Reta";"Não";1;0;0;0;1;0;0;1;-26,001548;-49,669058;"SPRF-SC";"DEL06-SC";"UOP01-DEL06-SC"
168104;2018-10-27;"sábado";"20:00:00";"AC";364;136;"RIO BRANCO";"Ingestão de Álcool";"Colisão traseira";"Sem Vítimas";"Plena Noite";"Decrescente";"Céu Claro";"Dupla";"Reta";"Sim";2;0;0;0;2;0;0;2;-9,977584;-67,8489;"SPRF-AC";"DEL01-AC";"UOP01-DEL01-AC"
168105;2018-10-27;"sábado";"18:30:00";"BA";242;388,8;"PALMEIRAS";"Falta de Atenção à Condução";"Colisão traseira";"Com Vítimas Fatais";"Plena Noite";"Decrescente";"Nublado";"Simples";"Reta";"Não";2;1;0;1;0;0;1;1;-12,4516631;-41,59252167;"SPRF-BA";"DEL10-BA";"UOP03-DEL06-BA"
168106;2018-10-27;"sábado";"21:40:00";"RS";116;234,7;"NOVO HAMBURGO";"Falta de Atenção à Condução";"Colisão traseira";"Sem Vítimas";"Plena Noite";"Decrescente";"Céu Claro";"Dupla";"Retorno Regulamentado";"Sim";2;0;0;0;2;0;0;2;-29,65803622;-51,144045;"SPRF-RS";"DEL01-RS";"UOP02-DEL01-RS"
168107;2018-10-27;"sábado";"22:10:00";"SP";381;56;"MAIRIPORA";"Falta de Atenção do Pedestre";"Atropelamento de Pedestre";"Com Vítimas Feridas";"Plena Noite";"Decrescente";"Céu Claro";"Dupla";"Curva";"Sim";2;0;1;1;0;0;2;2;-23,26752691;-46,58306122;"SPRF-SP";"DEL03-SP";"UOP01-DEL03-SP"
168108;2018-10-27;"sábado";"22:00:00";"PR";277;671;"MEDIANEIRA";"Ingestão de Álcool";"Colisão traseira";"Com Vítimas Feridas";"Plena Noite";"Decrescente";"Nublado";"Dupla";"Reta";"Sim";2;0;1;0;1;0;1;2;-25,284861;-54,087521;"SPRF-PR";"DEL05-PR";"UOP02-DEL05-PR"
168110;2018-10-27;"sábado";"21:45:00";"PI";343;598;"FLORIANO";"Desobediência às normas de trânsito pelo condutor";"Colisão transversal";"Com Vítimas Feridas";"Plena Noite";"Decrescente";"Céu Claro";"Dupla";"Reta";"Sim";3;0;1;1;0;1;2;2;-6,819801;-43,060368;"SPRF-PI";"DEL03-PI";"UOP01-DEL03-PI"
168111;2018-10-27;"sábado";"19:45:00";"RO";364;343;"JI-PARANA";"Ingestão de Álcool";"Colisão traseira";"Com Vítimas Feridas";"Plena Noite";"Crescente";"Nublado";"Múltipla";"Reta";"Sim";2;0;1;0;1;0;1;2;-10,878848;-61,944893;"SPRF-RO";"DEL02-RO";"UOP01-DEL02-RO"
168112;2018-10-27;"sábado";"20:00:00";"RS";116;400,5;"CAMAQUA";"Falta de Atenção à Condução";"Saída de leito carroçável";"Com Vítimas Feridas";"Plena Noite";"Crescente";"Céu Claro";"Simples";"Reta";"Não";1;0;1;0;0;0;1;1;-30,86952924;-51,80454969;"SPRF-RS";"DEL02-RS";"UOP03-DEL02-RS"
168113;2018-10-27;"sábado";"22:00:00";"BA";116;452;"ANTONIO CARDOSO";"Falta de Atenção à Condução";"Saída de leito carroçável";"Com Vítimas Feridas";"Plena Noite";"Decrescente";"Céu Claro";"Simples";"Aclive";"Não";2;0;1;0;0;1;1;1;-12,40396981;-39,17256832;"SPRF-BA";"DEL02-BA";"UOP01-DEL02-BA"
168114;2018-10-27;"sábado";"22:30:00";"SC";470;26,6;"ILHOTA";"Ingestão de Álcool";"Colisão transversal";"Sem Vítimas";"Plena Noite";"Decrescente";"Céu Claro";"Simples";"Reta";"Não";2;0;0;0;2;0;0;2;-26,89040654;-48,88308227;"SPRF-SC";"DEL04-SC";"UOP04-DEL04-SC"
168115;2018-10-27;"sábado";"22:00:00";"RJ";101;303;"SAO GONCALO";"Pista Escorregadia";"Saída de leito carroçável";"Sem Vítimas";"Plena Noite";"Crescente";"Chuva";"Dupla";"Reta";"Não";1;0;0;0;1;0;0;1;-22,782822;-42,976677;"SPRF-RJ";"DEL02-RJ";"DEL5/2-UOP04/RJ"
168116;2018-10-28;"domingo";"04:40:00";"RS";116;246;"SAO LEOPOLDO";"Ingestão de Álcool";"Saída de leito carroçável";"Sem Vítimas";"Amanhecer";"Crescente";"Céu Claro";"Dupla";"Curva";"Sim";1;0;0;0;1;0;0;1;-29,76204899;-51,15279436;"SPRF-RS";"DEL01-RS";"UOP02-DEL01-RS"
168118;2018-10-28;"domingo";"05:30:00";"DF";70;10,8;"BRASILIA";"Defeito Mecânico no Veículo";"Capotamento";"Com Vítimas Feridas";"Amanhecer";"Crescente";"Céu Claro";"Dupla";"Reta";"Não";1;0;1;0;0;0;1;1;-15,78967259;-48,14841617;"SPRF-DF";"DEL01-DF";"UOP02-DEL03-DF"
168119;2018-10-28;"domingo";"05:05:00";"SP";116;196,2;"ARUJA";"Condutor Dormindo";"Colisão traseira";"Com Vítimas Feridas";"Amanhecer";"Crescente";"Granizo";"Dupla";"Reta";"Sim";2;0;0;1;1;0;1;2;-23,39662531;-46,29280329;"SPRF-SP";"DEL01-SP";"UOP02-DEL01-SP"
168120;2018-10-28;"domingo";"02:30:00";"SC";470;168,4;"POUSO REDONDO";"Velocidade Incompatível";"Colisão com objeto estático";"Com Vítimas Fatais";"Plena Noite";"Crescente";"Nublado";"Simples";"Curva";"Não";1;1;0;0;0;0;0;1;-27,2672089;-49,8762548;"SPRF-SC";"DEL04-SC";"UOP02-DEL04-SC"
168125;2018-10-27;"sábado";"21:25:00";"ES";259;58;"COLATINA";"Pista Escorregadia";"Queda de ocupante de veículo";"Com Vítimas Feridas";"Plena Noite";"Crescente";"Garoa/Chuvisco";"Simples";"Reta";"Não";1;0;1;0;0;0;1;1;-19,52373491;-40,67123652;"SPRF-ES";"DEL02-ES";"UOP01-DEL02-ES"
168126;2018-10-28;"domingo";"05:10:00";"SC";280;125,5;"RIO NEGRINHO";"Ingestão de Álcool";"Saída de leito carroçável";"Com Vítimas Feridas";"Amanhecer";"Decrescente";"Céu Claro";"Simples";"Declive;Curva";"Sim";1;0;1;0;0;0;1;1;-26,237638;-49,484337;"SPRF-SC";"DEL06-SC";"UOP03-DEL06-SC"
168127;2018-10-27;"sábado";"23:15:00";"ES";101;268,2;"SERRA";"Ingestão de Álcool";"Atropelamento de Pedestre";"Com Vítimas Feridas";"Plena Noite";"Crescente";"Chuva";"Dupla";"Reta";"Sim";2;0;1;0;1;0;1;2;-20,19976201;-40,26903927;"SPRF-ES";"DEL02-ES";"UOP01-DEL02-ES"
168128;2018-10-28;"domingo";"03:40:00";"CE";116;46;"PACAJUS";"Falta de Atenção à Condução";"Colisão com objeto estático";"Com Vítimas Feridas";"Plena Noite";"Decrescente";"Céu Claro";"Dupla";"Reta";"Sim";1;0;1;0;0;0;1;1;-4,14411881;-38,47780499;"SPRF-CE";"DEL01-CE";"UOP02-DEL01-CE"
168129;2018-10-28;"domingo";"05:00:00";"RS";290;583;"ALEGRETE";"Avarias e/ou desgaste excessivo no pneu";"Danos eventuais";"Sem Vítimas";"Amanhecer";"Crescente";"Céu Claro";"Simples";"Rotatória";"Sim";2;0;0;0;2;0;0;1;-29,813101;-55,806679;"SPRF-RS";"DEL13-RS";"UOP02-DEL13-RS"
168130;2018-10-28;"domingo";"00:20:00";"ES";101;263;"SERRA";"Ingestão de Álcool";"Colisão transversal";"Sem Vítimas";"Plena Noite";"Decrescente";"Chuva";"Dupla";"Interseção de Vias";"Sim";2;0;0;0;2;0;0;2;-20,17569535;-40,26615858;"SPRF-ES";"DEL02-ES";"UOP01-DEL02-ES"
168131;2018-10-28;"domingo";"01:20:00";"MG";381;459;"BELO HORIZONTE";"Falta de Atenção à Condução";"Colisão traseira";"Com Vítimas Feridas";"Plena Noite";"Decrescente";"Nublado";"Dupla";"Reta";"Sim";3;0;2;0;1;0;2;2;-19,9605;-44,0357;"SPRF-MG";"DEL01-MG";"UOP01-DEL01-MG"
168132;2018-10-28;"domingo";"03:45:00";"AP";210;1;"MACAPA";"Falta de Atenção à Condução";"Colisão traseira";"Sem Vítimas";"Plena Noite";"Crescente";"Céu Claro";"Dupla";"Reta";"Sim";2;0;0;0;2;0;0;2;0,0785136;-51,07079923;"SPRF-AP";"DEL01-AP";"UOP01-DEL01-AP"
168133;2018-10-27;"sábado";"23:00:00";"BA";101;282;"LAJE";"Ingestão de Álcool";"Colisão traseira";"Com Vítimas Feridas";"Plena Noite";"Decrescente";"Céu Claro";"Simples";"Reta";"Não";2;0;1;0;1;0;1;2;-13,13;-39,293;"SPRF-BA";"DEL01-BA";"UOP02-DEL01-BA"
168134;2018-10-28;"domingo";"05:40:00";"RS";386;327,8;"MARQUES DE SOUZA";"Ingestão de Álcool";"Saída de leito carroçável";"Com Vítimas Feridas";"Plena Noite";"Crescente";"Nublado";"Simples";"Curva";"Não";1;0;0;1;0;0;1;1;-29,34149522;-52,0772016;"SPRF-RS";"DEL04-RS";"UOP01-DEL04-RS"
168136;2018-10-27;"sábado";"22:30:00";"PI";316;317;"PICOS";"Falta de Atenção à Condução";"Colisão com objeto estático";"Sem Vítimas";"Plena Noite";"Decrescente";"Céu Claro";"Simples";"Reta";"Sim";1;0;0;0;1;0;0;1;-7,08235777;-41,41928248;"SPRF-PI";"DEL04-PI";"UOP01-DEL04-PI"
168138;2018-10-28;"domingo";"05:06:00";"SP";116;100;"PINDAMONHANGABA";"Falta de Atenção à Condução";"Capotamento";"Com Vítimas Feridas";"Amanhecer";"Decrescente";"Céu Claro";"Dupla";"Reta";"Não";2;0;2;0;0;0;2;1;-22,986555;-45,472767;"SPRF-SP";"DEL06-SP";"UOP01-DEL06-SP"
168139;2018-10-27;"sábado";"17:30:00";"MG";116;55;"MEDINA";"Falta de Atenção à Condução";"Colisão transversal";"Com Vítimas Fatais";"Anoitecer";"Crescente";"Nublado";"Simples";"Reta";"Não";5;1;2;0;1;1;2;3;-16,09958131;-41,44452099;"SPRF-MG";"DEL11-MG";"UOP02-DEL11-MG"
168140;2018-10-28;"domingo";"05:44:00";"RJ";116;176;"NOVA IGUACU";"Falta de Atenção à Condução";"Colisão lateral";"Sem Vítimas";"Pleno dia";"Decrescente";"Sol";"Múltipla";"Reta";"Sim";3;0;0;0;3;0;0;2;-22,754584;-43,434646;"SPRF-RJ";"DEL01-RJ";"UOP02-DEL01-RJ"
168141;2018-10-28;"domingo";"01:00:00";"PI";343;13,5;"PARNAIBA";"Ingestão de Álcool";"Colisão lateral";"Sem Vítimas";"Plena Noite";"Decrescente";"Céu Claro";"Dupla";"Reta";"Sim";2;0;0;0;2;0;0;2;-2,919029;-41,754124;"SPRF-PI";"DEL05-PI";"UOP01-DEL05-PI"
168143;2018-10-28;"domingo";"01:30:00";"ES";259;64;"COLATINA";"Animais na Pista";"Atropelamento de Animal";"Com Vítimas Feridas";"Plena Noite";"Crescente";"Nublado";"Simples";"Reta";"Não";1;0;1;0;0;0;1;1;-19,52227878;-40,70854068;"SPRF-ES";"DEL02-ES";"UOP01-DEL02-ES"
168144;2018-10-28;"domingo";"06:50:00";"ES";101;138,4;"LINHARES";"Desobediência às normas de trânsito pelo condutor";"Colisão transversal";"Com Vítimas Feridas";"Pleno dia";"Crescente";"Céu Claro";"Múltipla";"Reta";"Sim";3;0;2;0;1;0;2;2;-19,30619206;-40,08208394;"SPRF-ES";"DEL04-ES";"UOP01-DEL04-ES"
168145;2018-10-28;"domingo";"03:15:00";"MT";163;839;"SINOP";"Ingestão de Álcool";"Queda de ocupante de veículo";"Com Vítimas Feridas";"Plena Noite";"Decrescente";"Nublado";"Dupla";"Curva";"Sim";1;0;1;0;0;0;1;1;-11,82583965;-55,48640728;"SPRF-MT";"DEL06-MT";"UOP02-DEL06-MT"
168147;2018-10-28;"domingo";"03:30:00";"RS";392;3,1;"RIO GRANDE";"Desobediência às normas de trânsito pelo condutor";"Saída de leito carroçável";"Com Vítimas Fatais";"Plena Noite";"Decrescente";"Céu Claro";"Simples";"Curva";"Sim";1;1;0;0;0;0;0;1;-32,06212449;-52,08941396;"SPRF-RS";"DEL07-RS";"UOP02-DEL07-RS"
168148;2018-10-28;"domingo";"06:20:00";"PR";369;161,6;"CAMBE";"Falta de Atenção à Condução";"Colisão com objeto estático";"Sem Vítimas";"Amanhecer";"Decrescente";"Sol";"Dupla";"Aclive;Reta";"Não";1;0;0;0;1;0;0;1;-23,29040134;-51,26395047;"SPRF-PR";"DEL07-PR";"UOP01-DEL07-PR"
168150;2018-10-28;"domingo";"07:05:00";"SC";470;53,4;"BLUMENAU";"Ingestão de Álcool";"Colisão traseira";"Sem Vítimas";"Pleno dia";"Decrescente";"Céu Claro";"Simples";"Reta";"Sim";2;0;0;0;2;0;0;2;-26,86899353;-49,10509139;"SPRF-SC";"DEL04-SC";"UOP01-DEL04-SC"
168151;2018-10-28;"domingo";"07:00:00";"RJ";40;90,8;"PETROPOLIS";"Falta de Atenção à Condução";"Saída de leito carroçável";"Com Vítimas Feridas";"Pleno dia";"Crescente";"Chuva";"Dupla";"Curva";"Não";5;0;1;0;4;0;1;1;-22,56551253;-43,23978424;"SPRF-RJ";"DEL06-RJ";"UOP01-DEL06-RJ"
168152;2018-10-27;"sábado";"22:00:00";"MG";50;204;"DELTA";"Velocidade Incompatível";"Colisão com objeto estático";"Com Vítimas Feridas";"Plena Noite";"Crescente";"Nublado";"Dupla";"Reta";"Não";1;0;1;0;0;0;1;1;-19,9665;-47,7942;"SPRF-MG";"DEL13-MG";"UOP01-DEL13-MG"
168155;2018-10-28;"domingo";"05:40:00";"PR";277;80;"CURITIBA";"Ingestão de Álcool";"Colisão com objeto estático";"Sem Vítimas";"Pleno dia";"Decrescente";"Céu Claro";"Dupla";"Curva";"Sim";1;0;0;0;0;1;0;1;-25,47659409;-49,20501122;"SPRF-PR";"DEL01-PR";"UOP01-DEL01-PR"
168156;2018-10-27;"sábado";"23:20:00";"RJ";116;271,4;"BARRA MANSA";"Desobediência às normas de trânsito pelo condutor";"Colisão frontal";"Com Vítimas Feridas";"Plena Noite";"Decrescente";"Nublado";"Simples";"Interseção de Vias";"Sim";3;0;1;1;1;0;2;2;-22,55482525;-44,17329457;"SPRF-RJ";"DEL07-RJ";"UOP02-DEL07-RJ"
168158;2018-10-27;"sábado";"22:00:00";"TO";226;3;"AGUIARNOPOLIS";"Avarias e/ou desgaste excessivo no pneu";"Saída de leito carroçável";"Com Vítimas Fatais";"Amanhecer";"Crescente";"Céu Claro";"Simples";"Reta";"Não";1;1;0;0;0;0;0;1;-6,565606;-47,483803;"SPRF-TO";"DEL02-TO";"UOP03-DEL02-TO"
168159;2018-10-27;"sábado";"23:25:00";"MG";381;158;"GOVERNADOR VALADARES";"Ingestão de Álcool";"Tombamento";"Com Vítimas Feridas";"Plena Noite";"Decrescente";"Nublado";"Simples";"Reta";"Não";1;0;1;0;0;0;1;1;-18,871185;-41,991498;"SPRF-MG";"DEL06-MG";"UOP01-DEL06-MG"
168160;2018-10-27;"sábado";"23:30:00";"MG";381;506,6;"SAO JOAQUIM DE BICAS";"Ingestão de Álcool";"Saída de leito carroçável";"Sem Vítimas";"Plena Noite";"Crescente";"Céu Claro";"Dupla";"Retorno Regulamentado";"Sim";1;0;0;0;0;1;0;1;-20,0411;-44,2619;"SPRF-MG";"DEL01-MG";"UOP03-DEL01-MG"
168161;2018-10-28;"domingo";"05:00:00";"PR";376;163,3;"MARINGA";"Ingestão de Álcool";"Saída de leito carroçável";"Com Vítimas Feridas";"Amanhecer";"Decrescente";"Céu Claro";"Dupla";"Reta";"Não";1;0;1;0;0;0;1;1;-23,37858035;-52,04172134;"SPRF-PR";"DEL07-PR";"UOP01-DEL09-PR"
168162;2018-10-27;"sábado";"21:05:00";"PR";153;110,1;"IBAITI";"Desobediência às normas de trânsito pelo condutor";"Colisão frontal";"Com Vítimas Feridas";"Plena Noite";"Decrescente";"Céu Claro";"Simples";"Viaduto;Aclive;Curva";"Sim";4;0;1;1;2;0;2;2;-23,855504;-50,193796;"SPRF-PR";"DEL07-PR";"UOP04-DEL07-PR"
168164;2018-10-27;"sábado";"23:10:00";"MG";40;275,9;"TRES MARIAS";"Desobediência às normas de trânsito pelo condutor";"Saída de leito carroçável";"Com Vítimas Feridas";"Plena Noite";"Crescente";"Nublado";"Simples";"Reta";"Não";1;0;0;1;0;0;1;1;-18,20485195;-45,23238659;"SPRF-MG";"DEL14-MG";"UOP02-DEL14-MG"
168165;2018-10-28;"domingo";"09:00:00";"RS";293;62,5;"PIRATINI";"Velocidade Incompatível";"Colisão transversal";"Sem Vítimas";"Pleno dia";"Crescente";"Céu Claro";"Simples";"Interseção de Vias";"Não";6;0;0;0;6;0;0;2;-31,69933083;-52,96026528;"SPRF-RS";"DEL07-RS";"UOP01-DEL07-RS"
168167;2018-10-28;"domingo";"08:30:00";"SP";381;76;"SAO PAULO";"Falta de Atenção à Condução";"Colisão com objeto estático";"Com Vítimas Feridas";"Pleno dia";"Crescente";"Céu Claro";"Dupla";"Curva";"Não";3;0;1;0;2;0;1;2;-23,38712458;-46,56927369;"SPRF-SP";"DEL03-SP";"DEL6/3-UOP03/SP"
168168;2018-10-28;"domingo";"08:20:00";"SC";282;57,1;"RANCHO QUEIMADO";"Velocidade Incompatível";"Queda de ocupante de veículo";"Com Vítimas Feridas";"Pleno dia";"Crescente";"Céu Claro";"Simples";"Curva";"Não";1;0;1;0;0;0;1;1;-27,688864;-48,998455;"SPRF-SC";"DEL01-SC";"UOP03-DEL01-SC"
168169;2018-10-28;"domingo";"08:30:00";"PB";230;28;"JOAO PESSOA";"Falta de Atenção à Condução";"Engavetamento";"Com Vítimas Feridas";"Pleno dia";"Crescente";"Céu Claro";"Dupla";"Aclive";"Sim";4;0;1;0;3;0;1;3;-7,16562974;-34,89598453;"SPRF-PB";"DEL01-PB";"UOP01-DEL01-PB"
168170;2018-10-28;"domingo";"08:00:00";"PB";230;366,3;"MALTA";"Falta de Atenção do Pedestre";"Atropelamento de Pedestre";"Com Vítimas Feridas";"Pleno dia";"Crescente";"Céu Claro";"Simples";"Aclive";"Sim";2;0;2;0;0;0;2;2;-6,9051;-37,5155;"SPRF-PB";"DEL03-PB";"UOP02-DEL03-PB"
168171;2018-10-08;"segunda-feira";"17:20:00";"ES";101;268;"SERRA";"Falta de Atenção à Condução";"Colisão traseira";"Com Vítimas Feridas";"Pleno dia";"Decrescente";"Céu Claro";"Dupla";"Reta";"Sim";2;0;0;1;1;0;1;2;-20,21548892;-40,26926994;"SPRF-ES";"DEL02-ES";"UOP01-DEL02-ES"
168172;2018-09-03;"segunda-feira";"15:00:00";"PE";232;438;"SERRA TALHADA";"Defeito Mecânico no Veículo";"Saída de leito carroçável";"Com Vítimas Feridas";"Pleno dia";"Crescente";"Ignorado";"Simples";"Reta";"Não";2;0;0;2;0;0;2;1;-8,00993649;-38,55282784;"SPRF-PE";"DEL04-PE";"UOP01-DEL04-PE"
168173;2018-10-07;"domingo";"10:27:00";"MG";50;44,9;"ARAGUARI";"Falta de Atenção à Condução";"Colisão lateral";"Com Vítimas Fatais";"Pleno dia";"Crescente";"Ignorado";"Dupla";"Reta";"Não";4;3;1;0;0;0;1;1;-18,71749164;-48,20028841;"SPRF-MG";"DEL15-MG";"UOP02-DEL15-MG"
168174;2018-10-28;"domingo";"09:14:00";"BA";242;582;"IBOTIRAMA";"Fenômenos da Natureza";"Saída de leito carroçável";"Com Vítimas Feridas";"Pleno dia";"Decrescente";"Chuva";"Simples";"Reta";"Não";4;0;3;0;1;0;3;1;-12,169828;-43,19506;"SPRF-BA";"DEL10-BA";"UOP03-DEL06-BA"