"id";"data_inversa";"dia_semana";"horario";"uf";"br";"km";"municipio";"causa_acidente";"tipo_acidente";"classificacao_acidente";"fase_dia";"sentido_via";"condicao_metereologica";"tipo_pista";"tracado_via";"uso_solo";"pessoas";"mortos";"feridos_leves";"feridos_graves";"ilesos";"ignorados";"feridos";"veiculos";"latitude";"longitude";"regional";"delegacia";"uop"
168404;2018-10-29;"segunda-feira";"11:25:00";"PB";230;41;"SANTA RITA";"Não guardar distância de segurança";"Colisão lateral";"Com Vítimas Feridas";"Pleno dia";"Decrescente";"Sol";"Dupla";"Curva";"Sim";3;0;2;0;1;0;2;2;-7,14203972;-34,99342382;"SPRF-PB";"DEL01-PB";"UOP01-DEL01-PB"
168405;2018-10-29;"segunda-feira";"11:30:00";"RN";226;163,5;"CURRAIS NOVOS";"Condutor Dormindo";"Capotamento";"Com Vítimas Feridas";"Pleno dia";"Crescente";"Céu Claro";"Simples";"Curva";"Não";2;0;2;0;0;0;2;1;-6,204627;-36,402527;"SPRF-RN";"DEL03-RN";"UOP02-DEL03-RN"
168408;2018-10-29;"segunda-feira";"12:25:00";"SC";101;336,2;"TUBARAO";"Falta de Atenção à Condução";"Colisão transversal";"Com Vítimas Feridas";"Pleno dia";"Crescente";"Nublado";"Dupla";"Reta";"Sim";2;0;0;1;1;0;1;2;-28,47412369;-49,02638733;"SPRF-SC";"DEL02-SC";"UOP01-DEL02-SC"
168413;2018-10-29;"segunda-feira";"12:00:00";"PI";343;13;"PARNAIBA";"Desobediência às normas de trânsito pelo condutor";"Colisão transversal";"Com Vítimas Feridas";"Pleno dia";"Crescente";"Céu Claro";"Dupla";"Interseção de Vias";"Sim";3;0;2;0;0;1;2;2;-2,919029;-41,754124;"SPRF-PI";"DEL05-PI";"UOP01-DEL05-PI"
168414;2018-10-29;"segunda-feira";"12:30:00";"MG";381;931,7;"EXTREMA";"Velocidade Incompatível";"Saída de leito carroçável";"Com Vítimas Feridas";"Pleno dia";"Decrescente";"Sol";"Dupla";"Curva";"Sim";3;0;2;0;1;0;2;1;-22,7926;-46,2459;"SPRF-MG";"DEL16-MG";"UOP03-DEL16-MG"
168415;2018-10-29;"segunda-feira";"13:10:00";"PE";232;176,9;"BELO JARDIM";"Desobediência às normas de trânsito pelo condutor";"Colisão frontal";"Com Vítimas Feridas";"Pleno dia";"Crescente";"Céu Claro";"Simples";"Interseção de Vias";"Não";3;0;0;1;2;0;1;2;-8,34833;-36,40094;"SPRF-PE";"DEL02-PE";"UOP03-DEL02-PE"
168417;2018-10-22;"segunda-feira";"16:16:00";"SP";101;41;"UBATUBA";"Falta de Atenção à Condução";"Tombamento";"Com Vítimas Feridas";"Pleno dia";"Decrescente";"Nublado";"Simples";"Reta";"Sim";1;0;1;0;0;0;1;1;-23,419727;-45,04285;"SPRF-SP";"DEL06-SP";"UOP01-DEL06-SP"
168418;2018-10-29;"segunda-feira";"13:30:00";"SP";101;51,1;"UBATUBA";"Falta de Atenção à Condução";"Colisão lateral";"Com Vítimas Feridas";"Pleno dia";"Crescente";"Nublado";"Simples";"Reta";"Sim";3;0;1;0;1;1;1;3;-23,45988042;-45,06735563;"SPRF-SP";"DEL06-SP";"UOP01-DEL06-SP"
168420;2018-10-29;"segunda-feira";"13:30:00";"PR";277;569;"CASCAVEL";"Falta de Atenção à Condução";"Colisão com objeto em movimento";"Com Vítimas Feridas";"Pleno dia";"Crescente";"Céu Claro";"Múltipla";"Reta";"Não";2;0;0;1;1;0;1;1;-25,02817;-53,55983;"SPRF-PR";"DEL04-PR";"UOP01-DEL04-PR"
168421;2018-10-29;"segunda-feira";"12:05:00";"MA";10;261,9;"IMPERATRIZ";"Avarias e/ou desgaste excessivo no pneu";"Queda de ocupante de veículo";"Com Vítimas Feridas";"Pleno dia";"Crescente";"Sol";"Simples";"Declive";"Sim";2;0;1;1;0;0;2;1;-5,454371;-47,472439;"SPRF-MA";"DEL04-MA";"UOP01-DEL04-MA"
168422;2018-10-29;"segunda-feira";"11:20:00";"RO";174;13;"VILHENA";"Falta de Atenção à Condução";"Colisão transversal";"Com Vítimas Feridas";"Pleno dia";"Decrescente";"Sol";"Dupla";"Reta";"Sim";2;0;1;0;1;0;1;2;-12,7414;-60,130264;"SPRF-RO";"DEL04-RO";"UOP01-DEL04-RO"
168423;2018-10-29;"segunda-feira";"12:30:00";"RO";364;711,7;"PORTO VELHO";"Falta de Atenção à Condução";"Atropelamento de Pedestre";"Com Vítimas Feridas";"Pleno dia";"Crescente";"Céu Claro";"Dupla";"Reta";"Sim";2;0;1;0;1;0;1;2;-8,77761345;-63,87166321;"SPRF-RO";"DEL01-RO";"UOP01-DEL01-RO"
168424;2018-10-29;"segunda-feira";"15:00:00";"MT";163;810,8;"SINOP";"Defeito Mecânico no Veículo";"Saída de leito carroçável";"Com Vítimas Feridas";"Pleno dia";"Decrescente";"Sol";"Simples";"Reta";"Não";5;0;4;0;1;0;4;1;-12,0755814;-55,51760674;"SPRF-MT";"DEL06-MT";"UOP01-DEL06-MT"
168426;2018-10-29;"segunda-feira";"14:00:00";"BA";407;186;"PONTO NOVO";"Desobediência às normas de trânsito pelo condutor";"Colisão lateral";"Com Vítimas Fatais";"Pleno dia";"Decrescente";"Céu Claro";"Simples";"Reta";"Não";2;1;0;0;1;0;0;2;-10,986855;-40,101966;"SPRF-BA";"DEL04-BA";"UOP02-DEL04-BA"
168428;2018-10-29;"segunda-feira";"10:30:00";"PR";476;130,5;"CURITIBA";"Desobediência às normas de trânsito pelo pedestre";"Atropelamento de Pedestre";"Com Vítimas Feridas";"Pleno dia";"Crescente";"Nublado";"Múltipla";"Reta";"Sim";3;0;0;1;1;1;1;2;-25,45284445;-49,24271286;"SPRF-PR";"DEL01-PR";"UOP07-DEL01-PR"
168430;2018-10-29;"segunda-feira";"14:40:00";"BA";101;201;"GOVERNADOR MANGABEIRA";"Falta de Atenção à Condução";"Colisão traseira";"Com Vítimas Feridas";"Pleno dia";"Decrescente";"Céu Claro";"Simples";"Reta;Declive";"Não";3;0;1;0;2;0;1;2;-12,59340097;-38,98823833;"SPRF-BA";"DEL01-BA";"UOP03-DEL01-BA"
168431;2018-10-29;"segunda-feira";"15:00:00";"RJ";495;30,1;"PETROPOLIS";"Falta de Atenção à Condução";"Colisão transversal";"Com Vítimas Feridas";"Pleno dia";"Decrescente";"Garoa/Chuvisco";"Simples";"Reta";"Sim";2;0;1;0;1;0;1;2;-22,3860713;-43,13077927;"SPRF-RJ";"DEL06-RJ";"UOP02-DEL05-RJ"
168432;2018-10-29;"segunda-feira";"15:30:00";"SC";101;194;"BIGUACU";"Falta de Atenção à Condução";"Colisão com objeto estático";"Com Vítimas Feridas";"Pleno dia";"Crescente";"Nublado";"Dupla";"Reta";"Sim";2;0;0;1;1;0;1;2;-27,5055;-48,6491;"SPRF-SC";"DEL01-SC";"UOP01-DEL01-SC"
168433;2018-10-29;"segunda-feira";"15:30:00";"GO";60;353,7;"RIO VERDE";"Condutor Dormindo";"Saída de leito carroçável";"Com Vítimas Feridas";"Pleno dia";"Crescente";"Céu Claro";"Dupla";"Declive;Reta";"Não";2;0;2;0;0;0;2;1;-17,5959;-50,7164;"SPRF-GO";"DEL04-GO";"UOP01-DEL04-GO"
168434;2018-10-29;"segunda-feira";"11:40:00";"SC";282;512,2;"XANXERE";"Falta de Atenção à Condução";"Saída de leito carroçável";"Com Vítimas Feridas";"Pleno dia";"Crescente";"Sol";"Simples";"Reta";"Não";2;0;1;0;0;1;1;2;-26,910799;-52,472099;"SPRF-SC";"DEL07-SC";"UOP01-DEL07-SC"
168435;2018-10-29;"segunda-feira";"15:54:00";"ES";262;1,1;"CARIACICA";"Velocidade Incompatível";"Saída de leito carroçável";"Com Vítimas Feridas";"Pleno dia";"Decrescente";"Chuva";"Múltipla";"Ponte";"Sim";1;0;0;1;0;0;1;1;-20,3324041;-40,35466611;"SPRF-ES";"DEL01-ES";"UOP01-DEL01-ES"
168436;2018-10-29;"segunda-feira";"16:30:00";"SP";116;288;"ITAPECERICA DA SERRA";"Falta de Atenção à Condução";"Colisão frontal";"Com Vítimas Feridas";"Pleno dia";"Crescente";"Céu Claro";"Simples";"Curva";"Não";2;0;0;1;1;0;1;2;-23,70634839;-46,87499821;"SPRF-SP";"DEL04-SP";"UOP01-DEL04-SP"
168437;2018-10-29;"segunda-feira";"15:45:00";"MG";146;502,5;"BANDEIRA DO SUL";"Defeito Mecânico no Veículo";"Incêndio";"Sem Vítimas";"Pleno dia";"Crescente";"Céu Claro";"Simples";"Declive";"Não";1;0;0;0;1;0;0;1;-21,72318492;-46,41691446;"SPRF-MG";"DEL09-MG";"UOP01-DEL09-MG"
168440;2018-10-29;"segunda-feira";"15:00:00";"MA";135;6;"SAO LUIS";"Falta de Atenção à Condução";"Colisão lateral";"Com Vítimas Feridas";"Pleno dia";"Crescente";"Céu Claro";"Dupla";"Reta";"Sim";2;0;1;0;1;0;1;2;-2,628887;-44,263302;"SPRF-MA";"DEL01-MA";"UOP01-DEL01-MA"
168441;2018-10-29;"segunda-feira";"16:30:00";"RS";285;406,7;"PANAMBI";"Ingestão de Álcool";"Saída de leito carroçável";"Com Vítimas Feridas";"Pleno dia";"Decrescente";"Céu Claro";"Simples";"Reta";"Não";1;0;1;0;0;0;1;1;-28,369371;-53,411942;"SPRF-RS";"DEL10-RS";"UOP01-DEL10-RS"
168442;2018-10-29;"segunda-feira";"12:50:00";"MA";222;253,9;"ARARI";"Não guardar distância de segurança";"Colisão traseira";"Sem Vítimas";"Pleno dia";"Decrescente";"Chuva";"Simples";"Reta";"Não";3;0;0;0;3;0;0;3;-3,57698238;-44,59567811;"SPRF-MA";"DEL01-MA";"UOP02-DEL01-MA"
168444;2018-10-29;"segunda-feira";"17:00:00";"SC";101;127,4;"ITAJAI";"Mal Súbito";"Capotamento";"Com Vítimas Feridas";"Pleno dia";"Decrescente";"Nublado";"Dupla";"Reta";"Não";1;0;1;0;0;0;1;1;-26,973;-48,6828;"SPRF-SC";"DEL04-SC";"UOP04-DEL04-SC"
168445;2018-10-12;"sexta-feira";"20:20:00";"MS";463;1,9;"DOURADOS";"Falta de Atenção à Condução";"Colisão transversal";"Com Vítimas Feridas";"Plena Noite";"Crescente";"Céu Claro";"Simples";"Reta";"Sim";3;0;2;1;0;0;3;2;-22,25905349;-54,81246471;"SPRF-MS";"DEL04-MS";"UOP01-DEL04-MS"
168449;2018-10-29;"segunda-feira";"16:30:00";"PI";343;64,2;"MONSENHOR GIL";"Falta de Atenção à Condução";"Colisão traseira";"Sem Vítimas";"Pleno dia";"Decrescente";"Céu Claro";"Simples";"Reta";"Não";2;0;0;0;2;0;0;2;-5,60958365;-42,60787296;"SPRF-PI";"DEL05-PI";"UOP01-DEL05-PI"
168450;2018-10-29;"segunda-feira";"17:50:00";"MG";381;495,1;"BETIM";"Falta de Atenção à Condução";"Colisão com objeto estático";"Com Vítimas Feridas";"Anoitecer";"Decrescente";"Nublado";"Dupla";"Declive;Curva";"Sim";1;0;1;0;0;0;1;1;-19,9754;-44,1937;"SPRF-MG";"DEL01-MG";"UOP03-DEL01-MG"
168453;2018-09-27;"quinta-feira";"18:30:00";"MT";364;400;"CUIABA";"Falta de Atenção à Condução";"Saída de leito carroçável";"Com Vítimas Feridas";"Plena Noite";"Crescente";"Ignorado";"Simples";"Reta";"Sim";1;0;1;0;0;0;1;1;-15,66482271;-55,96325543;"SPRF-MT";"DEL02-MT";"UOP02-DEL01-MT"
168454;2018-10-28;"domingo";"07:52:00";"RO";319;62;"PORTO VELHO";"Desobediência às normas de trânsito pelo condutor";"Colisão lateral";"Sem Vítimas";"Pleno dia";"Decrescente";"Céu Claro";"Múltipla";"Reta";"Sim";2;0;0;0;2;0;0;2;-8,75564301;-63,88639927;"SPRF-RO";"DEL01-RO";"UOP01-DEL01-RO"
168455;2018-10-29;"segunda-feira";"17:20:00";"MA";230;411;"BALSAS";"Falta de Atenção à Condução";"Queda de ocupante de veículo";"Com Vítimas Feridas";"Pleno dia";"Decrescente";"Céu Claro";"Simples";"Reta";"Não";1;0;1;0;0;0;1;1;-7,51972;-46,058456;"SPRF-MA";"DEL05-MA";"UOP01-DEL05-MA"
168456;2018-10-29;"segunda-feira";"18:15:00";"PB";230;20,1;"JOAO PESSOA";"Não guardar distância de segurança";"Colisão lateral";"Com Vítimas Feridas";"Plena Noite";"Crescente";"Céu Claro";"Dupla";"Curva";"Sim";2;0;1;0;0;1;1;2;-7,13455049;-34,85460341;"SPRF-PB";"DEL01-PB";"UOP01-DEL01-PB"
168458;2018-10-29;"segunda-feira";"15:50:00";"SC";282;34,6;"AGUAS MORNAS";"Agressão Externa";"Danos eventuais";"Com Vítimas Feridas";"Pleno dia";"Decrescente";"Nublado";"Simples";"Reta";"Não";2;0;0;1;1;0;1;1;-27,70411411;-48,82292032;"SPRF-SC";"DEL01-SC";"UOP03-DEL01-SC"
168459;2018-10-29;"segunda-feira";"17:40:00";"RJ";101;529;"PARATY";"Falta de Atenção à Condução";"Colisão transversal";"Com Vítimas Feridas";"Plena Noite";"Decrescente";"Chuva";"Simples";"Reta";"Sim";3;0;1;0;2;0;1;2;-23,035594;-44,5454758;"SPRF-RJ";"DEL03-RJ";"UOP02-DEL03-RJ"
168461;2018-10-29;"segunda-feira";"17:25:00";"PI";230;309,9;"FLORIANO";"Falta de Atenção à Condução";"Colisão transversal";"Com Vítimas Feridas";"Pleno dia";"Decrescente";"Céu Claro";"Simples";"Reta";"Sim";2;0;0;1;1;0;1;2;-6,7662158;-43,01010132;"SPRF-PI";"DEL03-PI";"UOP01-DEL03-PI"
168463;2018-10-29;"segunda-feira";"18:40:00";"RJ";356;27,9;"ITAPERUNA";"Não guardar distância de segurança";"Colisão lateral";"Com Vítimas Feridas";"Plena Noite";"Crescente";"Nublado";"Simples";"Reta";"Não";2;0;1;0;1;0;1;2;-21,18454181;-41,93632722;"SPRF-RJ";"DEL08-RJ";"UOP03-DEL08-RJ"
168464;2018-10-29;"segunda-feira";"17:15:00";"MT";364;399;"CUIABA";"Falta de Atenção à Condução";"Colisão lateral";"Com Vítimas Feridas";"Pleno dia";"Crescente";"Céu Claro";"Dupla";"Reta";"Sim";2;0;1;1;0;0;2;2;-15,657776;-55,981238;"SPRF-MT";"DEL02-MT";"UOP02-DEL01-MT"
168465;2018-10-29;"segunda-feira";"18:00:00";"RO";364;238,9;"CACOAL";"Falta de Atenção à Condução";"Colisão transversal";"Com Vítimas Feridas";"Anoitecer";"Crescente";"Céu Claro";"Simples";"Retorno Regulamentado";"Sim";3;0;2;0;1;0;2;2;-11,433703;-61,463681;"SPRF-RO";"DEL02-RO";"UOP02-DEL02-RO"
168466;2018-10-29;"segunda-feira";"16:15:00";"MS";163;256,5;"DOURADOS";"Ingestão de Álcool";"Colisão com objeto estático";"Com Vítimas Feridas";"Pleno dia";"Decrescente";"Sol";"Dupla";"Reta";"Sim";1;0;1;0;0;0;1;1;-22,25892937;-54,79254931;"SPRF-MS";"DEL04-MS";"UOP01-DEL04-MS"
168467;2018-10-29;"segunda-feira";"18:20:00";"CE";20;206,7;"BOA VIAGEM";"Desobediência às normas de trânsito pelo condutor";"Colisão lateral";"Com Vítimas Feridas";"Plena Noite";"Decrescente";"Céu Claro";"Simples";"Reta";"Sim";2;0;2;0;0;0;2;2;-5,10547;-39,717;"SPRF-CE";"DEL02-CE";"UOP02-DEL02-CE"
168468;2018-10-29;"segunda-feira";"19:30:00";"BA";101;817,2;"ITAMARAJU";"Velocidade Incompatível";"Saída de leito carroçável";"Com Vítimas Feridas";"Plena Noite";"Crescente";"Nublado";"Simples";"Curva";"Não";4;0;1;0;3;0;1;1;-17,0847;-39,5712;"SPRF-BA";"DEL09-BA";"UOP01-DEL09-BA"
168469;2018-10-29;"segunda-feira";"19:00:00";"SE";101;84,7;"NOSSA SENHORA DO SOCORRO";"Velocidade Incompatível";"Saída de leito carroçável";"Com Vítimas Feridas";"Plena Noite";"Decrescente";"Nublado";"Dupla";"Reta";"Não";1;0;0;1;0;0;1;1;-10,84251573;-37,13702917;"SPRF-SE";"DEL01-SE";"UOP01-DEL01-SE"
168471;2018-10-29;"segunda-feira";"19:30:00";"GO";153;441,9;"ANAPOLIS";"Pista Escorregadia";"Saída de leito carroçável";"Com Vítimas Feridas";"Plena Noite";"Decrescente";"Chuva";"Dupla";"Reta";"Sim";5;0;3;1;1;0;4;4;-16,33419372;-48,92255902;"SPRF-GO";"DEL02-GO";"UOP01-DEL02-GO"
168472;2018-10-29;"segunda-feira";"18:50:00";"SC";101;116,1;"ITAJAI";"Falta de Atenção à Condução";"Queda de ocupante de veículo";"Com Vítimas Feridas";"Plena Noite";"Decrescente";"Céu Claro";"Dupla";"Reta";"Não";1;0;1;0;0;0;1;1;-26,8877;-48,7222;"SPRF-SC";"DEL04-SC";"UOP04-DEL04-SC"
168474;2018-10-29;"segunda-feira";"19:40:00";"BA";324;590;"CANDEIAS";"Desobediência às normas de trânsito pelo condutor";"Colisão transversal";"Com Vítimas Feridas";"Plena Noite";"Crescente";"Céu Claro";"Dupla";"Reta";"Não";10;0;1;0;8;1;1;3;-12,684692;-38,466807;"SPRF-BA";"DEL01-BA";"UOP01-DEL01-BA"
168476;2018-10-29;"segunda-feira";"20:30:00";"RN";101;68,7;"EXTREMOZ";"Animais na Pista";"Atropelamento de Animal";"Com Vítimas Feridas";"Plena Noite";"Crescente";"Céu Claro";"Simples";"Reta";"Não";2;0;1;0;1;0;1;1;-5,68428545;-35,26362419;"SPRF-RN";"DEL02-RN";"UOP01-DEL02-RN"
168479;2018-10-29;"segunda-feira";"20:40:00";"SC";101;112,8;"ITAJAI";"Ingestão de álcool e/ou substâncias psicoativas pelo pedestre";"Atropelamento de Pedestre";"Com Vítimas Feridas";"Plena Noite";"Decrescente";"Nublado";"Múltipla";"Reta";"Não";4;0;0;1;2;1;1;2;-26,8533;-48,7265;"SPRF-SC";"DEL04-SC";"UOP04-DEL04-SC"
168481;2018-10-29;"segunda-feira";"19:54:00";"RO";364;344,9;"JI-PARANA";"Animais na Pista";"Atropelamento de Animal";"Com Vítimas Feridas";"Plena Noite";"Decrescente";"Céu Claro";"Dupla";"Reta";"Sim";3;0;3;0;0;0;3;1;-10,87018541;-61,95829868;"SPRF-RO";"DEL02-RO";"UOP01-DEL02-RO"
168484;2018-10-29;"segunda-feira";"19:20:00";"RS";471;484,1;"RIO GRANDE";"Restrição de Visibilidade";"Colisão traseira";"Com Vítimas Feridas";"Plena Noite";"Decrescente";"Céu Claro";"Simples";"Reta";"Não";3;0;0;1;2;0;1;2;-32,227108;-52,472321;"SPRF-RS";"DEL07-RS";"UOP02-DEL07-RS"
168486;2018-10-29;"segunda-feira";"20:30:00";"CE";222;7;"CAUCAIA";"Desobediência às normas de trânsito pelo condutor";"Colisão transversal";"Com Vítimas Feridas";"Plena Noite";"Crescente";"Céu Claro";"Dupla";"Reta";"Não";3;0;1;0;2;0;1;2;-3,75506232;-38,64116907;"SPRF-CE";"DEL01-CE";"UOP01-DEL01-CE"
168489;2018-10-29;"segunda-feira";"20:40:00";"RJ";116;295,5;"PORTO REAL";"Pista Escorregadia";"Colisão com objeto estático";"Com Vítimas Feridas";"Plena Noite";"Crescente";"Chuva";"Dupla";"Reta";"Não";1;0;1;0;0;0;1;1;-22,449371;-44,321712;"SPRF-RJ";"DEL07-RJ";"DEL5/7-UOP03/RJ"
168490;2018-10-29;"segunda-feira";"21:20:00";"RN";101;84,8;"NATAL";"Falta de Atenção à Condução";"Colisão traseira";"Com Vítimas Feridas";"Plena Noite";"Decrescente";"Céu Claro";"Dupla";"Viaduto";"Sim";4;0;2;0;2;0;2;3;-5,774175;-35,257801;"SPRF-RN";"DEL02-RN";"UOP01-DEL02-RN"
168491;2018-10-29;"segunda-feira";"21:10:00";"PB";101;81;"BAYEUX";"Condutor Dormindo";"Colisão com objeto estático";"Com Vítimas Feridas";"Plena Noite";"Decrescente";"Céu Claro";"Dupla";"Aclive";"Sim";1;0;1;0;0;0;1;1;-7,1273513;-34,9406989;"SPRF-PB";"DEL01-PB";"UOP01-DEL01-PB"
168492;2018-10-29;"segunda-feira";"20:40:00";"MG";40;503;"ESMERALDAS";"Falta de Atenção do Pedestre";"Atropelamento de Pedestre";"Com Vítimas Feridas";"Plena Noite";"Crescente";"Céu Claro";"Dupla";"Reta";"Não";4;0;1;1;1;1;2;2;-19,7353;-44,1505;"SPRF-MG";"DEL02-MG";"UOP01-DEL02-MG"
168493;2018-10-29;"segunda-feira";"21:15:00";"MG";40;498;"ESMERALDAS";"Desobediência às normas de trânsito pelo condutor";"Queda de ocupante de veículo";"Com Vítimas Fatais";"Plena Noite";"Crescente";"Nublado";"Dupla";"Reta";"Sim";2;1;0;0;1;0;0;2;-19,6981;-44,1762;"SPRF-MG";"DEL02-MG";"UOP01-DEL02-MG"
168495;2018-10-29;"segunda-feira";"21:15:00";"MG";262;58,5;"MANHUACU";"Velocidade Incompatível";"Saída de leito carroçável";"Com Vítimas Feridas";"Plena Noite";"Decrescente";"Chuva";"Simples";"Curva";"Não";5;0;5;0;0;0;5;1;-20,275723;-42,198013;"SPRF-MG";"DEL06-MG";"UOP03-DEL06-MG"
168496;2018-10-29;"segunda-feira";"21:10:00";"PR";277;109,1;"CAMPO LARGO";"Falta de Atenção do Pedestre";"Atropelamento de Pedestre";"Com Vítimas Feridas";"Plena Noite";"Decrescente";"Nevoeiro/Neblina";"Dupla";"Aclive;Reta";"Não";2;0;1;0;1;0;1;2;-25,43918;-49,446514;"SPRF-PR";"DEL01-PR";"UOP06-DEL01-PR"
168497;2018-10-29;"segunda-feira";"22:00:00";"GO";153;451,1;"ANAPOLIS";"Desobediência às normas de trânsito pelo condutor";"Colisão transversal";"Sem Vítimas";"Plena Noite";"Crescente";"Céu Claro";"Simples";"Rotatória";"Sim";2;0;0;0;1;1;0;2;-16,39484712;-48,9628458;"SPRF-GO";"DEL02-GO";"UOP01-DEL02-GO"
168498;2018-10-29;"segunda-feira";"23:00:00";"ES";101;229;"FUNDAO";"Falta de Atenção à Condução";"Queda de ocupante de veículo";"Com Vítimas Feridas";"Plena Noite";"Crescente";"Ignorado";"Dupla";"Reta";"Não";1;0;1;0;0;0;1;1;-19,932701;-40,405268;"SPRF-ES";"DEL02-ES";"UOP01-DEL02-ES"
168499;2018-10-29;"segunda-feira";"22:10:00";"MG";116;717,5;"MURIAE";"Animais na Pista";"Atropelamento de Animal";"Com Vítimas Feridas";"Plena Noite";"Decrescente";"Nublado";"Simples";"Reta";"Não";1;0;1;0;0;0;1;1;-21,20937915;-42,38937378;"SPRF-MG";"DEL07-MG";"UOP02-DEL07-MG"
168500;2018-10-29;"segunda-feira";"17:10:00";"AP";156;815;"OIAPOQUE";"Velocidade Incompatível";"Capotamento";"Sem Vítimas";"Pleno dia";"Decrescente";"Céu Claro";"Simples";"Reta";"Não";1;0;0;0;0;1;0;1;3,82417623;-51,79341316;"SPRF-AP";"DEL01-AP";"UOP03-DEL01-AP"
168505;2018-10-30;"terça-feira";"00:30:00";"RN";226;7,6;"NATAL";"Ingestão de Álcool";"Colisão com objeto estático";"Com Vítimas Feridas";"Plena Noite";"Crescente";"Céu Claro";"Simples";"Curva";"Não";2;0;0;1;0;1;1;2;-5,83335672;-35,27874649;"SPRF-RN";"DEL01-RN";"UOP02-DEL01-RN"
168506;2018-10-29;"segunda-feira";"21:53:00";"RJ";101;311;"SAO GONCALO";"Falta de Atenção à Condução";"Queda de ocupante de veículo";"Com Vítimas Feridas";"Pleno dia";"Decrescente";"Céu Claro";"Simples";"Reta;Em Obras";"Sim";2;0;0;1;1;0;1;2;-22,800632;-43,053211;"SPRF-RJ";"DEL02-RJ";"DEL5/2-UOP04/RJ"
168508;2018-10-30;"terça-feira";"02:00:00";"MG";251;423,3;"GRAO MOGOL";"Ultrapassagem Indevida";"Colisão frontal";"Com Vítimas Fatais";"Plena Noite";"Crescente";"Nevoeiro/Neblina";"Simples";"Curva";"Não";1;1;0;0;0;0;0;1;-16,311;-43,0964;"SPRF-MG";"DEL12-MG";"UOP01-DEL12-MG"
168510;2018-10-30;"terça-feira";"02:55:00";"ES";101;302,3;"VIANA";"Pista Escorregadia";"Colisão com objeto estático";"Com Vítimas Feridas";"Plena Noite";"Decrescente";"Céu Claro";"Dupla";"Reta";"Sim";1;0;1;0;0;0;1;1;-20,37311297;-40,44273376;"SPRF-ES";"DEL01-ES";"UOP01-DEL01-ES"
168511;2018-10-30;"terça-feira";"02:20:00";"RS";285;26,6;"SAO JOSE DOS AUSENTES";"Falta de Atenção à Condução";"Saída de leito carroçável";"Com Vítimas Feridas";"Plena Noite";"Crescente";"Céu Claro";"Simples";"Reta";"Não";2;0;2;0;0;0;2;1;-28,717157;-50,141705;"SPRF-RS";"DEL05-RS";"UOP03-DEL05-RS"
168513;2018-10-30;"terça-feira";"05:00:00";"PA";316;9;"MARITUBA";"Falta de Atenção à Condução";"Capotamento";"Com Vítimas Feridas";"Amanhecer";"Crescente";"Céu Claro";"Dupla";"Reta";"Sim";6;0;2;0;2;2;2;2;-1,366236;-48,367805;"SPRF-PA";"DEL01-PA";"DEL19/1-UOP05/PA"
168515;2018-10-30;"terça-feira";"05:00:00";"MG";381;539;"ITATIAIUCU";"Animais na Pista";"Atropelamento de Animal";"Sem Vítimas";"Amanhecer";"Decrescente";"Céu Claro";"Dupla";"Reta";"Não";1;0;0;0;1;0;0;1;-20,2288;-44,3965;"SPRF-MG";"DEL04-MG";"UOP03-DEL04-MG"
168516;2018-10-30;"terça-feira";"04:35:00";"SC";280;55,2;"GUARAMIRIM";"Falta de Atenção à Condução";"Colisão transversal";"Com Vítimas Feridas";"Plena Noite";"Crescente";"Nublado";"Simples";"Interseção de Vias";"Sim";3;0;1;0;2;0;1;2;-26,47655828;-48,99524152;"SPRF-SC";"DEL03-SC";"UOP03-DEL03-SC"
168517;2018-10-30;"terça-feira";"05:45:00";"RJ";116;133;"MAGE";"Defeito Mecânico no Veículo";"Queda de ocupante de veículo";"Com Vítimas Feridas";"Amanhecer";"Crescente";"Céu Claro";"Dupla";"Curva";"Não";1;0;1;0;0;0;1;1;-22,64713564;-43,18586111;"SPRF-RJ";"DEL04-RJ";"UOP02-DEL04-RJ"
168519;2018-10-30;"terça-feira";"06:00:00";"SP";116;276;"EMBU DAS ARTES";"Velocidade Incompatível";"Colisão traseira";"Com Vítimas Feridas";"Amanhecer";"Decrescente";"Céu Claro";"Dupla";"Reta";"Sim";2;0;1;0;1;0;1;2;-23,61797441;-46,80290324;"SPRF-SP";"DEL04-SP";"UOP01-DEL04-SP"
168520;2018-10-30;"terça-feira";"05:50:00";"SP";381;25,4;"ATIBAIA";"Defeito Mecânico no Veículo";"Tombamento";"Com Vítimas Feridas";"Pleno dia";"Crescente";"Céu Claro";"Dupla";"Reta";"Não";1;0;1;0;0;0;1;1;-23,0230348;-46,5326064;"SPRF-SP";"DEL03-SP";"UOP02-DEL03-SP"
168521;2018-10-29;"segunda-feira";"14:30:00";"SC";280;53;"GUARAMIRIM";"Falta de Atenção à Condução";"Colisão lateral";"Com Vítimas Feridas";"Pleno dia";"Crescente";"Céu Claro";"Simples";"Reta";"Sim";2;0;1;0;1;0;1;2;-26,472363;-48,974255;"SPRF-SC";"DEL03-SC";"UOP03-DEL03-SC"
168522;2018-10-30;"terça-feira";"06:40:00";"PA";316;12,7;"MARITUBA";"Desobediência às normas de trânsito pelo condutor";"Colisão transversal";"Com Vítimas Feridas";"Pleno dia";"Crescente";"Sol";"Dupla";"Curva";"Sim";2;0;2;0;0;0;2;2;-1,36559788;-48,33352447;"SPRF-PA";"DEL01-PA";"DEL19/1-UOP05/PA"