"id";"data_inversa";"dia_semana";"horario";"uf";"br";"km";"municipio";"causa_acidente";"tipo_acidente";"classificacao_acidente";"fase_dia";"sentido_via";"condicao_metereologica";"tipo_pista";"tracado_via";"uso_solo";"pessoas";"mortos";"feridos_leves";"feridos_graves";"ilesos";"ignorados";"feridos";"veiculos";"latitude";"longitude";"regional";"delegacia";"uop"
168523;2018-10-30;"terça-feira";"05:40:00";"MS";163;548,2;"BANDEIRANTES";"Desobediência às normas de trânsito pelo condutor";"Colisão transversal";"Com Vítimas Feridas";"Pleno dia";"Decrescente";"Céu Claro";"Simples";"Reta";"Sim";4;0;1;0;3;0;1;2;-19,91910024;-54,36848938;"SPRF-MS";"DEL01-MS";"UOP02-DEL01-MS"
168524;2018-10-30;"terça-feira";"05:00:00";"MG";40;656,3;"CRISTIANO OTONI";"Defeito Mecânico no Veículo";"Saída de leito carroçável";"Com Vítimas Feridas";"Amanhecer";"Decrescente";"Nevoeiro/Neblina";"Dupla";"Curva";"Não";2;0;1;0;1;0;1;1;-20,85770896;-43,80220056;"SPRF-MG";"DEL05-MG";"UOP02-DEL05-MG"
168525;2018-10-30;"terça-feira";"06:45:00";"CE";20;390,8;"CAUCAIA";"Pista Escorregadia";"Saída de leito carroçável";"Com Vítimas Feridas";"Pleno dia";"Crescente";"Chuva";"Simples";"Reta";"Não";4;0;4;0;0;0;4;1;-3,848312;-38,778283;"SPRF-CE";"DEL01-CE";"UOP01-DEL01-CE"
168526;2018-10-30;"terça-feira";"07:20:00";"DF";20;12,2;"BRASILIA";"Falta de Atenção à Condução";"Colisão com objeto estático";"Com Vítimas Feridas";"Pleno dia";"Decrescente";"Céu Claro";"Dupla";"Reta";"Sim";4;0;2;0;2;0;2;2;-15,642812;-47,757786;"SPRF-DF";"DEL02-DF";"UOP01-DEL02-DF"
168527;2018-10-30;"terça-feira";"06:30:00";"SP";153;49,9;"SAO JOSE DO RIO PRETO";"Defeito Mecânico no Veículo";"Tombamento";"Com Vítimas Feridas";"Pleno dia";"Crescente";"Céu Claro";"Simples";"Reta";"Não";2;0;2;0;0;0;2;1;-20,70777957;-49,33926165;"SPRF-SP";"DEL09-SP";"UOP01-DEL09-SP"
168528;2018-10-30;"terça-feira";"07:32:00";"BA";324;619;"SALVADOR";"Falta de Atenção à Condução";"Colisão traseira";"Com Vítimas Feridas";"Pleno dia";"Crescente";"Céu Claro";"Múltipla";"Reta";"Sim";2;0;0;1;1;0;1;2;-12,910273;-38,4584;"SPRF-BA";"DEL01-BA";"UOP01-DEL01-BA"
168531;2018-09-08;"sábado";"07:30:00";"RN";304;47,9;"MOSSORO";"Falta de Atenção à Condução";"Colisão com objeto estático";"Com Vítimas Feridas";"Pleno dia";"Decrescente";"Sol";"Simples";"Reta";"Sim";2;0;1;0;0;1;1;2;-5,22783438;-37,3223269;"SPRF-RN";"DEL04-RN";"UOP01-DEL04-RN"
168533;2018-10-30;"terça-feira";"08:00:00";"SC";280;7,8;"SAO FRANCISCO DO SUL";"Falta de Atenção à Condução";"Colisão transversal";"Com Vítimas Feridas";"Pleno dia";"Crescente";"Céu Claro";"Simples";"Reta";"Sim";2;0;0;1;1;0;1;2;-26,27694645;-48,645401;"SPRF-SC";"DEL03-SC";"UOP03-DEL03-SC"
168534;2018-10-30;"terça-feira";"07:50:00";"SE";235;2,5;"ARACAJU";"Falta de Atenção à Condução";"Colisão traseira";"Com Vítimas Feridas";"Pleno dia";"Decrescente";"Céu Claro";"Múltipla";"Reta";"Sim";2;0;1;0;1;0;1;2;-10,90695493;-37,09786708;"SPRF-SE";"DEL01-SE";"UOP01-DEL01-SE"
168536;2018-10-30;"terça-feira";"07:30:00";"SP";116;228,5;"SAO PAULO";"Não guardar distância de segurança";"Colisão traseira";"Com Vítimas Feridas";"Pleno dia";"Crescente";"Nublado";"Múltipla";"Reta";"Não";2;0;1;0;1;0;1;2;-23,50670025;-46,57078743;"SPRF-SP";"DEL01-SP";"UOP01-DEL01-SP"
168537;2018-10-30;"terça-feira";"07:55:00";"SC";101;212;"PALHOCA";"Velocidade Incompatível";"Colisão com objeto estático";"Com Vítimas Feridas";"Pleno dia";"Crescente";"Céu Claro";"Múltipla";"Reta";"Sim";1;0;1;0;0;0;1;1;-27,6372;-48,6651;"SPRF-SC";"DEL01-SC";"UOP02-DEL01-SC"
168538;2018-10-30;"terça-feira";"07:50:00";"MG";381;494;"BETIM";"Pista Escorregadia";"Tombamento";"Com Vítimas Feridas";"Pleno dia";"Decrescente";"Sol";"Múltipla";"Retorno Regulamentado";"Sim";1;0;1;0;0;0;1;1;-19,97334879;-44,18289185;"SPRF-MG";"DEL01-MG";"UOP03-DEL01-MG"
168541;2018-10-30;"terça-feira";"08:00:00";"SC";282;4,8;"SAO JOSE";"Falta de Atenção à Condução";"Colisão transversal";"Com Vítimas Feridas";"Pleno dia";"Decrescente";"Sol";"Dupla";"Reta";"Sim";2;0;0;1;1;0;1;2;-27,59475962;-48,60163182;"SPRF-SC";"DEL01-SC";"UOP01-DEL01-SC"
168543;2018-10-30;"terça-feira";"08:30:00";"PR";277;345,6;"GUARAPUAVA";"Animais na Pista";"Atropelamento de Animal";"Com Vítimas Feridas";"Pleno dia";"Crescente";"Céu Claro";"Simples";"Declive;Reta";"Sim";1;0;1;0;0;0;1;1;-25,36587935;-51,48830652;"SPRF-PR";"DEL03-PR";"UOP01-DEL08-PR"
168544;2018-10-30;"terça-feira";"07:50:00";"SP";116;274;"TABOAO DA SERRA";"Falta de Atenção à Condução";"Queda de ocupante de veículo";"Com Vítimas Feridas";"Pleno dia";"Decrescente";"Céu Claro";"Dupla";"Reta";"Não";1;0;1;0;0;0;1;1;-23,61244114;-46,77841187;"SPRF-SP";"DEL04-SP";"UOP01-DEL04-SP"
168545;2018-10-30;"terça-feira";"08:35:00";"PR";376;181;"MARINGA";"Falta de Atenção à Condução";"Colisão lateral";"Com Vítimas Feridas";"Pleno dia";"Decrescente";"Céu Claro";"Dupla";"Rotatória";"Sim";2;0;1;0;1;0;1;2;-23,4312844;-51,8880356;"SPRF-PR";"DEL07-PR";"UOP01-DEL09-PR"
168546;2018-10-30;"terça-feira";"08:15:00";"SP";116;221,4;"GUARULHOS";"Velocidade Incompatível";"Colisão traseira";"Com Vítimas Feridas";"Pleno dia";"Crescente";"Céu Claro";"Múltipla";"Reta";"Sim";3;0;1;1;1;0;2;2;-23,46989939;-46,51472415;"SPRF-SP";"DEL01-SP";"UOP01-DEL01-SP"
168551;2018-10-30;"terça-feira";"08:30:00";"SE";235;44,3;"ITABAIANA";"Velocidade Incompatível";"Tombamento";"Com Vítimas Feridas";"Pleno dia";"Crescente";"Nublado";"Simples";"Reta";"Não";2;0;0;1;1;0;1;2;-10,75489;-37,394836;"SPRF-SE";"DEL01-SE";"UOP02-DEL01-SE"
168552;2018-10-30;"terça-feira";"09:30:00";"PR";476;141,6;"CURITIBA";"Falta de Atenção à Condução";"Atropelamento de Pedestre";"Com Vítimas Feridas";"Pleno dia";"Crescente";"Céu Claro";"Múltipla";"Reta";"Sim";2;0;1;0;1;0;1;2;-25,53389932;-49,30104008;"SPRF-PR";"DEL01-PR";"UOP07-DEL01-PR"
168553;2018-10-30;"terça-feira";"09:45:00";"BA";101;888,8;"CARAVELAS";"Desobediência às normas de trânsito pelo condutor";"Colisão frontal";"Com Vítimas Feridas";"Pleno dia";"Crescente";"Nublado";"Simples";"Declive";"Não";4;0;0;4;0;0;4;2;-17,6221;-39,7667;"SPRF-BA";"DEL09-BA";"UOP02-DEL09-BA"
168554;2018-10-30;"terça-feira";"10:05:00";"ES";101;147,6;"LINHARES";"Falta de Atenção à Condução";"Colisão transversal";"Com Vítimas Feridas";"Pleno dia";"Decrescente";"Nublado";"Simples";"Interseção de Vias";"Sim";2;0;1;0;1;0;1;2;-19,38568828;-40,0670743;"SPRF-ES";"DEL04-ES";"UOP01-DEL04-ES"
168555;2018-10-30;"terça-feira";"09:40:00";"ES";101;67,8;"SAO MATEUS";"Defeito Mecânico no Veículo";"Queda de ocupante de veículo";"Com Vítimas Feridas";"Pleno dia";"Crescente";"Nublado";"Simples";"Viaduto";"Sim";1;0;1;0;0;0;1;1;-18,72446222;-39,86042434;"SPRF-ES";"DEL04-ES";"UOP02-DEL04-ES"
168559;2018-10-30;"terça-feira";"10:00:00";"MG";365;681,2;"MONTE ALEGRE DE MINAS";"Animais na Pista";"Atropelamento de Animal";"Sem Vítimas";"Pleno dia";"Crescente";"Sol";"Dupla";"Reta";"Não";2;0;0;0;2;0;0;1;-18,8506958;-48,8047953;"SPRF-MG";"DEL15-MG";"UOP01-DEL15-MG"
168561;2018-08-18;"sábado";"19:20:00";"PR";369;201;"APUCARANA";"Desobediência às normas de trânsito pelo condutor";"Colisão transversal";"Com Vítimas Feridas";"Plena Noite";"Crescente";"Ignorado";"Simples";"Rotatória";"Sim";2;0;1;0;1;0;1;2;-23,53359593;-51,45563629;"SPRF-PR";"DEL07-PR";"UOP03-DEL07-PR"
168564;2018-10-30;"terça-feira";"11:00:00";"MG";116;703,3;"MURIAE";"Falta de Atenção à Condução";"Colisão transversal";"Com Vítimas Feridas";"Pleno dia";"Crescente";"Sol";"Simples";"Interseção de Vias";"Sim";2;0;1;0;1;0;1;2;-21,1150041;-42,379978;"SPRF-MG";"DEL07-MG";"UOP02-DEL07-MG"
168565;2018-10-30;"terça-feira";"10:50:00";"SC";470;2,6;"NAVEGANTES";"Falta de Atenção à Condução";"Colisão transversal";"Com Vítimas Feridas";"Pleno dia";"Crescente";"Nublado";"Simples";"Reta";"Sim";2;0;1;0;1;0;1;2;-26,86869282;-48,67474461;"SPRF-SC";"DEL04-SC";"UOP04-DEL04-SC"
168569;2018-10-30;"terça-feira";"10:50:00";"CE";116;6,1;"FORTALEZA";"Não guardar distância de segurança";"Colisão traseira";"Com Vítimas Feridas";"Pleno dia";"Decrescente";"Céu Claro";"Dupla";"Reta";"Sim";4;0;1;0;3;0;1;2;-3,8126;-38,5007;"SPRF-CE";"DEL01-CE";"UOP02-DEL01-CE"
168570;2018-10-30;"terça-feira";"11:30:00";"PR";476;130;"CURITIBA";"Ultrapassagem Indevida";"Colisão lateral";"Com Vítimas Feridas";"Pleno dia";"Crescente";"Céu Claro";"Múltipla";"Curva";"Sim";2;0;1;0;1;0;1;2;-25,449564;-49,236427;"SPRF-PR";"DEL01-PR";"UOP07-DEL01-PR"
168571;2018-10-08;"segunda-feira";"12:00:00";"PB";230;136,1;"CAMPINA GRANDE";"Defeito Mecânico no Veículo";"Saída de leito carroçável";"Com Vítimas Feridas";"Pleno dia";"Crescente";"Sol";"Dupla";"Reta";"Não";2;0;1;0;0;1;1;2;-7,276422;-35,774523;"SPRF-PB";"DEL02-PB";"UOP01-DEL02-PB"
168573;2018-10-30;"terça-feira";"12:08:00";"MG";40;468,8;"SETE LAGOAS";"Defeito Mecânico no Veículo";"Tombamento";"Com Vítimas Feridas";"Pleno dia";"Crescente";"Céu Claro";"Dupla";"Reta";"Não";1;0;1;0;0;0;1;1;-19,46;-44,303;"SPRF-MG";"DEL02-MG";"UOP01-DEL02-MG"
168575;2018-10-07;"domingo";"18:05:00";"PB";230;29;"JOAO PESSOA";"Defeito Mecânico no Veículo";"Tombamento";"Com Vítimas Feridas";"Plena Noite";"Decrescente";"Céu Claro";"Dupla";"Reta";"Sim";2;0;1;0;1;0;1;1;-7,1622;-34,9031;"SPRF-PB";"DEL01-PB";"UOP01-DEL01-PB"
168578;2018-10-30;"terça-feira";"11:50:00";"SP";116;109,4;"TAUBATE";"Falta de Atenção à Condução";"Colisão com objeto estático";"Com Vítimas Feridas";"Pleno dia";"Crescente";"Céu Claro";"Dupla";"Reta";"Não";3;0;2;0;1;0;2;2;-23,028759;-45,545235;"SPRF-SP";"DEL06-SP";"UOP01-DEL06-SP"
168579;2018-10-30;"terça-feira";"12:20:00";"SP";116;226;"GUARULHOS";"Defeito Mecânico no Veículo";"Queda de ocupante de veículo";"Com Vítimas Feridas";"Pleno dia";"Decrescente";"Céu Claro";"Múltipla";"Reta";"Sim";1;0;1;0;0;0;1;1;-23,4980421;-46,55834198;"SPRF-SP";"DEL01-SP";"UOP01-DEL01-SP"
168580;2018-10-23;"terça-feira";"08:55:00";"PE";101;50,5;"ABREU E LIMA";"Desobediência às normas de trânsito pelo condutor";"Colisão transversal";"Com Vítimas Feridas";"Pleno dia";"Decrescente";"Céu Claro";"Múltipla";"Reta";"Sim";2;0;0;1;1;0;1;2;-7,914736;-34,898706;"SPRF-PE";"DEL01-PE";"UOP02-DEL01-PE"
168583;2018-10-30;"terça-feira";"12:45:00";"ES";101;267,9;"SERRA";"Desobediência às normas de trânsito pelo condutor";"Colisão lateral";"Com Vítimas Feridas";"Pleno dia";"Crescente";"Nublado";"Múltipla";"Interseção de Vias";"Sim";2;0;0;1;1;0;1;2;-20,2065304;-40,26967824;"SPRF-ES";"DEL02-ES";"UOP01-DEL02-ES"
168584;2018-10-30;"terça-feira";"12:40:00";"RS";386;292,5;"POUSO NOVO";"Defeito Mecânico no Veículo";"Incêndio";"Sem Vítimas";"Pleno dia";"Decrescente";"Sol";"Simples";"Reta";"Não";1;0;0;0;1;0;0;1;-29,14174153;-52,23798394;"SPRF-RS";"DEL04-RS";"UOP01-DEL04-RS"
168586;2018-10-30;"terça-feira";"13:10:00";"PE";101;82;"JABOATAO DOS GUARARAPES";"Falta de Atenção à Condução";"Colisão transversal";"Com Vítimas Feridas";"Pleno dia";"Crescente";"Céu Claro";"Dupla";"Reta";"Sim";2;0;1;0;1;0;1;2;-8,17196564;-34,9397583;"SPRF-PE";"DEL01-PE";"UOP03-DEL01-PE"
168587;2018-10-30;"terça-feira";"07:30:00";"MG";116;96;"ITAOBIM";"Pista Escorregadia";"Saída de leito carroçável";"Com Vítimas Feridas";"Pleno dia";"Decrescente";"Chuva";"Simples";"Curva";"Não";3;0;2;1;0;0;3;1;-16,4685343;-41,4994812;"SPRF-MG";"DEL11-MG";"UOP02-DEL11-MG"
168588;2018-10-30;"terça-feira";"10:55:00";"MG";116;116;"ITAOBIM";"Falta de Atenção à Condução";"Colisão transversal";"Com Vítimas Feridas";"Pleno dia";"Decrescente";"Nublado";"Múltipla";"Rotatória";"Sim";2;0;0;1;1;0;1;2;-16,57631329;-41,50428772;"SPRF-MG";"DEL11-MG";"UOP02-DEL11-MG"
168589;2018-10-30;"terça-feira";"14:00:00";"GO";40;118;"CRISTALINA";"Falta de Atenção à Condução";"Saída de leito carroçável";"Com Vítimas Feridas";"Pleno dia";"Crescente";"Nublado";"Dupla";"Reta";"Não";2;0;2;0;0;0;2;1;-16,854813;-47,439887;"SPRF-DF";"DEL01-DF";"UOP02-DEL01-DF"
168590;2018-10-30;"terça-feira";"13:50:00";"GO";153;70,5;"PORANGATU";"Falta de Atenção à Condução";"Colisão transversal";"Com Vítimas Feridas";"Pleno dia";"Crescente";"Céu Claro";"Simples";"Interseção de Vias";"Sim";2;0;2;0;0;0;2;2;-13,44078775;-49,13275838;"SPRF-GO";"DEL07-GO";"UOP01-DEL07-GO"
168593;2018-10-19;"sexta-feira";"02:40:00";"BA";116;426;"FEIRA DE SANTANA";"Agressão Externa";"Saída de leito carroçável";"Com Vítimas Feridas";"Plena Noite";"Crescente";"Céu Claro";"Múltipla";"Interseção de Vias";"Sim";1;0;1;0;0;0;1;1;-12,26784096;-38,98756027;"SPRF-BA";"DEL02-BA";"UOP01-DEL02-BA"
168595;2018-10-30;"terça-feira";"12:30:00";"AC";364;80,5;"SENADOR GUIOMARD";"Animais na Pista";"Saída de leito carroçável";"Com Vítimas Feridas";"Pleno dia";"Crescente";"Céu Claro";"Simples";"Reta";"Não";2;0;2;0;0;0;2;1;-10,094659;-67,425087;"SPRF-AC";"DEL01-AC";"UOP01-DEL01-AC"
168596;2018-10-30;"terça-feira";"13:15:00";"SP";116;166,8;"JACAREI";"Deficiência ou não Acionamento do Sistema de Iluminação/Sinalização do Veículo";"Colisão traseira";"Com Vítimas Feridas";"Pleno dia";"Crescente";"Céu Claro";"Dupla";"Reta";"Sim";3;0;1;0;2;0;1;2;-23,30142814;-46,02667719;"SPRF-SP";"DEL02-SP";"UOP01-DEL02-SP"
168597;2018-10-30;"terça-feira";"14:30:00";"RS";290;93;"PORTO ALEGRE";"Velocidade Incompatível";"Colisão com objeto estático";"Com Vítimas Feridas";"Pleno dia";"Decrescente";"Sol";"Dupla";"Reta";"Sim";1;0;1;0;0;0;1;1;-29,97111698;-51,19192779;"SPRF-RS";"DEL01-RS";"UOP01-DEL01-RS"
168603;2018-10-30;"terça-feira";"11:00:00";"MT";70;215;"GENERAL CARNEIRO";"Defeito na Via";"Saída de leito carroçável";"Com Vítimas Feridas";"Pleno dia";"Crescente";"Céu Claro";"Simples";"Reta";"Não";2;0;0;2;0;0;2;1;-15,69754;-53,833374;"SPRF-MT";"DEL05-MT";"UOP01-DEL05-MT"
168604;2018-10-30;"terça-feira";"15:15:00";"RJ";116;138;"DUQUE DE CAXIAS";"Defeito Mecânico no Veículo";"Queda de ocupante de veículo";"Com Vítimas Feridas";"Pleno dia";"Crescente";"Céu Claro";"Dupla";"Reta";"Sim";1;0;1;0;0;0;1;1;-22,65017456;-43,23376469;"SPRF-RJ";"DEL04-RJ";"UOP02-DEL04-RJ"
168607;2018-10-30;"terça-feira";"16:00:00";"RJ";101;277;"TANGUA";"Falta de Atenção à Condução";"Colisão traseira";"Sem Vítimas";"Pleno dia";"Crescente";"Céu Claro";"Dupla";"Reta";"Sim";2;0;0;0;2;0;0;2;-22,73609224;-42,72551894;"SPRF-RJ";"DEL02-RJ";"UOP03-DEL02-RJ"
168608;2018-10-30;"terça-feira";"10:00:00";"MT";163;625;"NOVA MUTUM";"Pista Escorregadia";"Tombamento";"Com Vítimas Feridas";"Pleno dia";"Crescente";"Céu Claro";"Simples";"Reta";"Não";2;0;2;0;0;0;2;1;-13,72504419;-56,04452133;"SPRF-MT";"DEL01-MT";"UOP01-DEL01-MT"
168609;2018-10-30;"terça-feira";"16:30:00";"RS";386;437,5;"NOVA SANTA RITA";"Falta de Atenção à Condução";"Colisão transversal";"Com Vítimas Feridas";"Pleno dia";"Decrescente";"Sol";"Dupla";"Reta";"Não";2;0;1;0;1;0;1;2;-29,86101338;-51,25611305;"SPRF-RS";"DEL04-RS";"UOP02-DEL04-RS"
168610;2018-10-30;"terça-feira";"13:30:00";"RJ";40;113;"DUQUE DE CAXIAS";"Ultrapassagem Indevida";"Colisão traseira";"Com Vítimas Feridas";"Pleno dia";"Decrescente";"Céu Claro";"Dupla";"Reta";"Sim";1;0;1;0;0;0;1;1;-22,7192;-43,2896;"SPRF-RJ";"DEL01-RJ";"UOP01-DEL01-RJ"
168611;2018-10-21;"domingo";"04:30:00";"PI";316;321;"PICOS";"Falta de Atenção à Condução";"Colisão traseira";"Com Vítimas Feridas";"Amanhecer";"Decrescente";"Céu Claro";"Simples";"Reta";"Não";3;0;2;0;1;0;2;2;-7,10361818;-41,33331299;"SPRF-PI";"DEL04-PI";"UOP01-DEL04-PI"
168612;2018-10-30;"terça-feira";"17:05:00";"SC";101;126,2;"ITAJAI";"Não guardar distância de segurança";"Colisão traseira";"Com Vítimas Feridas";"Pleno dia";"Crescente";"Nublado";"Dupla";"Reta";"Não";2;0;1;0;1;0;1;2;-26,964;-48,6832;"SPRF-SC";"DEL04-SC";"UOP04-DEL04-SC"
168616;2018-10-30;"terça-feira";"16:50:00";"RJ";101;302;"SAO GONCALO";"Animais na Pista";"Colisão traseira";"Sem Vítimas";"Pleno dia";"Crescente";"Céu Claro";"Dupla";"Reta";"Não";2;0;0;0;2;0;0;2;-22,77998007;-42,95843124;"SPRF-RJ";"DEL02-RJ";"DEL5/2-UOP04/RJ"
168619;2018-10-30;"terça-feira";"13:10:00";"SP";116;147,7;"SAO JOSE DOS CAMPOS";"Objeto estático sobre o leito carroçável";"Capotamento";"Com Vítimas Feridas";"Pleno dia";"Crescente";"Céu Claro";"Múltipla";"Reta";"Não";1;0;1;0;0;0;1;1;-23,19757838;-45,8757627;"SPRF-SP";"DEL02-SP";"UOP01-DEL02-SP"
168620;2018-10-30;"terça-feira";"16:30:00";"PE";407;126;"PETROLINA";"Falta de Atenção à Condução";"Queda de ocupante de veículo";"Com Vítimas Feridas";"Pleno dia";"Decrescente";"Céu Claro";"Dupla";"Reta";"Sim";1;0;1;0;0;0;1;1;-9,3877581;-40,52616119;"SPRF-PE";"DEL06-PE";"UOP01-DEL06-PE"
168621;2018-10-30;"terça-feira";"16:30:00";"RR";401;6;"CANTA";"Defeito Mecânico no Veículo";"Saída de leito carroçável";"Com Vítimas Feridas";"Pleno dia";"Crescente";"Céu Claro";"Dupla";"Reta";"Não";1;0;1;0;0;0;1;1;2;-60,646767;"SPRF-RR";"DEL01-RR";"UOP01-DEL01-RR"
168622;2018-10-30;"terça-feira";"18:00:00";"PR";476;142;"CURITIBA";"Falta de Atenção à Condução";"Colisão transversal";"Com Vítimas Feridas";"Pleno dia";"Crescente";"Céu Claro";"Dupla";"Reta";"Sim";2;0;1;0;1;0;1;2;-25,53753961;-49,30173755;"SPRF-PR";"DEL01-PR";"UOP07-DEL01-PR"
168625;2018-10-30;"terça-feira";"18:15:00";"SP";153;256,5;"MARILIA";"Pista Escorregadia";"Tombamento";"Com Vítimas Feridas";"Anoitecer";"Crescente";"Céu Claro";"Dupla";"Reta";"Sim";1;0;1;0;0;0;1;1;-22,23734629;-49,91947174;"SPRF-SP";"DEL07-SP";"UOP02-DEL07-SP"
168627;2018-09-07;"sexta-feira";"13:40:00";"MG";116;270;"TEOFILO OTONI";"Falta de Atenção à Condução";"Tombamento";"Com Vítimas Feridas";"Pleno dia";"Crescente";"Céu Claro";"Simples";"Reta";"Não";3;0;1;0;0;2;1;2;-17,84544698;-41,5145874;"SPRF-MG";"DEL11-MG";"UOP01-DEL11-MG"
168628;2018-10-30;"terça-feira";"18:20:00";"MG";40;633,4;"CONSELHEIRO LAFAIETE";"Desobediência às normas de trânsito pelo condutor";"Colisão transversal";"Com Vítimas Feridas";"Anoitecer";"Crescente";"Céu Claro";"Simples";"Interseção de Vias;Reta";"Sim";3;0;2;0;1;0;2;2;-20,6887055;-43,79058391;"SPRF-MG";"DEL05-MG";"UOP02-DEL05-MG"
168629;2018-10-30;"terça-feira";"15:30:00";"PR";277;369,3;"RIO AZUL";"Falta de Atenção do Pedestre";"Atropelamento de Pedestre";"Com Vítimas Feridas";"Pleno dia";"Crescente";"Sol";"Simples";"Declive";"Não";2;0;1;0;1;0;1;2;-25,75908293;-50,84438324;"SPRF-PR";"DEL03-PR";"UOP01-DEL08-PR"
168630;2018-10-30;"terça-feira";"18:10:00";"SC";116;166,2;"PONTE ALTA DO NORTE";"Falta de Atenção à Condução";"Colisão transversal";"Com Vítimas Feridas";"Pleno dia";"Crescente";"Sol";"Simples";"Reta";"Sim";2;0;1;0;1;0;1;2;-27,15976014;-50,46623898;"SPRF-SC";"DEL05-SC";"UOP03-DEL05-SC"
168632;2018-10-30;"terça-feira";"17:05:00";"RO";364;710,9;"PORTO VELHO";"Desobediência às normas de trânsito pelo condutor";"Colisão transversal";"Com Vítimas Feridas";"Pleno dia";"Decrescente";"Céu Claro";"Dupla";"Retorno Regulamentado";"Sim";4;0;2;0;2;0;2;2;-8,78364661;-63,86211455;"SPRF-RO";"DEL01-RO";"UOP01-DEL01-RO"
168633;2018-10-30;"terça-feira";"16:00:00";"SC";282;100,3;"ALFREDO WAGNER";"Desobediência às normas de trânsito pelo condutor";"Colisão frontal";"Com Vítimas Feridas";"Pleno dia";"Crescente";"Sol";"Simples";"Reta";"Não";3;0;0;1;1;1;1;3;-27,698915;-49,297039;"SPRF-SC";"DEL01-SC";"UOP03-DEL01-SC"
168634;2018-10-30;"terça-feira";"19:40:00";"BA";101;170;"FEIRA DE SANTANA";"Falta de Atenção do Pedestre";"Atropelamento de Pedestre";"Com Vítimas Feridas";"Plena Noite";"Crescente";"Céu Claro";"Simples";"Curva";"Não";2;0;1;0;1;0;1;2;-12,35425556;-38,85709763;"SPRF-BA";"DEL01-BA";"UOP03-DEL01-BA"
168635;2018-10-30;"terça-feira";"17:45:00";"SP";116;485;"CAJATI";"Falta de Atenção à Condução";"Colisão traseira";"Com Vítimas Feridas";"Anoitecer";"Crescente";"Nublado";"Dupla";"Reta";"Sim";3;0;1;0;0;2;1;2;-24,72225559;-48,08243752;"SPRF-SP";"DEL05-SP";"UAP01-DEL05-SP"
168638;2018-10-19;"sexta-feira";"06:32:00";"ES";262;3;"CARIACICA";"Animais na Pista";"Atropelamento de Animal";"Com Vítimas Feridas";"Amanhecer";"Crescente";"Céu Claro";"Múltipla";"Reta";"Sim";2;0;2;0;0;0;2;1;-20,33551272;-40,37651002;"SPRF-ES";"DEL01-ES";"UOP01-DEL01-ES"
168639;2018-10-26;"sexta-feira";"23:45:00";"RJ";40;58;"PETROPOLIS";"Falta de Atenção do Pedestre";"Atropelamento de Pedestre";"Com Vítimas Feridas";"Plena Noite";"Decrescente";"Céu Claro";"Dupla";"Reta";"Não";2;0;1;0;0;1;1;2;-22,35976018;-43,12502861;"SPRF-RJ";"DEL06-RJ";"UOP01-DEL06-RJ"
168640;2018-10-30;"terça-feira";"20:07:00";"PR";369;197,5;"APUCARANA";"Falta de Atenção do Pedestre";"Atropelamento de Pedestre";"Com Vítimas Feridas";"Plena Noite";"Crescente";"Céu Claro";"Dupla";"Curva";"Não";2;0;0;1;1;0;1;2;-23,519084;-51,429506;"SPRF-PR";"DEL07-PR";"UOP03-DEL07-PR"
168643;2018-10-30;"terça-feira";"20:00:00";"RS";470;233;"CARLOS BARBOSA";"Animais na Pista";"Colisão com objeto em movimento";"Com Vítimas Feridas";"Plena Noite";"Decrescente";"Céu Claro";"Simples";"Reta";"Não";1;0;1;0;0;0;1;1;-29,30178613;-51,48405259;"SPRF-RS";"DEL06-RS";"UOP01-DEL06-RS"
168644;2018-10-30;"terça-feira";"17:37:00";"BA";116;387;"SANTA BARBARA";"Ingestão de Álcool";"Queda de ocupante de veículo";"Com Vítimas Feridas";"Anoitecer";"Crescente";"Céu Claro";"Simples";"Reta";"Não";1;0;1;0;0;0;1;1;-11,95267764;-38,97726059;"SPRF-BA";"DEL02-BA";"DEL10/2-UOP02/BA"
168645;2018-10-30;"terça-feira";"20:00:00";"PI";343;601;"FLORIANO";"Ingestão de Álcool";"Atropelamento de Pedestre";"Com Vítimas Feridas";"Plena Noite";"Decrescente";"Céu Claro";"Simples";"Reta";"Sim";2;0;1;0;0;1;1;2;-6,837403;-43,07935;"SPRF-PI";"DEL03-PI";"UOP01-DEL03-PI"
168646;2018-10-30;"terça-feira";"20:00:00";"RJ";493;55;"DUQUE DE CAXIAS";"Não guardar distância de segurança";"Colisão traseira";"Com Vítimas Feridas";"Plena Noite";"Crescente";"Nublado";"Dupla";"Reta";"Não";2;0;1;0;1;0;1;2;-22,672079;-43,285179;"SPRF-RJ";"DEL01-RJ";"UOP01-DEL01-RJ"
168647;2018-10-30;"terça-feira";"20:04:00";"RJ";101;321;"NITEROI";"Desobediência às normas de trânsito pelo condutor";"Colisão traseira";"Com Vítimas Feridas";"Plena Noite";"Crescente";"Céu Claro";"Dupla";"Reta";"Sim";2;0;1;0;1;0;1;2;-22,869852;-43,110458;"SPRF-RJ";"DEL02-RJ";"UOP02-DEL02-RJ"
168648;2018-10-27;"sábado";"19:00:00";"PA";155;307;"MARABA";"Ingestão de Álcool";"Colisão frontal";"Com Vítimas Feridas";"Plena Noite";"Crescente";"Céu Claro";"Simples";"Reta";"Não";2;0;0;1;0;1;1;2;-5,688701;-49,116383;"SPRF-PA";"DEL03-PA";"UOP01-DEL03-PA"