"id";"data_inversa";"dia_semana";"horario";"uf";"br";"km";"municipio";"causa_acidente";"tipo_acidente";"classificacao_acidente";"fase_dia";"sentido_via";"condicao_metereologica";"tipo_pista";"tracado_via";"uso_solo";"pessoas";"mortos";"feridos_leves";"feridos_graves";"ilesos";"ignorados";"feridos";"veiculos";"latitude";"longitude";"regional";"delegacia";"uop"
168649;2018-10-30;"terça-feira";"19:45:00";"MG";262;876,2;"CAMPO FLORIDO";"Desobediência às normas de trânsito pelo condutor";"Colisão transversal";"Sem Vítimas";"Plena Noite";"Crescente";"Céu Claro";"Simples";"Interseção de Vias";"Sim";3;0;0;0;2;1;0;3;-19,766943;-48,580914;"SPRF-MG";"DEL13-MG";"UOP01-DEL13-MG"
168651;2018-10-30;"terça-feira";"20:50:00";"AL";101;94;"RIO LARGO";"Fenômenos da Natureza";"Colisão com objeto estático";"Com Vítimas Feridas";"Plena Noite";"Decrescente";"Céu Claro";"Simples";"Reta";"Não";1;0;1;0;0;0;1;1;-9,48157209;-35,81130981;"SPRF-AL";"DEL01-AL";"UOP01-DEL01-AL"
168652;2018-10-30;"terça-feira";"20:00:00";"RJ";40;57;"PETROPOLIS";"Falta de Atenção à Condução";"Atropelamento de Pedestre";"Com Vítimas Feridas";"Plena Noite";"Crescente";"Céu Claro";"Dupla";"Reta";"Não";2;0;1;0;0;1;1;2;-22,3796;-43,1321;"SPRF-RJ";"DEL06-RJ";"UOP01-DEL06-RJ"
168653;2018-10-30;"terça-feira";"21:20:00";"SP";381;36,6;"ATIBAIA";"Falta de Atenção à Condução";"Tombamento";"Com Vítimas Feridas";"Plena Noite";"Decrescente";"Céu Claro";"Dupla";"Reta";"Sim";3;0;1;0;1;1;1;3;-23,10285346;-46,56844083;"SPRF-SP";"DEL03-SP";"UOP02-DEL03-SP"
168654;2018-10-30;"terça-feira";"21:00:00";"SC";101;78;"ARAQUARI";"Falta de Atenção à Condução";"Queda de ocupante de veículo";"Com Vítimas Feridas";"Plena Noite";"Crescente";"Nublado";"Dupla";"Reta";"Não";1;0;1;0;0;0;1;1;-26,5885;-48,7216;"SPRF-SC";"DEL03-SC";"UOP02-DEL03-SC"
168655;2018-10-30;"terça-feira";"21:00:00";"SP";116;109,5;"TAUBATE";"Desobediência às normas de trânsito pelo condutor";"Colisão lateral";"Com Vítimas Feridas";"Plena Noite";"Decrescente";"Céu Claro";"Dupla";"Declive";"Sim";4;0;1;0;3;0;1;3;-23,028759;-45,545235;"SPRF-SP";"DEL06-SP";"UOP01-DEL06-SP"
168656;2018-10-30;"terça-feira";"18:00:00";"AC";364;140;"RIO BRANCO";"Falta de Atenção à Condução";"Atropelamento de Pedestre";"Com Vítimas Feridas";"Plena Noite";"Crescente";"Nublado";"Dupla";"Reta";"Sim";2;0;1;0;1;0;1;2;-9,94781;-67,868118;"SPRF-AC";"DEL01-AC";"UOP01-DEL01-AC"
168659;2018-10-30;"terça-feira";"18:30:00";"TO";153;684;"CARIRI DO TOCANTINS";"Falta de Atenção do Pedestre";"Atropelamento de Pedestre";"Com Vítimas Feridas";"Anoitecer";"Crescente";"Nublado";"Simples";"Reta";"Não";2;0;0;1;1;0;1;2;-11,84872412;-49,14599776;"SPRF-TO";"DEL02-TO";"UOP02-DEL01-TO"
168660;2018-10-30;"terça-feira";"22:10:00";"MG";153;242,1;"FRONTEIRA";"Deficiência ou não Acionamento do Sistema de Iluminação/Sinalização do Veículo";"Colisão traseira";"Com Vítimas Fatais";"Plena Noite";"Crescente";"Nublado";"Simples";"Reta";"Não";2;1;0;1;0;0;1;2;-20,26992678;-49,18579102;"SPRF-MG";"DEL13-MG";"UOP02-DEL13-MG"
168664;2018-10-30;"terça-feira";"22:00:00";"AL";101;221;"PORTO REAL DO COLEGIO";"Animais na Pista";"Atropelamento de Animal";"Sem Vítimas";"Plena Noite";"Decrescente";"Ignorado";"Dupla";"Reta";"Não";2;0;0;0;2;0;0;1;-10,09836;-36,705189;"SPRF-AL";"DEL02-AL";"UOP02-DEL02-AL"
168665;2018-10-30;"terça-feira";"23:00:00";"RS";116;265,9;"CANOAS";"Falta de Atenção à Condução";"Colisão lateral";"Com Vítimas Feridas";"Plena Noite";"Decrescente";"Chuva";"Dupla";"Interseção de Vias";"Sim";2;0;1;0;1;0;1;2;-29,923407;-51,177811;"SPRF-RS";"DEL01-RS";"UOP01-DEL01-RS"
168668;2018-10-31;"quarta-feira";"00:15:00";"RS";116;258,2;"ESTEIO";"Velocidade Incompatível";"Colisão com objeto estático";"Com Vítimas Feridas";"Plena Noite";"Crescente";"Chuva";"Dupla";"Reta";"Sim";1;0;1;0;0;0;1;1;-29,86377675;-51,18104339;"SPRF-RS";"DEL01-RS";"UOP02-DEL01-RS"
168669;2018-10-31;"quarta-feira";"00:50:00";"MG";40;604,8;"CONGONHAS";"Condutor Dormindo";"Colisão com objeto estático";"Com Vítimas Feridas";"Plena Noite";"Crescente";"Nublado";"Simples";"Reta";"Não";1;0;0;1;0;0;1;1;-20,4577;-43,8379;"SPRF-MG";"DEL05-MG";"UOP02-DEL05-MG"
168670;2018-10-31;"quarta-feira";"01:15:00";"ES";101;160;"LINHARES";"Falta de Atenção à Condução";"Capotamento";"Com Vítimas Feridas";"Plena Noite";"Decrescente";"Chuva";"Simples";"Reta";"Não";1;0;1;0;0;0;1;1;-19,47241867;-40,11108398;"SPRF-ES";"DEL04-ES";"UOP01-DEL04-ES"
168671;2018-10-31;"quarta-feira";"01:00:00";"RS";386;342,3;"LAJEADO";"Animais na Pista";"Atropelamento de Animal";"Com Vítimas Feridas";"Plena Noite";"Decrescente";"Garoa/Chuvisco";"Simples";"Reta";"Sim";2;0;2;0;0;0;2;1;-29,43531817;-51,99942643;"SPRF-RS";"DEL04-RS";"UOP01-DEL04-RS"
168672;2018-10-31;"quarta-feira";"01:50:00";"RJ";101;262;"RIO BONITO";"Falta de Atenção à Condução";"Saída de leito carroçável";"Com Vítimas Feridas";"Plena Noite";"Crescente";"Céu Claro";"Dupla";"Curva";"Sim";1;0;0;1;0;0;1;1;-22,713675;-42,620529;"SPRF-RJ";"DEL02-RJ";"UOP03-DEL02-RJ"
168673;2018-10-20;"sábado";"16:00:00";"BA";101;308;"VALENCA";"Velocidade Incompatível";"Colisão transversal";"Com Vítimas Feridas";"Pleno dia";"Crescente";"Nublado";"Simples";"Reta";"Não";9;0;5;0;4;0;5;2;-13,3165;-39,3574;"SPRF-BA";"DEL05-BA";"UOP03-DEL05-BA"
168676;2018-10-30;"terça-feira";"23:00:00";"BA";116;849;"VITORIA DA CONQUISTA";"Defeito Mecânico no Veículo";"Queda de ocupante de veículo";"Com Vítimas Feridas";"Plena Noite";"Decrescente";"Nublado";"Simples";"Reta";"Não";2;0;2;0;0;0;2;1;-15,0515688;-40,97728729;"SPRF-BA";"DEL08-BA";"UOP03-DEL08-BA"
168678;2018-10-31;"quarta-feira";"04:30:00";"RJ";116;183;"NOVA IGUACU";"Condutor Dormindo";"Saída de leito carroçável";"Com Vítimas Feridas";"Plena Noite";"Crescente";"Céu Claro";"Dupla";"Reta";"Sim";1;0;1;0;0;0;1;1;-22,751593;-43,438511;"SPRF-RJ";"DEL01-RJ";"UOP02-DEL01-RJ"
168679;2018-10-31;"quarta-feira";"04:00:00";"RS";116;257,5;"ESTEIO";"Falta de Atenção do Pedestre";"Atropelamento de Pedestre";"Com Vítimas Fatais";"Plena Noite";"Crescente";"Chuva";"Dupla";"Curva";"Sim";2;1;0;0;0;1;0;2;-29,852671;-51,179691;"SPRF-RS";"DEL01-RS";"UOP02-DEL01-RS"
168680;2018-10-31;"quarta-feira";"05:45:00";"GO";414;436,9;"ANAPOLIS";"Defeito na Via";"Tombamento";"Com Vítimas Feridas";"Pleno dia";"Crescente";"Nublado";"Simples";"Reta";"Não";2;0;0;1;0;1;1;2;-16,2618833;-48,93791199;"SPRF-GO";"DEL02-GO";"UOP01-DEL02-GO"
168681;2018-10-31;"quarta-feira";"06:05:00";"CE";116;11,4;"FORTALEZA";"Ultrapassagem Indevida";"Colisão frontal";"Com Vítimas Feridas";"Amanhecer";"Decrescente";"Céu Claro";"Simples";"Aclive;Curva";"Sim";3;0;3;0;0;0;3;2;-3,85017817;-38,49545361;"SPRF-CE";"DEL01-CE";"UOP02-DEL01-CE"
168684;2018-10-31;"quarta-feira";"05:55:00";"RS";448;10;"CANOAS";"Avarias e/ou desgaste excessivo no pneu";"Colisão com objeto estático";"Sem Vítimas";"Amanhecer";"Decrescente";"Nublado";"Dupla";"Curva";"Não";1;0;0;0;1;0;0;1;-29,88064379;-51,23449981;"SPRF-RS";"DEL01-RS";"UOP01-DEL01-RS"
168686;2018-10-31;"quarta-feira";"06:25:00";"PA";316;53;"SANTA IZABEL DO PARA";"Sinalização da via insuficiente ou inadequada";"Capotamento";"Com Vítimas Feridas";"Amanhecer";"Decrescente";"Ignorado";"Dupla";"Curva";"Sim";1;0;1;0;0;0;1;1;-1,306961;-48,034779;"SPRF-PA";"DEL01-PA";"UOP01-DEL01-PA"
168687;2018-10-31;"quarta-feira";"02:30:00";"RJ";101;450;"MANGARATIBA";"Animais na Pista";"Atropelamento de Animal";"Com Vítimas Feridas";"Plena Noite";"Crescente";"Céu Claro";"Simples";"Reta";"Não";3;0;3;0;0;0;3;2;-22,98462936;-44,08693314;"SPRF-RJ";"DEL03-RJ";"UOP03-DEL03-RJ"
168688;2018-10-31;"quarta-feira";"04:00:00";"SC";101;198;"BIGUACU";"Ingestão de Álcool";"Saída de leito carroçável";"Com Vítimas Feridas";"Plena Noite";"Decrescente";"Chuva";"Dupla";"Reta";"Sim";1;0;1;0;0;0;1;1;-27,53542162;-48,62815884;"SPRF-SC";"DEL01-SC";"UOP01-DEL01-SC"
168689;2018-10-31;"quarta-feira";"05:20:00";"PI";316;375,7;"VILA NOVA DO PIAUI";"Animais na Pista";"Atropelamento de Animal";"Sem Vítimas";"Amanhecer";"Crescente";"Céu Claro";"Simples";"Reta";"Não";1;0;0;0;0;1;0;1;-7,23340166;-40,86982727;"SPRF-PI";"DEL04-PI";"UOP03-DEL04-PI"
168690;2018-10-31;"quarta-feira";"06:35:00";"PE";101;69;"RECIFE";"Não guardar distância de segurança";"Colisão traseira";"Com Vítimas Feridas";"Pleno dia";"Crescente";"Céu Claro";"Dupla";"Reta";"Sim";4;0;2;0;1;1;2;3;-8,06119353;-34,94526967;"SPRF-PE";"DEL01-PE";"UOP01-DEL01-PE"
168692;2018-10-31;"quarta-feira";"06:50:00";"RJ";116;146,7;"DUQUE DE CAXIAS";"Falta de Atenção à Condução";"Colisão traseira";"Com Vítimas Feridas";"Pleno dia";"Crescente";"Céu Claro";"Dupla";"Reta";"Não";2;0;1;0;1;0;1;2;-22,669092;-43,27014;"SPRF-RJ";"DEL04-RJ";"UOP02-DEL04-RJ"
168695;2018-10-31;"quarta-feira";"06:30:00";"PE";104;82,8;"AGRESTINA";"Desobediência às normas de trânsito pelo condutor";"Colisão frontal";"Com Vítimas Feridas";"Pleno dia";"Crescente";"Céu Claro";"Simples";"Em Obras;Reta";"Não";2;0;0;1;1;0;1;2;-8,422072;-35,9634;"SPRF-PE";"DEL02-PE";"UOP01-DEL02-PE"
168697;2018-10-16;"terça-feira";"19:15:00";"RS";386;6,9;"IRAI";"Ultrapassagem Indevida";"Colisão lateral";"Com Vítimas Feridas";"Plena Noite";"Decrescente";"Céu Claro";"Simples";"Reta";"Não";3;0;0;1;2;0;1;2;-27,193233;-53,275326;"SPRF-RS";"DEL08-RS";"UOP02-DEL08-RS"
168700;2018-10-31;"quarta-feira";"08:15:00";"RS";285;472,4;"CORONEL BARROS";"Velocidade Incompatível";"Saída de leito carroçável";"Com Vítimas Feridas";"Pleno dia";"Decrescente";"Chuva";"Simples";"Reta";"Não";3;0;3;0;0;0;3;1;-28,383673;-54,020966;"SPRF-RS";"DEL10-RS";"UOP01-DEL10-RS"
168701;2018-10-31;"quarta-feira";"01:00:00";"RJ";116;313,8;"ITATIAIA";"Falta de Atenção à Condução";"Colisão com objeto estático";"Sem Vítimas";"Plena Noite";"Decrescente";"Céu Claro";"Simples";"Reta";"Não";1;0;0;0;0;1;0;1;-22,487312;-44,5496866;"SPRF-RJ";"DEL07-RJ";"DEL5/7-UOP03/RJ"
168702;2018-10-31;"quarta-feira";"07:00:00";"MS";60;487,9;"MARACAJU";"Condutor Dormindo";"Saída de leito carroçável";"Com Vítimas Fatais";"Pleno dia";"Crescente";"Céu Claro";"Simples";"Reta";"Não";1;1;0;0;0;0;0;1;-21,16323964;-55,40908517;"SPRF-MS";"DEL01-MS";"UOP04-DEL01-MS"
168703;2018-10-31;"quarta-feira";"08:55:00";"MG";40;469;"SETE LAGOAS";"Avarias e/ou desgaste excessivo no pneu";"Tombamento";"Sem Vítimas";"Pleno dia";"Decrescente";"Céu Claro";"Dupla";"Reta";"Não";1;0;0;0;1;0;0;1;-19,469;-44,295;"SPRF-MG";"DEL02-MG";"UOP01-DEL02-MG"
168704;2018-10-31;"quarta-feira";"07:05:00";"BA";101;297,7;"VALENCA";"Ultrapassagem Indevida";"Saída de leito carroçável";"Com Vítimas Fatais";"Pleno dia";"Crescente";"Chuva";"Simples";"Reta";"Não";5;1;4;0;0;0;4;1;-13,2383;-39,3277;"SPRF-BA";"DEL01-BA";"UOP02-DEL01-BA"
168706;2018-10-31;"quarta-feira";"09:00:00";"CE";116;2,3;"FORTALEZA";"Velocidade Incompatível";"Colisão traseira";"Com Vítimas Feridas";"Pleno dia";"Decrescente";"Céu Claro";"Múltipla";"Reta";"Sim";4;0;0;1;3;0;1;4;-3,77339046;-38,51613522;"SPRF-CE";"DEL01-CE";"UOP02-DEL01-CE"
168707;2018-10-31;"quarta-feira";"08:35:00";"PI";343;348,9;"TERESINA";"Desobediência às normas de trânsito pelo condutor";"Colisão transversal";"Com Vítimas Feridas";"Pleno dia";"Crescente";"Céu Claro";"Simples";"Reta";"Sim";2;0;0;1;1;0;1;2;-5,12190815;-42,79342115;"SPRF-PI";"DEL01-PI";"UOP01-DEL01-PI"
168709;2018-10-31;"quarta-feira";"08:20:00";"SC";470;175,1;"POUSO REDONDO";"Defeito na Via";"Capotamento";"Com Vítimas Feridas";"Pleno dia";"Crescente";"Chuva";"Simples";"Reta";"Sim";1;0;1;0;0;0;1;1;-27,25580748;-49,94036615;"SPRF-SC";"DEL04-SC";"UOP02-DEL04-SC"
168710;2018-10-31;"quarta-feira";"09:30:00";"CE";222;312;"TIANGUA";"Não guardar distância de segurança";"Colisão traseira";"Com Vítimas Feridas";"Pleno dia";"Crescente";"Céu Claro";"Simples";"Reta";"Sim";2;0;1;0;1;0;1;2;-3,72708761;-40,99863768;"SPRF-CE";"DEL04-CE";"UOP02-DEL04-CE"
168712;2018-10-31;"quarta-feira";"08:30:00";"MG";50;76;"UBERLANDIA";"Falta de Atenção à Condução";"Colisão lateral";"Sem Vítimas";"Pleno dia";"Crescente";"Céu Claro";"Dupla";"Reta";"Sim";3;0;0;0;3;0;0;2;-18,9364;-48,2198;"SPRF-MG";"DEL15-MG";"UOP01-DEL15-MG"
168714;2018-10-31;"quarta-feira";"10:00:00";"PI";316;3;"TERESINA";"Falta de Atenção à Condução";"Colisão lateral";"Com Vítimas Feridas";"Pleno dia";"Crescente";"Sol";"Simples";"Reta";"Sim";2;0;0;1;1;0;1;2;-5,128264;-42,792923;"SPRF-PI";"DEL01-PI";"UOP02-DEL01-PI"
168716;2018-10-31;"quarta-feira";"09:40:00";"SC";101;351;"JAGUARUNA";"Falta de Atenção à Condução";"Tombamento";"Com Vítimas Feridas";"Pleno dia";"Decrescente";"Garoa/Chuvisco";"Dupla";"Reta";"Não";1;0;0;1;0;0;1;1;-28,60178922;-49,05274272;"SPRF-SC";"DEL02-SC";"UOP01-DEL02-SC"
168718;2018-10-31;"quarta-feira";"10:40:00";"SC";101;102,9;"BALNEARIO PICARRAS";"Pista Escorregadia";"Saída de leito carroçável";"Com Vítimas Feridas";"Pleno dia";"Decrescente";"Chuva";"Dupla";"Curva";"Não";1;0;1;0;0;0;1;1;-26,7841;-48,6827;"SPRF-SC";"DEL03-SC";"UOP02-DEL03-SC"
168719;2018-10-31;"quarta-feira";"10:15:00";"PR";476;141;"CURITIBA";"Falta de Atenção à Condução";"Colisão transversal";"Com Vítimas Feridas";"Pleno dia";"Crescente";"Nublado";"Simples";"Reta";"Sim";2;0;1;0;1;0;1;2;-25,528614;-49,298798;"SPRF-PR";"DEL01-PR";"UOP07-DEL01-PR"
168720;2018-10-31;"quarta-feira";"10:15:00";"PR";163;307,6;"MERCEDES";"Velocidade Incompatível";"Saída de leito carroçável";"Sem Vítimas";"Pleno dia";"Crescente";"Chuva";"Simples";"Curva";"Não";1;0;0;0;1;0;0;1;-24,41128034;-54,16401386;"SPRF-PR";"DEL06-PR";"UOP02-DEL06-PR"
168722;2018-10-31;"quarta-feira";"11:30:00";"PE";101;82;"JABOATAO DOS GUARARAPES";"Falta de Atenção à Condução";"Colisão traseira";"Com Vítimas Feridas";"Pleno dia";"Crescente";"Céu Claro";"Múltipla";"Reta";"Sim";2;0;1;0;1;0;1;2;-8,1768;-34,9443;"SPRF-PE";"DEL01-PE";"UOP03-DEL01-PE"
168723;2018-10-31;"quarta-feira";"11:25:00";"RS";116;246,1;"SAO LEOPOLDO";"Não guardar distância de segurança";"Engavetamento";"Com Vítimas Feridas";"Pleno dia";"Decrescente";"Nublado";"Dupla";"Reta";"Sim";3;0;1;0;2;0;1;3;-29,75953428;-51,15197897;"SPRF-RS";"DEL01-RS";"UOP02-DEL01-RS"
168724;2018-10-31;"quarta-feira";"11:30:00";"RJ";101;46,7;"CAMPOS DOS GOYTACAZES";"Falta de Atenção à Condução";"Colisão transversal";"Com Vítimas Feridas";"Pleno dia";"Crescente";"Céu Claro";"Simples";"Reta";"Sim";6;0;6;0;0;0;6;3;-21,604083;-41,317027;"SPRF-RJ";"DEL08-RJ";"UOP01-DEL08-RJ"
168726;2018-10-31;"quarta-feira";"09:15:00";"SC";116;73,5;"PAPANDUVA";"Velocidade Incompatível";"Saída de leito carroçável";"Com Vítimas Feridas";"Pleno dia";"Crescente";"Chuva";"Simples";"Declive;Reta";"Não";1;0;1;0;0;0;1;1;-26,382969;-50,216751;"SPRF-SC";"DEL06-SC";"UOP02-DEL06-SC"
168727;2018-10-31;"quarta-feira";"12:20:00";"SC";101;199;"SAO JOSE";"Não guardar distância de segurança";"Colisão lateral";"Com Vítimas Feridas";"Pleno dia";"Decrescente";"Chuva";"Dupla";"Reta";"Sim";2;0;1;0;1;0;1;2;-27,53689145;-48,6258021;"SPRF-SC";"DEL01-SC";"UOP01-DEL01-SC"
168728;2018-10-31;"quarta-feira";"12:20:00";"MG";381;483,1;"BETIM";"Defeito Mecânico no Veículo";"Tombamento";"Com Vítimas Feridas";"Pleno dia";"Decrescente";"Céu Claro";"Dupla";"Curva";"Sim";4;0;3;0;1;0;3;3;-19,9596;-44,0877;"SPRF-MG";"DEL01-MG";"UOP03-DEL01-MG"
168730;2018-10-31;"quarta-feira";"07:55:00";"SC";163;122;"DIONISIO CERQUEIRA";"Pista Escorregadia";"Saída de leito carroçável";"Sem Vítimas";"Pleno dia";"Crescente";"Chuva";"Simples";"Curva";"Não";1;0;0;0;1;0;0;1;-26,30459632;-53,55087698;"SPRF-SC";"DEL07-SC";"UOP04-DEL07-SC"
168731;2018-10-31;"quarta-feira";"13:00:00";"PR";376;173,9;"MARINGA";"Desobediência às normas de trânsito pelo condutor";"Colisão transversal";"Com Vítimas Feridas";"Pleno dia";"Decrescente";"Nublado";"Dupla";"Reta";"Sim";4;0;2;1;1;0;3;3;-23,41766339;-51,9599876;"SPRF-PR";"DEL07-PR";"UOP01-DEL09-PR"
168732;2018-10-08;"segunda-feira";"11:55:00";"BA";101;878;"TEIXEIRA DE FREITAS";"Desobediência às normas de trânsito pelo condutor";"Colisão traseira";"Com Vítimas Feridas";"Pleno dia";"Crescente";"Céu Claro";"Simples";"Reta";"Sim";2;0;0;1;1;0;1;2;-17,5466;-39,7192;"SPRF-BA";"DEL09-BA";"UOP02-DEL09-BA"
168733;2018-10-31;"quarta-feira";"13:15:00";"GO";40;3,3;"VALPARAISO DE GOIAS";"Falta de Atenção à Condução";"Colisão lateral";"Com Vítimas Feridas";"Pleno dia";"Crescente";"Céu Claro";"Dupla";"Ponte";"Sim";2;0;1;0;1;0;1;2;-16,07517659;-48,00162792;"SPRF-DF";"DEL01-DF";"UOP01-DEL01-DF"
168735;2018-10-31;"quarta-feira";"12:30:00";"CE";116;11;"FORTALEZA";"Falta de Atenção do Pedestre";"Atropelamento de Pedestre";"Com Vítimas Feridas";"Pleno dia";"Decrescente";"Céu Claro";"Dupla";"Reta";"Sim";2;0;0;1;1;0;1;2;-3,84549401;-38,49791722;"SPRF-CE";"DEL01-CE";"UOP02-DEL01-CE"
168736;2018-10-31;"quarta-feira";"12:58:00";"PR";116;168,5;"QUITANDINHA";"Desobediência às normas de trânsito pelo condutor";"Colisão transversal";"Com Vítimas Feridas";"Pleno dia";"Crescente";"Chuva";"Simples";"Interseção de Vias;Aclive";"Não";2;0;1;0;1;0;1;2;-25,8867551;-49,50672805;"SPRF-PR";"DEL01-PR";"UOP03-DEL01-PR"
168737;2018-09-15;"sábado";"17:50:00";"RJ";393;296;"BARRA MANSA";"Falta de Atenção à Condução";"Colisão transversal";"Com Vítimas Feridas";"Plena Noite";"Decrescente";"Céu Claro";"Simples";"Reta";"Sim";3;0;2;0;1;0;2;2;-22,58611849;-44,07856464;"SPRF-RJ";"DEL05-RJ";"UOP04-DEL05-RJ"
168738;2018-10-31;"quarta-feira";"13:00:00";"SP";116;445;"REGISTRO";"Falta de Atenção à Condução";"Colisão traseira";"Com Vítimas Feridas";"Pleno dia";"Decrescente";"Nublado";"Dupla";"Reta";"Sim";2;0;1;0;1;0;1;2;-24,50682373;-47,84884214;"SPRF-SP";"DEL05-SP";"UOP01-DEL05-SP"
168739;2018-10-31;"quarta-feira";"13:30:00";"ES";259;48;"COLATINA";"Desobediência às normas de trânsito pelo condutor";"Colisão transversal";"Com Vítimas Feridas";"Pleno dia";"Crescente";"Céu Claro";"Dupla";"Reta";"Não";2;0;1;0;1;0;1;2;-19,5128743;-40,60358047;"SPRF-ES";"DEL02-ES";"UOP01-DEL02-ES"
168741;2018-10-31;"quarta-feira";"12:50:00";"MA";222;671;"ACAILANDIA";"Falta de Atenção à Condução";"Colisão traseira";"Com Vítimas Feridas";"Pleno dia";"Crescente";"Nublado";"Simples";"Declive";"Sim";6;0;1;0;5;0;1;3;-4,95396134;-47,48854129;"SPRF-MA";"DEL04-MA";"UOP03-DEL04-MA"
168743;2018-10-31;"quarta-feira";"12:50:00";"GO";40;12,8;"LUZIANIA";"Desobediência às normas de trânsito pelo condutor";"Colisão traseira";"Sem Vítimas";"Pleno dia";"Crescente";"Sol";"Dupla";"Reta";"Sim";3;0;0;0;2;1;0;3;-16,15036891;-47,94057548;"SPRF-DF";"DEL01-DF";"UOP01-DEL01-DF"
168747;2018-07-29;"domingo";"11:00:00";"CE";222;2,2;"FORTALEZA";"Falta de Atenção à Condução";"Colisão lateral";"Com Vítimas Feridas";"Pleno dia";"Decrescente";"Céu Claro";"Dupla";"Reta";"Sim";2;0;0;1;1;0;1;2;-3,74003125;-38,59168768;"SPRF-CE";"DEL01-CE";"UOP01-DEL01-CE"
168749;2018-10-31;"quarta-feira";"14:10:00";"PR";376;227,7;"APUCARANA";"Falta de Atenção à Condução";"Queda de ocupante de veículo";"Com Vítimas Feridas";"Pleno dia";"Decrescente";"Chuva";"Dupla";"Declive;Reta;Em Obras";"Não";1;0;0;1;0;0;1;1;-23,57602035;-51,55228789;"SPRF-PR";"DEL07-PR";"UOP03-DEL07-PR"
168751;2018-09-16;"domingo";"17:48:00";"MT";364;556;"ROSARIO OESTE";"Fenômenos da Natureza";"Saída de leito carroçável";"Com Vítimas Feridas";"Anoitecer";"Crescente";"Chuva";"Dupla";"Reta";"Não";1;0;1;0;0;0;1;1;-14,808103;-56,412991;"SPRF-MT";"DEL01-MT";"UOP01-DEL01-MT"
168754;2018-10-31;"quarta-feira";"14:30:00";"GO";153;537,3;"HIDROLANDIA";"Pista Escorregadia";"Saída de leito carroçável";"Com Vítimas Feridas";"Pleno dia";"Decrescente";"Chuva";"Dupla";"Reta";"Não";3;0;1;0;2;0;1;1;-17,0276;-49,2229;"SPRF-GO";"DEL01-GO";"UOP03-DEL01-GO"
168757;2018-10-31;"quarta-feira";"13:00:00";"PE";101;86;"JABOATAO DOS GUARARAPES";"Não guardar distância de segurança";"Colisão traseira";"Com Vítimas Feridas";"Pleno dia";"Crescente";"Sol";"Dupla";"Reta";"Sim";2;0;1;0;1;0;1;2;-8,1919;-34,9748;"SPRF-PE";"DEL01-PE";"UOP03-DEL01-PE"
168758;2018-10-31;"quarta-feira";"13:41:00";"BA";110;172;"RIBEIRA DO POMBAL";"Falta de Atenção à Condução";"Colisão lateral";"Com Vítimas Feridas";"Pleno dia";"Crescente";"Céu Claro";"Simples";"Reta";"Não";1;0;1;0;0;0;1;1;-10,8238;-38,5316;"SPRF-BA";"DEL07-BA";"UOP02-DEL07-BA"
168760;2018-10-31;"quarta-feira";"14:30:00";"PE";232;81;"GRAVATA";"Falta de Atenção à Condução";"Colisão transversal";"Com Vítimas Feridas";"Pleno dia";"Decrescente";"Sol";"Simples";"Reta";"Sim";2;0;2;0;0;0;2;2;-8,193437;-35,551865;"SPRF-PE";"DEL01-PE";"UOP02-DEL02PE"
168761;2018-10-31;"quarta-feira";"14:50:00";"RJ";116;139;"DUQUE DE CAXIAS";"Defeito Mecânico no Veículo";"Colisão com objeto estático";"Sem Vítimas";"Pleno dia";"Decrescente";"Sol";"Dupla";"Reta";"Não";1;0;0;0;1;0;0;1;-22,65569033;-43,24442983;"SPRF-RJ";"DEL04-RJ";"UOP02-DEL04-RJ"
168762;2018-10-31;"quarta-feira";"11:50:00";"PR";277;349,7;"GUARAPUAVA";"Sinalização da via insuficiente ou inadequada";"Colisão transversal";"Com Vítimas Feridas";"Pleno dia";"Decrescente";"Chuva";"Simples";"Interseção de Vias;Reta";"Sim";2;0;1;0;1;0;1;2;-25,39086735;-51,52106023;"SPRF-PR";"DEL03-PR";"UOP01-DEL08-PR"
168763;2018-10-31;"quarta-feira";"11:30:00";"RJ";393;232,5;"VASSOURAS";"Desobediência às normas de trânsito pelo condutor";"Colisão frontal";"Com Vítimas Feridas";"Pleno dia";"Decrescente";"Sol";"Simples";"Reta";"Sim";2;0;0;1;1;0;1;2;-22,39357084;-43,65348816;"SPRF-RJ";"DEL05-RJ";"UOP03-DEL05-RJ"
168767;2018-10-31;"quarta-feira";"15:30:00";"PR";116;42,9;"CAMPINA GRANDE DO SUL";"Velocidade Incompatível";"Colisão com objeto estático";"Com Vítimas Feridas";"Pleno dia";"Decrescente";"Garoa/Chuvisco";"Dupla";"Curva";"Não";2;0;2;0;0;0;2;1;-25,176117;-48,874256;"SPRF-PR";"DEL01-PR";"UOP02-DEL01-PR"
168770;2018-10-31;"quarta-feira";"16:30:00";"SC";101;209,7;"SAO JOSE";"Falta de Atenção à Condução";"Colisão lateral";"Com Vítimas Feridas";"Pleno dia";"Decrescente";"Nublado";"Múltipla";"Reta";"Sim";2;0;1;0;0;1;1;2;-27,6176;-48,6463;"SPRF-SC";"DEL01-SC";"UOP01-DEL01-SC"