"id";"data_inversa";"dia_semana";"horario";"uf";"br";"km";"municipio";"causa_acidente";"tipo_acidente";"classificacao_acidente";"fase_dia";"sentido_via";"condicao_metereologica";"tipo_pista";"tracado_via";"uso_solo";"pessoas";"mortos";"feridos_leves";"feridos_graves";"ilesos";"ignorados";"feridos";"veiculos";"latitude";"longitude";"regional";"delegacia";"uop"
168771;2018-10-31;"quarta-feira";"16:30:00";"PA";230;118;"MARABA";"Pista Escorregadia";"Queda de ocupante de veículo";"Com Vítimas Feridas";"Pleno dia";"Crescente";"Chuva";"Dupla";"Reta";"Sim";1;0;1;0;0;0;1;1;-5,35037542;-49,11849818;"SPRF-PA";"DEL03-PA";"UOP01-DEL03-PA"
168774;2018-10-31;"quarta-feira";"15:50:00";"GO";60;47,2;"ALEXANIA";"Velocidade Incompatível";"Colisão com objeto estático";"Sem Vítimas";"Pleno dia";"Crescente";"Chuva";"Dupla";"Reta;Declive;Ponte";"Não";4;0;0;0;4;0;0;1;-16,14651276;-48,60541999;"SPRF-GO";"DEL02-GO";"UOP01-DEL02-GO"
168776;2018-10-31;"quarta-feira";"17:00:00";"GO";20;43,3;"FORMOSA";"Velocidade Incompatível";"Capotamento";"Com Vítimas Feridas";"Pleno dia";"Crescente";"Céu Claro";"Simples";"Reta";"Não";2;0;1;0;1;0;1;1;-15,38130395;-47,11139206;"SPRF-DF";"DEL02-DF";"UOP01-DEL02-DF"
168777;2018-10-31;"quarta-feira";"16:10:00";"SC";282;203,9;"LAGES";"Falta de Atenção à Condução";"Saída de leito carroçável";"Com Vítimas Feridas";"Pleno dia";"Crescente";"Nublado";"Simples";"Reta";"Não";2;0;2;0;0;0;2;1;-27,7686483;-50,17252326;"SPRF-SC";"DEL05-SC";"UOP01-DEL05-SC"
168778;2018-10-31;"quarta-feira";"16:30:00";"RJ";40;115;"DUQUE DE CAXIAS";"Desobediência às normas de trânsito pelo condutor";"Engavetamento";"Com Vítimas Feridas";"Pleno dia";"Decrescente";"Céu Claro";"Dupla";"Reta";"Não";8;0;1;0;5;2;1;8;-22,73502356;-43,28834295;"SPRF-RJ";"DEL01-RJ";"UOP01-DEL01-RJ"
168780;2018-10-31;"quarta-feira";"17:05:00";"GO";60;163,2;"GOIANIA";"Falta de Atenção à Condução";"Colisão traseira";"Com Vítimas Feridas";"Pleno dia";"Crescente";"Céu Claro";"Dupla";"Reta";"Não";2;0;2;0;0;0;2;1;-16,70820852;-49,35009241;"SPRF-GO";"DEL01-GO";"UOP02-DEL01-GO"
168781;2018-10-31;"quarta-feira";"14:30:00";"RJ";116;95,1;"GUAPIMIRIM";"Falta de Atenção à Condução";"Colisão frontal";"Com Vítimas Feridas";"Pleno dia";"Decrescente";"Céu Claro";"Dupla";"Reta";"Não";2;0;0;1;1;0;1;2;-22,47480976;-43,00151825;"SPRF-RJ";"DEL04-RJ";"UOP02-DEL04-RJ"
168782;2018-10-31;"quarta-feira";"17:00:00";"MG";381;510;"SAO JOAQUIM DE BICAS";"Falta de Atenção à Condução";"Colisão frontal";"Com Vítimas Feridas";"Pleno dia";"Crescente";"Céu Claro";"Múltipla";"Reta";"Sim";3;0;1;0;1;1;1;3;-20,0613;-44,2919;"SPRF-MG";"DEL01-MG";"UOP03-DEL01-MG"
168783;2018-10-31;"quarta-feira";"17:10:00";"RJ";393;134,1;"SAPUCAIA";"Desobediência às normas de trânsito pelo condutor";"Colisão lateral";"Com Vítimas Feridas";"Pleno dia";"Crescente";"Céu Claro";"Simples";"Reta";"Sim";5;0;4;0;1;0;4;2;-22,00024573;-42,92667657;"SPRF-RJ";"DEL06-RJ";"UOP01-DEL05-RJ"
168784;2018-10-31;"quarta-feira";"17:20:00";"CE";222;8,4;"CAUCAIA";"Não guardar distância de segurança";"Colisão lateral";"Com Vítimas Feridas";"Anoitecer";"Decrescente";"Céu Claro";"Dupla";"Reta";"Sim";2;0;0;1;0;1;1;2;-3,73787216;-38,64494623;"SPRF-CE";"DEL01-CE";"UOP01-DEL01-CE"
168787;2018-10-30;"terça-feira";"07:15:00";"GO";153;442,6;"ANAPOLIS";"Falta de Atenção à Condução";"Saída de leito carroçável";"Com Vítimas Feridas";"Pleno dia";"Decrescente";"Nublado";"Dupla";"Reta";"Sim";3;0;3;0;0;0;3;1;-16,346725;-48,925872;"SPRF-GO";"DEL02-GO";"UOP01-DEL02-GO"
168790;2018-10-31;"quarta-feira";"17:50:00";"CE";222;5,5;"CAUCAIA";"Falta de Atenção à Condução";"Colisão transversal";"Com Vítimas Feridas";"Anoitecer";"Crescente";"Céu Claro";"Dupla";"Viaduto;Curva";"Sim";2;0;2;0;0;0;2;2;-3,74346786;-38,61841857;"SPRF-CE";"DEL01-CE";"UOP01-DEL01-CE"
168793;2018-10-31;"quarta-feira";"17:40:00";"TO";153;499,2;"PARAISO DO TOCANTINS";"Falta de Atenção à Condução";"Colisão traseira";"Sem Vítimas";"Pleno dia";"Decrescente";"Nublado";"Dupla";"Reta";"Não";8;0;0;0;8;0;0;2;-10,19466994;-48,87772322;"SPRF-TO";"DEL02-TO";"UOP01-DEL01-TO"
168794;2018-10-04;"quinta-feira";"13:00:00";"RJ";101;75;"CAMPOS DOS GOYTACAZES";"Defeito na Via";"Saída de leito carroçável";"Com Vítimas Feridas";"Pleno dia";"Crescente";"Céu Claro";"Dupla";"Curva";"Não";1;0;1;0;0;0;1;1;-21,82009032;-41,39828498;"SPRF-RJ";"DEL08-RJ";"UOP02-DEL08-RJ"
168795;2018-10-31;"quarta-feira";"17:10:00";"MG";381;250,6;"SANTANA DO PARAISO";"Falta de Atenção à Condução";"Colisão transversal";"Com Vítimas Feridas";"Pleno dia";"Decrescente";"Sol";"Simples";"Retorno Regulamentado";"Sim";2;0;1;0;1;0;1;2;-19,454961;-42,52258;"SPRF-MG";"DEL06-MG";"UOP01-DEL06-MG"
168798;2018-10-31;"quarta-feira";"17:00:00";"RS";285;289;"PASSO FUNDO";"Desobediência às normas de trânsito pelo condutor";"Colisão transversal";"Com Vítimas Feridas";"Pleno dia";"Crescente";"Nublado";"Dupla";"Rotatória";"Sim";3;0;0;1;2;0;1;2;-28,23699917;-52,37401485;"SPRF-RS";"DEL08-RS";"UOP03-DEL08-RS"
168800;2018-10-31;"quarta-feira";"17:15:00";"RO";364;294,5;"PRESIDENTE MEDICI";"Defeito na Via";"Saída de leito carroçável";"Com Vítimas Feridas";"Anoitecer";"Decrescente";"Céu Claro";"Simples";"Reta";"Não";2;0;2;0;0;0;2;1;-11,29580355;-61,89477385;"SPRF-RO";"DEL02-RO";"UOP01-DEL02-RO"
168803;2018-10-31;"quarta-feira";"18:40:00";"PR";369;195,5;"ARAPONGAS";"Fenômenos da Natureza";"Queda de ocupante de veículo";"Com Vítimas Feridas";"Plena Noite";"Crescente";"Chuva";"Dupla";"Reta";"Não";1;0;1;0;0;0;1;1;-23,36595457;-51,40444625;"SPRF-PR";"DEL07-PR";"UOP03-DEL07-PR"
168804;2018-10-31;"quarta-feira";"18:50:00";"RN";110;48,5;"MOSSORO";"Ultrapassagem Indevida";"Colisão lateral";"Com Vítimas Feridas";"Plena Noite";"Crescente";"Céu Claro";"Dupla";"Reta";"Sim";2;0;1;0;1;0;1;2;-5,21149267;-37,33247638;"SPRF-RN";"DEL04-RN";"UOP01-DEL04-RN"
168806;2018-10-31;"quarta-feira";"18:30:00";"GO";40;15,5;"LUZIANIA";"Falta de Atenção à Condução";"Colisão transversal";"Com Vítimas Feridas";"Plena Noite";"Crescente";"Céu Claro";"Dupla";"Declive";"Sim";2;0;2;0;0;0;2;2;-16,1671;-47,930161;"SPRF-DF";"DEL01-DF";"UOP01-DEL01-DF"
168807;2018-10-31;"quarta-feira";"14:30:00";"SC";282;401,1;"JOACABA";"Falta de Atenção à Condução";"Colisão frontal";"Com Vítimas Feridas";"Pleno dia";"Decrescente";"Chuva";"Simples";"Reta";"Não";2;0;1;0;1;0;1;2;-27,1231031;-51,63168669;"SPRF-SC";"DEL07-SC";"UOP05-DEL07-SC"
168810;2018-10-31;"quarta-feira";"18:40:00";"MG";153;99;"PRATA";"Condutor Dormindo";"Saída de leito carroçável";"Sem Vítimas";"Plena Noite";"Decrescente";"Garoa/Chuvisco";"Dupla";"Reta";"Não";2;0;0;0;1;1;0;1;-19,26091468;-48,92314911;"SPRF-MG";"DEL15-MG";"UOP03-DEL15-MG"
168811;2018-10-31;"quarta-feira";"18:45:00";"PR";376;147;"PRESIDENTE CASTELO BRANCO";"Pista Escorregadia";"Saída de leito carroçável";"Com Vítimas Feridas";"Plena Noite";"Crescente";"Chuva";"Dupla";"Reta";"Não";8;0;7;0;1;0;7;1;-23,28321716;-52,1481514;"SPRF-PR";"DEL07-PR";"UOP02-DEL09-PR"
168814;2018-10-31;"quarta-feira";"18:50:00";"PB";230;47,8;"SANTA RITA";"Falta de Atenção à Condução";"Saída de leito carroçável";"Com Vítimas Feridas";"Plena Noite";"Decrescente";"Céu Claro";"Múltipla";"Reta";"Não";2;0;0;1;0;1;1;1;-7,175778;-35,041737;"SPRF-PB";"DEL01-PB";"UOP03-DEL01-PB"
168815;2018-10-31;"quarta-feira";"19:10:00";"PE";423;71;"JUPI";"Velocidade Incompatível";"Saída de leito carroçável";"Com Vítimas Feridas";"Plena Noite";"Crescente";"Céu Claro";"Simples";"Declive";"Não";1;0;0;1;0;0;1;1;-8,68997;-36,410528;"SPRF-PE";"DEL03-PE";"UOP01-DEL03-PE"
168818;2018-10-31;"quarta-feira";"16:20:00";"RJ";101;313;"SAO GONCALO";"Falta de Atenção à Condução";"Colisão traseira";"Sem Vítimas";"Pleno dia";"Decrescente";"Sol";"Dupla";"Reta";"Sim";3;0;0;0;3;0;0;2;-22,810507;-43,069859;"SPRF-RJ";"DEL02-RJ";"DEL5/2-UOP04/RJ"
168819;2018-10-31;"quarta-feira";"18:40:00";"PB";230;19,9;"JOAO PESSOA";"Não guardar distância de segurança";"Colisão traseira";"Com Vítimas Feridas";"Plena Noite";"Crescente";"Céu Claro";"Dupla";"Curva";"Sim";2;0;1;0;0;1;1;2;-7,1328;-34,853953;"SPRF-PB";"DEL01-PB";"UOP01-DEL01-PB"
168821;2018-10-31;"quarta-feira";"19:50:00";"PB";230;39,9;"SANTA RITA";"Defeito na Via";"Tombamento";"Com Vítimas Feridas";"Plena Noite";"Crescente";"Céu Claro";"Dupla";"Em Obras;Curva";"Sim";1;0;1;0;0;0;1;1;-7,1418788;-34,99354005;"SPRF-PB";"DEL01-PB";"UOP01-DEL01-PB"
168822;2018-10-31;"quarta-feira";"19:10:00";"BA";116;10;"VITORIA DA CONQUISTA";"Falta de Atenção do Pedestre";"Atropelamento de Pedestre";"Com Vítimas Feridas";"Plena Noite";"Decrescente";"Céu Claro";"Simples";"Reta";"Não";3;0;0;2;1;0;2;2;-14,86068669;-40,87558511;"SPRF-BA";"DEL08-BA";"UOP01-DEL08-BA"
168823;2018-10-31;"quarta-feira";"17:40:00";"MG";40;131,3;"JOAO PINHEIRO";"Falta de Atenção à Condução";"Saída de leito carroçável";"Com Vítimas Feridas";"Anoitecer";"Crescente";"Céu Claro";"Simples";"Reta";"Não";2;0;2;0;0;0;2;1;-17,708302;-46,276371;"SPRF-MG";"DEL14-MG";"UOP01-DEL14-MG"
168824;2018-10-31;"quarta-feira";"20:10:00";"BA";116;417;"FEIRA DE SANTANA";"Falta de Atenção à Condução";"Colisão transversal";"Com Vítimas Feridas";"Plena Noite";"Crescente";"Céu Claro";"Simples";"Reta";"Não";3;0;1;0;2;0;1;2;-12,17656916;-38,97528657;"SPRF-BA";"DEL02-BA";"UOP01-DEL02-BA"
168825;2018-10-31;"quarta-feira";"18:30:00";"PR";476;140;"CURITIBA";"Restrição de Visibilidade";"Atropelamento de Pedestre";"Com Vítimas Fatais";"Plena Noite";"Decrescente";"Garoa/Chuvisco";"Múltipla";"Reta";"Sim";3;1;2;0;0;0;2;2;-25,520693;-49,294121;"SPRF-PR";"DEL01-PR";"UOP07-DEL01-PR"
168826;2018-10-31;"quarta-feira";"15:00:00";"RJ";40;97,7;"DUQUE DE CAXIAS";"Falta de Atenção à Condução";"Tombamento";"Com Vítimas Feridas";"Pleno dia";"Crescente";"Céu Claro";"Simples";"Curva";"Não";2;0;1;1;0;0;2;1;-22,574081;-43,273286;"SPRF-RJ";"DEL06-RJ";"UOP01-DEL06-RJ"
168827;2018-10-31;"quarta-feira";"20:30:00";"MG";364;0;"PLANURA";"Ingestão de Álcool";"Colisão com objeto estático";"Com Vítimas Feridas";"Plena Noite";"Decrescente";"Garoa/Chuvisco";"Simples";"Ponte";"Não";1;0;1;0;0;0;1;1;-20,15978;-48,68915;"SPRF-MG";"DEL13-MG";"UOP02-DEL13-MG"
168828;2018-10-31;"quarta-feira";"19:00:00";"MS";163;801;"COXIM";"Animais na Pista";"Tombamento";"Com Vítimas Feridas";"Plena Noite";"Crescente";"Céu Claro";"Simples";"Reta";"Não";2;0;1;0;1;0;1;1;-17,9773095;-54,67836767;"SPRF-MS";"DEL06-MS";"UOP01-DEL06-MS"
168829;2018-10-31;"quarta-feira";"18:50:00";"MT";163;720;"SORRISO";"Falta de Atenção à Condução";"Colisão lateral";"Com Vítimas Feridas";"Plena Noite";"Decrescente";"Céu Claro";"Simples";"Reta";"Não";2;0;1;0;1;0;1;2;-12,76593293;-55,83543777;"SPRF-MT";"DEL06-MT";"UOP01-DEL06-MT"
168830;2018-10-31;"quarta-feira";"10:00:00";"RO";364;565;"ALTO PARAISO";"Falta de Atenção à Condução";"Colisão transversal";"Com Vítimas Feridas";"Pleno dia";"Decrescente";"Céu Claro";"Simples";"Reta";"Não";2;0;1;0;1;0;1;2;-9,516682;-63,077816;"SPRF-RO";"DEL03-RO";"UOP04-DEL01-RO"
168832;2018-10-31;"quarta-feira";"19:40:00";"RJ";116;65,1;"TERESOPOLIS";"Ultrapassagem Indevida";"Colisão lateral";"Com Vítimas Feridas";"Plena Noite";"Crescente";"Céu Claro";"Simples";"Curva";"Sim";2;0;1;0;1;0;1;2;-22,27765982;-42,92770386;"SPRF-RJ";"DEL04-RJ";"UOP01-DEL04-RJ"
168833;2018-10-31;"quarta-feira";"21:00:00";"MG";40;486;"ESMERALDAS";"Falta de Atenção à Condução";"Saída de leito carroçável";"Com Vítimas Feridas";"Plena Noite";"Decrescente";"Céu Claro";"Dupla";"Reta;Aclive";"Não";2;0;1;0;1;0;1;1;-19,6032;-44,2212;"SPRF-MG";"DEL02-MG";"UOP01-DEL02-MG"
168834;2018-10-31;"quarta-feira";"20:00:00";"RJ";116;188;"QUEIMADOS";"Falta de Atenção à Condução";"Queda de ocupante de veículo";"Com Vítimas Feridas";"Plena Noite";"Decrescente";"Nublado";"Múltipla";"Reta;Em Obras";"Sim";1;0;1;0;0;0;1;1;-22,73680221;-43,53909731;"SPRF-RJ";"DEL01-RJ";"UOP03-DEL01-RJ"
168835;2018-10-31;"quarta-feira";"20:35:00";"MG";116;766,6;"LEOPOLDINA";"Falta de Atenção à Condução";"Colisão transversal";"Com Vítimas Feridas";"Plena Noite";"Crescente";"Nublado";"Simples";"Curva";"Sim";5;0;1;0;4;0;1;2;-21,5305456;-42,65488029;"SPRF-MG";"DEL07-MG";"UOP01-DEL07-MG"
168836;2018-10-31;"quarta-feira";"18:20:00";"MG";262;802;"UBERABA";"Não guardar distância de segurança";"Colisão traseira";"Com Vítimas Feridas";"Anoitecer";"Decrescente";"Nublado";"Dupla";"Reta";"Sim";3;0;0;2;1;0;2;2;-19,775097;-47,972019;"SPRF-MG";"DEL13-MG";"UOP01-DEL13-MG"
168837;2018-10-31;"quarta-feira";"16:20:00";"SC";282;405;"CATANDUVAS";"Falta de Atenção à Condução";"Colisão traseira";"Sem Vítimas";"Pleno dia";"Crescente";"Chuva";"Simples";"Reta";"Não";2;0;0;0;2;0;0;2;-27,10432824;-51,64477587;"SPRF-SC";"DEL07-SC";"UOP05-DEL07-SC"
168838;2018-10-31;"quarta-feira";"21:20:00";"ES";101;266;"SERRA";"Ingestão de Álcool";"Engavetamento";"Com Vítimas Feridas";"Plena Noite";"Crescente";"Chuva";"Múltipla";"Reta";"Sim";4;0;1;0;3;0;1;4;-20,19345502;-40,26887298;"SPRF-ES";"DEL02-ES";"UOP01-DEL02-ES"
168839;2018-10-31;"quarta-feira";"19:00:00";"MG";365;677,8;"MONTE ALEGRE DE MINAS";"Objeto estático sobre o leito carroçável";"Colisão com objeto estático";"Com Vítimas Feridas";"Plena Noite";"Decrescente";"Chuva";"Dupla";"Reta";"Não";1;0;1;0;0;0;1;1;-18,85643236;-48,77556056;"SPRF-MG";"DEL15-MG";"UOP01-DEL15-MG"
168840;2018-10-31;"quarta-feira";"18:30:00";"SP";116;489;"JUQUIA";"Falta de Atenção à Condução";"Atropelamento de Pedestre";"Com Vítimas Fatais";"Plena Noite";"Crescente";"Céu Claro";"Múltipla";"Reta";"Sim";2;1;0;0;0;1;0;2;-24,3214;-47,6373;"SPRF-SP";"DEL05-SP";"UAP01-DEL05-SP"
168841;2018-10-31;"quarta-feira";"20:30:00";"MG";40;512,6;"RIBEIRAO DAS NEVES";"Mal Súbito";"Colisão com objeto estático";"Com Vítimas Feridas";"Plena Noite";"Decrescente";"Céu Claro";"Dupla";"Reta";"Sim";1;0;1;0;0;0;1;1;-19,79892885;-44,10375595;"SPRF-MG";"DEL01-MG";"UOP03-DEL01-MG"
168842;2018-10-31;"quarta-feira";"08:00:00";"MG";40;697,3;"BARBACENA";"Falta de Atenção à Condução";"Queda de ocupante de veículo";"Com Vítimas Feridas";"Plena Noite";"Decrescente";"Céu Claro";"Simples";"Curva";"Não";1;0;0;1;0;0;1;1;-21,19018;-43,75158;"SPRF-MG";"DEL05-MG";"UOP02-DEL05-MG"
168844;2018-10-31;"quarta-feira";"19:50:00";"RS";386;145;"SARANDI";"Falta de Atenção à Condução";"Colisão frontal";"Com Vítimas Feridas";"Plena Noite";"Decrescente";"Chuva";"Simples";"Reta";"Não";3;0;2;0;0;1;2;2;-27,964282;-52,9116873;"SPRF-RS";"DEL08-RS";"UOP01-DEL08-RS"
168845;2018-10-31;"quarta-feira";"20:30:00";"PB";230;21;"JOAO PESSOA";"Avarias e/ou desgaste excessivo no pneu";"Tombamento";"Com Vítimas Feridas";"Plena Noite";"Decrescente";"Céu Claro";"Dupla";"Reta";"Sim";2;0;2;0;0;0;2;1;-7,1415;-34,8519;"SPRF-PB";"DEL01-PB";"UOP01-DEL01-PB"
168847;2018-10-31;"quarta-feira";"21:50:00";"PB";230;11,8;"CABEDELO";"Objeto estático sobre o leito carroçável";"Tombamento";"Com Vítimas Feridas";"Plena Noite";"Crescente";"Céu Claro";"Dupla";"Reta";"Sim";1;0;1;0;0;0;1;1;-7,07255;-34,849743;"SPRF-PB";"DEL01-PB";"UOP01-DEL01-PB"
168849;2018-10-31;"quarta-feira";"22:30:00";"GO";153;563,2;"PROFESSOR JAMIL";"Não guardar distância de segurança";"Colisão traseira";"Com Vítimas Feridas";"Plena Noite";"Crescente";"Céu Claro";"Dupla";"Declive;Reta";"Não";6;0;0;2;4;0;2;3;-17,2383;-49,239;"SPRF-GO";"DEL03-GO";"UOP01-DEL03-GO"
168850;2018-10-31;"quarta-feira";"22:20:00";"SP";116;474,8;"JACUPIRANGA";"Falta de Atenção à Condução";"Saída de leito carroçável";"Com Vítimas Feridas";"Plena Noite";"Crescente";"Nublado";"Dupla";"Reta";"Sim";2;0;2;0;0;0;2;1;-24,69296044;-47,99530865;"SPRF-SP";"DEL05-SP";"UAP01-DEL05-SP"
168852;2018-10-31;"quarta-feira";"23:30:00";"RJ";493;20;"MAGE";"Defeito na Via";"Colisão com objeto estático";"Sem Vítimas";"Plena Noite";"Crescente";"Céu Claro";"Simples";"Reta";"Sim";1;0;0;0;1;0;0;1;-22,663639;-43,036495;"SPRF-RJ";"DEL04-RJ";"UOP02-DEL04-RJ"
168854;2018-10-31;"quarta-feira";"22:30:00";"GO";153;507,4;"APARECIDA DE GOIANIA";"Desobediência às normas de trânsito pelo pedestre";"Atropelamento de Pedestre";"Com Vítimas Feridas";"Plena Noite";"Crescente";"Nublado";"Dupla";"Aclive;Reta";"Sim";2;0;0;1;1;0;1;2;-16,7715;-49,2387;"SPRF-GO";"DEL01-GO";"UOP03-DEL01-GO"
168856;2018-11-01;"quinta-feira";"00:01:00";"RJ";116;277,1;"BARRA MANSA";"Velocidade Incompatível";"Saída de leito carroçável";"Com Vítimas Feridas";"Plena Noite";"Decrescente";"Nublado";"Dupla";"Curva";"Não";1;0;1;0;0;0;1;1;-22,52168595;-44,2037373;"SPRF-RJ";"DEL07-RJ";"UOP02-DEL07-RJ"
168858;2018-11-01;"quinta-feira";"00:15:00";"MG";40;42,3;"PARACATU";"Desobediência às normas de trânsito pelo condutor";"Colisão transversal";"Com Vítimas Feridas";"Plena Noite";"Crescente";"Ignorado";"Simples";"Interseção de Vias";"Sim";2;0;1;0;1;0;1;2;-17,218784;-46,866695;"SPRF-MG";"DEL14-MG";"UOP01-DEL14-MG"
168859;2018-10-31;"quarta-feira";"23:30:00";"MS";163;525,2;"JARAGUARI";"Animais na Pista";"Saída de leito carroçável";"Com Vítimas Feridas";"Plena Noite";"Crescente";"Céu Claro";"Simples";"Curva";"Não";3;0;3;0;0;0;3;1;-20,111764;-54,444129;"SPRF-MS";"DEL01-MS";"UOP02-DEL01-MS"
168862;2018-10-31;"quarta-feira";"23:50:00";"RJ";116;176,9;"NOVA IGUACU";"Falta de Atenção à Condução";"Colisão frontal";"Com Vítimas Feridas";"Plena Noite";"Decrescente";"Céu Claro";"Dupla";"Reta";"Sim";2;0;1;0;0;1;1;2;-22,754769;-43,434495;"SPRF-RJ";"DEL01-RJ";"UOP02-DEL01-RJ"
168865;2018-11-01;"quinta-feira";"01:10:00";"SP";116;60,3;"GUARATINGUETA";"Ingestão de Álcool";"Colisão traseira";"Sem Vítimas";"Plena Noite";"Crescente";"Nublado";"Dupla";"Reta";"Não";2;0;0;0;2;0;0;2;-22,791122;-45,161125;"SPRF-SP";"DEL08-SP";"UOP01-DEL08-SP"
168871;2018-11-01;"quinta-feira";"06:10:00";"PE";232;22;"MORENO";"Falta de Atenção à Condução";"Colisão lateral";"Com Vítimas Feridas";"Pleno dia";"Crescente";"Céu Claro";"Simples";"Reta";"Não";2;0;1;0;1;0;1;2;-8,097124;-35,088654;"SPRF-PE";"DEL01-PE";"UOP02-DEL02PE"
168873;2018-11-01;"quinta-feira";"06:45:00";"PR";277;589;"CASCAVEL";"Falta de Atenção à Condução";"Colisão frontal";"Com Vítimas Feridas";"Amanhecer";"Crescente";"Chuva";"Simples";"Reta";"Sim";2;0;0;1;1;0;1;2;-24,9761481;-53,44387544;"SPRF-PR";"DEL04-PR";"UOP01-DEL04-PR"
168874;2018-11-01;"quinta-feira";"06:35:00";"SP";381;86;"SAO PAULO";"Falta de Atenção à Condução";"Colisão com objeto estático";"Com Vítimas Feridas";"Pleno dia";"Crescente";"Céu Claro";"Múltipla";"Reta";"Sim";1;0;1;0;0;0;1;1;-23,46560833;-46,57173157;"SPRF-SP";"DEL03-SP";"DEL6/3-UOP03/SP"
168875;2018-11-01;"quinta-feira";"06:50:00";"SC";101;200;"SAO JOSE";"Pista Escorregadia";"Tombamento";"Com Vítimas Feridas";"Pleno dia";"Decrescente";"Garoa/Chuvisco";"Dupla";"Reta";"Sim";1;0;0;1;0;0;1;1;-27,5485;-48,6196;"SPRF-SC";"DEL01-SC";"UOP01-DEL01-SC"
168876;2018-11-01;"quinta-feira";"06:05:00";"RJ";116;177;"NOVA IGUACU";"Falta de Atenção à Condução";"Colisão lateral";"Com Vítimas Feridas";"Pleno dia";"Decrescente";"Céu Claro";"Múltipla";"Reta";"Sim";4;0;1;0;2;1;1;3;-22,753423;-43,4336113;"SPRF-RJ";"DEL01-RJ";"UOP02-DEL01-RJ"
168878;2018-11-01;"quinta-feira";"06:00:00";"SP";381;88;"GUARULHOS";"Não guardar distância de segurança";"Colisão lateral";"Com Vítimas Feridas";"Amanhecer";"Decrescente";"Céu Claro";"Múltipla";"Reta";"Sim";2;0;1;0;0;1;1;2;-23,478442;-46,560039;"SPRF-SP";"DEL03-SP";"DEL6/3-UOP03/SP"
168881;2018-11-01;"quinta-feira";"07:50:00";"SC";101;198;"BIGUACU";"Desobediência às normas de trânsito pelo condutor";"Colisão frontal";"Com Vítimas Feridas";"Pleno dia";"Decrescente";"Nublado";"Múltipla";"Reta";"Sim";2;0;1;0;1;0;1;2;-27,5341;-48,6298;"SPRF-SC";"DEL01-SC";"UOP01-DEL01-SC"
168882;2018-11-01;"quinta-feira";"07:30:00";"PR";277;80,8;"CURITIBA";"Falta de Atenção à Condução";"Colisão lateral";"Com Vítimas Feridas";"Pleno dia";"Crescente";"Chuva";"Dupla";"Reta";"Sim";2;0;1;0;1;0;1;2;-25,47117356;-49,21394348;"SPRF-PR";"DEL01-PR";"UOP01-DEL01-PR"
168884;2018-11-01;"quinta-feira";"07:45:00";"SP";153;58,8;"SAO JOSE DO RIO PRETO";"Falta de Atenção à Condução";"Colisão traseira";"Com Vítimas Feridas";"Pleno dia";"Crescente";"Céu Claro";"Simples";"Reta";"Sim";5;0;1;0;4;0;1;2;-20,787264;-49,353985;"SPRF-SP";"DEL09-SP";"UOP01-DEL09-SP"
168886;2018-11-01;"quinta-feira";"07:30:00";"CE";222;308;"TIANGUA";"Falta de Atenção à Condução";"Colisão lateral";"Com Vítimas Feridas";"Pleno dia";"Crescente";"Céu Claro";"Simples";"Reta";"Não";2;0;0;1;1;0;1;2;-3,689;-40,976688;"SPRF-CE";"DEL04-CE";"UOP02-DEL04-CE"
168887;2018-11-01;"quinta-feira";"08:00:00";"RJ";116;138;"DUQUE DE CAXIAS";"Não guardar distância de segurança";"Colisão lateral";"Com Vítimas Feridas";"Pleno dia";"Crescente";"Céu Claro";"Dupla";"Reta";"Sim";4;0;2;0;2;0;2;3;-22,646971;-43,191696;"SPRF-RJ";"DEL04-RJ";"UOP02-DEL04-RJ"
168888;2018-10-29;"segunda-feira";"01:10:00";"PR";376;195,3;"MARIALVA";"Falta de Atenção à Condução";"Tombamento";"Com Vítimas Feridas";"Plena Noite";"Decrescente";"Nublado";"Dupla";"Reta";"Não";1;0;1;0;0;0;1;1;-23,50252867;-51,79186821;"SPRF-PR";"DEL07-PR";"UOP01-DEL09-PR"
168891;2018-11-01;"quinta-feira";"08:30:00";"RJ";356;20,2;"ITAPERUNA";"Falta de Atenção à Condução";"Colisão transversal";"Com Vítimas Feridas";"Pleno dia";"Crescente";"Céu Claro";"Simples";"Reta";"Não";3;0;2;0;1;0;2;2;-21,17608836;-42,00828552;"SPRF-RJ";"DEL08-RJ";"UOP03-DEL08-RJ"
168892;2018-11-01;"quinta-feira";"08:30:00";"RS";116;248;"SAO LEOPOLDO";"Desobediência às normas de trânsito pelo condutor";"Colisão transversal";"Com Vítimas Feridas";"Pleno dia";"Crescente";"Nublado";"Dupla";"Reta";"Sim";2;0;1;0;1;0;1;2;-29,776119;-51,155102;"SPRF-RS";"DEL01-RS";"UOP02-DEL01-RS"
168893;2018-11-01;"quinta-feira";"09:30:00";"PR";153;338,8;"IRATI";"Ultrapassagem Indevida";"Atropelamento de Pedestre";"Com Vítimas Feridas";"Pleno dia";"Crescente";"Nublado";"Simples";"Declive";"Sim";3;0;0;1;1;1;1;2;-25,52027161;-50,65431118;"SPRF-PR";"DEL03-PR";"UOP02-DEL08-PR"
168895;2018-09-09;"domingo";"13:50:00";"SC";116;27,3;"ITAIOPOLIS";"Desobediência às normas de trânsito pelo condutor";"Colisão transversal";"Sem Vítimas";"Pleno dia";"Decrescente";"Céu Claro";"Simples";"Reta";"Não";3;0;0;0;2;1;0;2;-26,30511088;-49,95517731;"SPRF-SC";"DEL06-SC";"UOP01-DEL06-SC"