"id";"data_inversa";"dia_semana";"horario";"uf";"br";"km";"municipio";"causa_acidente";"tipo_acidente";"classificacao_acidente";"fase_dia";"sentido_via";"condicao_metereologica";"tipo_pista";"tracado_via";"uso_solo";"pessoas";"mortos";"feridos_leves";"feridos_graves";"ilesos";"ignorados";"feridos";"veiculos";"latitude";"longitude";"regional";"delegacia";"uop"
169143;2018-11-02;"sexta-feira";"14:35:00";"AL";316;163,7;"PALMEIRA DOS INDIOS";"Falta de Atenção à Condução";"Colisão transversal";"Com Vítimas Feridas";"Pleno dia";"Crescente";"Céu Claro";"Simples";"Declive;Reta";"Não";4;0;1;0;3;0;1;2;-9,44035;-36,607525;"SPRF-AL";"DEL03-AL";"UOP01-DEL03-AL"
169145;2018-11-02;"sexta-feira";"15:00:00";"SC";282;207;"LAGES";"Falta de Atenção à Condução";"Queda de ocupante de veículo";"Com Vítimas Feridas";"Pleno dia";"Crescente";"Nublado";"Simples";"Rotatória";"Não";2;0;2;0;0;0;2;1;-27,7735953;-50,20245552;"SPRF-SC";"DEL05-SC";"UOP01-DEL05-SC"
169147;2018-11-02;"sexta-feira";"13:00:00";"MT";174;539;"COMODORO";"Falta de Atenção à Condução";"Saída de leito carroçável";"Com Vítimas Feridas";"Pleno dia";"Crescente";"Céu Claro";"Simples";"Reta";"Não";5;0;3;1;1;0;4;1;-13,195086;-59,864708;"SPRF-MT";"DEL04-MT";"UOP01-DEL04-MT"
169148;2018-11-02;"sexta-feira";"15:15:00";"RN";405;159,9;"RAFAEL FERNANDES";"Desobediência às normas de trânsito pelo condutor";"Colisão frontal";"Com Vítimas Feridas";"Pleno dia";"Decrescente";"Sol";"Simples";"Reta";"Sim";3;0;1;1;1;0;2;2;-6,18666743;-38,22203636;"SPRF-RN";"DEL04-RN";"UOP02-DEL04-RN"
169149;2018-11-02;"sexta-feira";"14:20:00";"RJ";101;206;"CASIMIRO DE ABREU";"Desobediência às normas de trânsito pelo condutor";"Colisão lateral";"Com Vítimas Feridas";"Pleno dia";"Decrescente";"Nublado";"Simples";"Reta";"Sim";3;0;1;0;2;0;1;2;-22,476734;-42,201725;"SPRF-RJ";"DEL02-RJ";"UOP04-DEL08-RJ"
169151;2018-11-02;"sexta-feira";"15:45:00";"PE";101;186;"PALMARES";"Desobediência às normas de trânsito pelo condutor";"Colisão lateral";"Com Vítimas Feridas";"Pleno dia";"Decrescente";"Céu Claro";"Simples";"Reta";"Não";2;0;1;0;1;0;1;2;-8,6873;-35,5878;"SPRF-PE";"DEL01-PE";"UOP03-DEL01-PE"
169152;2018-11-02;"sexta-feira";"12:30:00";"MG";267;291,1;"BAEPENDI";"Falta de Atenção à Condução";"Colisão transversal";"Com Vítimas Feridas";"Pleno dia";"Decrescente";"Céu Claro";"Simples";"Interseção de Vias";"Não";6;0;2;2;2;0;4;2;-21,92320971;-44,81922537;"SPRF-MG";"DEL05-MG";"DEL5/4-UOP01/MG"
169153;2018-11-02;"sexta-feira";"08:30:00";"SC";280;27,9;"ARAQUARI";"Falta de Atenção à Condução";"Colisão traseira";"Com Vítimas Feridas";"Pleno dia";"Decrescente";"Céu Claro";"Simples";"Reta";"Não";3;0;2;0;1;0;2;2;-26,4038631;-48,74517918;"SPRF-SC";"DEL03-SC";"UOP03-DEL03-SC"
169154;2018-11-02;"sexta-feira";"11:00:00";"SC";280;33,2;"ARAQUARI";"Falta de Atenção à Condução";"Colisão transversal";"Com Vítimas Feridas";"Pleno dia";"Crescente";"Nublado";"Simples";"Reta";"Não";2;0;1;0;1;0;1;2;-26,425766;-48,787415;"SPRF-SC";"DEL03-SC";"UOP03-DEL03-SC"
169155;2018-11-02;"sexta-feira";"15:50:00";"SC";280;35,2;"ARAQUARI";"Falta de Atenção à Condução";"Colisão traseira";"Com Vítimas Feridas";"Pleno dia";"Crescente";"Céu Claro";"Simples";"Reta";"Não";2;0;1;0;1;0;1;2;-26,43614692;-48,8053894;"SPRF-SC";"DEL03-SC";"UOP03-DEL03-SC"
169156;2018-11-02;"sexta-feira";"16:27:00";"RN";101;108;"PARNAMIRIM";"Falta de Atenção à Condução";"Colisão transversal";"Com Vítimas Feridas";"Pleno dia";"Crescente";"Céu Claro";"Simples";"Reta";"Não";2;0;1;0;1;0;1;2;-5,92235;-35,264909;"SPRF-RN";"DEL01-RN";"UOP01-DEL01-RN"
169157;2018-11-02;"sexta-feira";"16:00:00";"MG";50;166,9;"UBERABA";"Falta de Atenção à Condução";"Atropelamento de Pedestre";"Com Vítimas Fatais";"Pleno dia";"Crescente";"Céu Claro";"Dupla";"Reta";"Sim";3;1;0;0;0;2;0;3;-19,7031902;-47,9855049;"SPRF-MG";"DEL13-MG";"UOP01-DEL13-MG"
169160;2018-11-02;"sexta-feira";"15:30:00";"PA";316;111,1;"SANTA MARIA DO PARA";"Desobediência às normas de trânsito pelo condutor";"Colisão transversal";"Com Vítimas Feridas";"Pleno dia";"Crescente";"Nublado";"Simples";"Interseção de Vias;Curva";"Não";2;0;0;1;1;0;1;2;-1,31654835;-47,51097679;"SPRF-PA";"DEL01-PA";"UOP02-DEL01-PA"
169164;2018-11-02;"sexta-feira";"16:40:00";"DF";70;19;"BRASILIA";"Ingestão de Álcool";"Capotamento";"Sem Vítimas";"Pleno dia";"Decrescente";"Garoa/Chuvisco";"Dupla";"Aclive";"Sim";1;0;0;0;1;0;0;1;-15,78961064;-48,22534561;"SPRF-DF";"DEL01-DF";"UOP02-DEL03-DF"
169165;2018-11-02;"sexta-feira";"14:40:00";"RO";364;602;"ITAPUA DO OESTE";"Defeito na Via";"Tombamento";"Com Vítimas Feridas";"Pleno dia";"Crescente";"Céu Claro";"Dupla";"Reta";"Sim";1;0;1;0;0;0;1;1;-9,20180503;-63,17904577;"SPRF-RO";"DEL03-RO";"UOP04-DEL01-RO"
169166;2018-11-02;"sexta-feira";"16:05:00";"MG";40;604,6;"CONGONHAS";"Pista Escorregadia";"Saída de leito carroçável";"Com Vítimas Feridas";"Pleno dia";"Decrescente";"Chuva";"Simples";"Declive;Curva";"Não";5;0;0;2;3;0;2;1;-20,4560308;-43,8374126;"SPRF-MG";"DEL05-MG";"UOP02-DEL05-MG"
169169;2018-11-02;"sexta-feira";"17:30:00";"RJ";495;15;"TERESOPOLIS";"Falta de Atenção à Condução";"Colisão frontal";"Com Vítimas Feridas";"Anoitecer";"Crescente";"Nublado";"Dupla";"Curva";"Não";2;0;1;0;1;0;1;2;-22,43967024;-43,03361893;"SPRF-RJ";"DEL06-RJ";"UOP02-DEL05-RJ"
169170;2018-11-02;"sexta-feira";"18:05:00";"PR";369;88;"CORNELIO PROCOPIO";"Avarias e/ou desgaste excessivo no pneu";"Colisão traseira";"Com Vítimas Feridas";"Pleno dia";"Crescente";"Céu Claro";"Dupla";"Curva";"Sim";3;0;1;0;1;1;1;3;-23,18299253;-50,63845396;"SPRF-PR";"DEL07-PR";"UOP05-DEL07-PR"
169171;2018-11-02;"sexta-feira";"18:00:00";"RN";405;163,3;"RAFAEL FERNANDES";"Ingestão de Álcool";"Colisão lateral";"Com Vítimas Feridas";"Plena Noite";"Decrescente";"Céu Claro";"Simples";"Reta";"Não";2;0;1;0;0;1;1;2;-6,21427;-38,231474;"SPRF-RN";"DEL04-RN";"UOP02-DEL04-RN"
169173;2018-11-02;"sexta-feira";"11:15:00";"RS";285;571,5;"SAO LUIZ GONZAGA";"Desobediência às normas de trânsito pelo condutor";"Saída de leito carroçável";"Com Vítimas Feridas";"Pleno dia";"Crescente";"Céu Claro";"Simples";"Reta";"Não";3;0;1;0;1;1;1;2;-28,41639024;-55,01089454;"SPRF-RS";"DEL12-RS";"UOP01-DEL12-RS"
169174;2018-11-02;"sexta-feira";"18:00:00";"PR";116;126;"FAZENDA RIO GRANDE";"Falta de Atenção à Condução";"Colisão lateral";"Com Vítimas Feridas";"Pleno dia";"Decrescente";"Garoa/Chuvisco";"Dupla";"Reta";"Sim";3;0;1;0;2;0;1;3;-25,621508;-49,316216;"SPRF-PR";"DEL01-PR";"UOP03-DEL01-PR"
169175;2018-11-02;"sexta-feira";"18:15:00";"SP";381;74;"SAO PAULO";"Ultrapassagem Indevida";"Tombamento";"Com Vítimas Feridas";"Anoitecer";"Decrescente";"Céu Claro";"Múltipla";"Curva";"Não";1;0;1;0;0;0;1;1;-23,3713517;-46,55592799;"SPRF-SP";"DEL03-SP";"DEL6/3-UOP03/SP"
169178;2018-11-02;"sexta-feira";"17:00:00";"RJ";393;143;"SAPUCAIA";"Falta de Atenção à Condução";"Colisão traseira";"Sem Vítimas";"Pleno dia";"Decrescente";"Céu Claro";"Simples";"Reta";"Não";2;0;0;0;2;0;0;2;-21,994415;-42,913506;"SPRF-RJ";"DEL06-RJ";"UOP01-DEL05-RJ"
169179;2018-11-02;"sexta-feira";"18:19:00";"PI";316;6;"TERESINA";"Ingestão de Álcool";"Colisão com objeto estático";"Com Vítimas Feridas";"Plena Noite";"Decrescente";"Céu Claro";"Dupla";"Reta";"Sim";3;0;2;0;0;1;2;2;-5,147021;-42,774391;"SPRF-PI";"DEL01-PI";"UOP02-DEL01-PI"
169182;2018-11-02;"sexta-feira";"12:00:00";"PI";316;333;"GEMINIANO";"Falta de Atenção à Condução";"Saída de leito carroçável";"Com Vítimas Feridas";"Pleno dia";"Crescente";"Céu Claro";"Simples";"Interseção de Vias";"Não";1;0;1;0;0;0;1;1;-7,10753607;-41,27065659;"SPRF-PI";"DEL04-PI";"UOP01-DEL04-PI"
169183;2018-11-02;"sexta-feira";"19:00:00";"TO";242;410,8;"CARIRI DO TOCANTINS";"Falta de Atenção à Condução";"Queda de ocupante de veículo";"Com Vítimas Feridas";"Plena Noite";"Decrescente";"Vento";"Simples";"Interseção de Vias";"Não";1;0;1;0;0;0;1;1;-11,96208209;-49,20021057;"SPRF-TO";"DEL02-TO";"UOP02-DEL01-TO"
169184;2018-11-02;"sexta-feira";"17:30:00";"MG";381;908;"CAMBUI";"Falta de Atenção à Condução";"Colisão com objeto estático";"Sem Vítimas";"Anoitecer";"Crescente";"Chuva";"Dupla";"Curva;Aclive";"Não";2;0;0;0;2;0;0;1;-22,6862;-46,1031;"SPRF-MG";"DEL16-MG";"UOP03-DEL16-MG"
169185;2018-11-02;"sexta-feira";"18:40:00";"MG";40;532;"BELO HORIZONTE";"Falta de Atenção do Pedestre";"Atropelamento de Pedestre";"Com Vítimas Feridas";"Plena Noite";"Crescente";"Céu Claro";"Dupla";"Reta";"Sim";3;0;0;3;0;0;3;2;-19,92558604;-44,01221752;"SPRF-MG";"DEL01-MG";"UOP03-DEL01-MG"
169186;2018-11-02;"sexta-feira";"19:00:00";"GO";50;280,6;"CATALAO";"Falta de Atenção à Condução";"Colisão transversal";"Com Vítimas Feridas";"Plena Noite";"Crescente";"Nublado";"Simples";"Rotatória";"Sim";3;0;0;1;2;0;1;2;-18,18144998;-47,94088125;"SPRF-GO";"DEL06-GO";"UOP01-DEL06-GO"
169187;2018-11-02;"sexta-feira";"18:30:00";"RJ";116;171,9;"SAO JOAO DE MERITI";"Falta de Atenção à Condução";"Colisão lateral";"Com Vítimas Feridas";"Plena Noite";"Decrescente";"Céu Claro";"Múltipla";"Em Obras";"Sim";4;0;2;0;2;0;2;2;-22,8074035;-43,3439399;"SPRF-RJ";"DEL01-RJ";"UOP02-DEL01-RJ"
169188;2018-11-02;"sexta-feira";"19:30:00";"SC";101;124;"ITAJAI";"Velocidade Incompatível";"Colisão traseira";"Com Vítimas Feridas";"Plena Noite";"Decrescente";"Nublado";"Dupla";"Reta";"Não";2;0;1;0;0;1;1;2;-26,9479;-48,6832;"SPRF-SC";"DEL04-SC";"UOP04-DEL04-SC"
169189;2018-11-02;"sexta-feira";"18:10:00";"PB";230;75,8;"SOBRADO";"Falta de Atenção do Pedestre";"Atropelamento de Pedestre";"Com Vítimas Fatais";"Plena Noite";"Decrescente";"Céu Claro";"Dupla";"Reta";"Não";2;1;0;0;1;0;0;2;-7,1908;-35,2682;"SPRF-PB";"DEL01-PB";"UOP03-DEL01-PB"
169190;2018-11-02;"sexta-feira";"19:00:00";"PR";116;128;"FAZENDA RIO GRANDE";"Falta de Atenção à Condução";"Queda de ocupante de veículo";"Com Vítimas Feridas";"Plena Noite";"Decrescente";"Nublado";"Dupla";"Interseção de Vias";"Sim";1;0;0;1;0;0;1;1;-25,621508;-49,316216;"SPRF-PR";"DEL01-PR";"UOP03-DEL01-PR"
169193;2018-11-02;"sexta-feira";"19:00:00";"RJ";356;41;"ITAPERUNA";"Desobediência às normas de trânsito pelo condutor";"Colisão transversal";"Com Vítimas Feridas";"Plena Noite";"Decrescente";"Ignorado";"Simples";"Reta";"Não";7;0;1;0;6;0;1;2;-21,2149;-41,8338;"SPRF-RJ";"DEL08-RJ";"UOP03-DEL08-RJ"
169194;2018-11-02;"sexta-feira";"19:15:00";"PR";369;509;"CASCAVEL";"Falta de Atenção à Condução";"Atropelamento de Pedestre";"Com Vítimas Feridas";"Plena Noite";"Crescente";"Céu Claro";"Simples";"Reta";"Não";4;0;1;0;3;0;1;2;-24,8498;-53,3253;"SPRF-PR";"DEL04-PR";"UOP01-DEL04-PR"
169195;2018-11-02;"sexta-feira";"18:35:00";"PE";407;125;"PETROLINA";"Falta de Atenção à Condução";"Colisão transversal";"Com Vítimas Feridas";"Plena Noite";"Crescente";"Céu Claro";"Simples";"Rotatória";"Sim";2;0;1;0;1;0;1;2;-9,3755638;-40,53800583;"SPRF-PE";"DEL06-PE";"UOP01-DEL06-PE"
169196;2018-11-02;"sexta-feira";"20:05:00";"PA";163;1001;"SANTAREM";"Falta de Atenção à Condução";"Colisão traseira";"Com Vítimas Feridas";"Plena Noite";"Decrescente";"Céu Claro";"Simples";"Reta";"Sim";2;0;2;0;0;0;2;2;-2,46578943;-54,72780914;"SPRF-PA";"DEL05-PA";"UOP01-DEL05-PA"
169197;2018-11-02;"sexta-feira";"19:30:00";"RJ";101;400;"ITAGUAI";"Ingestão de Substâncias Psicoativas";"Atropelamento de Pedestre";"Com Vítimas Feridas";"Plena Noite";"Decrescente";"Nublado";"Dupla";"Reta";"Sim";2;0;0;1;0;1;1;2;-22,848372;-43,769524;"SPRF-RJ";"DEL03-RJ";"UOP01-DEL03-RJ"
169198;2018-11-02;"sexta-feira";"18:15:00";"PE";424;115,9;"GARANHUNS";"Restrição de Visibilidade";"Saída de leito carroçável";"Com Vítimas Fatais";"Plena Noite";"Decrescente";"Nublado";"Simples";"Curva";"Não";2;1;0;1;0;0;1;1;-9,027227;-36,43043;"SPRF-PE";"DEL03-PE";"UOP01-DEL03-PE"
169199;2018-11-02;"sexta-feira";"19:00:00";"MT";70;497;"CUIABA";"Ingestão de Álcool";"Saída de leito carroçável";"Sem Vítimas";"Plena Noite";"Decrescente";"Céu Claro";"Simples";"Retorno Regulamentado;Curva";"Não";1;0;0;0;1;0;0;1;-15,66131499;-56,00542009;"SPRF-MT";"DEL02-MT";"UOP02-DEL01-MT"
169200;2018-11-02;"sexta-feira";"20:30:00";"PR";277;719;"FOZ DO IGUACU";"Deficiência ou não Acionamento do Sistema de Iluminação/Sinalização do Veículo";"Colisão traseira";"Com Vítimas Feridas";"Plena Noite";"Crescente";"Céu Claro";"Dupla";"Reta";"Não";3;0;0;2;1;0;2;2;-25,483784;-54,494278;"SPRF-PR";"DEL05-PR";"UOP01-DEL05-PR"
169201;2018-11-02;"sexta-feira";"20:00:00";"PE";428;187,9;"PETROLINA";"Falta de Atenção à Condução";"Atropelamento de Pedestre";"Com Vítimas Feridas";"Plena Noite";"Crescente";"Céu Claro";"Dupla";"Reta";"Não";2;0;1;0;1;0;1;2;-9,38487893;-40,52059293;"SPRF-PE";"DEL06-PE";"UOP01-DEL06-PE"
169202;2018-11-02;"sexta-feira";"19:50:00";"SC";280;58,7;"GUARAMIRIM";"Falta de Atenção à Condução";"Colisão transversal";"Com Vítimas Feridas";"Plena Noite";"Crescente";"Nublado";"Simples";"Reta";"Sim";2;0;1;0;1;0;1;2;-26,474155;-49,021248;"SPRF-SC";"DEL03-SC";"UOP03-DEL03-SC"
169204;2018-11-02;"sexta-feira";"18:30:00";"SP";459;3,6;"PIQUETE";"Ingestão de Álcool";"Colisão com objeto estático";"Sem Vítimas";"Plena Noite";"Crescente";"Garoa/Chuvisco";"Simples";"Reta";"Não";1;0;0;0;1;0;0;1;-22,57354394;-45,21465182;"SPRF-SP";"DEL08-SP";"UOP03-DEL08-SP"
169206;2018-11-02;"sexta-feira";"17:40:00";"PR";277;206;"PALMEIRA";"Falta de Atenção à Condução";"Saída de leito carroçável";"Com Vítimas Feridas";"Pleno dia";"Crescente";"Céu Claro";"Simples";"Curva";"Não";5;0;1;0;4;0;1;1;-25,459706;-50,332367;"SPRF-PR";"DEL03-PR";"UOP02-DEL08-PR"
169207;2018-11-02;"sexta-feira";"20:30:00";"SP";116;503,6;"CAJATI";"Velocidade Incompatível";"Saída de leito carroçável";"Com Vítimas Feridas";"Plena Noite";"Decrescente";"Nublado";"Dupla";"Curva";"Não";2;0;1;0;1;0;1;1;-24,73659;-48,12319;"SPRF-SP";"DEL05-SP";"UAP01-DEL05-SP"
169208;2018-11-02;"sexta-feira";"20:40:00";"SP";116;311,8;"SAO LOURENCO DA SERRA";"Restrição de Visibilidade";"Atropelamento de Pedestre";"Com Vítimas Fatais";"Plena Noite";"Crescente";"Nublado";"Dupla";"Reta";"Não";4;1;0;0;3;0;0;2;-23,878787;-46,969281;"SPRF-SP";"DEL04-SP";"UOP01-DEL04-SP"
169209;2018-09-03;"segunda-feira";"12:45:00";"PA";230;726;"MEDICILANDIA";"Restrição de Visibilidade";"Capotamento";"Com Vítimas Feridas";"Pleno dia";"Crescente";"Sol";"Simples";"Declive";"Não";4;0;4;0;0;0;4;1;-3,47280842;-52,94830531;"SPRF-PA";"DEL04-PA";"UOP01-DEL04-PA"
169210;2018-11-02;"sexta-feira";"20:40:00";"SP";116;214;"GUARULHOS";"Ingestão de Álcool";"Capotamento";"Com Vítimas Feridas";"Plena Noite";"Decrescente";"Nublado";"Múltipla";"Reta";"Não";2;0;1;0;0;1;1;2;-23,4227037;-46,396492;"SPRF-SP";"DEL01-SP";"UOP01-DEL01-SP"
169211;2018-11-02;"sexta-feira";"20:45:00";"SP";116;214,2;"GUARULHOS";"Falta de Atenção à Condução";"Colisão traseira";"Sem Vítimas";"Plena Noite";"Decrescente";"Nublado";"Múltipla";"Reta";"Sim";2;0;0;0;2;0;0;2;-23,44488039;-46,44931555;"SPRF-SP";"DEL01-SP";"UOP01-DEL01-SP"
169212;2018-11-02;"sexta-feira";"18:40:00";"AC";364;135;"RIO BRANCO";"Defeito Mecânico no Veículo";"Incêndio";"Sem Vítimas";"Plena Noite";"Decrescente";"Céu Claro";"Dupla";"Reta";"Sim";2;0;0;0;2;0;0;1;-9,98630658;-67,8452754;"SPRF-AC";"DEL01-AC";"UOP01-DEL01-AC"
169213;2018-11-02;"sexta-feira";"20:15:00";"MA";10;245;"IMPERATRIZ";"Ingestão de Álcool";"Colisão frontal";"Com Vítimas Feridas";"Plena Noite";"Decrescente";"Céu Claro";"Simples";"Reta";"Não";2;0;0;1;1;0;1;2;-5,588685;-47,433857;"SPRF-MA";"DEL04-MA";"UOP01-DEL04-MA"
169214;2018-11-02;"sexta-feira";"21:30:00";"MG";50;173;"UBERABA";"Mal Súbito";"Queda de ocupante de veículo";"Sem Vítimas";"Plena Noite";"Decrescente";"Céu Claro";"Dupla";"Reta";"Sim";1;0;0;0;1;0;0;1;-19,7707;-47,9739;"SPRF-MG";"DEL13-MG";"UOP01-DEL13-MG"
169215;2018-11-02;"sexta-feira";"21:30:00";"PR";476;119;"COLOMBO";"Ingestão de Álcool";"Colisão com objeto estático";"Sem Vítimas";"Plena Noite";"Decrescente";"Nublado";"Dupla";"Reta";"Sim";1;0;0;0;0;1;0;1;-25,364202;-49,185825;"SPRF-PR";"DEL01-PR";"UOP01-DEL01-PR"
169216;2018-11-02;"sexta-feira";"20:50:00";"SP";116;282,7;"ITAPECERICA DA SERRA";"Defeito Mecânico no Veículo";"Capotamento";"Sem Vítimas";"Plena Noite";"Decrescente";"Nublado";"Dupla";"Reta";"Sim";1;0;0;0;1;0;0;1;-23,66570709;-46,85468048;"SPRF-SP";"DEL04-SP";"UOP01-DEL04-SP"
169217;2018-11-02;"sexta-feira";"21:40:00";"MG";116;530,7;"CARATINGA";"Ingestão de Álcool";"Colisão transversal";"Com Vítimas Feridas";"Plena Noite";"Crescente";"Nublado";"Simples";"Reta";"Sim";2;0;0;1;1;0;1;2;-19,80383;-42,1358;"SPRF-MG";"DEL06-MG";"UOP02-DEL06-MG"
169218;2018-11-02;"sexta-feira";"19:22:00";"MA";10;202;"RIBAMAR FIQUENE";"Falta de Atenção à Condução";"Colisão transversal";"Com Vítimas Feridas";"Plena Noite";"Crescente";"Céu Claro";"Simples";"Reta";"Não";7;0;4;0;3;0;4;2;-5,95653;-47,383659;"SPRF-MA";"DEL04-MA";"UOP01-DEL04-MA"
169221;2018-11-02;"sexta-feira";"21:30:00";"SE";101;117;"ITAPORANGA DAJUDA";"Velocidade Incompatível";"Saída de leito carroçável";"Com Vítimas Feridas";"Plena Noite";"Decrescente";"Céu Claro";"Dupla";"Reta";"Não";1;0;1;0;0;0;1;1;-11,0152247;-37,31889367;"SPRF-SE";"DEL02-SE";"UOP01-DEL02-SE"
169222;2018-11-02;"sexta-feira";"21:20:00";"SC";101;109;"PENHA";"Defeito Mecânico no Veículo";"Incêndio";"Sem Vítimas";"Plena Noite";"Decrescente";"Nublado";"Dupla";"Reta";"Não";1;0;0;0;1;0;0;1;-26,83496111;-48,70583653;"SPRF-SC";"DEL03-SC";"UOP02-DEL03-SC"
169223;2018-11-02;"sexta-feira";"22:15:00";"PR";476;116;"COLOMBO";"Falta de Atenção à Condução";"Colisão transversal";"Com Vítimas Feridas";"Plena Noite";"Crescente";"Nublado";"Múltipla";"Reta";"Sim";2;0;1;0;0;1;1;2;-25,34996;-49,16642;"SPRF-PR";"DEL01-PR";"UOP01-DEL01-PR"
169224;2018-11-02;"sexta-feira";"18:35:00";"MA";135;7;"SAO LUIS";"Falta de Atenção à Condução";"Colisão lateral";"Sem Vítimas";"Plena Noite";"Crescente";"Céu Claro";"Dupla";"Rotatória";"Sim";2;0;0;0;2;0;0;2;-2,636088;-44,268486;"SPRF-MA";"DEL01-MA";"UOP01-DEL01-MA"
169225;2018-11-02;"sexta-feira";"23:00:00";"TO";242;351,8;"PEIXE";"Falta de Atenção à Condução";"Colisão traseira";"Com Vítimas Feridas";"Plena Noite";"Crescente";"Vento";"Simples";"Reta";"Não";3;0;1;0;2;0;1;2;-11,9049786;-48,75183105;"SPRF-TO";"DEL02-TO";"UOP02-DEL01-TO"
169226;2018-11-02;"sexta-feira";"23:00:00";"TO";153;335;"GUARAI";"Falta de Atenção à Condução";"Colisão traseira";"Com Vítimas Feridas";"Plena Noite";"Decrescente";"Nublado";"Dupla";"Reta";"Sim";3;0;2;0;1;0;2;2;-8,844914;-48,510712;"SPRF-TO";"DEL02-TO";"UOP02-DEL02-TO"
169227;2018-10-18;"quinta-feira";"18:10:00";"BA";242;335;"LENCOIS";"Falta de Atenção à Condução";"Colisão transversal";"Com Vítimas Feridas";"Plena Noite";"Decrescente";"Céu Claro";"Simples";"Reta";"Não";2;0;1;0;1;0;1;2;-12,498601;-41,193901;"SPRF-BA";"DEL06-BA";"UOP01-DEL06-BA"
169228;2018-11-02;"sexta-feira";"22:10:00";"PA";230;114;"MARABA";"Falta de Atenção à Condução";"Capotamento";"Com Vítimas Feridas";"Plena Noite";"Crescente";"Céu Claro";"Dupla";"Reta";"Sim";2;0;2;0;0;0;2;1;-5,364642;-49,066322;"SPRF-PA";"DEL03-PA";"UOP01-DEL03-PA"
169230;2018-11-02;"sexta-feira";"19:15:00";"MG";251;352,8;"PADRE CARVALHO";"Ultrapassagem Indevida";"Colisão frontal";"Com Vítimas Fatais";"Plena Noite";"Crescente";"Céu Claro";"Simples";"Declive;Curva";"Não";1;1;0;0;0;0;0;1;-16,2835;-42,5348;"SPRF-MG";"DEL12-MG";"UOP01-DEL12-MG"
169231;2018-11-02;"sexta-feira";"23:30:00";"GO";60;96;"ANAPOLIS";"Falta de Atenção à Condução";"Saída de leito carroçável";"Com Vítimas Feridas";"Plena Noite";"Decrescente";"Nublado";"Dupla";"Retorno Regulamentado";"Sim";1;0;1;0;0;0;1;1;-16,371;-48,9422;"SPRF-GO";"DEL02-GO";"UOP01-DEL02-GO"
169232;2018-11-02;"sexta-feira";"23:20:00";"ES";259;47,5;"COLATINA";"Falta de Atenção à Condução";"Colisão com objeto estático";"Com Vítimas Feridas";"Plena Noite";"Decrescente";"Chuva";"Simples";"Curva";"Não";1;0;0;1;0;0;1;1;-19,52153554;-40,59373409;"SPRF-ES";"DEL02-ES";"UOP01-DEL02-ES"
169234;2018-11-02;"sexta-feira";"22:20:00";"SP";116;401,9;"MIRACATU";"Defeito Mecânico no Veículo";"Incêndio";"Com Vítimas Feridas";"Plena Noite";"Crescente";"Nublado";"Dupla";"Rotatória";"Não";3;0;1;0;2;0;1;1;-24,31669378;-47,51509666;"SPRF-SP";"DEL04-SP";"UOP02-DEL04-SP"
169235;2018-11-03;"sábado";"00:00:00";"RJ";393;251,5;"BARRA DO PIRAI";"Falta de Atenção à Condução";"Colisão transversal";"Com Vítimas Feridas";"Plena Noite";"Decrescente";"Nublado";"Simples";"Reta";"Sim";3;0;2;1;0;0;3;2;-22,4573388;-43,8167266;"SPRF-RJ";"DEL05-RJ";"UOP04-DEL05-RJ"
169236;2018-11-03;"sábado";"00:30:00";"PR";376;168;"MARINGA";"Defeito Mecânico no Veículo";"Incêndio";"Sem Vítimas";"Plena Noite";"Crescente";"Céu Claro";"Dupla";"Reta";"Não";1;0;0;0;1;0;0;1;-23,3929892;-52,01043458;"SPRF-PR";"DEL07-PR";"UOP01-DEL09-PR"
169237;2018-11-03;"sábado";"00:40:00";"RJ";116;199;"QUEIMADOS";"Falta de Atenção à Condução";"Saída de leito carroçável";"Com Vítimas Feridas";"Plena Noite";"Decrescente";"Céu Claro";"Múltipla";"Reta";"Não";1;0;1;0;0;0;1;1;-22,72869047;-43,63838196;"SPRF-RJ";"DEL01-RJ";"UOP03-DEL01-RJ"
169238;2018-11-03;"sábado";"00:20:00";"MG";116;530,7;"CARATINGA";"Falta de Atenção à Condução";"Colisão traseira";"Sem Vítimas";"Plena Noite";"Crescente";"Nublado";"Simples";"Reta";"Não";3;0;0;0;2;1;0;3;-19,81463531;-42,13574409;"SPRF-MG";"DEL06-MG";"UOP02-DEL06-MG"
169239;2018-11-03;"sábado";"01:03:00";"ES";262;3,3;"CARIACICA";"Desobediência às normas de trânsito pelo condutor";"Colisão transversal";"Com Vítimas Feridas";"Plena Noite";"Crescente";"Céu Claro";"Múltipla";"Interseção de Vias";"Sim";6;0;4;1;1;0;5;2;-20,3358269;-40,3760716;"SPRF-ES";"DEL01-ES";"UOP01-DEL01-ES"
169240;2018-11-03;"sábado";"01:40:00";"PR";277;96;"CURITIBA";"Desobediência às normas de trânsito pelo condutor";"Colisão frontal";"Com Vítimas Feridas";"Plena Noite";"Decrescente";"Céu Claro";"Dupla";"Reta";"Sim";2;0;0;1;1;0;1;2;-25,43059686;-49,3302092;"SPRF-PR";"DEL01-PR";"UOP06-DEL01-PR"
169241;2018-11-03;"sábado";"01:30:00";"PR";369;57;"BANDEIRANTES";"Animais na Pista";"Atropelamento de Animal";"Com Vítimas Feridas";"Plena Noite";"Crescente";"Céu Claro";"Simples";"Interseção de Vias";"Sim";1;0;1;0;0;0;1;1;-23,110468;-50,367924;"SPRF-PR";"DEL07-PR";"UOP05-DEL07-PR"