"id";"data_inversa";"dia_semana";"horario";"uf";"br";"km";"municipio";"causa_acidente";"tipo_acidente";"classificacao_acidente";"fase_dia";"sentido_via";"condicao_metereologica";"tipo_pista";"tracado_via";"uso_solo";"pessoas";"mortos";"feridos_leves";"feridos_graves";"ilesos";"ignorados";"feridos";"veiculos";"latitude";"longitude";"regional";"delegacia";"uop"
169333;2018-11-03;"sábado";"16:28:00";"PB";230;59,3;"CRUZ DO ESPIRITO SANTO";"Falta de Atenção à Condução";"Colisão traseira";"Com Vítimas Feridas";"Pleno dia";"Decrescente";"Céu Claro";"Dupla";"Reta";"Não";2;0;1;0;1;0;1;2;-7,2053074;-35,14070928;"SPRF-PB";"DEL01-PB";"UOP03-DEL01-PB"
169335;2018-11-03;"sábado";"15:10:00";"MS";163;490,3;"CAMPO GRANDE";"Defeito Mecânico no Veículo";"Tombamento";"Com Vítimas Feridas";"Pleno dia";"Decrescente";"Céu Claro";"Simples";"Curva";"Sim";1;0;1;0;0;0;1;1;-20,396993;-54,556889;"SPRF-MS";"DEL01-MS";"UOP02-DEL01-MS"
169336;2018-11-03;"sábado";"15:40:00";"RR";174;575;"BOA VISTA";"Falta de Atenção à Condução";"Capotamento";"Com Vítimas Fatais";"Pleno dia";"Crescente";"Céu Claro";"Simples";"Curva";"Não";2;1;0;1;0;0;1;1;3,418077;-60,893119;"SPRF-RR";"DEL01-RR";"UOP01-DEL01-RR"
169337;2018-11-03;"sábado";"16:50:00";"MG";381;491;"BETIM";"Falta de Atenção à Condução";"Colisão lateral";"Com Vítimas Feridas";"Pleno dia";"Crescente";"Nublado";"Dupla";"Reta";"Sim";2;0;1;0;1;0;1;2;-19,9616;-44,1603;"SPRF-MG";"DEL01-MG";"UOP03-DEL01-MG"
169338;2018-11-03;"sábado";"17:15:00";"AP";210;15,9;"MACAPA";"Carga excessiva e/ou mal acondicionada";"Derramamento de carga";"Com Vítimas Feridas";"Pleno dia";"Crescente";"Céu Claro";"Simples";"Reta";"Não";4;0;1;1;2;0;2;2;0,16227;-51,12846;"SPRF-AP";"DEL01-AP";"UOP01-DEL01-AP"
169339;2018-11-03;"sábado";"16:30:00";"MS";262;326,7;"CAMPO GRANDE";"Falta de Atenção à Condução";"Colisão lateral";"Com Vítimas Feridas";"Pleno dia";"Crescente";"Céu Claro";"Dupla";"Reta";"Sim";2;0;1;0;1;0;1;2;-20,467551;-54,540463;"SPRF-MS";"DEL01-MS";"UOP01-DEL01-MS"
169341;2018-11-03;"sábado";"16:30:00";"SC";280;72,3;"JARAGUA DO SUL";"Falta de Atenção à Condução";"Colisão lateral";"Sem Vítimas";"Pleno dia";"Decrescente";"Nublado";"Simples";"Reta";"Sim";2;0;0;0;2;0;0;2;-26,45953743;-49,14594227;"SPRF-SC";"DEL03-SC";"UOP03-DEL03-SC"
169342;2018-11-03;"sábado";"15:56:00";"AC";364;122,1;"RIO BRANCO";"Não guardar distância de segurança";"Colisão lateral";"Com Vítimas Feridas";"Pleno dia";"Crescente";"Céu Claro";"Dupla";"Curva";"Sim";3;0;2;0;1;0;2;2;-10,0079597;-67,75508881;"SPRF-AC";"DEL01-AC";"UOP01-DEL01-AC"
169343;2018-11-03;"sábado";"12:40:00";"MG";116;460,9;"ENGENHEIRO CALDAS";"Falta de Atenção à Condução";"Colisão transversal";"Com Vítimas Fatais";"Pleno dia";"Crescente";"Céu Claro";"Simples";"Curva";"Não";2;1;0;1;0;0;1;2;-19,23605794;-42,05630779;"SPRF-MG";"DEL06-MG";"UOP02-DEL06-MG"
169344;2018-11-03;"sábado";"18:05:00";"SC";101;438;"SOMBRIO";"Ultrapassagem Indevida";"Colisão com objeto estático";"Com Vítimas Feridas";"Pleno dia";"Crescente";"Nublado";"Dupla";"Reta";"Não";2;0;2;0;0;0;2;1;-29,1239;-49,6571;"SPRF-SC";"DEL02-SC";"UOP02-DEL02-SC"
169345;2018-11-03;"sábado";"17:25:00";"SP";116;184,8;"SANTA ISABEL";"Falta de Atenção à Condução";"Colisão lateral";"Sem Vítimas";"Pleno dia";"Crescente";"Céu Claro";"Dupla";"Reta";"Sim";2;0;0;0;2;0;0;2;-23,3522835;-46,18532181;"SPRF-SP";"DEL02-SP";"UOP01-DEL02-SP"
169346;2018-11-03;"sábado";"17:45:00";"RJ";40;109;"DUQUE DE CAXIAS";"Falta de Atenção à Condução";"Colisão lateral";"Com Vítimas Feridas";"Anoitecer";"Decrescente";"Céu Claro";"Múltipla";"Reta";"Sim";2;0;1;0;1;0;1;2;-22,67500574;-43,28647614;"SPRF-RJ";"DEL01-RJ";"UOP01-DEL01-RJ"
169347;2018-11-03;"sábado";"17:00:00";"PA";308;155;"CAPANEMA";"Velocidade Incompatível";"Saída de leito carroçável";"Com Vítimas Feridas";"Pleno dia";"Crescente";"Céu Claro";"Simples";"Reta";"Não";2;0;1;1;0;0;2;1;-1,21158152;-47,12259293;"SPRF-PA";"DEL01-PA";"UOP03-DEL01-PA"
169350;2018-11-03;"sábado";"18:10:00";"PI";343;339,1;"TERESINA";"Falta de Atenção à Condução";"Colisão transversal";"Com Vítimas Feridas";"Plena Noite";"Crescente";"Céu Claro";"Simples";"Interseção de Vias";"Sim";2;0;1;0;1;0;1;2;-5,06787158;-42,73189455;"SPRF-PI";"DEL01-PI";"UOP01-DEL01-PI"
169351;2018-11-03;"sábado";"18:45:00";"CE";20;416;"MARACANAU";"Falta de Atenção do Pedestre";"Atropelamento de Pedestre";"Com Vítimas Fatais";"Plena Noite";"Crescente";"Céu Claro";"Dupla";"Reta";"Sim";4;1;1;0;2;0;1;3;-3,83470984;-38,61092985;"SPRF-CE";"DEL01-CE";"UOP02-DEL01-CE"
169352;2018-11-03;"sábado";"18:45:00";"PR";116;125;"FAZENDA RIO GRANDE";"Desobediência às normas de trânsito pelo condutor";"Colisão transversal";"Com Vítimas Feridas";"Anoitecer";"Crescente";"Garoa/Chuvisco";"Dupla";"Interseção de Vias";"Sim";4;0;2;0;2;0;2;2;-25,6371302;-49,3131562;"SPRF-PR";"DEL01-PR";"UOP03-DEL01-PR"
169353;2018-11-03;"sábado";"18:45:00";"PR";369;155;"LONDRINA";"Falta de Atenção à Condução";"Colisão traseira";"Com Vítimas Feridas";"Anoitecer";"Decrescente";"Céu Claro";"Múltipla";"Reta";"Sim";2;0;0;1;1;0;1;2;-23,29567343;-51,20854584;"SPRF-PR";"DEL07-PR";"UOP01-DEL07-PR"
169355;2018-11-03;"sábado";"18:30:00";"ES";101;128,5;"LINHARES";"Falta de Atenção à Condução";"Colisão lateral";"Com Vítimas Feridas";"Plena Noite";"Crescente";"Nublado";"Múltipla";"Reta";"Sim";2;0;1;0;1;0;1;2;-19,2184716;-40,09390712;"SPRF-ES";"DEL04-ES";"UOP01-DEL04-ES"
169356;2018-11-03;"sábado";"18:30:00";"PR";277;629;"CEU AZUL";"Pista Escorregadia";"Colisão frontal";"Com Vítimas Feridas";"Anoitecer";"Crescente";"Chuva";"Simples";"Curva";"Não";5;0;0;5;0;0;5;2;-25,108953;-53,785885;"SPRF-PR";"DEL05-PR";"UOP02-DEL05-PR"
169357;2018-11-03;"sábado";"19:00:00";"CE";116;171;"RUSSAS";"Não guardar distância de segurança";"Atropelamento de Pedestre";"Com Vítimas Feridas";"Plena Noite";"Crescente";"Céu Claro";"Simples";"Reta";"Não";2;0;2;0;0;0;2;2;-4,929619;-37,989922;"SPRF-CE";"DEL03-CE";"UOP01-DEL03-CE"
169358;2018-11-03;"sábado";"18:00:00";"SP";116;412,9;"JUQUIA";"Velocidade Incompatível";"Saída de leito carroçável";"Com Vítimas Feridas";"Plena Noite";"Decrescente";"Garoa/Chuvisco";"Dupla";"Reta";"Não";2;0;2;0;0;0;2;1;-24,33068391;-47,61437058;"SPRF-SP";"DEL05-SP";"UOP01-DEL05-SP"
169359;2018-11-03;"sábado";"19:30:00";"PE";232;163;"TACAIMBO";"Animais na Pista";"Atropelamento de Animal";"Com Vítimas Feridas";"Plena Noite";"Crescente";"Céu Claro";"Simples";"Reta";"Não";5;0;2;0;3;0;2;1;-8,333485;-36,280579;"SPRF-PE";"DEL02-PE";"UOP03-DEL02-PE"
169360;2018-11-03;"sábado";"18:10:00";"BA";242;393;"SEABRA";"Falta de Atenção à Condução";"Colisão frontal";"Com Vítimas Feridas";"Anoitecer";"Crescente";"Céu Claro";"Simples";"Reta";"Não";2;0;1;0;1;0;1;2;-12,4575949;-41,64232358;"SPRF-BA";"DEL10-BA";"UOP03-DEL06-BA"
169362;2018-11-03;"sábado";"18:30:00";"MA";135;22;"SAO LUIS";"Desobediência às normas de trânsito pelo condutor";"Capotamento";"Com Vítimas Feridas";"Anoitecer";"Crescente";"Céu Claro";"Dupla";"Declive";"Sim";4;0;0;3;0;1;3;2;-2,74992448;-44,3454659;"SPRF-MA";"DEL01-MA";"UOP01-DEL01-MA"
169363;2018-11-03;"sábado";"19:45:00";"RN";226;131,8;"CAMPO REDONDO";"Falta de Atenção à Condução";"Colisão frontal";"Com Vítimas Fatais";"Plena Noite";"Decrescente";"Céu Claro";"Simples";"Aclive";"Não";3;1;0;2;0;0;2;2;-6,218327;-36,167431;"SPRF-RN";"DEL03-RN";"UOP02-DEL03-RN"
169365;2018-11-03;"sábado";"20:30:00";"SP";381;49;"ATIBAIA";"Ingestão de Álcool";"Atropelamento de Pedestre";"Com Vítimas Feridas";"Plena Noite";"Crescente";"Céu Claro";"Simples";"Reta";"Sim";2;0;1;0;1;0;1;2;-23,22062615;-46,5954179;"SPRF-SP";"DEL03-SP";"UOP01-DEL03-SP"
169367;2018-10-20;"sábado";"00:00:00";"PR";476;154,5;"ARAUCARIA";"Falta de Atenção à Condução";"Colisão traseira";"Sem Vítimas";"Plena Noite";"Decrescente";"Nublado";"Dupla";"Aclive;Reta";"Sim";3;0;0;0;1;2;0;3;-25,584223;-49,401379;"SPRF-PR";"DEL01-PR";"UOP06-DEL01-PR"
169369;2018-11-03;"sábado";"19:50:00";"MG";262;431,3;"NOVA SERRANA";"Defeito Mecânico no Veículo";"Tombamento";"Com Vítimas Feridas";"Plena Noite";"Crescente";"Nublado";"Dupla";"Curva";"Não";1;0;1;0;0;0;1;1;-19,89393123;-44,88346338;"SPRF-MG";"DEL08-MG";"UOP03-DEL08-MG"
169370;2018-11-03;"sábado";"19:15:00";"MT";364;205;"RONDONOPOLIS";"Desobediência às normas de trânsito pelo condutor";"Colisão traseira";"Com Vítimas Feridas";"Plena Noite";"Crescente";"Nublado";"Dupla";"Reta";"Sim";2;0;1;0;1;0;1;2;-16,459299;-54,660919;"SPRF-MT";"DEL02-MT";"UOP01-DEL02-MT"
169371;2018-11-03;"sábado";"20:05:00";"RS";285;670;"SAO BORJA";"Ingestão de álcool e/ou substâncias psicoativas pelo pedestre";"Atropelamento de Pedestre";"Com Vítimas Feridas";"Plena Noite";"Crescente";"Céu Claro";"Simples";"Reta";"Não";2;0;1;0;1;0;1;2;-28,669565;-55,95982;"SPRF-RS";"DEL12-RS";"UOP01-DEL12-RS"
169372;2018-11-03;"sábado";"18:30:00";"CE";116;3;"FORTALEZA";"Falta de Atenção à Condução";"Colisão traseira";"Com Vítimas Feridas";"Plena Noite";"Decrescente";"Céu Claro";"Simples";"Interseção de Vias";"Sim";2;0;1;0;1;0;1;2;-3,7874;-38,5109;"SPRF-CE";"DEL01-CE";"UOP02-DEL01-CE"
169373;2018-11-03;"sábado";"19:00:00";"MG";381;782,5;"CAMPANHA";"Velocidade Incompatível";"Saída de leito carroçável";"Sem Vítimas";"Plena Noite";"Crescente";"Chuva";"Dupla";"Reta";"Não";2;0;0;0;0;2;0;2;-21,8331;-45,5012;"SPRF-MG";"DEL16-MG";"UOP02-DEL16-MG"
169374;2018-11-03;"sábado";"20:30:00";"CE";116;232,4;"ALTO SANTO";"Falta de Atenção à Condução";"Queda de ocupante de veículo";"Com Vítimas Fatais";"Plena Noite";"Crescente";"Céu Claro";"Simples";"Ponte";"Não";2;1;0;1;0;0;1;1;-5,395071;-38,232548;"SPRF-CE";"DEL03-CE";"UOP01-DEL03-CE"
169375;2018-11-03;"sábado";"18:15:00";"RJ";101;271,6;"RIO BONITO";"Falta de Atenção à Condução";"Tombamento";"Com Vítimas Feridas";"Pleno dia";"Decrescente";"Céu Claro";"Dupla";"Reta";"Sim";1;0;1;0;0;0;1;1;-22,72807693;-42,69791365;"SPRF-RJ";"DEL02-RJ";"UOP03-DEL02-RJ"
169376;2018-11-03;"sábado";"15:00:00";"MA";226;421;"GRAJAU";"Desobediência às normas de trânsito pelo condutor";"Colisão frontal";"Com Vítimas Feridas";"Pleno dia";"Crescente";"Céu Claro";"Simples";"Reta";"Sim";5;0;0;1;4;0;1;2;-5,82693137;-46,16875648;"SPRF-MA";"DEL04-MA";"UOP02-DEL04-MA"
169379;2018-11-03;"sábado";"20:44:00";"DF";70;7;"BRASILIA";"Ingestão de Álcool";"Atropelamento de Pedestre";"Com Vítimas Feridas";"Plena Noite";"Crescente";"Nublado";"Dupla";"Reta";"Não";3;0;0;1;1;1;1;3;-15,7853984;-48,12106133;"SPRF-DF";"DEL01-DF";"UOP02-DEL03-DF"
169380;2018-11-03;"sábado";"20:30:00";"PE";408;52;"NAZARE DA MATA";"Falta de Atenção à Condução";"Colisão frontal";"Com Vítimas Feridas";"Plena Noite";"Decrescente";"Céu Claro";"Simples";"Curva";"Sim";3;0;1;0;2;0;1;2;-7,75106109;-35,23256421;"SPRF-PE";"DEL01-PE";"UOP01-DEL01-PE"
169382;2018-11-03;"sábado";"21:00:00";"MG";40;275;"TRES MARIAS";"Restrição de Visibilidade";"Atropelamento de Pedestre";"Com Vítimas Feridas";"Plena Noite";"Decrescente";"Nublado";"Simples";"Reta";"Sim";4;0;3;0;0;1;3;2;-18,199532;-45,237633;"SPRF-MG";"DEL14-MG";"UOP02-DEL14-MG"
169385;2018-11-03;"sábado";"19:15:00";"MT";163;924;"ITAUBA";"Ingestão de Álcool";"Saída de leito carroçável";"Sem Vítimas";"Plena Noite";"Crescente";"Nublado";"Simples";"Reta";"Não";1;0;0;0;1;0;0;1;-11,07850145;-55,28379858;"SPRF-MT";"DEL06-MT";"UOP02-DEL06-MT"
169386;2018-11-03;"sábado";"21:15:00";"PR";376;192,9;"MARIALVA";"Mal Súbito";"Tombamento";"Com Vítimas Feridas";"Plena Noite";"Decrescente";"Céu Claro";"Dupla";"Reta";"Não";1;0;1;0;0;0;1;1;-23,49656;-51,80795;"SPRF-PR";"DEL07-PR";"UOP01-DEL09-PR"
169387;2018-11-03;"sábado";"21:25:00";"SP";116;55,8;"GUARATINGUETA";"Mal Súbito";"Tombamento";"Com Vítimas Feridas";"Plena Noite";"Decrescente";"Chuva";"Dupla";"Reta";"Não";1;0;1;0;0;0;1;1;-22,76834662;-45,12926102;"SPRF-SP";"DEL08-SP";"UOP01-DEL08-SP"
169388;2018-11-03;"sábado";"22:10:00";"SP";116;223;"GUARULHOS";"Ingestão de Álcool";"Queda de ocupante de veículo";"Com Vítimas Feridas";"Plena Noite";"Decrescente";"Garoa/Chuvisco";"Múltipla";"Reta";"Sim";1;0;1;0;0;0;1;1;-23,47848045;-46,52988911;"SPRF-SP";"DEL01-SP";"UOP01-DEL01-SP"
169389;2018-11-03;"sábado";"21:57:00";"DF";40;2,5;"BRASILIA";"Ingestão de Álcool";"Colisão lateral";"Sem Vítimas";"Plena Noite";"Crescente";"Nublado";"Dupla";"Reta";"Sim";2;0;0;0;2;0;0;2;-16,0729029;-47,9848746;"SPRF-DF";"DEL01-DF";"UOP01-DEL01-DF"
169390;2018-11-03;"sábado";"17:00:00";"RN";304;152,3;"ANGICOS";"Ingestão de Álcool";"Saída de leito carroçável";"Com Vítimas Feridas";"Anoitecer";"Crescente";"Céu Claro";"Simples";"Reta";"Não";1;0;1;0;0;0;1;1;-5,692399;-36,589134;"SPRF-RN";"DEL04-RN";"UOP01-DEL04-RN"
169391;2018-11-03;"sábado";"20:10:00";"RO";364;9;"VILHENA";"Ingestão de Álcool";"Colisão traseira";"Sem Vítimas";"Plena Noite";"Crescente";"Céu Claro";"Simples";"Reta";"Sim";3;0;0;0;3;0;0;2;-12,758801;-60,100178;"SPRF-RO";"DEL04-RO";"UOP01-DEL04-RO"
169392;2018-11-03;"sábado";"19:15:00";"MS";463;1,8;"DOURADOS";"Pista Escorregadia";"Tombamento";"Com Vítimas Feridas";"Plena Noite";"Decrescente";"Nublado";"Simples";"Reta";"Não";3;0;1;0;2;0;1;2;-22,25923222;-54,82457925;"SPRF-MS";"DEL04-MS";"UOP01-DEL04-MS"
169393;2018-11-03;"sábado";"18:30:00";"ES";262;147,5;"IBATIBA";"Falta de Atenção à Condução";"Colisão transversal";"Com Vítimas Feridas";"Anoitecer";"Decrescente";"Céu Claro";"Simples";"Reta";"Sim";3;0;0;1;2;0;1;2;-20,2145;-41,4264;"SPRF-ES";"DEL01-ES";"UOP02-DEL01-ES"
169394;2018-11-03;"sábado";"17:15:00";"MA";402;88,8;"HUMBERTO DE CAMPOS";"Falta de Atenção à Condução";"Tombamento";"Com Vítimas Fatais";"Pleno dia";"Crescente";"Céu Claro";"Simples";"Reta";"Não";13;1;7;1;0;4;8;1;-2,73112763;-43,64748001;"SPRF-MA";"DEL01-MA";"UOP01-DEL01-MA"
169395;2018-11-03;"sábado";"22:45:00";"SC";101;218;"PALHOCA";"Sinalização da via insuficiente ou inadequada";"Saída de leito carroçável";"Com Vítimas Feridas";"Pleno dia";"Decrescente";"Céu Claro";"Múltipla";"Reta";"Não";4;0;2;0;2;0;2;1;-27,6854;-48,6664;"SPRF-SC";"DEL01-SC";"UOP02-DEL01-SC"
169396;2018-11-03;"sábado";"22:20:00";"SC";101;316,5;"PESCARIA BRAVA";"Ingestão de Álcool";"Saída de leito carroçável";"Sem Vítimas";"Plena Noite";"Crescente";"Chuva";"Simples";"Reta";"Não";1;0;0;0;1;0;0;1;-28,42488243;-48,85671616;"SPRF-SC";"DEL02-SC";"UOP01-DEL02-SC"
169398;2018-11-03;"sábado";"23:00:00";"MG";40;483;"SETE LAGOAS";"Condutor Dormindo";"Saída de leito carroçável";"Com Vítimas Fatais";"Plena Noite";"Crescente";"Céu Claro";"Múltipla";"Curva";"Não";1;1;0;0;0;0;0;1;-19,5774;-44,2292;"SPRF-MG";"DEL02-MG";"UOP01-DEL02-MG"
169399;2018-11-03;"sábado";"20:40:00";"RJ";116;117;"MAGE";"Velocidade Incompatível";"Saída de leito carroçável";"Sem Vítimas";"Plena Noite";"Decrescente";"Céu Claro";"Dupla";"Reta";"Não";1;0;0;0;0;1;0;1;-22,64076795;-43,06274705;"SPRF-RJ";"DEL04-RJ";"UOP02-DEL04-RJ"
169400;2018-11-03;"sábado";"23:20:00";"PE";408;82,3;"PAUDALHO";"Falta de Atenção à Condução";"Colisão frontal";"Com Vítimas Feridas";"Plena Noite";"Decrescente";"Nublado";"Simples";"Reta";"Sim";2;0;1;0;1;0;1;2;-7,94321129;-35,12090385;"SPRF-PE";"DEL01-PE";"UOP01-DEL01-PE"
169403;2018-11-03;"sábado";"22:50:00";"GO";40;114;"CRISTALINA";"Condutor Dormindo";"Saída de leito carroçável";"Com Vítimas Feridas";"Plena Noite";"Decrescente";"Nublado";"Dupla";"Reta";"Não";1;0;1;0;0;0;1;1;-16,845156;-47,47561;"SPRF-DF";"DEL01-DF";"UOP02-DEL01-DF"
169404;2018-11-03;"sábado";"23:00:00";"PA";230;127;"MARABA";"Falta de Atenção à Condução";"Colisão traseira";"Com Vítimas Fatais";"Plena Noite";"Decrescente";"Céu Claro";"Simples";"Reta";"Não";1;1;0;0;0;0;0;1;-5,374524;-49,159721;"SPRF-PA";"DEL03-PA";"UOP01-DEL03-PA"
169405;2018-11-03;"sábado";"21:13:00";"BA";242;402;"SEABRA";"Ingestão de álcool e/ou substâncias psicoativas pelo pedestre";"Atropelamento de Pedestre";"Com Vítimas Feridas";"Plena Noite";"Crescente";"Céu Claro";"Simples";"Reta";"Não";3;0;2;1;0;0;3;2;-12,42839;-41,76051;"SPRF-BA";"DEL10-BA";"UOP03-DEL06-BA"
169406;2018-11-03;"sábado";"23:20:00";"SP";153;120;"UBARANA";"Ingestão de Álcool";"Colisão transversal";"Com Vítimas Feridas";"Plena Noite";"Crescente";"Nublado";"Simples";"Interseção de Vias";"Sim";2;0;1;0;1;0;1;2;-21,16792457;-49,71397161;"SPRF-SP";"DEL09-SP";"UOP01-DEL09-SP"
169407;2018-11-03;"sábado";"22:40:00";"MS";262;345,9;"CAMPO GRANDE";"Falta de Atenção do Pedestre";"Atropelamento de Pedestre";"Com Vítimas Fatais";"Plena Noite";"Crescente";"Nublado";"Simples";"Curva";"Sim";2;1;1;0;0;0;1;2;-20,57118234;-54,59648252;"SPRF-MS";"DEL01-MS";"UOP03-DEL01-MS"
169408;2018-11-03;"sábado";"22:00:00";"BA";101;590,8;"CAMACAN";"Falta de Atenção à Condução";"Queda de ocupante de veículo";"Com Vítimas Feridas";"Plena Noite";"Decrescente";"Céu Claro";"Simples";"Rotatória";"Não";1;0;0;1;0;0;1;1;-15,42951;-39,446779;"SPRF-BA";"DEL05-BA";"UOP02-DEL05-BA"
169409;2018-11-04;"domingo";"01:00:00";"PR";369;74,7;"SANTA MARIANA";"Ingestão de Álcool";"Saída de leito carroçável";"Sem Vítimas";"Plena Noite";"Crescente";"Céu Claro";"Simples";"Reta";"Não";1;0;0;0;1;0;0;1;-23,149458;-50,531055;"SPRF-PR";"DEL07-PR";"UOP05-DEL07-PR"
169410;2018-11-04;"domingo";"01:45:00";"SC";282;510,1;"XANXERE";"Ingestão de Álcool";"Saída de leito carroçável";"Sem Vítimas";"Plena Noite";"Crescente";"Nublado";"Simples";"Reta";"Não";1;0;0;0;1;0;0;1;-26,89530085;-52,46256698;"SPRF-SC";"DEL07-SC";"UOP01-DEL07-SC"
169411;2018-11-03;"sábado";"23:00:00";"PR";116;96;"SAO JOSE DOS PINHAIS";"Ingestão de Álcool";"Colisão lateral";"Sem Vítimas";"Plena Noite";"Crescente";"Nublado";"Dupla";"Reta";"Não";2;0;0;0;2;0;0;2;-25,5174508;-49,13246852;"SPRF-PR";"DEL01-PR";"UOP01-DEL01-PR"
169412;2018-11-03;"sábado";"23:10:00";"PI";343;335,7;"TERESINA";"Restrição de Visibilidade";"Saída de leito carroçável";"Com Vítimas Feridas";"Plena Noite";"Crescente";"Garoa/Chuvisco";"Simples";"Curva";"Sim";1;0;1;0;0;0;1;1;-5,06295559;-42,69982338;"SPRF-PI";"DEL01-PI";"UOP01-DEL01-PI"
169413;2018-11-03;"sábado";"20:15:00";"AM";230;616;"HUMAITA";"Falta de Atenção à Condução";"Colisão traseira";"Com Vítimas Feridas";"Plena Noite";"Decrescente";"Céu Claro";"Simples";"Reta";"Não";2;0;0;1;0;1;1;2;-7,54154914;-63,0633831;"SPRF-RO";"DEL01-RO";"UOP05-DEL01-AM"
169414;2018-11-03;"sábado";"23:15:00";"RJ";465;11,4;"SEROPEDICA";"Falta de Atenção à Condução";"Colisão transversal";"Com Vítimas Feridas";"Plena Noite";"Decrescente";"Chuva";"Simples";"Reta";"Sim";3;0;2;1;0;0;3;2;-22,78726037;-43,65486145;"SPRF-RJ";"DEL01-RJ";"UOP03-DEL01-RJ"
169415;2018-11-03;"sábado";"21:00:00";"RS";116;91,3;"CAMPESTRE DA SERRA";"Velocidade Incompatível";"Saída de leito carroçável";"Com Vítimas Feridas";"Plena Noite";"Crescente";"Nublado";"Simples";"Curva";"Não";1;0;1;0;0;0;1;1;-28,86812774;-51,12522125;"SPRF-RS";"DEL05-RS";"UOP03-DEL05-RS"
169416;2018-11-03;"sábado";"23:00:00";"RJ";493;19;"MAGE";"Sinalização da via insuficiente ou inadequada";"Colisão com objeto estático";"Com Vítimas Feridas";"Plena Noite";"Decrescente";"Chuva";"Simples";"Reta";"Sim";1;0;1;0;0;0;1;1;-22,66506622;-43,03025007;"SPRF-RJ";"DEL04-RJ";"UOP02-DEL04-RJ"
169417;2018-11-04;"domingo";"01:30:00";"BA";116;15,1;"VITORIA DA CONQUISTA";"Desobediência às normas de trânsito pelo condutor";"Colisão frontal";"Com Vítimas Feridas";"Plena Noite";"Decrescente";"Céu Claro";"Simples";"Reta";"Não";4;0;1;2;1;0;3;2;-14,897857;-40,857848;"SPRF-BA";"DEL08-BA";"UOP01-DEL08-BA"
169418;2018-11-03;"sábado";"22:30:00";"SC";116;39,4;"PAPANDUVA";"Objeto estático sobre o leito carroçável";"Colisão com objeto estático";"Sem Vítimas";"Plena Noite";"Decrescente";"Garoa/Chuvisco";"Simples";"Reta";"Não";3;0;0;0;3;0;0;1;-26,39325;-50,155151;"SPRF-SC";"DEL06-SC";"UOP01-DEL06-SC"
169419;2018-11-04;"domingo";"01:40:00";"MG";40;557;"NOVA LIMA";"Velocidade Incompatível";"Saída de leito carroçável";"Com Vítimas Feridas";"Plena Noite";"Crescente";"Céu Claro";"Dupla";"Curva";"Sim";1;0;1;0;0;0;1;1;-20,1116;-43,9714;"SPRF-MG";"DEL01-MG";"UOP02-DEL01-MG"
169420;2018-11-04;"domingo";"01:50:00";"RJ";40;72;"PETROPOLIS";"Defeito Mecânico no Veículo";"Capotamento";"Com Vítimas Feridas";"Plena Noite";"Decrescente";"Nevoeiro/Neblina";"Dupla";"Curva";"Não";6;0;5;0;1;0;5;1;-22,461298;-43,2211343;"SPRF-RJ";"DEL06-RJ";"UOP01-DEL06-RJ"
169421;2018-11-04;"domingo";"01:25:00";"MG";262;53,6;"MANHUACU";"Ingestão de Álcool";"Saída de leito carroçável";"Com Vítimas Feridas";"Plena Noite";"Decrescente";"Nublado";"Simples";"Reta";"Não";4;0;2;1;0;1;3;2;-20,253708;-42,159878;"SPRF-MG";"DEL06-MG";"UOP03-DEL06-MG"
169422;2018-11-04;"domingo";"01:30:00";"BA";116;25;"VITORIA DA CONQUISTA";"Ingestão de Álcool";"Saída de leito carroçável";"Com Vítimas Feridas";"Plena Noite";"Decrescente";"Céu Claro";"Dupla";"Interseção de Vias";"Não";2;0;0;2;0;0;2;1;-14,859996;-40,799098;"SPRF-BA";"DEL08-BA";"UOP01-DEL08-BA"
169424;2018-11-04;"domingo";"03:20:00";"RJ";116;126;"MAGE";"Velocidade Incompatível";"Saída de leito carroçável";"Com Vítimas Feridas";"Plena Noite";"Decrescente";"Chuva";"Dupla";"Curva";"Não";2;0;0;1;1;0;1;1;-22,65947128;-43,11679892;"SPRF-RJ";"DEL04-RJ";"UOP02-DEL04-RJ"
169425;2018-11-04;"domingo";"01:55:00";"MT";163;727,2;"SORRISO";"Ingestão de Álcool";"Colisão frontal";"Com Vítimas Feridas";"Plena Noite";"Crescente";"Chuva";"Simples";"Reta";"Não";2;0;2;0;0;0;2;2;-12,74785114;-55,83269119;"SPRF-MT";"DEL06-MT";"UOP01-DEL06-MT"
169426;2018-11-03;"sábado";"22:00:00";"MG";381;163,9;"GOVERNADOR VALADARES";"Velocidade Incompatível";"Saída de leito carroçável";"Com Vítimas Feridas";"Plena Noite";"Crescente";"Céu Claro";"Simples";"Curva";"Não";2;0;0;2;0;0;2;1;-18,92459612;-42,0195508;"SPRF-MG";"DEL06-MG";"UOP01-DEL06-MG"
169427;2018-11-04;"domingo";"01:00:00";"MG";50;85,1;"UBERLANDIA";"Falta de Atenção à Condução";"Saída de leito carroçável";"Com Vítimas Fatais";"Plena Noite";"Decrescente";"Nublado";"Dupla";"Reta";"Não";4;1;0;3;0;0;3;1;-19,00824269;-48,20972443;"SPRF-MG";"DEL15-MG";"UOP01-DEL15-MG"