"id";"data_inversa";"dia_semana";"horario";"uf";"br";"km";"municipio";"causa_acidente";"tipo_acidente";"classificacao_acidente";"fase_dia";"sentido_via";"condicao_metereologica";"tipo_pista";"tracado_via";"uso_solo";"pessoas";"mortos";"feridos_leves";"feridos_graves";"ilesos";"ignorados";"feridos";"veiculos";"latitude";"longitude";"regional";"delegacia";"uop"
169637;2018-11-04;"domingo";"23:30:00";"RJ";40;116;"DUQUE DE CAXIAS";"Falta de Atenção à Condução";"Colisão lateral";"Com Vítimas Feridas";"Plena Noite";"Decrescente";"Chuva";"Múltipla";"Reta";"Sim";1;0;1;0;0;0;1;1;-22,74049551;-43,28819275;"SPRF-RJ";"DEL01-RJ";"UOP01-DEL01-RJ"
169638;2018-11-04;"domingo";"21:45:00";"BA";101;374;"GANDU";"Animais na Pista";"Atropelamento de Animal";"Com Vítimas Feridas";"Plena Noite";"Decrescente";"Céu Claro";"Simples";"Reta";"Não";2;0;1;0;1;0;1;1;-13,8154;-39,4968;"SPRF-BA";"DEL05-BA";"UOP03-DEL05-BA"
169639;2018-11-04;"domingo";"23:15:00";"MG";116;110,4;"ITAOBIM";"Falta de Atenção à Condução";"Colisão traseira";"Com Vítimas Feridas";"Plena Noite";"Crescente";"Nublado";"Simples";"Curva";"Não";5;0;2;1;1;1;3;3;-16,51509944;-41,50634766;"SPRF-MG";"DEL11-MG";"UOP02-DEL11-MG"
169641;2018-11-04;"domingo";"22:00:00";"AL";104;11,9;"SAO JOSE DA LAJE";"Sinalização da via insuficiente ou inadequada";"Saída de leito carroçável";"Com Vítimas Feridas";"Plena Noite";"Decrescente";"Céu Claro";"Simples";"Declive";"Não";4;0;1;0;3;0;1;1;-8,99266793;-36,02807522;"SPRF-AL";"DEL01-AL";"UOP02-DEL01-AL"
169642;2018-11-04;"domingo";"20:10:00";"RO";364;570;"ITAPUA DO OESTE";"Falta de Atenção à Condução";"Colisão com objeto estático";"Com Vítimas Feridas";"Plena Noite";"Crescente";"Céu Claro";"Simples";"Ponte";"Sim";7;0;7;0;0;0;7;1;-9,480047;-63,101891;"SPRF-RO";"DEL03-RO";"UOP04-DEL01-RO"
169643;2018-11-05;"segunda-feira";"00:20:00";"SC";282;69,7;"RANCHO QUEIMADO";"Velocidade Incompatível";"Saída de leito carroçável";"Com Vítimas Feridas";"Plena Noite";"Decrescente";"Garoa/Chuvisco";"Simples";"Curva";"Não";4;0;4;0;0;0;4;1;-27,690144;-49,083813;"SPRF-SC";"DEL01-SC";"UOP03-DEL01-SC"
169644;2018-11-05;"segunda-feira";"00:00:00";"TO";153;346,7;"GUARAI";"Desobediência às normas de trânsito pelo condutor";"Colisão transversal";"Com Vítimas Fatais";"Plena Noite";"Crescente";"Garoa/Chuvisco";"Simples";"Curva;Interseção de Vias";"Não";22;1;0;0;21;0;0;2;-8,943845;-48,503593;"SPRF-TO";"DEL02-TO";"UOP02-DEL02-TO"
169646;2018-11-05;"segunda-feira";"01:25:00";"SC";470;2,4;"NAVEGANTES";"Sinalização da via insuficiente ou inadequada";"Saída de leito carroçável";"Com Vítimas Fatais";"Plena Noite";"Decrescente";"Nublado";"Simples";"Desvio Temporário";"Sim";4;2;1;1;0;0;2;2;-26,868551;-48,674831;"SPRF-SC";"DEL04-SC";"UOP04-DEL04-SC"
169647;2018-11-05;"segunda-feira";"00:15:00";"PI";316;11;"TERESINA";"Desobediência às normas de trânsito pelo condutor";"Colisão frontal";"Com Vítimas Feridas";"Plena Noite";"Crescente";"Céu Claro";"Simples";"Reta";"Sim";2;0;0;1;1;0;1;2;-5,25301655;-42,70904548;"SPRF-PI";"DEL01-PI";"UOP02-DEL01-PI"
169648;2018-11-04;"domingo";"22:00:00";"ES";101;146,2;"LINHARES";"Ingestão de Álcool";"Colisão lateral";"Com Vítimas Feridas";"Plena Noite";"Decrescente";"Céu Claro";"Múltipla";"Reta";"Sim";7;0;5;1;1;0;6;2;-19,37184781;-40,06559908;"SPRF-ES";"DEL04-ES";"UOP01-DEL04-ES"
169649;2018-11-05;"segunda-feira";"00:50:00";"SC";470;174,6;"POUSO REDONDO";"Desobediência às normas de trânsito pelo condutor";"Colisão transversal";"Com Vítimas Feridas";"Plena Noite";"Decrescente";"Nublado";"Simples";"Reta";"Sim";3;0;1;0;2;0;1;2;-27,25707598;-49,93471742;"SPRF-SC";"DEL04-SC";"UOP02-DEL04-SC"
169651;2018-11-05;"segunda-feira";"00:45:00";"PB";101;83,9;"BAYEUX";"Condutor Dormindo";"Saída de leito carroçável";"Com Vítimas Fatais";"Plena Noite";"Crescente";"Céu Claro";"Dupla";"Reta";"Não";1;1;0;0;0;0;0;1;-7,139697;-34,923043;"SPRF-PB";"DEL01-PB";"UOP01-DEL01-PB"
169653;2018-11-05;"segunda-feira";"01:00:00";"SC";280;72;"JARAGUA DO SUL";"Falta de Atenção à Condução";"Saída de leito carroçável";"Com Vítimas Feridas";"Plena Noite";"Decrescente";"Nublado";"Simples";"Reta;Declive";"Não";1;0;1;0;0;0;1;1;-26,45950861;-49,14358377;"SPRF-SC";"DEL03-SC";"UOP03-DEL03-SC"
169655;2018-11-05;"segunda-feira";"03:20:00";"SP";116;38;"CACHOEIRA PAULISTA";"Desobediência às normas de trânsito pelo condutor";"Colisão com objeto estático";"Com Vítimas Feridas";"Plena Noite";"Decrescente";"Chuva";"Dupla";"Curva";"Não";1;0;1;0;0;0;1;1;-22,670286;-44,991985;"SPRF-SP";"DEL08-SP";"UOP02-DEL08-SP"
169657;2018-11-05;"segunda-feira";"01:25:00";"SC";101;49,2;"JOINVILLE";"Ingestão de Álcool";"Saída de leito carroçável";"Com Vítimas Feridas";"Plena Noite";"Crescente";"Nublado";"Dupla";"Reta";"Não";1;0;1;0;0;0;1;1;-26,38871734;-48,84598732;"SPRF-SC";"DEL03-SC";"UOP01-DEL03-SC"
169658;2018-11-05;"segunda-feira";"02:50:00";"MG";381;509;"SAO JOAQUIM DE BICAS";"Ingestão de Álcool";"Colisão lateral";"Sem Vítimas";"Amanhecer";"Crescente";"Céu Claro";"Dupla";"Curva";"Não";2;0;0;0;2;0;0;2;-20,0553;-44,2849;"SPRF-MG";"DEL01-MG";"UOP03-DEL01-MG"
169662;2018-11-05;"segunda-feira";"03:30:00";"SP";116;517,9;"CAJATI";"Pista Escorregadia";"Queda de ocupante de veículo";"Com Vítimas Feridas";"Plena Noite";"Crescente";"Garoa/Chuvisco";"Simples";"Curva;Aclive";"Não";2;0;2;0;0;0;2;1;-24,88285484;-48,2278347;"SPRF-SP";"DEL05-SP";"UAP01-DEL05-SP"
169663;2018-11-05;"segunda-feira";"05:00:00";"MG";381;504,9;"BETIM";"Falta de Atenção à Condução";"Tombamento";"Com Vítimas Feridas";"Plena Noite";"Decrescente";"Nublado";"Dupla";"Reta";"Sim";1;0;0;1;0;0;1;1;-20,0354;-44,244;"SPRF-MG";"DEL01-MG";"UOP03-DEL01-MG"
169664;2018-11-05;"segunda-feira";"05:10:00";"SC";101;363,5;"SANGAO";"Falta de Atenção à Condução";"Colisão traseira";"Sem Vítimas";"Plena Noite";"Crescente";"Céu Claro";"Múltipla";"Aclive";"Não";5;0;0;0;5;0;0;2;-28,67648064;-49,13137418;"SPRF-SC";"DEL02-SC";"UOP01-DEL02-SC"
169665;2018-11-05;"segunda-feira";"05:30:00";"RS";470;217,8;"BENTO GONCALVES";"Falta de Atenção à Condução";"Colisão transversal";"Com Vítimas Feridas";"Plena Noite";"Crescente";"Céu Claro";"Simples";"Reta";"Sim";2;0;1;0;1;0;1;2;-29,1825899;-51,51997805;"SPRF-RS";"DEL06-RS";"UOP01-DEL06-RS"
169666;2018-11-05;"segunda-feira";"05:10:00";"MT";364;248;"JUSCIMEIRA";"Falta de Atenção à Condução";"Queda de ocupante de veículo";"Com Vítimas Feridas";"Amanhecer";"Crescente";"Ignorado";"Dupla";"Desvio Temporário";"Não";2;0;2;0;0;0;2;1;-16,130329;-54,838242;"SPRF-MT";"DEL02-MT";"UOP01-DEL02-MT"
169667;2018-11-05;"segunda-feira";"04:30:00";"PB";230;96,6;"MOGEIRO";"Falta de Atenção à Condução";"Queda de ocupante de veículo";"Com Vítimas Feridas";"Plena Noite";"Decrescente";"Céu Claro";"Dupla";"Reta";"Não";1;0;0;1;0;0;1;1;-7,19137792;-35,47189199;"SPRF-PB";"DEL01-PB";"UOP03-DEL01-PB"
169668;2018-11-05;"segunda-feira";"06:35:00";"MG";381;483,6;"BETIM";"Falta de Atenção à Condução";"Colisão traseira";"Com Vítimas Feridas";"Pleno dia";"Decrescente";"Céu Claro";"Dupla";"Reta";"Sim";2;0;2;0;0;0;2;1;-19,9596;-44,0877;"SPRF-MG";"DEL01-MG";"UOP03-DEL01-MG"
169669;2018-11-05;"segunda-feira";"06:30:00";"SC";470;10;"NAVEGANTES";"Falta de Atenção à Condução";"Colisão transversal";"Com Vítimas Feridas";"Pleno dia";"Crescente";"Nublado";"Simples";"Interseção de Vias";"Não";2;0;1;0;1;0;1;2;-26,83372134;-48,73206049;"SPRF-SC";"DEL04-SC";"UOP04-DEL04-SC"
169672;2018-11-05;"segunda-feira";"07:10:00";"DF";40;5;"BRASILIA";"Desobediência às normas de trânsito pelo condutor";"Atropelamento de Pedestre";"Com Vítimas Feridas";"Pleno dia";"Decrescente";"Céu Claro";"Dupla";"Reta";"Sim";3;0;1;0;1;1;1;2;-16,020903;-47,980541;"SPRF-DF";"DEL01-DF";"UOP01-DEL01-DF"
169674;2018-11-05;"segunda-feira";"06:15:00";"MT";163;1039;"MATUPA";"Falta de Atenção à Condução";"Colisão transversal";"Com Vítimas Feridas";"Amanhecer";"Crescente";"Céu Claro";"Dupla";"Rotatória";"Sim";2;0;0;1;1;0;1;2;-10;-54;"SPRF-MT";"DEL06-MT";"UOP02-DEL06-MT"
169675;2018-11-05;"segunda-feira";"06:35:00";"CE";222;3,6;"FORTALEZA";"Desobediência às normas de trânsito pelo condutor";"Colisão traseira";"Com Vítimas Feridas";"Pleno dia";"Decrescente";"Céu Claro";"Múltipla";"Reta";"Sim";3;0;1;0;2;0;1;3;-3,74109649;-38,60089302;"SPRF-CE";"DEL01-CE";"UOP01-DEL01-CE"
169676;2018-11-04;"domingo";"19:15:00";"MG";381;188,5;"PERIQUITO";"Velocidade Incompatível";"Colisão com objeto estático";"Com Vítimas Feridas";"Plena Noite";"Crescente";"Garoa/Chuvisco";"Simples";"Curva";"Não";1;0;0;1;0;0;1;1;-19,06584955;-42,16986179;"SPRF-MG";"DEL06-MG";"UOP01-DEL06-MG"
169677;2018-11-05;"segunda-feira";"06:30:00";"PR";476;174;"CONTENDA";"Falta de Atenção à Condução";"Saída de leito carroçável";"Com Vítimas Feridas";"Pleno dia";"Crescente";"Nublado";"Simples";"Reta";"Não";1;0;1;0;0;0;1;1;-25,685408;-49,535042;"SPRF-PR";"DEL01-PR";"UOP06-DEL01-PR"
169678;2018-11-04;"domingo";"21:35:00";"RO";319;61;"PORTO VELHO";"Falta de Atenção à Condução";"Colisão com objeto em movimento";"Com Vítimas Feridas";"Plena Noite";"Crescente";"Céu Claro";"Múltipla";"Reta";"Sim";2;0;1;0;1;0;1;2;-8,74648121;-63,8888669;"SPRF-RO";"DEL01-RO";"UOP01-DEL01-RO"
169679;2018-11-05;"segunda-feira";"07:10:00";"SC";101;40,1;"JOINVILLE";"Ultrapassagem Indevida";"Colisão lateral";"Com Vítimas Feridas";"Pleno dia";"Decrescente";"Céu Claro";"Dupla";"Reta";"Sim";2;0;0;1;1;0;1;2;-26,31092023;-48,87688618;"SPRF-SC";"DEL03-SC";"UOP01-DEL03-SC"
169680;2018-11-05;"segunda-feira";"07:30:00";"MG";381;346;"BELA VISTA DE MINAS";"Pista Escorregadia";"Colisão com objeto estático";"Com Vítimas Feridas";"Pleno dia";"Decrescente";"Chuva";"Simples";"Curva";"Não";4;0;2;0;2;0;2;1;-19,83482128;-43,0963397;"SPRF-MG";"DEL03-MG";"UOP01-DEL03-MG"
169683;2018-11-05;"segunda-feira";"07:45:00";"SP";116;224;"GUARULHOS";"Não guardar distância de segurança";"Queda de ocupante de veículo";"Com Vítimas Feridas";"Pleno dia";"Decrescente";"Céu Claro";"Múltipla";"Reta";"Sim";2;0;1;0;0;1;1;2;-23,48271184;-46,53576851;"SPRF-SP";"DEL01-SP";"UOP01-DEL01-SP"
169684;2018-11-05;"segunda-feira";"06:50:00";"MT";364;496;"CUIABA";"Falta de Atenção à Condução";"Colisão frontal";"Com Vítimas Feridas";"Pleno dia";"Decrescente";"Céu Claro";"Simples";"Reta";"Não";3;0;1;1;1;0;2;2;-15,67004926;-55,95109463;"SPRF-MT";"DEL01-MT";"DEL2/4-UOP02/MT"
169685;2018-11-05;"segunda-feira";"07:45:00";"RS";116;264;"CANOAS";"Falta de Atenção à Condução";"Colisão traseira";"Com Vítimas Feridas";"Pleno dia";"Decrescente";"Céu Claro";"Múltipla";"Reta";"Sim";3;0;2;0;1;0;2;2;-29,91517836;-51,17764235;"SPRF-RS";"DEL01-RS";"UOP01-DEL01-RS"
169686;2018-11-05;"segunda-feira";"07:30:00";"SP";153;71;"SAO JOSE DO RIO PRETO";"Pista Escorregadia";"Tombamento";"Com Vítimas Feridas";"Pleno dia";"Decrescente";"Nublado";"Simples";"Em Obras;Desvio Temporário";"Não";2;0;2;0;0;0;2;1;-20,858019;-49,406662;"SPRF-SP";"DEL09-SP";"UOP01-DEL09-SP"
169687;2018-11-05;"segunda-feira";"05:10:00";"PE";101;112,1;"CABO DE SANTO AGOSTINHO";"Objeto estático sobre o leito carroçável";"Colisão com objeto estático";"Com Vítimas Feridas";"Amanhecer";"Decrescente";"Nublado";"Dupla";"Curva";"Não";5;0;3;0;1;1;3;1;-8,33024;-35,12289;"SPRF-PE";"DEL01-PE";"UOP03-DEL01-PE"
169688;2018-11-05;"segunda-feira";"07:10:00";"RN";226;48,9;"BOM JESUS";"Falta de Atenção à Condução";"Colisão traseira";"Sem Vítimas";"Pleno dia";"Crescente";"Céu Claro";"Simples";"Reta";"Sim";3;0;0;0;3;0;0;3;-5,988955;-35,592525;"SPRF-RN";"DEL01-RN";"UOP02-DEL01-RN"
169690;2018-11-05;"segunda-feira";"07:30:00";"MG";381;333;"NOVA ERA";"Desobediência às normas de trânsito pelo pedestre";"Saída de leito carroçável";"Com Vítimas Feridas";"Pleno dia";"Crescente";"Chuva";"Dupla";"Curva";"Não";3;0;1;2;0;0;3;1;-19,7784;-43,0437;"SPRF-MG";"DEL03-MG";"UOP01-DEL03-MG"
169692;2018-11-05;"segunda-feira";"08:00:00";"ES";101;269,5;"SERRA";"Falta de Atenção à Condução";"Colisão transversal";"Com Vítimas Feridas";"Pleno dia";"Crescente";"Chuva";"Múltipla";"Reta";"Sim";2;0;0;1;1;0;1;2;-20,22098591;-40,27028918;"SPRF-ES";"DEL02-ES";"UOP01-DEL02-ES"
169694;2018-11-05;"segunda-feira";"08:00:00";"ES";101;420,4;"CACHOEIRO DE ITAPEMIRIM";"Defeito Mecânico no Veículo";"Tombamento";"Com Vítimas Feridas";"Pleno dia";"Decrescente";"Chuva";"Simples";"Curva";"Não";2;0;2;0;0;0;2;1;-20,9732914;-41,11055637;"SPRF-ES";"DEL03-ES";"UOP02-DEL03-ES"
169695;2018-11-05;"segunda-feira";"07:45:00";"PR";476;274,3;"SAO MATEUS DO SUL";"Falta de Atenção à Condução";"Colisão transversal";"Com Vítimas Feridas";"Pleno dia";"Decrescente";"Céu Claro";"Simples";"Interseção de Vias";"Não";2;0;1;0;1;0;1;2;-25,89119123;-50,37981674;"SPRF-PR";"DEL02-PR";"UOP04-DEL02-PR"
169696;2018-11-05;"segunda-feira";"08:00:00";"MG";40;443,9;"PARAOPEBA";"Velocidade Incompatível";"Saída de leito carroçável";"Com Vítimas Feridas";"Pleno dia";"Crescente";"Chuva";"Dupla";"Curva";"Não";3;0;2;0;1;0;2;1;-19,289;-44,411;"SPRF-MG";"DEL02-MG";"UOP01-DEL02-MG"
169697;2018-11-05;"segunda-feira";"08:25:00";"SC";101;337,9;"TUBARAO";"Falta de Atenção à Condução";"Colisão com objeto estático";"Com Vítimas Feridas";"Pleno dia";"Crescente";"Céu Claro";"Dupla";"Declive;Curva;Viaduto";"Não";1;0;1;0;0;0;1;1;-28,49558174;-49,04385388;"SPRF-SC";"DEL02-SC";"UOP01-DEL02-SC"
169698;2018-11-05;"segunda-feira";"08:30:00";"SP";153;61;"SAO JOSE DO RIO PRETO";"Defeito na Via";"Tombamento";"Com Vítimas Feridas";"Pleno dia";"Crescente";"Nublado";"Dupla";"Rotatória;Interseção de Vias";"Sim";2;0;2;0;0;0;2;1;-20,805029;-49,355747;"SPRF-SP";"DEL09-SP";"UOP01-DEL09-SP"
169701;2018-11-05;"segunda-feira";"08:25:00";"SC";101;193;"BIGUACU";"Mal Súbito";"Colisão com objeto estático";"Com Vítimas Feridas";"Pleno dia";"Decrescente";"Céu Claro";"Dupla";"Curva";"Sim";1;0;1;0;0;0;1;1;-27,4982;-48,6565;"SPRF-SC";"DEL01-SC";"UOP01-DEL01-SC"
169702;2018-11-05;"segunda-feira";"08:50:00";"MG";381;347;"BELA VISTA DE MINAS";"Pista Escorregadia";"Saída de leito carroçável";"Com Vítimas Feridas";"Pleno dia";"Decrescente";"Chuva";"Simples";"Curva";"Não";1;0;1;0;0;0;1;1;-19,84172429;-43,09986949;"SPRF-MG";"DEL03-MG";"UOP01-DEL03-MG"
169703;2018-11-05;"segunda-feira";"07:40:00";"PE";408;73,6;"PAUDALHO";"Defeito Mecânico no Veículo";"Colisão com objeto estático";"Com Vítimas Feridas";"Pleno dia";"Crescente";"Céu Claro";"Dupla";"Curva";"Sim";1;0;1;0;0;0;1;1;-7,894802;-35,17335;"SPRF-PE";"DEL01-PE";"UOP01-DEL01-PE"
169704;2018-11-05;"segunda-feira";"08:40:00";"RS";290;86,3;"PORTO ALEGRE";"Falta de Atenção à Condução";"Colisão lateral";"Com Vítimas Feridas";"Pleno dia";"Crescente";"Céu Claro";"Dupla";"Reta";"Sim";2;0;1;0;1;0;1;2;-29,96785003;-51,1219275;"SPRF-RS";"DEL01-RS";"UOP01-DEL01-RS"
169705;2018-11-05;"segunda-feira";"08:30:00";"PR";476;122;"CURITIBA";"Falta de Atenção à Condução";"Colisão lateral";"Com Vítimas Feridas";"Pleno dia";"Crescente";"Céu Claro";"Dupla";"Reta";"Sim";2;0;1;0;1;0;1;2;-25,385775;-49,203377;"SPRF-PR";"DEL01-PR";"UOP01-DEL01-PR"
169706;2018-11-05;"segunda-feira";"06:50:00";"MT";70;7;"BARRA DO GARCAS";"Falta de Atenção à Condução";"Tombamento";"Com Vítimas Feridas";"Pleno dia";"Crescente";"Céu Claro";"Simples";"Reta";"Sim";1;0;1;0;0;0;1;1;-15,87763463;-52,31428742;"SPRF-MT";"DEL07-MT";"UOP01-DEL07-MT"
169709;2018-11-05;"segunda-feira";"07:50:00";"MT";163;710;"SORRISO";"Avarias e/ou desgaste excessivo no pneu";"Saída de leito carroçável";"Com Vítimas Feridas";"Pleno dia";"Decrescente";"Nublado";"Simples";"Reta";"Não";1;0;1;0;0;0;1;1;-12,95036004;-55,86702347;"SPRF-MT";"DEL06-MT";"UOP01-DEL06-MT"
169710;2018-11-05;"segunda-feira";"09:00:00";"SC";101;44,6;"JOINVILLE";"Desobediência às normas de trânsito pelo condutor";"Colisão traseira";"Com Vítimas Feridas";"Pleno dia";"Crescente";"Garoa/Chuvisco";"Dupla";"Reta";"Sim";2;0;1;0;0;1;1;2;-26,34986362;-48,85746717;"SPRF-SC";"DEL03-SC";"UOP01-DEL03-SC"
169712;2018-11-05;"segunda-feira";"09:00:00";"RS";392;16,9;"RIO GRANDE";"Falta de Atenção à Condução";"Colisão traseira";"Sem Vítimas";"Pleno dia";"Decrescente";"Céu Claro";"Dupla";"Reta";"Sim";3;0;0;0;3;0;0;2;-32,10244;-52,163475;"SPRF-RS";"DEL07-RS";"UOP02-DEL07-RS"
169716;2018-11-05;"segunda-feira";"08:50:00";"PR";376;8;"MANDAGUARI";"Falta de Atenção à Condução";"Colisão transversal";"Com Vítimas Feridas";"Pleno dia";"Decrescente";"Céu Claro";"Simples";"Interseção de Vias";"Sim";2;0;1;0;1;0;1;2;-23,5286196;-51,6756459;"SPRF-PR";"DEL07-PR";"UOP01-DEL09-PR"
169717;2018-11-05;"segunda-feira";"09:35:00";"MG";40;427,3;"PARAOPEBA";"Falta de Atenção à Condução";"Saída de leito carroçável";"Com Vítimas Feridas";"Pleno dia";"Decrescente";"Nublado";"Dupla";"Reta";"Não";4;0;2;0;2;0;2;1;-19,18055733;-44,5013237;"SPRF-MG";"DEL02-MG";"UOP01-DEL02-MG"
169719;2018-11-05;"segunda-feira";"07:40:00";"PR";373;171,8;"PONTA GROSSA";"Falta de Atenção à Condução";"Queda de ocupante de veículo";"Com Vítimas Feridas";"Pleno dia";"Decrescente";"Sol";"Dupla";"Curva";"Sim";2;0;2;0;0;0;2;1;-25,08174125;-50,18976867;"SPRF-PR";"DEL03-PR";"UOP01-DEL03-PR"
169720;2018-11-05;"segunda-feira";"09:30:00";"MG";146;541,1;"MUZAMBINHO";"Animais na Pista";"Atropelamento de Animal";"Com Vítimas Feridas";"Pleno dia";"Crescente";"Céu Claro";"Simples";"Curva";"Não";2;0;1;1;0;0;2;1;-21,38744123;-46,44814074;"SPRF-MG";"DEL09-MG";"UOP01-DEL09-MG"
169721;2018-11-05;"segunda-feira";"07:15:00";"PI";343;599,7;"FLORIANO";"Desobediência às normas de trânsito pelo condutor";"Colisão transversal";"Com Vítimas Feridas";"Pleno dia";"Decrescente";"Nublado";"Dupla";"Reta";"Sim";3;0;0;2;0;1;2;2;-6,827629;-43,064651;"SPRF-PI";"DEL03-PI";"UOP01-DEL03-PI"
169723;2018-10-15;"segunda-feira";"07:40:00";"PR";376;641;"TIJUCAS DO SUL";"Velocidade Incompatível";"Colisão com objeto estático";"Com Vítimas Feridas";"Pleno dia";"Decrescente";"Ignorado";"Dupla";"Reta";"Não";1;0;1;0;0;0;1;1;-25,79525459;-49,12948608;"SPRF-PR";"DEL01-PR";"DEL7/1-UOP08/PR"
169724;2018-11-05;"segunda-feira";"10:30:00";"MG";381;517;"IGARAPE";"Velocidade Incompatível";"Saída de leito carroçável";"Com Vítimas Feridas";"Pleno dia";"Decrescente";"Nublado";"Dupla";"Curva";"Não";1;0;1;0;0;0;1;1;-20,111;-44,326;"SPRF-MG";"DEL01-MG";"UOP03-DEL01-MG"
169725;2018-11-05;"segunda-feira";"09:40:00";"MS";163;528,1;"JARAGUARI";"Desobediência às normas de trânsito pelo condutor";"Colisão frontal";"Com Vítimas Feridas";"Pleno dia";"Crescente";"Nublado";"Simples";"Reta";"Não";5;0;1;0;4;0;1;2;-20,08861262;-54,43380871;"SPRF-MS";"DEL01-MS";"UOP02-DEL01-MS"
169726;2018-10-16;"terça-feira";"06:14:00";"SP";381;61;"MAIRIPORA";"Pista Escorregadia";"Colisão lateral";"Com Vítimas Feridas";"Amanhecer";"Crescente";"Céu Claro";"Dupla";"Curva";"Sim";1;0;1;0;0;0;1;1;-23,29165286;-46,58529282;"SPRF-SP";"DEL03-SP";"UOP01-DEL03-SP"
169728;2018-11-05;"segunda-feira";"08:00:00";"PE";423;73,6;"JUPI";"Falta de Atenção à Condução";"Colisão transversal";"Com Vítimas Feridas";"Pleno dia";"Decrescente";"Céu Claro";"Simples";"Declive";"Sim";3;0;1;0;2;0;1;2;-8,71428056;-36,42120928;"SPRF-PE";"DEL03-PE";"UOP01-DEL03-PE"
169731;2018-11-05;"segunda-feira";"10:25:00";"RJ";101;82;"CAMPOS DOS GOYTACAZES";"Falta de Atenção à Condução";"Colisão com objeto estático";"Sem Vítimas";"Pleno dia";"Decrescente";"Chuva";"Simples";"Curva";"Não";1;0;0;0;1;0;0;1;-21,82218412;-41,45938814;"SPRF-RJ";"DEL08-RJ";"UOP02-DEL08-RJ"
169733;2018-11-05;"segunda-feira";"07:00:00";"PE";232;76,2;"GRAVATA";"Falta de Atenção à Condução";"Colisão com objeto estático";"Sem Vítimas";"Pleno dia";"Crescente";"Céu Claro";"Múltipla";"Reta";"Sim";1;0;0;0;0;1;0;1;-8,19441248;-35,53878916;"SPRF-PE";"DEL01-PE";"UOP02-DEL02PE"
169735;2018-11-05;"segunda-feira";"11:40:00";"SC";470;119,5;"IBIRAMA";"Falta de Atenção à Condução";"Colisão traseira";"Com Vítimas Feridas";"Pleno dia";"Crescente";"Nublado";"Simples";"Reta";"Não";2;0;1;0;1;0;1;2;-27,08297111;-49,5205307;"SPRF-SC";"DEL04-SC";"UOP02-DEL04-SC"
169738;2018-10-21;"domingo";"16:20:00";"SP";381;43,8;"ATIBAIA";"Não guardar distância de segurança";"Colisão lateral";"Sem Vítimas";"Pleno dia";"Decrescente";"Céu Claro";"Dupla";"Reta";"Não";2;0;0;0;2;0;0;2;-23,15663732;-46,57374859;"SPRF-SP";"DEL03-SP";"UOP01-DEL03-SP"
169741;2018-11-05;"segunda-feira";"09:51:00";"MG";381;631;"OLIVEIRA";"Falta de Atenção à Condução";"Colisão lateral";"Com Vítimas Feridas";"Pleno dia";"Crescente";"Chuva";"Dupla";"Curva";"Não";2;0;1;0;1;0;1;2;-20,83907997;-44,8249054;"SPRF-MG";"DEL04-MG";"UOP01-DEL04-MG"
169742;2018-11-05;"segunda-feira";"09:40:00";"MG";381;534;"ITATIAIUCU";"Velocidade Incompatível";"Capotamento";"Com Vítimas Feridas";"Pleno dia";"Decrescente";"Chuva";"Dupla";"Curva";"Não";2;0;1;0;1;0;1;1;-20,1868;-44,3809;"SPRF-MG";"DEL04-MG";"UOP03-DEL04-MG"
169743;2018-11-05;"segunda-feira";"09:40:00";"PE";232;127,3;"CARUARU";"Desobediência às normas de trânsito pelo condutor";"Colisão transversal";"Com Vítimas Feridas";"Pleno dia";"Crescente";"Sol";"Simples";"Curva";"Sim";2;0;0;1;1;0;1;2;-8,30331139;-35,96637368;"SPRF-PE";"DEL02-PE";"UOP03-DEL02-PE"
169744;2018-11-05;"segunda-feira";"11:50:00";"SC";101;208,7;"SAO JOSE";"Falta de Atenção à Condução";"Colisão traseira";"Com Vítimas Feridas";"Pleno dia";"Decrescente";"Nublado";"Múltipla";"Reta";"Sim";3;0;1;0;2;0;1;3;-27,6101;-48,6388;"SPRF-SC";"DEL01-SC";"UOP01-DEL01-SC"
169746;2018-11-05;"segunda-feira";"11:50:00";"RJ";116;182;"NOVA IGUACU";"Avarias e/ou desgaste excessivo no pneu";"Colisão lateral";"Com Vítimas Feridas";"Pleno dia";"Decrescente";"Nublado";"Dupla";"Reta";"Sim";2;0;1;0;1;0;1;2;-22,73832193;-43,4804821;"SPRF-RJ";"DEL01-RJ";"UOP02-DEL01-RJ"
169747;2018-11-05;"segunda-feira";"12:30:00";"RJ";116;313;"ITATIAIA";"Falta de Atenção à Condução";"Capotamento";"Com Vítimas Feridas";"Pleno dia";"Decrescente";"Nublado";"Dupla";"Reta";"Não";4;0;3;0;1;0;3;2;-22,460867;-44,442963;"SPRF-RJ";"DEL07-RJ";"DEL5/7-UOP03/RJ"
169748;2018-11-05;"segunda-feira";"10:10:00";"PI";343;601,5;"FLORIANO";"Desobediência às normas de trânsito pelo condutor";"Colisão lateral";"Com Vítimas Feridas";"Pleno dia";"Crescente";"Nublado";"Simples";"Reta";"Não";3;0;0;2;1;0;2;2;-6,837403;-43,07935;"SPRF-PI";"DEL03-PI";"UOP01-DEL03-PI"