"id";"data_inversa";"dia_semana";"horario";"uf";"br";"km";"municipio";"causa_acidente";"tipo_acidente";"classificacao_acidente";"fase_dia";"sentido_via";"condicao_metereologica";"tipo_pista";"tracado_via";"uso_solo";"pessoas";"mortos";"feridos_leves";"feridos_graves";"ilesos";"ignorados";"feridos";"veiculos";"latitude";"longitude";"regional";"delegacia";"uop"
169750;2018-11-05;"segunda-feira";"12:50:00";"SC";101;204,8;"SAO JOSE";"Falta de Atenção à Condução";"Atropelamento de Pedestre";"Com Vítimas Feridas";"Pleno dia";"Decrescente";"Céu Claro";"Dupla";"Viaduto";"Sim";3;0;0;1;1;1;1;2;-27,58087262;-48,61416936;"SPRF-SC";"DEL01-SC";"UOP01-DEL01-SC"
169752;2018-11-05;"segunda-feira";"11:23:00";"SC";101;412;"ARARANGUA";"Desobediência às normas de trânsito pelo condutor";"Colisão lateral";"Com Vítimas Feridas";"Pleno dia";"Crescente";"Sol";"Simples";"Reta";"Sim";3;0;2;0;1;0;2;2;-28,94348127;-49,50151736;"SPRF-SC";"DEL02-SC";"UOP02-DEL02-SC"
169753;2018-11-05;"segunda-feira";"13:10:00";"GO";153;200;"URUACU";"Falta de Atenção à Condução";"Colisão traseira";"Com Vítimas Feridas";"Pleno dia";"Crescente";"Céu Claro";"Simples";"Reta";"Sim";7;0;1;0;6;0;1;2;-14,52875351;-49,13841248;"SPRF-GO";"DEL07-GO";"UOP02-DEL07-GO"
169755;2018-10-23;"terça-feira";"12:39:00";"PR";376;199,1;"MARIALVA";"Falta de Atenção à Condução";"Saída de leito carroçável";"Com Vítimas Feridas";"Pleno dia";"Crescente";"Céu Claro";"Dupla";"Reta";"Não";1;0;1;0;0;0;1;1;-23,50386674;-51,75075531;"SPRF-PR";"DEL07-PR";"UOP01-DEL09-PR"
169756;2018-11-05;"segunda-feira";"11:20:00";"BA";324;569;"SAO SEBASTIAO DO PASSE";"Falta de Atenção à Condução";"Saída de leito carroçável";"Com Vítimas Feridas";"Pleno dia";"Crescente";"Céu Claro";"Dupla";"Reta";"Não";5;0;3;0;2;0;3;1;-12,58941299;-38,52218628;"SPRF-BA";"DEL01-BA";"UOP01-DEL01-BA"
169757;2018-11-05;"segunda-feira";"12:42:00";"RJ";101;199;"CASIMIRO DE ABREU";"Falta de Atenção à Condução";"Colisão lateral";"Com Vítimas Feridas";"Pleno dia";"Crescente";"Garoa/Chuvisco";"Dupla";"Curva";"Não";3;0;2;0;1;0;2;2;-22,487713;-42,135609;"SPRF-RJ";"DEL02-RJ";"UOP04-DEL08-RJ"
169759;2018-11-05;"segunda-feira";"11:10:00";"SC";101;376,9;"ICARA";"Condutor Dormindo";"Saída de leito carroçável";"Com Vítimas Feridas";"Pleno dia";"Crescente";"Céu Claro";"Dupla";"Reta";"Não";5;0;1;3;0;1;4;2;-28,73246561;-49,24444556;"SPRF-SC";"DEL02-SC";"UOP01-DEL02-SC"
169760;2018-11-05;"segunda-feira";"13:30:00";"SP";116;223;"GUARULHOS";"Velocidade Incompatível";"Colisão traseira";"Com Vítimas Feridas";"Pleno dia";"Crescente";"Céu Claro";"Múltipla";"Reta";"Sim";2;0;1;0;0;1;1;2;-23,48150254;-46,53468758;"SPRF-SP";"DEL01-SP";"UOP01-DEL01-SP"
169763;2018-11-05;"segunda-feira";"12:00:00";"RJ";101;321;"NITEROI";"Falta de Atenção à Condução";"Colisão traseira";"Com Vítimas Feridas";"Pleno dia";"Decrescente";"Nublado";"Dupla";"Curva";"Sim";2;0;0;1;1;0;1;2;-22,869852;-43,110458;"SPRF-RJ";"DEL02-RJ";"UOP02-DEL02-RJ"
169764;2018-11-05;"segunda-feira";"11:45:00";"SP";116;129;"CACAPAVA";"Falta de Atenção à Condução";"Queda de ocupante de veículo";"Com Vítimas Feridas";"Pleno dia";"Decrescente";"Nublado";"Dupla";"Reta";"Não";1;0;1;0;0;0;1;1;-23,118858;-45,719486;"SPRF-SP";"DEL06-SP";"UOP02-DEL02-SP"
169765;2018-11-05;"segunda-feira";"08:30:00";"MT";70;712,5;"CACERES";"Velocidade Incompatível";"Saída de leito carroçável";"Com Vítimas Feridas";"Pleno dia";"Decrescente";"Garoa/Chuvisco";"Simples";"Curva";"Não";3;0;2;1;0;0;3;1;-16,24763844;-57,5340271;"SPRF-MT";"DEL03-MT";"UOP01-DEL03-MT"
169766;2018-11-05;"segunda-feira";"13:50:00";"GO";60;81;"ANAPOLIS";"Desobediência às normas de trânsito pelo condutor";"Queda de ocupante de veículo";"Com Vítimas Feridas";"Pleno dia";"Crescente";"Céu Claro";"Dupla";"Reta";"Não";2;0;2;0;0;0;2;1;-16,3116;-48,8277;"SPRF-GO";"DEL02-GO";"UOP01-DEL02-GO"
169767;2018-11-05;"segunda-feira";"14:00:00";"SC";101;212;"PALHOCA";"Agressão Externa";"Queda de ocupante de veículo";"Com Vítimas Feridas";"Pleno dia";"Decrescente";"Nublado";"Múltipla";"Reta";"Sim";1;0;1;0;0;0;1;1;-27,6372;-48,6651;"SPRF-SC";"DEL01-SC";"UOP02-DEL01-SC"
169768;2018-11-05;"segunda-feira";"13:25:00";"SC";101;332,2;"TUBARAO";"Falta de Atenção à Condução";"Colisão transversal";"Com Vítimas Feridas";"Pleno dia";"Crescente";"Céu Claro";"Simples";"Viaduto;Rotatória";"Sim";3;0;2;0;1;0;2;2;-28,46558358;-48,99571359;"SPRF-SC";"DEL02-SC";"UOP01-DEL02-SC"
169770;2018-11-05;"segunda-feira";"10:50:00";"RO";319;63,8;"PORTO VELHO";"Falta de Atenção à Condução";"Engavetamento";"Com Vítimas Feridas";"Pleno dia";"Decrescente";"Céu Claro";"Dupla";"Reta";"Sim";4;0;2;0;2;0;2;3;-8,76535597;-63,88474703;"SPRF-RO";"DEL01-RO";"UOP01-DEL01-RO"
169771;2018-11-05;"segunda-feira";"13:50:00";"ES";259;59,5;"COLATINA";"Falta de Atenção à Condução";"Colisão traseira";"Com Vítimas Feridas";"Pleno dia";"Decrescente";"Céu Claro";"Simples";"Reta";"Sim";2;0;1;0;1;0;1;2;-19,52692014;-40,6777972;"SPRF-ES";"DEL02-ES";"UOP01-DEL02-ES"
169772;2018-11-05;"segunda-feira";"12:00:00";"BA";324;572;"SAO SEBASTIAO DO PASSE";"Defeito Mecânico no Veículo";"Queda de ocupante de veículo";"Com Vítimas Feridas";"Pleno dia";"Crescente";"Céu Claro";"Dupla";"Reta";"Não";2;0;1;0;1;0;1;1;-12,55925508;-38,5398674;"SPRF-BA";"DEL01-BA";"UOP01-DEL01-BA"
169774;2018-11-05;"segunda-feira";"14:40:00";"PR";153;68;"CONSELHEIRO MAIRINCK";"Falta de Atenção à Condução";"Colisão transversal";"Com Vítimas Feridas";"Pleno dia";"Decrescente";"Céu Claro";"Simples";"Reta";"Não";4;0;0;1;3;0;1;2;-23,507385;-50,111557;"SPRF-PR";"DEL07-PR";"UOP04-DEL07-PR"
169775;2018-11-05;"segunda-feira";"14:43:00";"SC";280;57,5;"GUARAMIRIM";"Falta de Atenção à Condução";"Colisão transversal";"Com Vítimas Feridas";"Pleno dia";"Decrescente";"Céu Claro";"Simples";"Rotatória";"Sim";2;0;1;0;1;0;1;2;-26,47443379;-49,02011264;"SPRF-SC";"DEL03-SC";"UOP03-DEL03-SC"
169779;2018-11-05;"segunda-feira";"13:15:00";"BA";324;620;"SALVADOR";"Falta de Atenção à Condução";"Queda de ocupante de veículo";"Sem Vítimas";"Pleno dia";"Decrescente";"Céu Claro";"Dupla";"Reta";"Sim";1;0;0;0;0;1;0;1;-12,92018689;-38,46561956;"SPRF-BA";"DEL01-BA";"UOP01-DEL01-BA"
169780;2018-11-05;"segunda-feira";"15:00:00";"MG";40;188;"JOAO PINHEIRO";"Falta de Atenção à Condução";"Colisão traseira";"Com Vítimas Feridas";"Pleno dia";"Crescente";"Céu Claro";"Simples";"Reta";"Não";2;0;1;0;1;0;1;2;-17,995722;-45,915962;"SPRF-MG";"DEL14-MG";"UOP02-DEL14-MG"
169782;2018-11-05;"segunda-feira";"14:28:00";"PE";232;31;"CAMARAGIBE";"Pista Escorregadia";"Colisão com objeto estático";"Sem Vítimas";"Pleno dia";"Decrescente";"Céu Claro";"Dupla";"Reta";"Sim";1;0;0;0;1;0;0;1;-8;-35;"SPRF-PE";"DEL01-PE";"UOP02-DEL02PE"
169785;2018-11-05;"segunda-feira";"14:30:00";"RJ";101;563,9;"PARATY";"Pista Escorregadia";"Saída de leito carroçável";"Com Vítimas Feridas";"Pleno dia";"Crescente";"Chuva";"Simples";"Curva";"Não";1;0;1;0;0;0;1;1;-23,18581318;-44,71881866;"SPRF-RJ";"DEL03-RJ";"UOP04-DEL03-RJ"
169787;2018-11-05;"segunda-feira";"15:30:00";"MG";381;444;"SABARA";"Desobediência às normas de trânsito pelo condutor";"Colisão lateral";"Com Vítimas Feridas";"Pleno dia";"Crescente";"Nublado";"Simples";"Reta";"Sim";2;0;0;1;1;0;1;2;-19,80951254;-43,77285749;"SPRF-MG";"DEL01-MG";"UOP01-DEL01-MG"
169790;2018-11-05;"segunda-feira";"16:30:00";"DF";20;52,4;"BRASILIA";"Falta de Atenção à Condução";"Capotamento";"Sem Vítimas";"Pleno dia";"Crescente";"Chuva";"Dupla";"Declive";"Não";1;0;0;0;1;0;0;1;-15,5796243;-47,3993824;"SPRF-DF";"DEL02-DF";"UOP01-DEL02-DF"
169791;2018-11-05;"segunda-feira";"17:45:00";"SC";101;91;"BARRA VELHA";"Falta de Atenção à Condução";"Colisão traseira";"Com Vítimas Feridas";"Pleno dia";"Crescente";"Nublado";"Simples";"Reta";"Sim";4;0;1;0;3;0;1;2;-26,67791969;-48,69225383;"SPRF-SC";"DEL03-SC";"UOP02-DEL03-SC"
169792;2018-11-05;"segunda-feira";"16:20:00";"BA";242;571;"IBOTIRAMA";"Sinalização da via insuficiente ou inadequada";"Capotamento";"Com Vítimas Feridas";"Pleno dia";"Crescente";"Chuva";"Simples";"Curva";"Não";1;0;1;0;0;0;1;1;-12,08782;-43,156829;"SPRF-BA";"DEL10-BA";"UOP03-DEL06-BA"
169793;2018-11-05;"segunda-feira";"16:40:00";"MG";381;336;"BELA VISTA DE MINAS";"Velocidade Incompatível";"Saída de leito carroçável";"Com Vítimas Feridas";"Pleno dia";"Crescente";"Chuva";"Simples";"Curva";"Não";1;0;1;0;0;0;1;1;-19,78178726;-43,04347873;"SPRF-MG";"DEL03-MG";"UOP01-DEL03-MG"
169796;2018-11-05;"segunda-feira";"18:10:00";"RS";290;87;"PORTO ALEGRE";"Velocidade Incompatível";"Colisão traseira";"Com Vítimas Feridas";"Pleno dia";"Decrescente";"Sol";"Dupla";"Reta";"Não";3;0;1;0;1;1;1;3;-29,967838;-51,127197;"SPRF-RS";"DEL01-RS";"UOP01-DEL01-RS"
169799;2018-11-05;"segunda-feira";"17:45:00";"SC";470;58,1;"BLUMENAU";"Falta de Atenção à Condução";"Colisão transversal";"Com Vítimas Feridas";"Pleno dia";"Crescente";"Céu Claro";"Simples";"Reta";"Sim";2;0;1;0;1;0;1;2;-26,88414361;-49,14693561;"SPRF-SC";"DEL04-SC";"UOP01-DEL04-SC"
169801;2018-11-05;"segunda-feira";"18:40:00";"MG";40;656,4;"CRISTIANO OTONI";"Pista Escorregadia";"Colisão com objeto estático";"Com Vítimas Feridas";"Plena Noite";"Decrescente";"Chuva";"Dupla";"Curva";"Não";2;0;1;0;1;0;1;1;-20,8849;-43,8095;"SPRF-MG";"DEL05-MG";"UOP02-DEL05-MG"
169803;2018-11-05;"segunda-feira";"18:50:00";"CE";222;5,1;"CAUCAIA";"Falta de Atenção à Condução";"Colisão lateral";"Com Vítimas Feridas";"Pleno dia";"Crescente";"Céu Claro";"Simples";"Reta";"Não";2;0;1;0;1;0;1;2;-3,74297;-38,613312;"SPRF-CE";"DEL01-CE";"UOP01-DEL01-CE"
169804;2018-11-05;"segunda-feira";"17:00:00";"MT";70;397;"CAMPO VERDE";"Pista Escorregadia";"Saída de leito carroçável";"Com Vítimas Fatais";"Pleno dia";"Decrescente";"Chuva";"Simples";"Reta";"Não";1;1;0;0;0;0;0;1;-15,63460885;-55,20024039;"SPRF-MT";"DEL02-MT";"UOP02-DEL05-MT"
169805;2018-11-05;"segunda-feira";"17:20:00";"PI";316;9,7;"TERESINA";"Agressão Externa";"Queda de ocupante de veículo";"Com Vítimas Feridas";"Pleno dia";"Decrescente";"Nublado";"Múltipla";"Reta";"Sim";1;0;0;1;0;0;1;1;-5,18368568;-42,76304305;"SPRF-PI";"DEL01-PI";"UOP02-DEL01-PI"
169806;2018-11-05;"segunda-feira";"19:48:00";"SC";101;145,7;"ITAPEMA";"Avarias e/ou desgaste excessivo no pneu";"Queda de ocupante de veículo";"Com Vítimas Feridas";"Anoitecer";"Decrescente";"Nublado";"Múltipla";"Aclive";"Sim";1;0;0;1;0;0;1;1;-27,0868;-48,6095;"SPRF-SC";"DEL04-SC";"UOP03-DEL04-SC"
169807;2018-11-05;"segunda-feira";"17:40:00";"RO";319;63;"PORTO VELHO";"Falta de Atenção à Condução";"Colisão lateral";"Com Vítimas Feridas";"Pleno dia";"Crescente";"Céu Claro";"Dupla";"Reta";"Sim";2;0;1;0;1;0;1;2;-8,76208381;-63,88561539;"SPRF-RO";"DEL01-RO";"UOP01-DEL01-RO"
169808;2018-11-05;"segunda-feira";"19:00:00";"MG";40;502,8;"ESMERALDAS";"Não guardar distância de segurança";"Colisão traseira";"Com Vítimas Feridas";"Plena Noite";"Decrescente";"Chuva";"Dupla";"Reta";"Não";3;0;2;0;1;0;2;2;-19,715628;-44,159352;"SPRF-MG";"DEL02-MG";"UOP01-DEL02-MG"
169809;2018-11-05;"segunda-feira";"18:30:00";"SP";116;136;"SAO JOSE DOS CAMPOS";"Falta de Atenção à Condução";"Colisão traseira";"Com Vítimas Feridas";"Anoitecer";"Crescente";"Chuva";"Dupla";"Reta";"Sim";3;0;1;0;2;0;1;3;-23,148764;-45,778675;"SPRF-SP";"DEL06-SP";"UOP02-DEL02-SP"
169810;2018-11-05;"segunda-feira";"17:10:00";"MT";70;683,6;"CACERES";"Falta de Atenção à Condução";"Capotamento";"Com Vítimas Feridas";"Pleno dia";"Decrescente";"Chuva";"Simples";"Curva";"Não";4;0;4;0;0;0;4;1;-16,20286807;-57,38711178;"SPRF-MT";"DEL03-MT";"UOP02-DEL03-MT"
169813;2018-11-05;"segunda-feira";"18:50:00";"ES";262;170,7;"IBATIBA";"Pista Escorregadia";"Colisão frontal";"Com Vítimas Feridas";"Anoitecer";"Crescente";"Chuva";"Simples";"Curva";"Não";2;0;0;1;1;0;1;2;-20,26480391;-41,59097135;"SPRF-ES";"DEL01-ES";"UOP02-DEL01-ES"
169814;2018-11-05;"segunda-feira";"17:50:00";"SC";470;66,7;"INDAIAL";"Defeito na Via";"Colisão lateral";"Com Vítimas Feridas";"Pleno dia";"Crescente";"Céu Claro";"Simples";"Reta";"Sim";2;0;1;0;1;0;1;2;-26,87064602;-49,22846234;"SPRF-SC";"DEL04-SC";"UOP01-DEL04-SC"
169815;2018-11-05;"segunda-feira";"15:30:00";"RJ";40;92;"PETROPOLIS";"Velocidade Incompatível";"Capotamento";"Com Vítimas Feridas";"Pleno dia";"Crescente";"Chuva";"Simples";"Curva";"Não";1;0;1;0;0;0;1;1;-22,55219627;-43,24939728;"SPRF-RJ";"DEL06-RJ";"UOP01-DEL06-RJ"
169816;2018-11-05;"segunda-feira";"18:35:00";"RN";101;99;"PARNAMIRIM";"Desobediência às normas de trânsito pelo condutor";"Colisão lateral";"Com Vítimas Feridas";"Plena Noite";"Decrescente";"Céu Claro";"Múltipla";"Interseção de Vias";"Sim";2;0;1;0;1;0;1;2;-5,8747242;-35,2213455;"SPRF-RN";"DEL01-RN";"UOP01-DEL01-RN"
169819;2018-11-05;"segunda-feira";"16:30:00";"BA";420;261;"JIQUIRICA";"Desobediência às normas de trânsito pelo condutor";"Colisão frontal";"Com Vítimas Fatais";"Pleno dia";"Crescente";"Céu Claro";"Simples";"Declive;Curva";"Não";1;1;0;0;0;0;0;1;-13,251426;-39,564739;"SPRF-BA";"DEL01-BA";"UOP02-DEL01-BA"
169820;2018-11-05;"segunda-feira";"20:40:00";"BA";101;857,6;"TEIXEIRA DE FREITAS";"Condutor Dormindo";"Capotamento";"Com Vítimas Feridas";"Plena Noite";"Crescente";"Chuva";"Simples";"Reta";"Não";3;0;2;0;1;0;2;1;-17,3743;-39,6567;"SPRF-BA";"DEL09-BA";"UOP02-DEL09-BA"
169826;2018-11-05;"segunda-feira";"20:30:00";"PB";230;19,9;"JOAO PESSOA";"Falta de Atenção à Condução";"Colisão lateral";"Sem Vítimas";"Anoitecer";"Crescente";"Céu Claro";"Dupla";"Curva";"Sim";2;0;0;0;2;0;0;2;-7,13501358;-34,85465705;"SPRF-PB";"DEL01-PB";"UOP01-DEL01-PB"
169827;2018-11-05;"segunda-feira";"19:30:00";"MA";222;348;"IGARAPE DO MEIO";"Animais na Pista";"Atropelamento de Animal";"Com Vítimas Fatais";"Plena Noite";"Decrescente";"Céu Claro";"Simples";"Reta";"Não";1;1;0;0;0;0;0;1;-3,69645;-45,29063;"SPRF-MA";"DEL02-MA";"UI04-DEL02-MA"
169828;2018-11-05;"segunda-feira";"20:50:00";"PE";232;142,8;"SAO CAITANO";"Mal Súbito";"Tombamento";"Com Vítimas Feridas";"Plena Noite";"Crescente";"Céu Claro";"Dupla";"Aclive";"Não";1;0;1;0;0;0;1;1;-8,3227601;-36,10030174;"SPRF-PE";"DEL02-PE";"UOP03-DEL02-PE"
169830;2018-11-05;"segunda-feira";"23:00:00";"SC";101;197,8;"BIGUACU";"Animais na Pista";"Atropelamento de Animal";"Com Vítimas Feridas";"Plena Noite";"Decrescente";"Nublado";"Múltipla";"Reta";"Sim";1;0;1;0;0;0;1;1;-27,52669261;-48,63470435;"SPRF-SC";"DEL01-SC";"UOP01-DEL01-SC"
169834;2018-11-05;"segunda-feira";"19:40:00";"RJ";101;324;"NITEROI";"Velocidade Incompatível";"Colisão traseira";"Com Vítimas Fatais";"Plena Noite";"Crescente";"Céu Claro";"Dupla";"Reta";"Não";3;1;0;0;1;1;0;3;-22,87328875;-43,13022673;"SPRF-RJ";"DEL02-RJ";"UOP02-DEL02-RJ"
169837;2018-11-05;"segunda-feira";"23:10:00";"SP";153;99;"JOSE BONIFACIO";"Restrição de Visibilidade";"Queda de ocupante de veículo";"Com Vítimas Feridas";"Plena Noite";"Crescente";"Nublado";"Simples";"Curva";"Não";1;0;1;0;0;0;1;1;-21,00178996;-49,63040471;"SPRF-SP";"DEL09-SP";"UOP01-DEL09-SP"
169838;2018-11-05;"segunda-feira";"23:29:00";"MG";116;529;"CARATINGA";"Ingestão de Álcool";"Queda de ocupante de veículo";"Com Vítimas Feridas";"Plena Noite";"Crescente";"Nevoeiro/Neblina";"Simples";"Reta";"Sim";1;0;1;0;0;0;1;1;-19,8035925;-42,13619471;"SPRF-MG";"DEL06-MG";"UOP02-DEL06-MG"
169839;2018-11-05;"segunda-feira";"20:35:00";"SC";282;128,6;"BOM RETIRO";"Desobediência às normas de trânsito pelo condutor";"Colisão frontal";"Com Vítimas Feridas";"Plena Noite";"Crescente";"Nublado";"Simples";"Reta";"Sim";4;0;2;0;2;0;2;2;-27,80236901;-49,49331701;"SPRF-SC";"DEL05-SC";"UOP01-DEL05-SC"
169840;2018-11-05;"segunda-feira";"15:20:00";"PB";230;422,6;"POMBAL";"Ultrapassagem Indevida";"Colisão frontal";"Com Vítimas Fatais";"Pleno dia";"Decrescente";"Céu Claro";"Simples";"Declive";"Não";8;1;1;6;0;0;7;2;-6,731084;-37,886296;"SPRF-PB";"DEL03-PB";"UOP02-DEL03-PB"
169844;2018-11-06;"terça-feira";"01:15:00";"RJ";116;251,7;"PIRAI";"Animais na Pista";"Colisão lateral";"Com Vítimas Feridas";"Plena Noite";"Crescente";"Chuva";"Dupla";"Reta";"Não";3;0;1;1;1;0;2;2;-22,58643548;-44,0177536;"SPRF-RJ";"DEL07-RJ";"UOP01-DEL07-RJ"
169848;2018-11-06;"terça-feira";"03:30:00";"PR";153;344,2;"REBOUCAS";"Velocidade Incompatível";"Saída de leito carroçável";"Com Vítimas Feridas";"Plena Noite";"Crescente";"Céu Claro";"Simples";"Curva";"Não";2;0;2;0;0;0;2;1;-25,532618;-50,65493;"SPRF-PR";"DEL03-PR";"UOP02-DEL08-PR"
169852;2018-11-06;"terça-feira";"04:32:00";"SP";116;272;"TABOAO DA SERRA";"Ingestão de Álcool";"Queda de ocupante de veículo";"Com Vítimas Feridas";"Plena Noite";"Crescente";"Céu Claro";"Dupla";"Reta";"Sim";2;0;0;2;0;0;2;1;-23,61574417;-46,78669453;"SPRF-SP";"DEL04-SP";"UOP01-DEL04-SP"
169856;2018-11-06;"terça-feira";"04:30:00";"PE";101;14,6;"GOIANA";"Falta de Atenção à Condução";"Saída de leito carroçável";"Com Vítimas Feridas";"Amanhecer";"Decrescente";"Céu Claro";"Dupla";"Reta";"Não";1;0;1;0;0;0;1;1;-7,6261;-34,9666;"SPRF-PE";"DEL01-PE";"UOP02-DEL01-PE"
169857;2018-11-06;"terça-feira";"05:40:00";"SC";470;5;"NAVEGANTES";"Falta de Atenção à Condução";"Colisão frontal";"Com Vítimas Feridas";"Amanhecer";"Decrescente";"Chuva";"Simples";"Reta";"Não";2;0;2;0;0;0;2;2;-26,855688;-48,700333;"SPRF-SC";"DEL04-SC";"UOP04-DEL04-SC"
169859;2018-11-06;"terça-feira";"05:40:00";"PR";277;725,3;"FOZ DO IGUACU";"Falta de Atenção à Condução";"Tombamento";"Com Vítimas Feridas";"Plena Noite";"Crescente";"Céu Claro";"Dupla";"Aclive";"Sim";1;0;1;0;0;0;1;1;-25,50479869;-54,54179764;"SPRF-PR";"DEL05-PR";"UOP03-DEL05-PR"
169860;2018-11-06;"terça-feira";"04:10:00";"SP";101;5,5;"UBATUBA";"Falta de Atenção à Condução";"Colisão com objeto estático";"Sem Vítimas";"Amanhecer";"Decrescente";"Garoa/Chuvisco";"Simples";"Reta";"Não";2;0;0;0;1;1;0;1;-23,365459;-44,797882;"SPRF-SP";"DEL06-SP";"UOP01-DEL06-SP"
169861;2018-11-06;"terça-feira";"06:20:00";"SP";381;89;"GUARULHOS";"Falta de Atenção à Condução";"Colisão lateral";"Com Vítimas Feridas";"Pleno dia";"Crescente";"Nublado";"Dupla";"Reta";"Sim";2;0;1;0;1;0;1;2;-23,4851589;-46,5602184;"SPRF-SP";"DEL03-SP";"DEL6/3-UOP03/SP"
169862;2018-11-06;"terça-feira";"07:00:00";"RS";470;213;"BENTO GONCALVES";"Desobediência às normas de trânsito pelo condutor";"Colisão transversal";"Com Vítimas Feridas";"Pleno dia";"Crescente";"Céu Claro";"Simples";"Rotatória;Interseção de Vias";"Sim";3;0;2;0;1;0;2;2;-29,14863655;-51,53108191;"SPRF-RS";"DEL06-RS";"UOP01-DEL06-RS"
169863;2018-11-06;"terça-feira";"05:50:00";"SP";116;319;"JUQUITIBA";"Falta de Atenção à Condução";"Tombamento";"Com Vítimas Feridas";"Amanhecer";"Crescente";"Céu Claro";"Dupla";"Curva;Declive";"Não";1;0;1;0;0;0;1;1;-23,93134788;-47,00118542;"SPRF-SP";"DEL04-SP";"UOP03-DEL04-SP"
169864;2018-11-06;"terça-feira";"06:30:00";"GO";60;70;"ABADIANIA";"Ingestão de Álcool";"Saída de leito carroçável";"Sem Vítimas";"Pleno dia";"Decrescente";"Chuva";"Dupla";"Reta";"Não";2;0;0;0;2;0;0;1;-16,2462;-48,7613;"SPRF-GO";"DEL02-GO";"UOP01-DEL02-GO"
169865;2018-11-06;"terça-feira";"06:50:00";"SP";381;89;"GUARULHOS";"Falta de Atenção à Condução";"Colisão lateral";"Com Vítimas Feridas";"Pleno dia";"Crescente";"Nublado";"Dupla";"Reta";"Não";2;0;1;0;1;0;1;2;-23,48989347;-46,5607655;"SPRF-SP";"DEL03-SP";"DEL6/3-UOP03/SP"
169866;2018-11-06;"terça-feira";"07:30:00";"PR";272;367;"CAMPO MOURAO";"Não guardar distância de segurança";"Colisão traseira";"Com Vítimas Feridas";"Pleno dia";"Decrescente";"Sol";"Dupla";"Reta";"Sim";3;0;1;0;2;0;1;3;-24,050636;-52,401699;"SPRF-PR";"DEL04-PR";"UOP03-DEL09-PR"
169867;2018-11-06;"terça-feira";"07:35:00";"RS";285;290,8;"PASSO FUNDO";"Falta de Atenção à Condução";"Colisão transversal";"Com Vítimas Feridas";"Pleno dia";"Crescente";"Céu Claro";"Simples";"Interseção de Vias";"Sim";2;0;0;1;1;0;1;2;-28,23252824;-52,39126682;"SPRF-RS";"DEL08-RS";"UOP03-DEL08-RS"
169868;2018-11-06;"terça-feira";"06:00:00";"PR";116;150;"MANDIRITUBA";"Falta de Atenção à Condução";"Colisão traseira";"Com Vítimas Feridas";"Amanhecer";"Decrescente";"Nublado";"Simples";"Reta;Aclive";"Não";2;0;0;1;1;0;1;2;-25,781727;-49,325352;"SPRF-PR";"DEL01-PR";"UOP03-DEL01-PR"
169869;2018-11-06;"terça-feira";"06:50:00";"RS";386;343,7;"LAJEADO";"Não guardar distância de segurança";"Colisão traseira";"Com Vítimas Feridas";"Amanhecer";"Crescente";"Céu Claro";"Simples";"Reta";"Sim";6;0;1;0;5;0;1;2;-29,4429705;-51,98472792;"SPRF-RS";"DEL04-RS";"UOP01-DEL04-RS"
169871;2018-11-06;"terça-feira";"07:00:00";"RJ";101;452;"MANGARATIBA";"Pista Escorregadia";"Colisão frontal";"Com Vítimas Feridas";"Pleno dia";"Decrescente";"Garoa/Chuvisco";"Simples";"Curva";"Não";3;0;1;0;2;0;1;3;-23,03203097;-44,13173676;"SPRF-RJ";"DEL03-RJ";"UOP03-DEL03-RJ"
169872;2018-11-04;"domingo";"14:30:00";"RS";116;151;"CAXIAS DO SUL";"Ingestão de Álcool";"Colisão lateral";"Sem Vítimas";"Pleno dia";"Crescente";"Sol";"Dupla";"Reta";"Sim";2;0;0;0;2;0;0;2;-29,18514707;-51,17345626;"SPRF-RS";"DEL05-RS";"UOP01-DEL05-RS"
169874;2018-11-06;"terça-feira";"07:50:00";"PR";116;116;"CURITIBA";"Falta de Atenção à Condução";"Colisão lateral";"Com Vítimas Feridas";"Pleno dia";"Decrescente";"Nublado";"Dupla";"Reta";"Sim";3;0;0;1;2;0;1;2;-25,544559;-49,30146;"SPRF-PR";"DEL01-PR";"UOP07-DEL01-PR"
169875;2018-11-06;"terça-feira";"06:45:00";"CE";116;5,7;"FORTALEZA";"Não guardar distância de segurança";"Colisão traseira";"Com Vítimas Feridas";"Pleno dia";"Decrescente";"Nublado";"Simples";"Reta";"Sim";2;0;1;0;1;0;1;2;-3,79946886;-38,50553513;"SPRF-CE";"DEL01-CE";"UOP02-DEL01-CE"
169876;2018-11-06;"terça-feira";"08:40:00";"PR";369;101,9;"URAI";"Falta de Atenção à Condução";"Saída de leito carroçável";"Com Vítimas Feridas";"Pleno dia";"Crescente";"Céu Claro";"Dupla";"Reta";"Não";1;0;1;0;0;0;1;1;-23,24782278;-50,7326513;"SPRF-PR";"DEL07-PR";"UOP05-DEL07-PR"
169878;2018-11-06;"terça-feira";"08:10:00";"MG";40;656,3;"CRISTIANO OTONI";"Velocidade Incompatível";"Saída de leito carroçável";"Sem Vítimas";"Pleno dia";"Decrescente";"Nevoeiro/Neblina";"Dupla";"Curva";"Não";1;0;0;0;1;0;0;1;-20,88019458;-43,80107647;"SPRF-MG";"DEL05-MG";"UOP02-DEL05-MG"