"id";"data_inversa";"dia_semana";"horario";"uf";"br";"km";"municipio";"causa_acidente";"tipo_acidente";"classificacao_acidente";"fase_dia";"sentido_via";"condicao_metereologica";"tipo_pista";"tracado_via";"uso_solo";"pessoas";"mortos";"feridos_leves";"feridos_graves";"ilesos";"ignorados";"feridos";"veiculos";"latitude";"longitude";"regional";"delegacia";"uop"
170018;2018-11-07;"quarta-feira";"04:10:00";"GO";60;46,2;"ALEXANIA";"Velocidade Incompatível";"Colisão com objeto estático";"Com Vítimas Fatais";"Plena Noite";"Decrescente";"Garoa/Chuvisco";"Dupla";"Curva;Declive";"Não";1;1;0;0;0;0;0;1;-16,144054;-48,600388;"SPRF-GO";"DEL02-GO";"UOP01-DEL02-GO"
170021;2018-11-07;"quarta-feira";"05:00:00";"SC";101;209;"SAO JOSE";"Falta de Atenção à Condução";"Tombamento";"Com Vítimas Feridas";"Amanhecer";"Decrescente";"Chuva";"Dupla";"Reta";"Sim";1;0;1;0;0;0;1;1;-27,6176;-48,6463;"SPRF-SC";"DEL01-SC";"UOP01-DEL01-SC"
170024;2018-11-07;"quarta-feira";"06:10:00";"CE";116;1,1;"FORTALEZA";"Falta de Atenção à Condução";"Colisão traseira";"Com Vítimas Feridas";"Pleno dia";"Decrescente";"Céu Claro";"Múltipla";"Reta";"Sim";2;0;1;0;1;0;1;2;-3,7704;-38,5169;"SPRF-CE";"DEL01-CE";"UOP02-DEL01-CE"
170028;2018-11-07;"quarta-feira";"06:40:00";"SP";116;216;"GUARULHOS";"Pista Escorregadia";"Tombamento";"Com Vítimas Feridas";"Pleno dia";"Decrescente";"Chuva";"Múltipla";"Desvio Temporário";"Sim";1;0;1;0;0;0;1;1;-23,45205581;-46,46624733;"SPRF-SP";"DEL01-SP";"UOP01-DEL01-SP"
170029;2018-11-07;"quarta-feira";"07:20:00";"MG";381;354;"JOAO MONLEVADE";"Falta de Atenção à Condução";"Saída de leito carroçável";"Com Vítimas Feridas";"Pleno dia";"Crescente";"Garoa/Chuvisco";"Simples";"Reta";"Não";1;0;1;0;0;0;1;1;-19,8534002;-43,13835919;"SPRF-MG";"DEL03-MG";"UOP01-DEL03-MG"
170031;2018-11-07;"quarta-feira";"07:30:00";"RJ";40;124,2;"RIO DE JANEIRO";"Falta de Atenção à Condução";"Atropelamento de Pedestre";"Com Vítimas Feridas";"Pleno dia";"Crescente";"Céu Claro";"Múltipla";"Reta";"Sim";2;0;1;1;0;0;2;2;-22,81299548;-43,28795135;"SPRF-RJ";"DEL01-RJ";"UOP01-DEL01-RJ"
170032;2018-11-07;"quarta-feira";"07:30:00";"SC";101;212,8;"PALHOCA";"Falta de Atenção à Condução";"Queda de ocupante de veículo";"Com Vítimas Feridas";"Pleno dia";"Decrescente";"Céu Claro";"Múltipla";"Reta";"Não";2;0;1;0;1;0;1;2;-27,6372;-48,6651;"SPRF-SC";"DEL01-SC";"UOP02-DEL01-SC"
170033;2018-11-07;"quarta-feira";"07:45:00";"SC";101;203,9;"SAO JOSE";"Falta de Atenção à Condução";"Queda de ocupante de veículo";"Com Vítimas Feridas";"Pleno dia";"Decrescente";"Nublado";"Múltipla";"Reta";"Não";1;0;1;0;0;0;1;1;-27,5742;-48,6134;"SPRF-SC";"DEL01-SC";"UOP01-DEL01-SC"
170036;2018-11-07;"quarta-feira";"07:50:00";"SC";470;53,7;"BLUMENAU";"Desobediência às normas de trânsito pelo condutor";"Colisão transversal";"Com Vítimas Feridas";"Pleno dia";"Decrescente";"Nublado";"Simples";"Curva";"Não";5;0;4;0;1;0;4;2;-26,87107403;-49,10728837;"SPRF-SC";"DEL04-SC";"UOP01-DEL04-SC"
170038;2018-11-07;"quarta-feira";"07:55:00";"SC";101;184,5;"BIGUACU";"Não guardar distância de segurança";"Colisão traseira";"Com Vítimas Feridas";"Pleno dia";"Crescente";"Chuva";"Dupla";"Reta";"Sim";3;0;1;0;2;0;1;2;-27,42252854;-48,6252996;"SPRF-SC";"DEL01-SC";"UOP01-DEL01-SC"
170039;2018-11-07;"quarta-feira";"07:30:00";"ES";101;283,8;"CARIACICA";"Avarias e/ou desgaste excessivo no pneu";"Saída de leito carroçável";"Com Vítimas Feridas";"Pleno dia";"Decrescente";"Nublado";"Dupla";"Curva";"Não";2;0;2;0;0;0;2;1;-20,23876424;-40,36982059;"SPRF-ES";"DEL01-ES";"UOP01-DEL01-ES"
170040;2018-11-07;"quarta-feira";"08:30:00";"PR";116;15;"COLOMBO";"Agressão Externa";"Queda de ocupante de veículo";"Com Vítimas Feridas";"Pleno dia";"Crescente";"Chuva";"Dupla";"Reta";"Sim";1;0;1;0;0;0;1;1;-25,38544761;-49,17285186;"SPRF-PR";"DEL01-PR";"UOP02-DEL01-PR"
170041;2018-11-07;"quarta-feira";"06:40:00";"MT";364;207,8;"RONDONOPOLIS";"Falta de Atenção à Condução";"Colisão traseira";"Com Vítimas Feridas";"Pleno dia";"Crescente";"Céu Claro";"Dupla";"Reta";"Sim";2;0;1;0;1;0;1;2;-16,44347;-54,672367;"SPRF-MT";"DEL02-MT";"UOP01-DEL02-MT"
170042;2018-11-07;"quarta-feira";"08:30:00";"MG";381;482,7;"BETIM";"Desobediência às normas de trânsito pelo condutor";"Colisão lateral";"Com Vítimas Feridas";"Pleno dia";"Decrescente";"Sol";"Dupla";"Reta";"Sim";3;0;1;0;0;2;1;3;-19,9578;-44,0795;"SPRF-MG";"DEL01-MG";"UOP03-DEL01-MG"
170043;2018-11-07;"quarta-feira";"08:00:00";"SC";470;55,7;"BLUMENAU";"Desobediência às normas de trânsito pelo condutor";"Colisão lateral";"Com Vítimas Feridas";"Pleno dia";"Crescente";"Nublado";"Simples";"Reta";"Sim";2;0;1;0;0;1;1;2;-26,87647454;-49,12497473;"SPRF-SC";"DEL04-SC";"UOP01-DEL04-SC"
170044;2018-11-07;"quarta-feira";"07:15:00";"BA";116;478;"RAFAEL JAMBEIRO";"Falta de Atenção à Condução";"Saída de leito carroçável";"Com Vítimas Feridas";"Pleno dia";"Crescente";"Céu Claro";"Dupla";"Reta";"Não";3;0;1;0;2;0;1;1;-12,57323555;-39,49833334;"SPRF-BA";"DEL02-BA";"UOP01-DEL02-BA"
170046;2018-11-07;"quarta-feira";"07:50:00";"BA";420;84,4;"SALVADOR";"Falta de Atenção à Condução";"Colisão lateral";"Com Vítimas Feridas";"Pleno dia";"Crescente";"Céu Claro";"Dupla";"Reta";"Não";2;0;1;0;1;0;1;2;-12,906332;-38,456627;"SPRF-BA";"DEL01-BA";"UOP01-DEL01-BA"
170047;2018-11-07;"quarta-feira";"08:20:00";"MG";365;625,9;"UBERLANDIA";"Não guardar distância de segurança";"Colisão traseira";"Com Vítimas Feridas";"Pleno dia";"Decrescente";"Nublado";"Dupla";"Reta";"Sim";4;0;1;0;3;0;1;4;-18,91018406;-48,30714226;"SPRF-MG";"DEL15-MG";"UOP01-DEL15-MG"
170049;2018-11-07;"quarta-feira";"08:34:00";"PR";277;727,1;"FOZ DO IGUACU";"Falta de Atenção à Condução";"Queda de ocupante de veículo";"Com Vítimas Feridas";"Pleno dia";"Decrescente";"Céu Claro";"Dupla";"Reta";"Sim";1;0;1;0;0;0;1;1;-25,510118;-54,564636;"SPRF-PR";"DEL05-PR";"UOP03-DEL05-PR"
170050;2018-11-05;"segunda-feira";"15:30:00";"MA";0;0;"SANTA QUITERIA DO MARANHAO";"Objeto estático sobre o leito carroçável";"Colisão com objeto estático";"Com Vítimas Feridas";"Pleno dia";"Não Informado";"Céu Claro";"Simples";"Reta";"Sim";1;0;0;1;0;0;1;1;-3,499269;-42,568116;"SPRF-MA";"N/A";"N/A"
170052;2018-11-07;"quarta-feira";"09:40:00";"PR";116;91;"SAO JOSE DOS PINHAIS";"Defeito Mecânico no Veículo";"Saída de leito carroçável";"Com Vítimas Feridas";"Pleno dia";"Crescente";"Garoa/Chuvisco";"Dupla";"Reta";"Sim";1;0;1;0;0;0;1;1;-25,502285;-49,121357;"SPRF-PR";"DEL01-PR";"UOP01-DEL01-PR"
170054;2018-11-07;"quarta-feira";"07:20:00";"RO";364;711;"PORTO VELHO";"Falta de Atenção à Condução";"Colisão traseira";"Com Vítimas Feridas";"Pleno dia";"Crescente";"Céu Claro";"Dupla";"Reta";"Sim";2;0;1;0;1;0;1;2;-8,7818547;-63,86562824;"SPRF-RO";"DEL01-RO";"UOP01-DEL01-RO"
170056;2018-07-14;"sábado";"06:00:00";"RJ";101;320;"NITEROI";"Não guardar distância de segurança";"Colisão com objeto estático";"Com Vítimas Feridas";"Amanhecer";"Decrescente";"Nevoeiro/Neblina";"Múltipla";"Curva";"Sim";45;0;18;1;26;0;19;1;-22,87008591;-43,11039448;"SPRF-RJ";"DEL02-RJ";"UOP02-DEL02-RJ"
170057;2018-11-07;"quarta-feira";"10:20:00";"MG";40;632;"CONSELHEIRO LAFAIETE";"Desobediência às normas de trânsito pelo condutor";"Colisão transversal";"Com Vítimas Feridas";"Pleno dia";"Decrescente";"Nublado";"Dupla";"Reta;Aclive;Interseção de Vias";"Sim";3;0;1;0;2;0;1;2;-20,677549;-43,79436046;"SPRF-MG";"DEL05-MG";"UOP02-DEL05-MG"
170059;2018-11-07;"quarta-feira";"07:20:00";"PR";163;143,9;"CAPITAO LEONIDAS MARQUES";"Desobediência às normas de trânsito pelo condutor";"Colisão transversal";"Com Vítimas Feridas";"Pleno dia";"Decrescente";"Céu Claro";"Simples";"Retorno Regulamentado";"Sim";1;0;1;0;0;0;1;1;-25,47035993;-53,58386815;"SPRF-PR";"DEL04-PR";"UOP05-DEL05-PR"
170060;2018-09-04;"terça-feira";"16:45:00";"PE";101;92;"CABO DE SANTO AGOSTINHO";"Desobediência às normas de trânsito pelo condutor";"Colisão lateral";"Com Vítimas Feridas";"Pleno dia";"Crescente";"Nublado";"Dupla";"Reta";"Não";2;0;0;1;0;1;1;2;-8,2379;-35,0024;"SPRF-PE";"DEL01-PE";"UOP03-DEL01-PE"
170063;2018-11-07;"quarta-feira";"10:00:00";"PE";101;82;"JABOATAO DOS GUARARAPES";"Falta de Atenção à Condução";"Colisão lateral";"Com Vítimas Feridas";"Pleno dia";"Decrescente";"Sol";"Múltipla";"Declive";"Sim";3;0;2;0;1;0;2;2;-8,1768;-34,9443;"SPRF-PE";"DEL01-PE";"UOP03-DEL01-PE"
170064;2018-11-06;"terça-feira";"18:15:00";"RS";116;163,7;"CAXIAS DO SUL";"Ultrapassagem Indevida";"Colisão frontal";"Com Vítimas Feridas";"Pleno dia";"Decrescente";"Céu Claro";"Simples";"Reta";"Não";2;0;0;2;0;0;2;2;-29,2564504;-51,15903854;"SPRF-RS";"DEL05-RS";"UOP02-DEL05-RS"
170065;2018-11-07;"quarta-feira";"11:30:00";"GO";40;2,1;"VALPARAISO DE GOIAS";"Desobediência às normas de trânsito pelo condutor";"Colisão lateral";"Com Vítimas Feridas";"Pleno dia";"Decrescente";"Garoa/Chuvisco";"Dupla";"Reta";"Sim";2;0;1;0;1;0;1;2;-16,068046;-47,984532;"SPRF-DF";"DEL01-DF";"UOP01-DEL01-DF"
170066;2018-11-07;"quarta-feira";"11:40:00";"SC";101;205,7;"SAO JOSE";"Falta de Atenção à Condução";"Tombamento";"Com Vítimas Feridas";"Pleno dia";"Crescente";"Chuva";"Simples";"Reta";"Sim";1;0;1;0;0;0;1;1;-27,58891744;-48,61739874;"SPRF-SC";"DEL01-SC";"UOP01-DEL01-SC"
170067;2018-09-03;"segunda-feira";"02:25:00";"AL";104;31;"UNIAO DOS PALMARES";"Animais na Pista";"Atropelamento de Animal";"Com Vítimas Fatais";"Plena Noite";"Crescente";"Céu Claro";"Simples";"Reta";"Não";2;1;0;1;0;0;1;1;-9,135336;-36,023134;"SPRF-AL";"DEL01-AL";"UOP02-DEL01-AL"
170068;2018-11-07;"quarta-feira";"11:35:00";"SP";116;39,1;"CACHOEIRA PAULISTA";"Falta de Atenção à Condução";"Saída de leito carroçável";"Sem Vítimas";"Pleno dia";"Decrescente";"Sol";"Dupla";"Reta";"Sim";2;0;0;0;2;0;0;2;-22,67607489;-45,00023603;"SPRF-SP";"DEL08-SP";"UOP02-DEL08-SP"
170070;2018-11-07;"quarta-feira";"10:30:00";"MS";267;100;"BATAGUASSU";"Falta de Atenção à Condução";"Saída de leito carroçável";"Com Vítimas Feridas";"Pleno dia";"Crescente";"Nublado";"Simples";"Curva";"Não";1;0;1;0;0;0;1;1;-21,846207;-53,047948;"SPRF-MS";"DEL02-MS";"DEL3/7-UOP01/MS"
170071;2018-11-07;"quarta-feira";"12:00:00";"SP";116;8;"QUELUZ";"Desobediência às normas de trânsito pelo condutor";"Colisão lateral";"Com Vítimas Feridas";"Pleno dia";"Decrescente";"Céu Claro";"Simples";"Interseção de Vias";"Sim";2;0;1;0;1;0;1;2;-22,536327;-44,7714;"SPRF-SP";"DEL08-SP";"UOP02-DEL08-SP"
170074;2018-11-07;"quarta-feira";"11:50:00";"CE";116;8,6;"FORTALEZA";"Falta de Atenção à Condução";"Atropelamento de Pedestre";"Com Vítimas Feridas";"Pleno dia";"Crescente";"Sol";"Múltipla";"Reta";"Sim";2;0;0;1;1;0;1;2;-3,82382832;-38,5038802;"SPRF-CE";"DEL01-CE";"UOP02-DEL01-CE"
170076;2018-11-07;"quarta-feira";"12:30:00";"PR";277;116;"CAMPO LARGO";"Falta de Atenção à Condução";"Colisão transversal";"Com Vítimas Feridas";"Pleno dia";"Decrescente";"Céu Claro";"Dupla";"Reta";"Sim";4;0;0;1;1;2;1;3;-25,45074403;-49,52324325;"SPRF-PR";"DEL01-PR";"UOP06-DEL01-PR"
170077;2018-11-07;"quarta-feira";"09:55:00";"PR";376;665,8;"GUARATUBA";"Velocidade Incompatível";"Colisão com objeto estático";"Com Vítimas Feridas";"Pleno dia";"Crescente";"Garoa/Chuvisco";"Dupla";"Curva";"Não";2;0;2;0;0;0;2;1;-25,8626219;-48,9516449;"SPRF-PR";"DEL01-PR";"DEL7/1-UOP08/PR"
170078;2018-11-07;"quarta-feira";"10:35:00";"MG";116;584,6;"MANHUACU";"Falta de Atenção à Condução";"Colisão lateral";"Com Vítimas Feridas";"Pleno dia";"Crescente";"Céu Claro";"Simples";"Reta";"Não";3;0;1;1;1;0;2;2;-20,216846;-42,181054;"SPRF-MG";"DEL06-MG";"UOP03-DEL06-MG"
170079;2018-11-07;"quarta-feira";"12:50:00";"SP";153;30,3;"NOVA GRANADA";"Falta de Atenção à Condução";"Colisão transversal";"Com Vítimas Feridas";"Pleno dia";"Decrescente";"Nublado";"Simples";"Interseção de Vias";"Sim";3;0;1;0;2;0;1;2;-20,5414772;-49,33043718;"SPRF-SP";"DEL09-SP";"UOP01-DEL09-SP"
170080;2018-10-15;"segunda-feira";"07:44:00";"PR";376;641,4;"TIJUCAS DO SUL";"Velocidade Incompatível";"Colisão com objeto em movimento";"Com Vítimas Feridas";"Pleno dia";"Decrescente";"Ignorado";"Dupla";"Reta";"Não";4;0;1;0;3;0;1;1;-25,79710925;-49,12747979;"SPRF-PR";"DEL01-PR";"DEL7/1-UOP08/PR"
170082;2018-11-07;"quarta-feira";"11:30:00";"RN";101;107;"PARNAMIRIM";"Desobediência às normas de trânsito pelo condutor";"Colisão lateral";"Com Vítimas Feridas";"Pleno dia";"Decrescente";"Céu Claro";"Dupla";"Reta";"Sim";2;0;1;0;1;0;1;2;-5,917591;-35,263348;"SPRF-RN";"DEL01-RN";"UOP01-DEL01-RN"
170085;2018-11-07;"quarta-feira";"14:15:00";"PR";369;40,9;"ANDIRA";"Falta de Atenção à Condução";"Saída de leito carroçável";"Com Vítimas Feridas";"Pleno dia";"Crescente";"Céu Claro";"Simples";"Reta";"Não";1;0;1;0;0;0;1;1;-23,06316871;-50,25522882;"SPRF-PR";"DEL07-PR";"UOP05-DEL07-PR"
170088;2018-11-07;"quarta-feira";"13:40:00";"SC";101;163,3;"TIJUCAS";"Desobediência às normas de trânsito pelo condutor";"Colisão transversal";"Com Vítimas Feridas";"Pleno dia";"Crescente";"Sol";"Dupla";"Reta";"Sim";2;0;1;0;1;0;1;2;-27,23494389;-48,63070679;"SPRF-SC";"DEL04-SC";"UOP03-DEL04-SC"
170089;2018-11-07;"quarta-feira";"13:10:00";"RS";285;329,8;"CARAZINHO";"Desobediência às normas de trânsito pelo condutor";"Colisão frontal";"Com Vítimas Feridas";"Pleno dia";"Decrescente";"Céu Claro";"Simples";"Viaduto";"Não";3;0;1;0;2;0;1;2;-28,30166017;-52,74209976;"SPRF-RS";"DEL08-RS";"UOP03-DEL08-RS"
170093;2018-11-07;"quarta-feira";"10:40:00";"MG";116;415;"GOVERNADOR VALADARES";"Desobediência às normas de trânsito pelo condutor";"Colisão traseira";"Com Vítimas Feridas";"Pleno dia";"Decrescente";"Céu Claro";"Simples";"Reta";"Sim";2;0;1;0;1;0;1;2;-18,88614766;-41,94683075;"SPRF-MG";"DEL06-MG";"UOP01-DEL06-MG"
170095;2018-11-07;"quarta-feira";"13:45:00";"PR";277;109;"CAMPO LARGO";"Objeto estático sobre o leito carroçável";"Queda de ocupante de veículo";"Com Vítimas Feridas";"Pleno dia";"Decrescente";"Nublado";"Dupla";"Curva";"Sim";2;0;1;0;0;1;1;2;-25,4407072;-49,44724018;"SPRF-PR";"DEL01-PR";"UOP06-DEL01-PR"
170096;2018-10-30;"terça-feira";"14:30:00";"MG";365;772;"ITUIUTABA";"Desobediência às normas de trânsito pelo condutor";"Queda de ocupante de veículo";"Com Vítimas Feridas";"Pleno dia";"Crescente";"Céu Claro";"Simples";"Reta;Aclive";"Não";3;0;0;1;1;1;1;2;-18,95824649;-49,7227478;"SPRF-MG";"DEL15-MG";"UOP03-DEL15-MG"
170097;2018-11-07;"quarta-feira";"14:30:00";"SC";101;358,7;"SANGAO";"Desobediência às normas de trânsito pelo condutor";"Colisão transversal";"Com Vítimas Feridas";"Pleno dia";"Decrescente";"Chuva";"Simples";"Reta";"Sim";2;0;0;1;1;0;1;2;-28,64344374;-49,09944534;"SPRF-SC";"DEL02-SC";"UOP01-DEL02-SC"
170099;2018-11-07;"quarta-feira";"14:05:00";"SC";101;281,2;"IMBITUBA";"Falta de Atenção à Condução";"Colisão lateral";"Com Vítimas Feridas";"Pleno dia";"Decrescente";"Chuva";"Dupla";"Reta";"Não";2;0;1;0;1;0;1;2;-28,18697132;-48,69634249;"SPRF-SC";"DEL02-SC";"UOP03-DEL02-SC"
170100;2018-11-07;"quarta-feira";"14:30:00";"BA";116;425;"FEIRA DE SANTANA";"Falta de Atenção à Condução";"Colisão transversal";"Com Vítimas Feridas";"Pleno dia";"Crescente";"Céu Claro";"Simples";"Reta";"Sim";2;0;1;0;1;0;1;2;-12,2588247;-38,98910522;"SPRF-BA";"DEL02-BA";"UOP01-DEL02-BA"
170101;2018-11-07;"quarta-feira";"15:45:00";"GO";60;183,7;"ABADIA DE GOIAS";"Pista Escorregadia";"Saída de leito carroçável";"Com Vítimas Feridas";"Pleno dia";"Crescente";"Chuva";"Dupla";"Reta";"Não";2;0;1;0;1;0;1;1;-16,7848;-49,4946;"SPRF-GO";"DEL01-GO";"UOP02-DEL01-GO"
170102;2018-11-07;"quarta-feira";"14:50:00";"MG";40;450,2;"CAETANOPOLIS";"Ingestão de Álcool";"Saída de leito carroçável";"Sem Vítimas";"Pleno dia";"Decrescente";"Céu Claro";"Dupla";"Reta";"Não";3;0;0;0;3;0;0;1;-19,317;-44,367;"SPRF-MG";"DEL02-MG";"UOP01-DEL02-MG"
170107;2018-10-26;"sexta-feira";"07:40:00";"SP";116;214;"GUARULHOS";"Falta de Atenção à Condução";"Colisão lateral";"Com Vítimas Feridas";"Pleno dia";"Crescente";"Nublado";"Múltipla";"Reta";"Sim";3;0;2;0;1;0;2;2;-23,44552019;-46,45122528;"SPRF-SP";"DEL01-SP";"UOP01-DEL01-SP"
170108;2018-10-27;"sábado";"22:05:00";"MS";163;725;"COXIM";"Ingestão de álcool e/ou substâncias psicoativas pelo pedestre";"Tombamento";"Com Vítimas Feridas";"Plena Noite";"Crescente";"Céu Claro";"Dupla";"Reta";"Sim";1;0;1;0;0;0;1;1;-18,53235135;-54,74143982;"SPRF-MS";"DEL06-MS";"UOP01-DEL06-MS"
170109;2018-11-07;"quarta-feira";"16:15:00";"RS";116;259;"CANOAS";"Falta de Atenção à Condução";"Tombamento";"Com Vítimas Feridas";"Pleno dia";"Crescente";"Céu Claro";"Dupla";"Reta";"Sim";1;0;1;0;0;0;1;1;-29,87228262;-51,17779152;"SPRF-RS";"DEL01-RS";"UOP02-DEL01-RS"
170111;2018-11-07;"quarta-feira";"16:15:00";"RS";285;262,3;"MATO CASTELHANO";"Mal Súbito";"Tombamento";"Com Vítimas Feridas";"Pleno dia";"Crescente";"Nublado";"Simples";"Reta";"Não";1;0;1;0;0;0;1;1;-28,30751674;-52,10270405;"SPRF-RS";"DEL08-RS";"UOP03-DEL08-RS"
170114;2018-10-29;"segunda-feira";"12:40:00";"MS";163;154,5;"JUTI";"Falta de Atenção à Condução";"Saída de leito carroçável";"Com Vítimas Feridas";"Pleno dia";"Crescente";"Céu Claro";"Simples";"Reta";"Não";1;0;1;0;0;0;1;1;-22,93265681;-54,47486317;"SPRF-MS";"DEL09-MS";"UOP01-DEL09-MS"
170115;2018-09-12;"quarta-feira";"17:55:00";"TO";153;676,4;"GURUPI";"Não guardar distância de segurança";"Colisão traseira";"Com Vítimas Feridas";"Pleno dia";"Decrescente";"Céu Claro";"Simples";"Reta";"Não";2;0;1;0;1;0;1;2;-11,77212467;-49,10564661;"SPRF-TO";"DEL02-TO";"UOP02-DEL01-TO"
170117;2018-11-07;"quarta-feira";"16:30:00";"PA";163;1002;"SANTAREM";"Falta de Atenção à Condução";"Colisão lateral";"Com Vítimas Feridas";"Pleno dia";"Decrescente";"Céu Claro";"Simples";"Reta";"Sim";3;0;1;0;2;0;1;2;-2,45105933;-54,72950935;"SPRF-PA";"DEL05-PA";"UOP01-DEL05-PA"
170123;2018-11-07;"quarta-feira";"11:25:00";"RJ";40;84;"PETROPOLIS";"Pista Escorregadia";"Colisão com objeto estático";"Com Vítimas Feridas";"Pleno dia";"Decrescente";"Garoa/Chuvisco";"Simples";"Curva";"Não";2;0;2;0;0;0;2;1;-22,5511;-43,2257;"SPRF-RJ";"DEL06-RJ";"UOP01-DEL06-RJ"
170125;2018-11-07;"quarta-feira";"17:00:00";"MT";364;330;"SANTO ANTONIO DO LEVERGER";"Pista Escorregadia";"Capotamento";"Com Vítimas Feridas";"Pleno dia";"Decrescente";"Chuva";"Dupla";"Declive";"Não";1;0;1;0;0;0;1;1;-15,82830133;-55,43463528;"SPRF-MT";"DEL02-MT";"UOP02-DEL05-MT"
170127;2018-11-07;"quarta-feira";"18:00:00";"ES";101;299;"VIANA";"Desobediência às normas de trânsito pelo condutor";"Colisão traseira";"Com Vítimas Feridas";"Pleno dia";"Crescente";"Nublado";"Múltipla";"Reta";"Sim";2;0;0;2;0;0;2;2;-20,35679853;-40,41922152;"SPRF-ES";"DEL01-ES";"UOP01-DEL01-ES"
170128;2018-11-07;"quarta-feira";"17:10:00";"PR";376;143,5;"PRESIDENTE CASTELO BRANCO";"Defeito Mecânico no Veículo";"Capotamento";"Com Vítimas Feridas";"Anoitecer";"Decrescente";"Céu Claro";"Dupla";"Reta";"Não";3;0;1;2;0;0;3;1;-23,2698523;-52,15979158;"SPRF-PR";"DEL07-PR";"UOP02-DEL09-PR"
170129;2018-11-07;"quarta-feira";"18:00:00";"SP";116;269,5;"TABOAO DA SERRA";"Falta de Atenção à Condução";"Tombamento";"Com Vítimas Feridas";"Pleno dia";"Crescente";"Nublado";"Dupla";"Reta";"Sim";1;0;1;0;0;0;1;1;-23,60883327;-46,7574048;"SPRF-SP";"DEL04-SP";"UOP01-DEL04-SP"
170133;2018-11-07;"quarta-feira";"18:30:00";"SC";282;17,9;"PALHOCA";"Desobediência às normas de trânsito pelo condutor";"Colisão transversal";"Com Vítimas Feridas";"Pleno dia";"Decrescente";"Nublado";"Simples";"Reta";"Sim";3;0;2;0;1;0;2;2;-27,665707;-48,688065;"SPRF-SC";"DEL01-SC";"UOP02-DEL01-SC"
170135;2018-11-07;"quarta-feira";"19:04:00";"SP";116;2,9;"QUELUZ";"Falta de Atenção à Condução";"Colisão com objeto estático";"Com Vítimas Feridas";"Plena Noite";"Crescente";"Chuva";"Dupla";"Reta";"Não";2;0;2;0;0;0;2;1;-22,522282;-44,716934;"SPRF-SP";"DEL08-SP";"UOP02-DEL08-SP"
170141;2018-11-07;"quarta-feira";"17:45:00";"PB";230;7,5;"CABEDELO";"Falta de Atenção do Pedestre";"Atropelamento de Pedestre";"Com Vítimas Feridas";"Plena Noite";"Decrescente";"Céu Claro";"Dupla";"Em Obras";"Sim";2;0;0;1;1;0;1;2;-7,0355;-34,8429;"SPRF-PB";"DEL01-PB";"UOP01-DEL01-PB"
170142;2018-11-07;"quarta-feira";"16:30:00";"MG";262;606,6;"CAMPOS ALTOS";"Falta de Atenção à Condução";"Saída de leito carroçável";"Com Vítimas Feridas";"Pleno dia";"Crescente";"Chuva";"Simples";"Reta";"Não";4;0;2;0;2;0;2;1;-19,666414;-46,16032;"SPRF-MG";"DEL08-MG";"UOP02-DEL08-MG"
170144;2018-11-07;"quarta-feira";"18:00:00";"CE";20;294,2;"CANINDE";"Falta de Atenção do Pedestre";"Atropelamento de Pedestre";"Sem Vítimas";"Plena Noite";"Crescente";"Céu Claro";"Simples";"Reta";"Sim";2;0;0;0;1;1;0;2;-4,580958;-39,358475;"SPRF-CE";"DEL02-CE";"UOP01-DEL02-CE"
170147;2018-11-07;"quarta-feira";"13:30:00";"RJ";101;301;"SAO GONCALO";"Defeito Mecânico no Veículo";"Engavetamento";"Com Vítimas Feridas";"Pleno dia";"Decrescente";"Sol";"Dupla";"Reta";"Não";15;0;11;1;3;0;12;3;-22,779917;-42,964472;"SPRF-RJ";"DEL02-RJ";"DEL5/2-UOP04/RJ"
170148;2018-11-07;"quarta-feira";"19:30:00";"RJ";493;25;"MAGE";"Falta de Atenção à Condução";"Colisão frontal";"Com Vítimas Feridas";"Plena Noite";"Crescente";"Chuva";"Simples";"Reta";"Não";3;0;1;0;2;0;1;2;-22,657885;-43,079643;"SPRF-RJ";"DEL04-RJ";"UOP02-DEL04-RJ"
170150;2018-11-07;"quarta-feira";"19:05:00";"BA";407;4;"JUAZEIRO";"Falta de Atenção à Condução";"Queda de ocupante de veículo";"Com Vítimas Feridas";"Plena Noite";"Crescente";"Céu Claro";"Simples";"Reta";"Sim";1;0;0;1;0;0;1;1;-9,43965;-40,494293;"SPRF-PE";"DEL06-PE";"UOP01-DEL06-PE"
170152;2018-11-07;"quarta-feira";"18:40:00";"CE";116;33;"AQUIRAZ";"Animais na Pista";"Atropelamento de Animal";"Sem Vítimas";"Plena Noite";"Decrescente";"Céu Claro";"Dupla";"Reta";"Não";3;0;0;0;1;2;0;1;-4,0483;-38,5068;"SPRF-CE";"DEL01-CE";"UOP02-DEL01-CE"
170154;2018-11-07;"quarta-feira";"20:20:00";"GO";50;95,8;"CRISTALINA";"Falta de Atenção à Condução";"Colisão frontal";"Com Vítimas Feridas";"Plena Noite";"Decrescente";"Nublado";"Simples";"Curva";"Sim";2;0;0;1;1;0;1;2;-16,75389988;-47,60387778;"SPRF-DF";"DEL01-DF";"UOP02-DEL01-DF"
170155;2018-11-07;"quarta-feira";"18:30:00";"SE";101;93,2;"NOSSA SENHORA DO SOCORRO";"Ingestão de Álcool";"Colisão traseira";"Sem Vítimas";"Plena Noite";"Decrescente";"Céu Claro";"Dupla";"Curva";"Sim";3;0;0;0;3;0;0;2;-10,9116;-37,1585;"SPRF-SE";"DEL01-SE";"UOP01-DEL01-SE"