"id";"data_inversa";"dia_semana";"horario";"uf";"br";"km";"municipio";"causa_acidente";"tipo_acidente";"classificacao_acidente";"fase_dia";"sentido_via";"condicao_metereologica";"tipo_pista";"tracado_via";"uso_solo";"pessoas";"mortos";"feridos_leves";"feridos_graves";"ilesos";"ignorados";"feridos";"veiculos";"latitude";"longitude";"regional";"delegacia";"uop"
170156;2018-11-07;"quarta-feira";"20:10:00";"GO";20;63,6;"FORMOSA";"Desobediência às normas de trânsito pelo condutor";"Colisão frontal";"Com Vítimas Feridas";"Plena Noite";"Crescente";"Chuva";"Simples";"Curva";"Não";2;0;2;0;0;0;2;2;-15,22281641;-47,16434435;"SPRF-DF";"DEL02-DF";"UOP01-DEL02-DF"
170157;2018-11-07;"quarta-feira";"20:00:00";"MG";153;108,4;"PRATA";"Falta de Atenção à Condução";"Colisão transversal";"Sem Vítimas";"Plena Noite";"Crescente";"Chuva";"Simples";"Rotatória";"Sim";2;0;0;0;2;0;0;2;-19,29721049;-48,90872955;"SPRF-MG";"DEL15-MG";"UOP03-DEL15-MG"
170158;2018-11-07;"quarta-feira";"20:40:00";"ES";101;2;"PEDRO CANARIO";"Animais na Pista";"Atropelamento de Animal";"Com Vítimas Feridas";"Pleno dia";"Crescente";"Nublado";"Simples";"Curva";"Não";1;0;1;0;0;0;1;1;-18,193295;-39,923206;"SPRF-ES";"DEL04-ES";"UOP02-DEL04-ES"
170159;2018-11-07;"quarta-feira";"19:40:00";"SP";116;228;"SAO PAULO";"Não guardar distância de segurança";"Colisão traseira";"Sem Vítimas";"Plena Noite";"Decrescente";"Nublado";"Múltipla";"Reta";"Não";2;0;0;0;2;0;0;2;-23,5054606;-46,56900644;"SPRF-SP";"DEL01-SP";"UOP01-DEL01-SP"
170160;2018-11-07;"quarta-feira";"18:30:00";"SC";470;268,4;"CURITIBANOS";"Ingestão de Álcool";"Colisão com objeto estático";"Com Vítimas Feridas";"Pleno dia";"Decrescente";"Céu Claro";"Simples";"Aclive;Curva";"Não";1;0;1;0;0;0;1;1;-27,31138361;-50,75271606;"SPRF-SC";"DEL05-SC";"UOP03-DEL05-SC"
170161;2018-11-07;"quarta-feira";"21:05:00";"MG";267;282;"BAEPENDI";"Pista Escorregadia";"Saída de leito carroçável";"Com Vítimas Feridas";"Plena Noite";"Decrescente";"Chuva";"Simples";"Reta";"Não";5;0;3;2;0;0;5;1;-21,92170772;-44,74388123;"SPRF-MG";"DEL05-MG";"DEL5/4-UOP01/MG"
170163;2018-11-07;"quarta-feira";"19:40:00";"PE";232;401,9;"SERRA TALHADA";"Animais na Pista";"Saída de leito carroçável";"Com Vítimas Feridas";"Plena Noite";"Crescente";"Céu Claro";"Simples";"Reta";"Não";2;0;1;1;0;0;2;1;-8,010047;-38,242943;"SPRF-PE";"DEL04-PE";"UOP01-DEL04-PE"
170164;2018-11-07;"quarta-feira";"21:00:00";"PR";153;203;"TIBAGI";"Velocidade Incompatível";"Saída de leito carroçável";"Com Vítimas Feridas";"Plena Noite";"Decrescente";"Nublado";"Simples";"Rotatória";"Não";2;0;1;0;1;0;1;1;-24,499472;-50,445488;"SPRF-PR";"DEL03-PR";"UOP02-DEL03-PR"
170165;2018-11-07;"quarta-feira";"17:50:00";"RN";406;160,7;"CEARA-MIRIM";"Animais na Pista";"Atropelamento de Animal";"Com Vítimas Feridas";"Anoitecer";"Crescente";"Vento";"Simples";"Reta";"Não";2;0;2;0;0;0;2;1;-5,71290891;-35,37288129;"SPRF-RN";"DEL02-RN";"UOP01-DEL02-RN"
170166;2018-11-07;"quarta-feira";"21:00:00";"TO";153;328;"GUARAI";"Falta de Atenção à Condução";"Saída de leito carroçável";"Sem Vítimas";"Plena Noite";"Crescente";"Céu Claro";"Simples";"Reta";"Não";1;0;0;0;1;0;0;1;-8,79515582;-48,51196325;"SPRF-TO";"DEL02-TO";"UOP02-DEL02-TO"
170168;2018-11-07;"quarta-feira";"10:00:00";"BA";116;814,4;"VITORIA DA CONQUISTA";"Falta de Atenção à Condução";"Queda de ocupante de veículo";"Com Vítimas Feridas";"Pleno dia";"Decrescente";"Sol";"Simples";"Reta";"Não";1;0;1;0;0;0;1;1;-14,81272389;-40,79712868;"SPRF-BA";"DEL08-BA";"UOP01-DEL08-BA"
170170;2018-11-07;"quarta-feira";"21:15:00";"MG";365;626;"UBERLANDIA";"Ingestão de Álcool";"Colisão com objeto estático";"Com Vítimas Feridas";"Plena Noite";"Crescente";"Chuva";"Dupla";"Reta";"Sim";1;0;1;0;0;0;1;1;-18,90781914;-48,31416428;"SPRF-MG";"DEL15-MG";"UOP01-DEL15-MG"
170171;2018-11-07;"quarta-feira";"19:30:00";"MT";70;7,9;"BARRA DO GARCAS";"Falta de Atenção do Pedestre";"Atropelamento de Pedestre";"Com Vítimas Feridas";"Plena Noite";"Decrescente";"Céu Claro";"Simples";"Reta";"Sim";2;0;0;1;1;0;1;2;-15,8781506;-52,32289195;"SPRF-MT";"DEL07-MT";"UOP01-DEL07-MT"
170174;2018-11-03;"sábado";"14:10:00";"SC";101;276,9;"IMBITUBA";"Desobediência às normas de trânsito pelo condutor";"Colisão transversal";"Com Vítimas Feridas";"Pleno dia";"Crescente";"Garoa/Chuvisco";"Dupla";"Reta";"Não";5;0;3;0;2;0;3;3;-28,1727;-48,6947;"SPRF-SC";"DEL02-SC";"UOP03-DEL02-SC"
170176;2018-11-03;"sábado";"16:00:00";"BA";324;5;"FEIRA DE SANTANA";"Avarias e/ou desgaste excessivo no pneu";"Tombamento";"Com Vítimas Feridas";"Pleno dia";"Crescente";"Céu Claro";"Dupla";"Reta";"Sim";1;0;1;0;0;0;1;1;-12,27518811;-38,98333848;"SPRF-BA";"DEL02-BA";"UOP01-DEL02-BA"
170177;2018-11-07;"quarta-feira";"22:50:00";"SC";470;103,9;"APIUNA";"Defeito na Via";"Tombamento";"Com Vítimas Feridas";"Plena Noite";"Crescente";"Garoa/Chuvisco";"Simples";"Reta";"Não";1;0;1;0;0;0;1;1;-27,062221;-49,394388;"SPRF-SC";"DEL04-SC";"UOP02-DEL04-SC"
170181;2018-11-07;"quarta-feira";"23:15:00";"GO";153;189;"URUACU";"Falta de Atenção à Condução";"Colisão transversal";"Com Vítimas Feridas";"Plena Noite";"Crescente";"Céu Claro";"Simples";"Reta";"Não";2;0;1;0;1;0;1;2;-14,420507;-49,157112;"SPRF-GO";"DEL07-GO";"UOP02-DEL07-GO"
170183;2018-11-07;"quarta-feira";"20:45:00";"PB";230;376,2;"CONDADO";"Ingestão de Álcool";"Colisão transversal";"Com Vítimas Feridas";"Plena Noite";"Crescente";"Céu Claro";"Simples";"Reta";"Sim";2;0;1;0;1;0;1;2;-6,91114308;-37,60430217;"SPRF-PB";"DEL03-PB";"UOP02-DEL03-PB"
170184;2018-11-07;"quarta-feira";"22:30:00";"MT";158;581;"AGUA BOA";"Falta de Atenção à Condução";"Saída de leito carroçável";"Com Vítimas Fatais";"Plena Noite";"Crescente";"Nublado";"Simples";"Curva";"Não";4;1;0;3;0;0;3;1;-14,159851;-52,196394;"SPRF-MT";"DEL07-MT";"UOP02-DEL07-MT"
170185;2018-11-07;"quarta-feira";"22:00:00";"CE";116;372,9;"ICO";"Falta de Atenção do Pedestre";"Atropelamento de Pedestre";"Com Vítimas Feridas";"Plena Noite";"Crescente";"Céu Claro";"Simples";"Reta";"Não";2;0;0;1;0;1;1;2;-6,4619478;-38,8557232;"SPRF-CE";"DEL05-CE";"UOP01-DEL05-CE"
170187;2018-11-07;"quarta-feira";"23:48:00";"PR";376;173,5;"MARINGA";"Desobediência às normas de trânsito pelo condutor";"Colisão lateral";"Com Vítimas Feridas";"Plena Noite";"Crescente";"Céu Claro";"Múltipla";"Reta";"Sim";3;0;1;0;1;1;1;3;-23,41776971;-51,96001053;"SPRF-PR";"DEL07-PR";"UOP01-DEL09-PR"
170190;2018-11-08;"quinta-feira";"00:15:00";"SC";101;418,9;"ARARANGUA";"Ingestão de Álcool";"Colisão com objeto estático";"Sem Vítimas";"Plena Noite";"Decrescente";"Nublado";"Dupla";"Reta";"Sim";1;0;0;0;1;0;0;1;-28,98396715;-49,54050779;"SPRF-SC";"DEL02-SC";"UOP02-DEL02-SC"
170191;2018-11-07;"quarta-feira";"23:50:00";"RN";101;83;"NATAL";"Desobediência às normas de trânsito pelo condutor";"Colisão transversal";"Com Vítimas Feridas";"Plena Noite";"Decrescente";"Céu Claro";"Dupla";"Interseção de Vias";"Sim";2;0;1;0;1;0;1;2;-5,77141094;-35,26526034;"SPRF-RN";"DEL02-RN";"UOP01-DEL02-RN"
170192;2018-11-08;"quinta-feira";"03:00:00";"SP";116;211;"GUARULHOS";"Ingestão de Álcool";"Colisão traseira";"Com Vítimas Feridas";"Plena Noite";"Decrescente";"Chuva";"Múltipla";"Reta";"Sim";3;0;3;0;0;0;3;2;-23,43300908;-46,42075539;"SPRF-SP";"DEL01-SP";"UOP01-DEL01-SP"
170193;2018-11-08;"quinta-feira";"02:30:00";"SP";381;62,6;"MAIRIPORA";"Ingestão de Álcool";"Colisão com objeto estático";"Com Vítimas Feridas";"Plena Noite";"Crescente";"Chuva";"Dupla";"Curva;Aclive";"Não";6;0;2;1;3;0;3;1;-23,303208;-46,572959;"SPRF-SP";"DEL03-SP";"UOP01-DEL03-SP"
170194;2018-11-08;"quinta-feira";"02:45:00";"RJ";101;577;"PARATY";"Pista Escorregadia";"Saída de leito carroçável";"Sem Vítimas";"Plena Noite";"Crescente";"Chuva";"Simples";"Curva";"Não";2;0;0;0;2;0;0;1;-23,23230997;-44,71661986;"SPRF-RJ";"DEL03-RJ";"UOP04-DEL03-RJ"
170195;2018-11-08;"quinta-feira";"02:15:00";"CE";20;293,9;"CANINDE";"Defeito na Via";"Saída de leito carroçável";"Com Vítimas Feridas";"Plena Noite";"Crescente";"Céu Claro";"Simples";"Reta";"Sim";2;0;1;0;0;1;1;2;-4,461456;-39,348703;"SPRF-CE";"DEL02-CE";"UOP01-DEL02-CE"
170196;2018-11-08;"quinta-feira";"01:00:00";"MG";381;398;"BOM JESUS DO AMPARO";"Falta de Atenção à Condução";"Atropelamento de Pedestre";"Com Vítimas Feridas";"Plena Noite";"Decrescente";"Céu Claro";"Simples";"Reta";"Não";3;0;0;3;0;0;3;2;-19,77122679;-43,4488678;"SPRF-MG";"DEL01-MG";"UOP01-DEL01-MG"
170198;2018-11-08;"quinta-feira";"03:15:00";"MT";163;746,6;"SORRISO";"Falta de Atenção à Condução";"Colisão com objeto estático";"Sem Vítimas";"Plena Noite";"Decrescente";"Céu Claro";"Dupla";"Rotatória;Reta";"Sim";1;0;0;0;0;1;0;1;-12,59795;-55,74719;"SPRF-MT";"DEL06-MT";"UOP01-DEL06-MT"
170202;2018-11-08;"quinta-feira";"05:20:00";"DF";40;4;"BRASILIA";"Ingestão de Álcool";"Colisão traseira";"Com Vítimas Feridas";"Plena Noite";"Decrescente";"Garoa/Chuvisco";"Dupla";"Reta";"Sim";3;0;1;0;2;0;1;2;-16,012033;-47,982124;"SPRF-DF";"DEL01-DF";"UOP01-DEL01-DF"
170203;2018-11-08;"quinta-feira";"06:10:00";"PR";277;21,2;"MORRETES";"Falta de Atenção à Condução";"Saída de leito carroçável";"Com Vítimas Feridas";"Amanhecer";"Decrescente";"Garoa/Chuvisco";"Dupla";"Reta";"Não";1;0;0;1;0;0;1;1;-25,531977;-48,717489;"SPRF-PR";"DEL01-PR";"UOP05-DEL01-PR"
170205;2018-11-08;"quinta-feira";"06:30:00";"MG";40;515;"RIBEIRAO DAS NEVES";"Falta de Atenção à Condução";"Queda de ocupante de veículo";"Com Vítimas Feridas";"Pleno dia";"Crescente";"Chuva";"Dupla";"Reta";"Não";4;0;2;0;2;0;2;4;-19,819;-44,0869;"SPRF-MG";"DEL01-MG";"UOP03-DEL01-MG"
170206;2018-11-08;"quinta-feira";"06:50:00";"MG";40;509;"RIBEIRAO DAS NEVES";"Falta de Atenção à Condução";"Queda de ocupante de veículo";"Com Vítimas Feridas";"Pleno dia";"Crescente";"Chuva";"Dupla";"Reta";"Sim";1;0;1;0;0;0;1;1;-19,7774;-44,1209;"SPRF-MG";"DEL01-MG";"UOP03-DEL01-MG"
170207;2018-11-08;"quinta-feira";"06:50:00";"MG";381;539,7;"ITATIAIUCU";"Velocidade Incompatível";"Saída de leito carroçável";"Com Vítimas Feridas";"Pleno dia";"Decrescente";"Chuva";"Dupla";"Curva";"Não";1;0;1;0;0;0;1;1;-20,22990553;-44,39686775;"SPRF-MG";"DEL04-MG";"UOP03-DEL04-MG"
170209;2018-11-08;"quinta-feira";"06:50:00";"SP";116;274,8;"TABOAO DA SERRA";"Falta de Atenção à Condução";"Colisão lateral";"Com Vítimas Feridas";"Pleno dia";"Decrescente";"Nublado";"Dupla";"Reta";"Sim";3;0;1;0;2;0;1;2;-23,61849663;-46,8068862;"SPRF-SP";"DEL04-SP";"UOP01-DEL04-SP"
170210;2018-11-08;"quinta-feira";"06:00:00";"SC";101;360;"SANGAO";"Falta de Atenção à Condução";"Saída de leito carroçável";"Com Vítimas Feridas";"Amanhecer";"Decrescente";"Céu Claro";"Simples";"Curva";"Não";1;0;1;0;0;0;1;1;-28,66051326;-49,11040837;"SPRF-SC";"DEL02-SC";"UOP01-DEL02-SC"
170211;2018-11-08;"quinta-feira";"05:00:00";"RJ";101;179;"RIO DAS OSTRAS";"Desobediência às normas de trânsito pelo condutor";"Saída de leito carroçável";"Com Vítimas Feridas";"Plena Noite";"Decrescente";"Chuva";"Simples";"Curva";"Não";3;0;2;0;1;0;2;1;-22,400137;-41,996223;"SPRF-RJ";"DEL02-RJ";"UOP04-DEL08-RJ"
170215;2018-11-08;"quinta-feira";"06:41:00";"MG";262;446,9;"NOVA SERRANA";"Falta de Atenção à Condução";"Colisão lateral";"Com Vítimas Feridas";"Pleno dia";"Decrescente";"Chuva";"Simples";"Reta";"Sim";2;0;1;0;1;0;1;2;-19,880623;-44,912323;"SPRF-MG";"DEL08-MG";"UOP03-DEL08-MG"
170217;2018-11-08;"quinta-feira";"06:30:00";"DF";40;2;"BRASILIA";"Falta de Atenção à Condução";"Colisão lateral";"Com Vítimas Feridas";"Amanhecer";"Decrescente";"Garoa/Chuvisco";"Dupla";"Reta";"Não";2;0;1;0;1;0;1;2;-15,99435;-47,985947;"SPRF-DF";"DEL01-DF";"UOP01-DEL01-DF"
170218;2018-11-08;"quinta-feira";"07:00:00";"SP";116;270;"TABOAO DA SERRA";"Falta de Atenção à Condução";"Colisão lateral";"Com Vítimas Feridas";"Pleno dia";"Decrescente";"Garoa/Chuvisco";"Dupla";"Reta";"Sim";2;0;1;0;1;0;1;2;-23,60761945;-46,76535949;"SPRF-SP";"DEL04-SP";"UOP01-DEL04-SP"
170219;2018-11-08;"quinta-feira";"07:25:00";"DF";40;4,7;"BRASILIA";"Pista Escorregadia";"Queda de ocupante de veículo";"Com Vítimas Feridas";"Pleno dia";"Decrescente";"Chuva";"Dupla";"Reta";"Não";1;0;1;0;0;0;1;1;-16,012033;-47,982124;"SPRF-DF";"DEL01-DF";"UOP01-DEL01-DF"
170221;2018-09-02;"domingo";"14:30:00";"RJ";101;314;"SAO GONCALO";"Falta de Atenção à Condução";"Engavetamento";"Com Vítimas Feridas";"Pleno dia";"Crescente";"Céu Claro";"Dupla";"Reta";"Sim";5;0;2;0;3;0;2;3;-22,81799951;-43,0792594;"SPRF-RJ";"DEL02-RJ";"DEL5/2-UOP04/RJ"
170222;2018-11-08;"quinta-feira";"07:15:00";"MG";381;899,9;"CAMBUI";"Condutor Dormindo";"Colisão com objeto estático";"Com Vítimas Feridas";"Pleno dia";"Decrescente";"Chuva";"Dupla";"Reta";"Não";2;0;1;0;1;0;1;1;-22,6215;-46,0737;"SPRF-MG";"DEL16-MG";"UOP03-DEL16-MG"
170223;2018-11-08;"quinta-feira";"07:20:00";"MG";40;661;"CARANDAI";"Velocidade Incompatível";"Colisão frontal";"Com Vítimas Feridas";"Pleno dia";"Crescente";"Chuva";"Simples";"Curva;Declive";"Não";3;0;1;0;2;0;1;2;-20,90940707;-43,82917346;"SPRF-MG";"DEL05-MG";"UOP02-DEL05-MG"
170224;2018-11-08;"quinta-feira";"07:40:00";"MG";381;929,7;"CAMANDUCAIA";"Velocidade Incompatível";"Capotamento";"Com Vítimas Feridas";"Pleno dia";"Decrescente";"Chuva";"Dupla";"Curva";"Não";1;0;1;0;0;0;1;1;-22,77091378;-46,23590291;"SPRF-MG";"DEL16-MG";"UOP03-DEL16-MG"
170226;2018-11-08;"quinta-feira";"07:40:00";"SP";381;69;"MAIRIPORA";"Pista Escorregadia";"Colisão com objeto estático";"Com Vítimas Feridas";"Pleno dia";"Decrescente";"Chuva";"Dupla";"Reta";"Não";1;0;1;0;0;0;1;1;-23,3503358;-46,55719756;"SPRF-SP";"DEL03-SP";"DEL6/3-UOP03/SP"
170228;2018-11-08;"quinta-feira";"07:40:00";"SP";116;102,5;"PINDAMONHANGABA";"Pista Escorregadia";"Colisão traseira";"Com Vítimas Feridas";"Pleno dia";"Crescente";"Chuva";"Dupla";"Reta";"Não";7;0;1;0;6;0;1;5;-22,99480236;-45,48965335;"SPRF-SP";"DEL06-SP";"UOP01-DEL06-SP"
170229;2018-11-08;"quinta-feira";"08:00:00";"RS";116;319,8;"BARRA DO RIBEIRO";"Falta de Atenção à Condução";"Colisão traseira";"Com Vítimas Feridas";"Pleno dia";"Decrescente";"Sol";"Dupla";"Em Obras;Viaduto";"Não";6;0;0;1;5;0;1;2;-30,281576;-51,412411;"SPRF-RS";"DEL02-RS";"UOP01-DEL02-RS"
170230;2018-11-08;"quinta-feira";"08:30:00";"SC";101;211;"PALHOCA";"Falta de Atenção à Condução";"Colisão lateral";"Com Vítimas Feridas";"Pleno dia";"Decrescente";"Céu Claro";"Múltipla";"Reta";"Sim";2;0;0;1;1;0;1;2;-27,6301;-48,659;"SPRF-SC";"DEL01-SC";"UOP02-DEL01-SC"
170231;2018-11-08;"quinta-feira";"06:40:00";"RS";468;104,2;"TRES PASSOS";"Desobediência às normas de trânsito pelo condutor";"Colisão transversal";"Com Vítimas Feridas";"Amanhecer";"Decrescente";"Céu Claro";"Dupla";"Interseção de Vias";"Sim";2;0;1;0;1;0;1;2;-27,44422997;-53,94973755;"SPRF-RS";"DEL08-RS";"UOP02-DEL08-RS"
170232;2018-11-08;"quinta-feira";"08:40:00";"RS";290;84,5;"PORTO ALEGRE";"Falta de Atenção à Condução";"Colisão lateral";"Sem Vítimas";"Pleno dia";"Decrescente";"Sol";"Dupla";"Curva";"Sim";2;0;0;0;2;0;0;2;-29,96623743;-51,10193968;"SPRF-RS";"DEL01-RS";"UOP01-DEL01-RS"
170233;2018-10-11;"quinta-feira";"08:30:00";"PB";101;20,4;"RIO TINTO";"Desobediência às normas de trânsito pelo condutor";"Colisão traseira";"Com Vítimas Feridas";"Pleno dia";"Decrescente";"Céu Claro";"Dupla";"Reta";"Não";3;0;1;0;2;0;1;2;-6,6664523;-35,113823;"SPRF-PB";"DEL01-PB";"UOP04-DEL01-PB"
170234;2018-11-08;"quinta-feira";"07:55:00";"PB";101;89,9;"JOAO PESSOA";"Falta de Atenção à Condução";"Colisão transversal";"Com Vítimas Feridas";"Pleno dia";"Crescente";"Céu Claro";"Múltipla";"Reta";"Sim";2;0;1;0;1;0;1;2;-7,1807;-34,9005;"SPRF-PB";"DEL01-PB";"UOP01-DEL01-PB"
170236;2018-11-08;"quinta-feira";"07:10:00";"RO";364;237,2;"CACOAL";"Desobediência às normas de trânsito pelo condutor";"Colisão transversal";"Com Vítimas Feridas";"Pleno dia";"Decrescente";"Céu Claro";"Simples";"Retorno Regulamentado";"Sim";2;0;0;1;1;0;1;2;-11,40676345;-61,55770111;"SPRF-RO";"DEL02-RO";"UOP02-DEL02-RO"
170238;2018-11-08;"quinta-feira";"09:00:00";"MG";365;538,3;"ROMARIA";"Velocidade Incompatível";"Saída de leito carroçável";"Com Vítimas Feridas";"Pleno dia";"Crescente";"Chuva";"Simples";"Curva";"Não";5;0;2;0;3;0;2;1;-18,931;-47,55717;"SPRF-MG";"DEL10-MG";"UOP01-DEL10-MG"
170240;2018-11-08;"quinta-feira";"08:40:00";"SP";116;218;"GUARULHOS";"Não guardar distância de segurança";"Colisão lateral";"Com Vítimas Feridas";"Amanhecer";"Crescente";"Nublado";"Múltipla";"Reta";"Sim";2;0;1;0;1;0;1;2;-23,45946705;-46,48452759;"SPRF-SP";"DEL01-SP";"UOP01-DEL01-SP"
170241;2018-11-08;"quinta-feira";"08:30:00";"RJ";40;82;"PETROPOLIS";"Defeito Mecânico no Veículo";"Incêndio";"Sem Vítimas";"Pleno dia";"Decrescente";"Chuva";"Simples";"Curva";"Não";1;0;0;0;1;0;0;1;-22,5268086;-43,22729051;"SPRF-RJ";"DEL06-RJ";"UOP01-DEL06-RJ"
170242;2018-11-08;"quinta-feira";"09:00:00";"SP";116;408,5;"JUQUIA";"Defeito Mecânico no Veículo";"Incêndio";"Sem Vítimas";"Pleno dia";"Crescente";"Garoa/Chuvisco";"Dupla";"Reta";"Não";1;0;0;0;0;1;0;1;-24,33350912;-47,60108292;"SPRF-SP";"DEL05-SP";"UOP01-DEL05-SP"
170243;2018-10-27;"sábado";"17:30:00";"PR";277;492,9;"GUARANIACU";"Falta de Atenção à Condução";"Saída de leito carroçável";"Com Vítimas Feridas";"Pleno dia";"Decrescente";"Sol";"Simples";"Curva";"Não";2;0;1;1;0;0;2;1;-25,19994768;-52,65473779;"SPRF-PR";"DEL04-PR";"UOP02-DEL04-PR"
170244;2018-11-03;"sábado";"11:15:00";"MG";40;473,5;"SETE LAGOAS";"Carga excessiva e/ou mal acondicionada";"Colisão com objeto em movimento";"Com Vítimas Feridas";"Pleno dia";"Decrescente";"Céu Claro";"Dupla";"Reta";"Sim";2;0;1;0;1;0;1;2;-19,4997;-44,2779;"SPRF-MG";"DEL02-MG";"UOP01-DEL02-MG"
170248;2018-11-08;"quinta-feira";"09:30:00";"RS";116;0,3;"CANOAS";"Defeito Mecânico no Veículo";"Tombamento";"Com Vítimas Feridas";"Pleno dia";"Crescente";"Céu Claro";"Simples";"Curva";"Sim";1;0;1;0;0;0;1;1;-29,96943937;-51,17673844;"SPRF-RS";"DEL05-RS";"UOP03-DEL05-RS"
170249;2018-11-08;"quinta-feira";"07:20:00";"PE";428;181,9;"PETROLINA";"Falta de Atenção à Condução";"Colisão transversal";"Sem Vítimas";"Pleno dia";"Crescente";"Céu Claro";"Simples";"Interseção de Vias";"Não";2;0;0;0;2;0;0;2;-9,3236062;-40,46186328;"SPRF-PE";"DEL06-PE";"UOP01-DEL06-PE"
170252;2018-11-08;"quinta-feira";"09:00:00";"PR";476;119,1;"COLOMBO";"Mal Súbito";"Colisão traseira";"Com Vítimas Feridas";"Pleno dia";"Decrescente";"Céu Claro";"Dupla";"Reta";"Sim";4;0;2;0;2;0;2;4;-25,36501654;-49,18647766;"SPRF-PR";"DEL01-PR";"UOP01-DEL01-PR"
170253;2018-11-08;"quinta-feira";"09:30:00";"PR";116;118,9;"CURITIBA";"Falta de Atenção à Condução";"Colisão com objeto estático";"Com Vítimas Feridas";"Pleno dia";"Crescente";"Garoa/Chuvisco";"Dupla";"Curva";"Sim";1;0;0;1;0;0;1;1;-25,57527243;-49,31226254;"SPRF-PR";"DEL01-PR";"UOP07-DEL01-PR"
170261;2018-11-08;"quinta-feira";"09:20:00";"PR";376;624;"SAO JOSE DOS PINHAIS";"Falta de Atenção à Condução";"Colisão traseira";"Com Vítimas Feridas";"Pleno dia";"Decrescente";"Garoa/Chuvisco";"Dupla";"Reta";"Não";2;0;1;0;1;0;1;2;-25,64435064;-49,15913321;"SPRF-PR";"DEL01-PR";"DEL7/1-UOP08/PR"
170262;2018-11-08;"quinta-feira";"09:40:00";"PE";428;186,9;"PETROLINA";"Falta de Atenção à Condução";"Colisão lateral";"Com Vítimas Feridas";"Pleno dia";"Crescente";"Céu Claro";"Simples";"Reta";"Sim";2;0;0;1;1;0;1;2;-9,3847423;-40,5205483;"SPRF-PE";"DEL06-PE";"UOP01-DEL06-PE"
170263;2018-11-08;"quinta-feira";"10:00:00";"SE";101;110,5;"SAO CRISTOVAO";"Agressão Externa";"Colisão com objeto estático";"Com Vítimas Feridas";"Pleno dia";"Crescente";"Chuva";"Dupla";"Curva";"Não";1;0;1;0;0;0;1;1;-10,969591;-37,279366;"SPRF-SE";"DEL02-SE";"UOP01-DEL02-SE"
170266;2018-11-08;"quinta-feira";"10:30:00";"MG";262;504,8;"LUZ";"Pista Escorregadia";"Saída de leito carroçável";"Com Vítimas Feridas";"Pleno dia";"Crescente";"Chuva";"Simples";"Aclive";"Não";2;0;1;0;1;0;1;1;-19,76977291;-45,51258087;"SPRF-MG";"DEL08-MG";"UOP03-DEL08-MG"
170267;2018-11-08;"quinta-feira";"09:20:00";"MG";381;521;"BRUMADINHO";"Velocidade Incompatível";"Saída de leito carroçável";"Sem Vítimas";"Pleno dia";"Crescente";"Chuva";"Dupla";"Curva";"Não";1;0;0;0;1;0;0;1;-20,1265;-44,3024;"SPRF-MG";"DEL04-MG";"UOP03-DEL04-MG"
170269;2018-11-08;"quinta-feira";"10:30:00";"SP";116;224;"GUARULHOS";"Não guardar distância de segurança";"Colisão traseira";"Com Vítimas Feridas";"Pleno dia";"Crescente";"Garoa/Chuvisco";"Múltipla";"Reta";"Não";2;0;1;0;0;1;1;2;-23,48229854;-46,53551102;"SPRF-SP";"DEL01-SP";"UOP01-DEL01-SP"
170271;2018-11-08;"quinta-feira";"08:00:00";"AC";364;137;"RIO BRANCO";"Falta de Atenção à Condução";"Colisão lateral";"Com Vítimas Feridas";"Pleno dia";"Decrescente";"Nublado";"Dupla";"Reta";"Não";2;0;1;0;1;0;1;2;-9,969359;-67,852646;"SPRF-AC";"DEL01-AC";"UOP01-DEL01-AC"
170272;2018-11-08;"quinta-feira";"11:15:00";"SP";116;124;"CACAPAVA";"Não guardar distância de segurança";"Colisão traseira";"Com Vítimas Feridas";"Pleno dia";"Crescente";"Chuva";"Dupla";"Reta";"Não";2;0;2;0;0;0;2;2;-23,0903444;-45,67876858;"SPRF-SP";"DEL06-SP";"UOP02-DEL02-SP"
170276;2018-11-08;"quinta-feira";"11:00:00";"RS";116;419;"CRISTAL";"Falta de Atenção à Condução";"Colisão traseira";"Com Vítimas Feridas";"Pleno dia";"Crescente";"Céu Claro";"Simples";"Reta";"Não";2;0;2;0;0;0;2;2;-30,96252225;-51,98078156;"SPRF-RS";"DEL02-RS";"UOP03-DEL02-RS"
170279;2018-11-08;"quinta-feira";"12:00:00";"RS";116;520,9;"PELOTAS";"Falta de Atenção à Condução";"Colisão transversal";"Com Vítimas Feridas";"Pleno dia";"Crescente";"Céu Claro";"Múltipla";"Rotatória";"Não";2;0;1;0;1;0;1;2;-31,7062635;-52,36804962;"SPRF-RS";"DEL07-RS";"UOP01-DEL07-RS"
170283;2018-11-08;"quinta-feira";"12:30:00";"MG";381;705;"LAVRAS";"Falta de Atenção à Condução";"Saída de leito carroçável";"Com Vítimas Feridas";"Pleno dia";"Crescente";"Chuva";"Dupla";"Curva";"Não";1;0;1;0;0;0;1;1;-21,3237;-45,1662;"SPRF-MG";"DEL04-MG";"UOP02-DEL04-MG"
170284;2018-11-08;"quinta-feira";"12:00:00";"MG";365;621;"UBERLANDIA";"Falta de Atenção à Condução";"Colisão traseira";"Sem Vítimas";"Pleno dia";"Crescente";"Chuva";"Dupla";"Reta";"Sim";2;0;0;0;2;0;0;2;-18,8974;-48,2715;"SPRF-MG";"DEL15-MG";"UOP01-DEL15-MG"