"id";"data_inversa";"dia_semana";"horario";"uf";"br";"km";"municipio";"causa_acidente";"tipo_acidente";"classificacao_acidente";"fase_dia";"sentido_via";"condicao_metereologica";"tipo_pista";"tracado_via";"uso_solo";"pessoas";"mortos";"feridos_leves";"feridos_graves";"ilesos";"ignorados";"feridos";"veiculos";"latitude";"longitude";"regional";"delegacia";"uop"
170531;2018-11-09;"sexta-feira";"14:00:00";"DF";60;28,5;"BRASILIA";"Falta de Atenção à Condução";"Saída de leito carroçável";"Com Vítimas Feridas";"Pleno dia";"Decrescente";"Chuva";"Dupla";"Curva";"Não";1;0;1;0;0;0;1;1;-16,02323446;-48,2523821;"SPRF-DF";"DEL01-DF";"UOP01-DEL03-DF"
170532;2018-11-09;"sexta-feira";"06:40:00";"MG";381;442,1;"SABARA";"Velocidade Incompatível";"Colisão frontal";"Com Vítimas Fatais";"Amanhecer";"Decrescente";"Chuva";"Simples";"Curva;Aclive";"Não";32;4;7;0;21;0;7;2;-19,79900961;-43,76163483;"SPRF-MG";"DEL01-MG";"UOP01-DEL01-MG"
170534;2018-11-09;"sexta-feira";"14:30:00";"MG";262;355,4;"BETIM";"Defeito na Via";"Saída de leito carroçável";"Com Vítimas Feridas";"Pleno dia";"Decrescente";"Chuva";"Dupla";"Curva";"Não";1;0;1;0;0;0;1;1;-19,9826;-44,2321;"SPRF-MG";"DEL01-MG";"UOP03-DEL01-MG"
170535;2018-11-09;"sexta-feira";"12:45:00";"RO";364;280,9;"PRESIDENTE MEDICI";"Desobediência às normas de trânsito pelo condutor";"Colisão frontal";"Com Vítimas Fatais";"Pleno dia";"Decrescente";"Chuva";"Simples";"Curva";"Não";4;2;0;2;0;0;2;2;-11,380291;-61,80431;"SPRF-RO";"DEL02-RO";"UOP01-DEL02-RO"
170536;2018-11-09;"sexta-feira";"12:00:00";"GO";153;509;"APARECIDA DE GOIANIA";"Defeito Mecânico no Veículo";"Colisão traseira";"Com Vítimas Feridas";"Pleno dia";"Crescente";"Chuva";"Dupla";"Reta;Aclive";"Sim";2;0;1;0;1;0;1;2;-16,78036236;-49,23709631;"SPRF-GO";"DEL01-GO";"UOP03-DEL01-GO"
170538;2018-11-09;"sexta-feira";"13:00:00";"PE";101;49;"ABREU E LIMA";"Falta de Atenção à Condução";"Colisão lateral";"Sem Vítimas";"Pleno dia";"Decrescente";"Céu Claro";"Dupla";"Reta";"Sim";4;0;0;0;3;1;0;2;-7,904701;-34,901423;"SPRF-PE";"DEL01-PE";"UOP02-DEL01-PE"
170541;2018-11-09;"sexta-feira";"14:15:00";"BA";324;517;"FEIRA DE SANTANA";"Desobediência às normas de trânsito pelo condutor";"Colisão lateral";"Com Vítimas Feridas";"Pleno dia";"Crescente";"Céu Claro";"Simples";"Reta";"Sim";2;0;1;0;1;0;1;2;-12,24859192;-38,93374443;"SPRF-BA";"DEL02-BA";"UOP01-DEL02-BA"
170542;2018-11-09;"sexta-feira";"13:30:00";"RS";293;161;"HULHA NEGRA";"Falta de Atenção à Condução";"Colisão lateral";"Sem Vítimas";"Pleno dia";"Decrescente";"Céu Claro";"Simples";"Reta";"Não";6;0;0;0;6;0;0;3;-31,3517831;-54,0133345;"SPRF-RS";"DEL11-RS";"UOP03-DEL11-RS"
170543;2018-11-09;"sexta-feira";"15:03:00";"MG";381;442;"SABARA";"Carga excessiva e/ou mal acondicionada";"Incêndio";"Sem Vítimas";"Pleno dia";"Crescente";"Chuva";"Simples";"Reta";"Não";1;0;0;0;1;0;0;1;-19,80234493;-43,76198949;"SPRF-MG";"DEL01-MG";"UOP01-DEL01-MG"
170544;2018-10-20;"sábado";"20:30:00";"SC";282;517;"XAXIM";"Desobediência às normas de trânsito pelo condutor";"Colisão frontal";"Sem Vítimas";"Plena Noite";"Crescente";"Céu Claro";"Simples";"Curva";"Não";2;0;0;0;2;0;0;2;-26,93909625;-52,49977827;"SPRF-SC";"DEL07-SC";"UOP01-DEL07-SC"
170545;2018-11-09;"sexta-feira";"10:15:00";"RO";319;48;"PORTO VELHO";"Desobediência às normas de trânsito pelo condutor";"Colisão transversal";"Com Vítimas Feridas";"Pleno dia";"Decrescente";"Sol";"Simples";"Reta";"Não";3;0;0;2;1;0;2;2;-8,70807129;-63,98689091;"SPRF-RO";"DEL01-RO";"UOP01-DEL01-RO"
170546;2018-11-09;"sexta-feira";"14:00:00";"PA";10;9,3;"DOM ELISEU";"Avarias e/ou desgaste excessivo no pneu";"Tombamento";"Com Vítimas Feridas";"Pleno dia";"Crescente";"Sol";"Simples";"Declive";"Não";2;0;2;0;0;0;2;1;-4,3970752;-47,53200531;"SPRF-PA";"DEL02-PA";"UOP02-DEL02-PA"
170547;2018-11-09;"sexta-feira";"14:20:00";"MT";364;528;"ROSARIO OESTE";"Objeto estático sobre o leito carroçável";"Colisão com objeto estático";"Com Vítimas Feridas";"Pleno dia";"Decrescente";"Céu Claro";"Simples";"Curva";"Não";2;0;2;0;0;0;2;1;-15,022526;-56,514439;"SPRF-MT";"DEL01-MT";"UOP01-DEL01-MT"
170548;2018-11-09;"sexta-feira";"15:30:00";"GO";153;507,6;"APARECIDA DE GOIANIA";"Defeito Mecânico no Veículo";"Colisão traseira";"Com Vítimas Feridas";"Pleno dia";"Crescente";"Garoa/Chuvisco";"Dupla";"Reta";"Sim";2;0;1;0;1;0;1;2;-16,76868275;-49,23946738;"SPRF-GO";"DEL01-GO";"UOP03-DEL01-GO"
170549;2018-11-09;"sexta-feira";"16:00:00";"PR";376;177;"MARINGA";"Falta de Atenção à Condução";"Colisão lateral";"Com Vítimas Feridas";"Pleno dia";"Crescente";"Céu Claro";"Dupla";"Reta";"Sim";3;0;1;0;2;0;1;3;-23,412691;-51,931583;"SPRF-PR";"DEL07-PR";"UOP01-DEL09-PR"
170550;2018-11-09;"sexta-feira";"15:15:00";"SP";116;145;"SAO JOSE DOS CAMPOS";"Desobediência às normas de trânsito pelo condutor";"Colisão lateral";"Com Vítimas Feridas";"Pleno dia";"Crescente";"Nublado";"Múltipla";"Reta";"Sim";3;0;0;1;1;1;1;3;-23,18606959;-45,85360581;"SPRF-SP";"DEL02-SP";"UOP01-DEL02-SP"
170552;2018-10-20;"sábado";"15:35:00";"MT";163;661;"LUCAS DO RIO VERDE";"Pista Escorregadia";"Saída de leito carroçável";"Sem Vítimas";"Pleno dia";"Decrescente";"Nublado";"Simples";"Reta";"Não";1;0;0;0;1;0;0;1;-13,30044852;-56,03781581;"SPRF-MT";"DEL06-MT";"UOP01-DEL06-MT"
170553;2018-11-09;"sexta-feira";"15:30:00";"SC";470;120,6;"IBIRAMA";"Velocidade Incompatível";"Capotamento";"Com Vítimas Feridas";"Pleno dia";"Crescente";"Garoa/Chuvisco";"Simples";"Curva";"Não";1;0;1;0;0;0;1;1;-27,09156794;-49,5206809;"SPRF-SC";"DEL04-SC";"UOP02-DEL04-SC"
170554;2018-11-09;"sexta-feira";"15:15:00";"MG";381;686,5;"LAVRAS";"Velocidade Incompatível";"Colisão com objeto estático";"Com Vítimas Feridas";"Pleno dia";"Decrescente";"Chuva";"Dupla";"Aclive;Curva";"Não";2;0;1;0;1;0;1;2;-21,17847939;-45,1226896;"SPRF-MG";"DEL04-MG";"UOP02-DEL04-MG"
170555;2018-11-09;"sexta-feira";"13:55:00";"RO";364;240,5;"CACOAL";"Falta de Atenção à Condução";"Colisão traseira";"Com Vítimas Feridas";"Pleno dia";"Decrescente";"Céu Claro";"Simples";"Reta";"Sim";2;0;0;1;1;0;1;2;-11,439086;-61,47554;"SPRF-RO";"DEL02-RO";"UOP02-DEL02-RO"
170556;2018-11-09;"sexta-feira";"15:20:00";"RN";101;82,2;"SAO GONCALO DO AMARANTE";"Falta de Atenção à Condução";"Colisão lateral";"Com Vítimas Feridas";"Pleno dia";"Crescente";"Céu Claro";"Dupla";"Reta";"Sim";3;0;2;0;1;0;2;2;-5,767915;-35,274563;"SPRF-RN";"DEL02-RN";"UOP01-DEL02-RN"
170558;2018-10-25;"quinta-feira";"20:20:00";"PB";230;312,1;"SAO MAMEDE";"Ingestão de Álcool";"Colisão transversal";"Com Vítimas Feridas";"Plena Noite";"Crescente";"Céu Claro";"Simples";"Reta";"Não";3;0;1;0;0;2;1;2;-6,9321;-37,0867;"SPRF-PB";"DEL03-PB";"UOP01-DEL03-PB"
170559;2018-11-09;"sexta-feira";"12:10:00";"MA";135;38,8;"BACABEIRA";"Condutor Dormindo";"Saída de leito carroçável";"Com Vítimas Feridas";"Pleno dia";"Crescente";"Céu Claro";"Dupla";"Curva";"Não";2;0;0;2;0;0;2;1;-2,8926379;-44,37549591;"SPRF-MA";"DEL01-MA";"UOP01-DEL01-MA"
170561;2018-07-06;"sexta-feira";"07:40:00";"MS";262;363;"CAMPO GRANDE";"Pista Escorregadia";"Tombamento";"Com Vítimas Feridas";"Pleno dia";"Crescente";"Ignorado";"Simples";"Rotatória";"Sim";2;0;0;1;0;1;1;2;-20,47789865;-54,75000679;"SPRF-MS";"DEL01-MS";"UOP03-DEL01-MS"
170562;2018-11-09;"sexta-feira";"16:11:00";"PR";476;122;"CURITIBA";"Falta de Atenção à Condução";"Colisão traseira";"Com Vítimas Feridas";"Pleno dia";"Decrescente";"Céu Claro";"Dupla";"Reta";"Sim";2;0;1;0;1;0;1;2;-25,385775;-49,203377;"SPRF-PR";"DEL01-PR";"UOP01-DEL01-PR"
170563;2018-11-09;"sexta-feira";"14:50:00";"MG";40;510,3;"RIBEIRAO DAS NEVES";"Não guardar distância de segurança";"Colisão traseira";"Com Vítimas Feridas";"Pleno dia";"Crescente";"Chuva";"Dupla";"Reta";"Sim";9;0;2;0;7;0;2;7;-19,78008061;-44,11899053;"SPRF-MG";"DEL01-MG";"UOP03-DEL01-MG"
170564;2018-11-09;"sexta-feira";"16:25:00";"SC";101;199;"BIGUACU";"Não guardar distância de segurança";"Colisão traseira";"Com Vítimas Feridas";"Pleno dia";"Decrescente";"Nublado";"Múltipla";"Reta";"Sim";3;0;1;0;1;1;1;3;-27,5402;-48,6226;"SPRF-SC";"DEL01-SC";"UOP01-DEL01-SC"
170566;2018-11-09;"sexta-feira";"15:20:00";"PA";230;120;"MARABA";"Não guardar distância de segurança";"Colisão traseira";"Com Vítimas Feridas";"Pleno dia";"Crescente";"Céu Claro";"Dupla";"Reta";"Sim";4;0;1;0;3;0;1;3;-5,350384;-49,114384;"SPRF-PA";"DEL03-PA";"UOP01-DEL03-PA"
170568;2018-09-09;"domingo";"19:00:00";"PB";361;13,9;"SANTA TERESINHA";"Falta de Atenção à Condução";"Colisão frontal";"Com Vítimas Fatais";"Plena Noite";"Crescente";"Ignorado";"Simples";"Curva";"Não";3;1;0;0;1;1;0;3;-7,046276;-37,38077;"SPRF-PB";"DEL03-PB";"UOP01-DEL03-PB"
170569;2018-11-09;"sexta-feira";"16:10:00";"SP";116;223,1;"GUARULHOS";"Falta de Atenção à Condução";"Colisão traseira";"Com Vítimas Feridas";"Pleno dia";"Crescente";"Nublado";"Múltipla";"Reta";"Sim";3;0;1;0;2;0;1;3;-23,47633518;-46,52645588;"SPRF-SP";"DEL01-SP";"UOP01-DEL01-SP"
170571;2018-11-09;"sexta-feira";"16:40:00";"SC";470;67;"INDAIAL";"Desobediência às normas de trânsito pelo condutor";"Colisão transversal";"Com Vítimas Feridas";"Pleno dia";"Crescente";"Chuva";"Simples";"Reta";"Não";2;0;0;1;1;0;1;2;-26,87000888;-49,22390965;"SPRF-SC";"DEL04-SC";"UOP01-DEL04-SC"
170572;2018-11-09;"sexta-feira";"16:30:00";"PR";116;131;"FAZENDA RIO GRANDE";"Falta de Atenção à Condução";"Colisão frontal";"Com Vítimas Feridas";"Pleno dia";"Crescente";"Nublado";"Dupla";"Reta";"Sim";2;0;1;0;1;0;1;2;-25,630278;-49,313812;"SPRF-PR";"DEL01-PR";"UOP03-DEL01-PR"
170574;2018-11-09;"sexta-feira";"13:30:00";"SC";101;155;"PORTO BELO";"Falta de Atenção à Condução";"Queda de ocupante de veículo";"Com Vítimas Feridas";"Pleno dia";"Crescente";"Céu Claro";"Simples";"Curva";"Não";1;0;1;0;0;0;1;1;-27,1719;-48,6115;"SPRF-SC";"DEL04-SC";"UOP03-DEL04-SC"
170577;2018-06-15;"sexta-feira";"08:30:00";"MG";459;65;"SENADOR JOSE BENTO";"Pista Escorregadia";"Tombamento";"Com Vítimas Feridas";"Pleno dia";"Crescente";"Chuva";"Simples";"Curva";"Não";1;0;1;0;0;0;1;1;-22,123672;-46,181252;"SPRF-MG";"DEL09-MG";"UOP01-DEL09-MG"
170578;2018-11-09;"sexta-feira";"16:30:00";"MG";381;540,1;"ITATIAIUCU";"Velocidade Incompatível";"Saída de leito carroçável";"Com Vítimas Feridas";"Pleno dia";"Decrescente";"Chuva";"Dupla";"Curva";"Sim";2;0;2;0;0;0;2;1;-20,2342;-44,4037;"SPRF-MG";"DEL04-MG";"UOP03-DEL04-MG"
170579;2018-11-09;"sexta-feira";"14:45:00";"MG";50;19;"UBERLANDIA";"Pista Escorregadia";"Saída de leito carroçável";"Com Vítimas Feridas";"Pleno dia";"Decrescente";"Chuva";"Dupla";"Reta";"Não";2;0;1;0;1;0;1;1;-18,9161472;-48,2443264;"SPRF-MG";"DEL15-MG";"UOP02-DEL15-MG"
170581;2018-11-09;"sexta-feira";"17:05:00";"MG";365;137;"VARZEA DA PALMA";"Velocidade Incompatível";"Saída de leito carroçável";"Com Vítimas Feridas";"Pleno dia";"Decrescente";"Garoa/Chuvisco";"Simples";"Reta";"Não";2;0;1;0;1;0;1;1;-17,194386;-44,818951;"SPRF-MG";"DEL12-MG";"UOP01-DEL12-MG"
170583;2018-11-09;"sexta-feira";"17:30:00";"SC";101;206;"SAO JOSE";"Falta de Atenção à Condução";"Colisão lateral";"Com Vítimas Feridas";"Pleno dia";"Decrescente";"Nublado";"Múltipla";"Curva";"Sim";3;0;2;0;1;0;2;2;-27,58518989;-48,61801917;"SPRF-SC";"DEL01-SC";"UOP01-DEL01-SC"
170584;2018-11-09;"sexta-feira";"17:00:00";"RS";290;95;"PORTO ALEGRE";"Não guardar distância de segurança";"Colisão traseira";"Com Vítimas Feridas";"Pleno dia";"Crescente";"Sol";"Dupla";"Reta";"Sim";2;0;0;1;1;0;1;2;-29,98705516;-51,20334059;"SPRF-RS";"DEL01-RS";"UOP01-DEL01-RS"
170585;2018-11-09;"sexta-feira";"17:20:00";"RS";290;102;"PORTO ALEGRE";"Não guardar distância de segurança";"Colisão traseira";"Com Vítimas Feridas";"Pleno dia";"Decrescente";"Céu Claro";"Dupla";"Reta";"Sim";8;0;4;0;4;0;4;5;-29,98595862;-51,25184298;"SPRF-RS";"DEL01-RS";"UOP01-DEL01-RS"
170586;2018-11-09;"sexta-feira";"16:20:00";"RN";101;105,5;"PARNAMIRIM";"Falta de Atenção à Condução";"Queda de ocupante de veículo";"Com Vítimas Feridas";"Pleno dia";"Crescente";"Céu Claro";"Múltipla";"Reta";"Sim";2;0;0;1;1;0;1;2;-5,90648524;-35,26054502;"SPRF-RN";"DEL01-RN";"UOP01-DEL01-RN"
170587;2018-11-09;"sexta-feira";"17:40:00";"PR";376;509,7;"PONTA GROSSA";"Falta de Atenção à Condução";"Colisão traseira";"Com Vítimas Feridas";"Pleno dia";"Decrescente";"Nublado";"Dupla";"Reta";"Não";4;0;2;0;2;0;2;2;-25,21985073;-50,05491257;"SPRF-PR";"DEL03-PR";"UOP04-DEL03-PR"
170588;2018-11-09;"sexta-feira";"16:20:00";"RS";290;60,4;"GRAVATAI";"Ingestão de Álcool";"Saída de leito carroçável";"Sem Vítimas";"Pleno dia";"Crescente";"Sol";"Dupla";"Reta";"Não";1;0;0;0;1;0;0;1;-29,924509;-50,858528;"SPRF-RS";"DEL03-RS";"UOP02-DEL03-RS"
170589;2018-11-09;"sexta-feira";"16:30:00";"SC";101;33;"JOINVILLE";"Restrição de Visibilidade";"Tombamento";"Com Vítimas Feridas";"Pleno dia";"Crescente";"Chuva";"Dupla";"Curva";"Não";1;0;1;0;0;0;1;1;-26,2615;-48,9028;"SPRF-SC";"DEL03-SC";"UOP01-DEL03-SC"
170590;2018-11-09;"sexta-feira";"15:30:00";"BA";101;372;"GANDU";"Velocidade Incompatível";"Colisão com objeto estático";"Sem Vítimas";"Pleno dia";"Crescente";"Chuva";"Simples";"Curva";"Não";4;0;0;0;4;0;0;1;-13,7977;-39,4959;"SPRF-BA";"DEL05-BA";"UOP03-DEL05-BA"
170593;2018-11-09;"sexta-feira";"17:50:00";"PR";369;130,7;"IBIPORA";"Avarias e/ou desgaste excessivo no pneu";"Tombamento";"Com Vítimas Feridas";"Anoitecer";"Decrescente";"Céu Claro";"Dupla";"Reta";"Não";1;0;1;0;0;0;1;1;-23,2608424;-50,9889539;"SPRF-PR";"DEL07-PR";"UOP01-DEL07-PR"
170594;2018-11-09;"sexta-feira";"18:00:00";"PR";376;653,5;"TIJUCAS DO SUL";"Velocidade Incompatível";"Saída de leito carroçável";"Com Vítimas Feridas";"Pleno dia";"Decrescente";"Garoa/Chuvisco";"Dupla";"Curva";"Não";1;0;0;1;0;0;1;1;-25,84045364;-49,01807785;"SPRF-PR";"DEL01-PR";"DEL7/1-UOP08/PR"
170596;2018-11-09;"sexta-feira";"18:00:00";"PR";373;407,8;"CANDOI";"Defeito na Via";"Saída de leito carroçável";"Com Vítimas Feridas";"Pleno dia";"Crescente";"Céu Claro";"Simples";"Reta";"Não";2;0;1;1;0;0;2;1;-25,62599173;-52,08051682;"SPRF-PR";"DEL03-PR";"UOP01-DEL08-PR"
170597;2018-11-09;"sexta-feira";"17:00:00";"MT";163;766;"SORRISO";"Falta de Atenção à Condução";"Colisão lateral";"Sem Vítimas";"Pleno dia";"Decrescente";"Sol";"Múltipla";"Reta";"Não";2;0;0;0;2;0;0;2;-12,440881;-55,653189;"SPRF-MT";"DEL06-MT";"UOP01-DEL06-MT"
170598;2018-11-09;"sexta-feira";"17:55:00";"SC";470;7,1;"NAVEGANTES";"Condutor Dormindo";"Engavetamento";"Com Vítimas Feridas";"Pleno dia";"Decrescente";"Nublado";"Simples";"Reta";"Sim";4;0;2;0;2;0;2;3;-26,84499;-48,71505;"SPRF-SC";"DEL04-SC";"UOP04-DEL04-SC"
170601;2018-11-09;"sexta-feira";"17:30:00";"RJ";116;175;"NOVA IGUACU";"Não guardar distância de segurança";"Colisão lateral";"Com Vítimas Feridas";"Pleno dia";"Crescente";"Chuva";"Dupla";"Reta";"Não";2;0;1;0;1;0;1;2;-22,789236;-43,372753;"SPRF-RJ";"DEL01-RJ";"UOP02-DEL01-RJ"
170602;2018-11-09;"sexta-feira";"18:00:00";"RS";290;107;"ELDORADO DO SUL";"Ingestão de Álcool";"Colisão traseira";"Sem Vítimas";"Pleno dia";"Decrescente";"Céu Claro";"Dupla";"Viaduto;Reta";"Não";2;0;0;0;2;0;0;2;-30,001852;-51,304264;"SPRF-RS";"DEL02-RS";"UOP01-DEL02-RS"
170604;2018-11-09;"sexta-feira";"17:50:00";"PR";376;599,8;"CURITIBA";"Desobediência às normas de trânsito pelo condutor";"Colisão traseira";"Com Vítimas Feridas";"Pleno dia";"Decrescente";"Chuva";"Dupla";"Reta";"Sim";4;0;1;1;2;0;2;3;-25,53756575;-49,3133247;"SPRF-PR";"DEL01-PR";"UOP06-DEL01-PR"
170605;2018-11-09;"sexta-feira";"17:30:00";"RN";304;106,4;"ACU";"Desobediência às normas de trânsito pelo condutor";"Colisão transversal";"Com Vítimas Feridas";"Anoitecer";"Crescente";"Céu Claro";"Simples";"Interseção de Vias";"Não";2;0;0;1;0;1;1;2;-5,588217;-36,968185;"SPRF-RN";"DEL04-RN";"UOP01-DEL04-RN"
170607;2018-11-09;"sexta-feira";"16:30:00";"SP";116;535;"BARRA DO TURVO";"Pista Escorregadia";"Capotamento";"Com Vítimas Feridas";"Pleno dia";"Crescente";"Chuva";"Dupla";"Curva";"Não";1;0;1;0;0;0;1;1;-24,92878548;-48,26980591;"SPRF-SP";"DEL05-SP";"UOP02-DEL05-SP"
170608;2018-11-09;"sexta-feira";"18:30:00";"GO";60;44,5;"APARECIDA DE GOIANIA";"Falta de Atenção à Condução";"Colisão traseira";"Com Vítimas Feridas";"Anoitecer";"Decrescente";"Céu Claro";"Dupla";"Reta";"Sim";2;0;0;1;1;0;1;2;-16,77773785;-49,29447144;"SPRF-GO";"DEL01-GO";"UOP03-DEL01-GO"
170612;2018-11-09;"sexta-feira";"19:05:00";"SC";101;329;"CAPIVARI DE BAIXO";"Falta de Atenção à Condução";"Saída de leito carroçável";"Com Vítimas Feridas";"Anoitecer";"Crescente";"Céu Claro";"Dupla";"Reta";"Não";1;0;1;0;0;0;1;1;-28,4442528;-49,0198437;"SPRF-SC";"DEL02-SC";"UOP01-DEL02-SC"
170614;2018-11-09;"sexta-feira";"17:45:00";"RN";304;306,5;"PARNAMIRIM";"Desobediência às normas de trânsito pelo condutor";"Engavetamento";"Com Vítimas Feridas";"Anoitecer";"Decrescente";"Céu Claro";"Dupla";"Declive";"Não";5;0;3;0;2;0;3;4;-5,890122;-35,263519;"SPRF-RN";"DEL01-RN";"UOP02-DEL01-RN"
170615;2018-11-09;"sexta-feira";"16:15:00";"PR";116;26;"CAMPINA GRANDE DO SUL";"Pista Escorregadia";"Saída de leito carroçável";"Sem Vítimas";"Pleno dia";"Decrescente";"Chuva";"Dupla";"Curva";"Não";4;0;0;0;1;3;0;2;-25,19344711;-48,88669789;"SPRF-PR";"DEL01-PR";"UOP02-DEL01-PR"
170618;2018-11-09;"sexta-feira";"19:30:00";"PR";369;159,7;"CAMBE";"Falta de Atenção do Pedestre";"Atropelamento de Pedestre";"Com Vítimas Feridas";"Anoitecer";"Crescente";"Céu Claro";"Dupla";"Reta";"Sim";2;0;0;1;1;0;1;2;-23,282206;-51,251623;"SPRF-PR";"DEL07-PR";"UOP01-DEL07-PR"
170619;2018-11-09;"sexta-feira";"18:00:00";"RJ";40;80;"PETROPOLIS";"Velocidade Incompatível";"Saída de leito carroçável";"Com Vítimas Feridas";"Anoitecer";"Crescente";"Garoa/Chuvisco";"Simples";"Curva";"Não";2;0;1;0;1;0;1;1;-22,51101079;-43,2316947;"SPRF-RJ";"DEL06-RJ";"UOP01-DEL06-RJ"
170621;2018-11-09;"sexta-feira";"18:00:00";"MT";364;435;"VARZEA GRANDE";"Pista Escorregadia";"Queda de ocupante de veículo";"Com Vítimas Feridas";"Anoitecer";"Decrescente";"Chuva";"Dupla";"Reta";"Sim";1;0;0;1;0;0;1;1;-15,639462;-56,122353;"SPRF-MT";"DEL01-MT";"DEL2/4-UOP02/MT"
170622;2018-11-09;"sexta-feira";"18:50:00";"SE";235;34,1;"AREIA BRANCA";"Falta de Atenção à Condução";"Colisão frontal";"Com Vítimas Feridas";"Plena Noite";"Crescente";"Céu Claro";"Simples";"Reta";"Sim";2;0;1;0;1;0;1;2;-10,761853;-37,319121;"SPRF-SE";"DEL01-SE";"UOP02-DEL01-SE"
170623;2018-11-09;"sexta-feira";"18:45:00";"RN";406;147;"CEARA-MIRIM";"Ultrapassagem Indevida";"Colisão frontal";"Com Vítimas Fatais";"Plena Noite";"Decrescente";"Céu Claro";"Simples";"Reta";"Não";4;1;0;2;1;0;2;3;-5,645763;-35,462157;"SPRF-RN";"DEL02-RN";"UOP01-DEL02-RN"
170624;2018-11-09;"sexta-feira";"18:30:00";"MS";262;256,3;"RIBAS DO RIO PARDO";"Defeito Mecânico no Veículo";"Saída de leito carroçável";"Com Vítimas Feridas";"Anoitecer";"Crescente";"Nublado";"Simples";"Reta";"Não";3;0;3;0;0;0;3;1;-20,40068;-53,904837;"SPRF-MS";"DEL01-MS";"UOP01-DEL01-MS"
170627;2018-11-09;"sexta-feira";"20:10:00";"SC";470;32,2;"GASPAR";"Falta de Atenção à Condução";"Colisão frontal";"Com Vítimas Feridas";"Plena Noite";"Crescente";"Nublado";"Simples";"Interseção de Vias";"Não";3;0;0;1;1;1;1;2;-26,90252472;-48,93321091;"SPRF-SC";"DEL04-SC";"UOP01-DEL04-SC"
170628;2018-11-09;"sexta-feira";"17:00:00";"RO";364;14;"VILHENA";"Não guardar distância de segurança";"Colisão traseira";"Sem Vítimas";"Plena Noite";"Decrescente";"Céu Claro";"Dupla";"Reta";"Não";2;0;0;0;2;0;0;2;-12,738981;-60,139114;"SPRF-RO";"DEL04-RO";"UOP01-DEL04-RO"
170629;2018-11-09;"sexta-feira";"20:05:00";"GO";153;439,9;"ANAPOLIS";"Falta de Atenção à Condução";"Colisão traseira";"Com Vítimas Feridas";"Plena Noite";"Decrescente";"Céu Claro";"Dupla";"Viaduto";"Sim";3;0;2;0;1;0;2;2;-16,298529;-48,928207;"SPRF-GO";"DEL02-GO";"UOP01-DEL02-GO"
170630;2018-11-09;"sexta-feira";"16:40:00";"RN";304;305;"PARNAMIRIM";"Falta de Atenção à Condução";"Colisão traseira";"Com Vítimas Feridas";"Pleno dia";"Decrescente";"Céu Claro";"Dupla";"Aclive";"Não";3;0;2;0;1;0;2;2;-5,8867559;-35,2748103;"SPRF-RN";"DEL01-RN";"UOP02-DEL01-RN"
170631;2018-11-09;"sexta-feira";"19:40:00";"MG";381;448;"SANTA LUZIA";"Falta de Atenção à Condução";"Colisão transversal";"Com Vítimas Feridas";"Plena Noite";"Crescente";"Garoa/Chuvisco";"Simples";"Reta;Declive";"Não";4;0;2;0;1;1;2;3;-19,8224274;-43,81304741;"SPRF-MG";"DEL01-MG";"UOP01-DEL01-MG"
170632;2018-11-09;"sexta-feira";"20:00:00";"PR";376;665,2;"GUARATUBA";"Velocidade Incompatível";"Saída de leito carroçável";"Sem Vítimas";"Plena Noite";"Decrescente";"Chuva";"Dupla";"Curva";"Não";1;0;0;0;1;0;0;1;-25,85644301;-48,95027161;"SPRF-PR";"DEL01-PR";"DEL7/1-UOP08/PR"
170633;2018-11-09;"sexta-feira";"20:10:00";"RJ";493;1,7;"ITABORAI";"Defeito Mecânico no Veículo";"Colisão com objeto estático";"Com Vítimas Feridas";"Plena Noite";"Crescente";"Chuva";"Simples";"Reta";"Sim";1;0;1;0;0;0;1;1;-22,76174861;-42,93448448;"SPRF-RJ";"DEL04-RJ";"UOP02-DEL04-RJ"
170635;2018-11-09;"sexta-feira";"18:40:00";"MG";365;729,6;"MONTE ALEGRE DE MINAS";"Pista Escorregadia";"Saída de leito carroçável";"Com Vítimas Feridas";"Plena Noite";"Crescente";"Chuva";"Simples";"Curva";"Não";1;0;0;1;0;0;1;1;-18,89699965;-49,25093651;"SPRF-MG";"DEL15-MG";"UOP03-DEL15-MG"
170636;2018-11-09;"sexta-feira";"16:20:00";"RJ";116;95;"TERESOPOLIS";"Velocidade Incompatível";"Colisão frontal";"Com Vítimas Feridas";"Pleno dia";"Decrescente";"Chuva";"Simples";"Curva";"Não";2;0;1;0;1;0;1;2;-22,473751;-43,001179;"SPRF-RJ";"DEL04-RJ";"UOP02-DEL04-RJ"
170637;2018-11-09;"sexta-feira";"19:20:00";"MS";163;548,3;"BANDEIRANTES";"Deficiência ou não Acionamento do Sistema de Iluminação/Sinalização do Veículo";"Colisão transversal";"Com Vítimas Feridas";"Plena Noite";"Crescente";"Céu Claro";"Simples";"Reta";"Não";2;0;0;1;0;1;1;2;-19,91914647;-54,36848966;"SPRF-MS";"DEL01-MS";"UOP02-DEL01-MS"
170638;2018-11-09;"sexta-feira";"20:05:00";"SC";470;70;"INDAIAL";"Falta de Atenção à Condução";"Colisão traseira";"Com Vítimas Feridas";"Plena Noite";"Crescente";"Chuva";"Simples";"Reta";"Sim";2;0;1;0;1;0;1;2;-26,889374;-49,254478;"SPRF-SC";"DEL04-SC";"UOP01-DEL04-SC"