"id";"data_inversa";"dia_semana";"horario";"uf";"br";"km";"municipio";"causa_acidente";"tipo_acidente";"classificacao_acidente";"fase_dia";"sentido_via";"condicao_metereologica";"tipo_pista";"tracado_via";"uso_solo";"pessoas";"mortos";"feridos_leves";"feridos_graves";"ilesos";"ignorados";"feridos";"veiculos";"latitude";"longitude";"regional";"delegacia";"uop"
170639;2018-11-09;"sexta-feira";"13:30:00";"RO";364;428;"JARU";"Falta de Atenção à Condução";"Colisão traseira";"Com Vítimas Feridas";"Pleno dia";"Decrescente";"Céu Claro";"Simples";"Reta";"Não";3;0;1;1;1;0;2;2;-10,421814;-62,495125;"SPRF-RO";"DEL03-RO";"UOP02-DEL03-RO"
170640;2018-11-09;"sexta-feira";"16:00:00";"RO";364;424;"JARU";"Falta de Atenção à Condução";"Colisão traseira";"Com Vítimas Feridas";"Pleno dia";"Decrescente";"Nublado";"Simples";"Reta";"Sim";2;0;0;1;1;0;1;2;-10,444572;-62,465683;"SPRF-RO";"DEL03-RO";"UOP02-DEL03-RO"
170642;2018-11-09;"sexta-feira";"20:30:00";"MG";381;841;"POUSO ALEGRE";"Velocidade Incompatível";"Saída de leito carroçável";"Sem Vítimas";"Plena Noite";"Crescente";"Chuva";"Dupla";"Reta";"Não";1;0;0;0;1;0;0;1;-22,1809;-45,8419;"SPRF-MG";"DEL16-MG";"UOP01-DEL16-MG"
170643;2018-11-09;"sexta-feira";"19:00:00";"PB";104;114,6;"LAGOA SECA";"Falta de Atenção do Pedestre";"Atropelamento de Pedestre";"Com Vítimas Feridas";"Plena Noite";"Decrescente";"Céu Claro";"Simples";"Reta";"Sim";2;0;0;1;1;0;1;2;-7,16383073;-35,85773885;"SPRF-PB";"DEL02-PB";"UOP04-DEL02-PB"
170644;2018-11-09;"sexta-feira";"19:30:00";"MG";267;71,1;"BICAS";"Pista Escorregadia";"Colisão lateral";"Com Vítimas Feridas";"Anoitecer";"Crescente";"Chuva";"Simples";"Curva";"Não";3;0;1;0;2;0;1;2;-21,7392253;-43,11945351;"SPRF-MG";"DEL05-MG";"UOP01-DEL05-MG"
170645;2018-11-09;"sexta-feira";"20:15:00";"SC";470;118,1;"IBIRAMA";"Ingestão de Álcool";"Colisão traseira";"Com Vítimas Feridas";"Plena Noite";"Decrescente";"Garoa/Chuvisco";"Simples";"Reta";"Não";6;0;3;0;2;1;3;4;-27,08052567;-49,5129776;"SPRF-SC";"DEL04-SC";"UOP02-DEL04-SC"
170646;2018-11-09;"sexta-feira";"20:30:00";"MG";381;533,4;"ITATIAIUCU";"Condutor Dormindo";"Saída de leito carroçável";"Com Vítimas Feridas";"Plena Noite";"Crescente";"Garoa/Chuvisco";"Dupla";"Curva";"Sim";2;0;1;0;0;1;1;2;-20,17593704;-44,37558174;"SPRF-MG";"DEL04-MG";"UOP03-DEL04-MG"
170647;2018-11-09;"sexta-feira";"20:20:00";"BA";324;524;"FEIRA DE SANTANA";"Falta de Atenção à Condução";"Queda de ocupante de veículo";"Com Vítimas Feridas";"Plena Noite";"Decrescente";"Céu Claro";"Dupla";"Reta";"Sim";1;0;1;0;0;0;1;1;-12,30477295;-38,89251888;"SPRF-BA";"DEL01-BA";"UOP01-DEL01-BA"
170648;2018-11-09;"sexta-feira";"14:00:00";"RS";392;13;"RIO GRANDE";"Fenômenos da Natureza";"Colisão com objeto estático";"Com Vítimas Feridas";"Pleno dia";"Decrescente";"Céu Claro";"Dupla";"Curva";"Não";1;0;1;0;0;0;1;1;-32,126305;-52,14938;"SPRF-RS";"DEL07-RS";"UOP02-DEL07-RS"
170650;2018-11-09;"sexta-feira";"20:30:00";"PR";376;214,5;"JANDAIA DO SUL";"Não guardar distância de segurança";"Colisão traseira";"Com Vítimas Feridas";"Plena Noite";"Decrescente";"Céu Claro";"Dupla";"Reta";"Não";3;0;0;1;1;1;1;2;-23,57721445;-51,65281639;"SPRF-PR";"DEL07-PR";"UOP01-DEL09-PR"
170651;2018-11-09;"sexta-feira";"21:20:00";"PR";116;93;"SAO JOSE DOS PINHAIS";"Pista Escorregadia";"Saída de leito carroçável";"Sem Vítimas";"Plena Noite";"Decrescente";"Chuva";"Simples";"Curva";"Sim";3;0;0;0;3;0;0;1;-25,482296;-49,105915;"SPRF-PR";"DEL01-PR";"UOP01-DEL01-PR"
170652;2018-11-09;"sexta-feira";"20:50:00";"PR";116;8;"COLOMBO";"Mal Súbito";"Saída de leito carroçável";"Sem Vítimas";"Plena Noite";"Crescente";"Garoa/Chuvisco";"Dupla";"Reta";"Sim";1;0;0;0;1;0;0;1;-25,3697;-49,1158;"SPRF-PR";"DEL01-PR";"UOP02-DEL01-PR"
170654;2018-11-09;"sexta-feira";"16:45:00";"RJ";116;258,2;"VOLTA REDONDA";"Ingestão de Álcool";"Colisão com objeto estático";"Sem Vítimas";"Pleno dia";"Crescente";"Chuva";"Dupla";"Interseção de Vias";"Não";1;0;0;0;1;0;0;1;-22,59085346;-44,07829642;"SPRF-RJ";"DEL07-RJ";"UOP02-DEL07-RJ"
170655;2018-11-09;"sexta-feira";"20:40:00";"PE";232;414;"SERRA TALHADA";"Ingestão de Álcool";"Colisão traseira";"Com Vítimas Feridas";"Plena Noite";"Crescente";"Céu Claro";"Dupla";"Interseção de Vias";"Sim";2;0;1;0;1;0;1;2;-7,988571;-38,329723;"SPRF-PE";"DEL04-PE";"UOP01-DEL04-PE"
170656;2018-11-09;"sexta-feira";"21:30:00";"RJ";116;276;"BARRA MANSA";"Pista Escorregadia";"Colisão traseira";"Sem Vítimas";"Plena Noite";"Crescente";"Chuva";"Dupla";"Reta";"Não";2;0;0;0;1;1;0;2;-22,561834;-44,165886;"SPRF-RJ";"DEL07-RJ";"UOP02-DEL07-RJ"
170657;2018-11-09;"sexta-feira";"21:30:00";"SP";116;227;"SAO PAULO";"Não guardar distância de segurança";"Colisão traseira";"Com Vítimas Feridas";"Plena Noite";"Decrescente";"Céu Claro";"Múltipla";"Curva";"Não";3;0;0;1;1;1;1;3;-23,50075767;-46,56138897;"SPRF-SP";"DEL01-SP";"UOP01-DEL01-SP"
170658;2018-11-09;"sexta-feira";"22:25:00";"GO";452;88,5;"GOIATUBA";"Deficiência ou não Acionamento do Sistema de Iluminação/Sinalização do Veículo";"Colisão traseira";"Com Vítimas Feridas";"Plena Noite";"Decrescente";"Chuva";"Simples";"Reta";"Não";2;0;1;0;1;0;1;2;-18,051043;-50,184875;"SPRF-GO";"DEL03-GO";"UOP02-DEL03-GO"
170660;2018-11-09;"sexta-feira";"22:20:00";"SC";282;485;"FAXINAL DOS GUEDES";"Velocidade Incompatível";"Capotamento";"Com Vítimas Feridas";"Plena Noite";"Crescente";"Céu Claro";"Simples";"Curva";"Não";1;0;0;1;0;0;1;1;-26,86159611;-52,23745823;"SPRF-SC";"DEL07-SC";"UOP01-DEL07-SC"
170662;2018-11-09;"sexta-feira";"22:20:00";"RS";116;264;"CANOAS";"Ingestão de Álcool";"Colisão traseira";"Com Vítimas Feridas";"Plena Noite";"Decrescente";"Céu Claro";"Dupla";"Reta";"Sim";2;0;1;0;1;0;1;2;-29,91419262;-51,17748141;"SPRF-RS";"DEL01-RS";"UOP01-DEL01-RS"
170663;2018-11-09;"sexta-feira";"22:40:00";"RS";392;118;"CANGUCU";"Falta de Atenção à Condução";"Colisão transversal";"Com Vítimas Feridas";"Plena Noite";"Decrescente";"Céu Claro";"Simples";"Reta";"Sim";2;0;1;0;1;0;1;2;-31,407227;-52,681717;"SPRF-RS";"DEL07-RS";"UOP01-DEL07-RS"
170664;2018-11-09;"sexta-feira";"21:00:00";"PI";343;215,9;"CAPITAO DE CAMPOS";"Animais na Pista";"Atropelamento de Animal";"Sem Vítimas";"Plena Noite";"Crescente";"Céu Claro";"Simples";"Reta";"Não";1;0;0;0;1;0;0;1;-4,470698;-41,947941;"SPRF-PI";"DEL01-PI";"UOP03-DEL01-PI"
170665;2018-11-09;"sexta-feira";"22:30:00";"SP";116;15,7;"LAVRINHAS";"Defeito Mecânico no Veículo";"Capotamento";"Com Vítimas Feridas";"Plena Noite";"Crescente";"Chuva";"Dupla";"Curva";"Não";1;0;1;0;0;0;1;1;-22,5599044;-44,8588725;"SPRF-SP";"DEL08-SP";"UOP02-DEL08-SP"
170668;2018-11-10;"sábado";"00:30:00";"PR";376;248;"APUCARANA";"Falta de Atenção à Condução";"Colisão lateral";"Sem Vítimas";"Plena Noite";"Decrescente";"Céu Claro";"Simples";"Reta";"Não";11;0;0;0;11;0;0;2;-23,60784035;-51,40590906;"SPRF-PR";"DEL07-PR";"UOP03-DEL07-PR"
170669;2018-11-09;"sexta-feira";"23:00:00";"PB";101;97,6;"CONDE";"Falta de Atenção do Pedestre";"Atropelamento de Pedestre";"Com Vítimas Feridas";"Plena Noite";"Crescente";"Céu Claro";"Dupla";"Reta";"Não";2;0;0;1;0;1;1;2;-7,2548;-34,9341;"SPRF-PB";"DEL01-PB";"UOP01-DEL01-PB"
170670;2018-11-09;"sexta-feira";"23:10:00";"MT";70;505;"CUIABA";"Defeito na Via";"Colisão com objeto estático";"Com Vítimas Feridas";"Plena Noite";"Decrescente";"Céu Claro";"Simples";"Reta";"Não";2;0;1;0;1;0;1;1;-15,70270519;-56,05876923;"SPRF-MT";"DEL02-MT";"UOP02-DEL01-MT"
170672;2018-11-09;"sexta-feira";"22:45:00";"PB";230;503,1;"CAJAZEIRAS";"Ingestão de Álcool";"Colisão frontal";"Sem Vítimas";"Plena Noite";"Decrescente";"Céu Claro";"Simples";"Reta";"Sim";18;0;0;0;17;1;0;2;-6,897919;-38,54632;"SPRF-PB";"DEL03-PB";"UOP03-DEL03-PB"
170673;2018-11-09;"sexta-feira";"23:45:00";"MG";146;602,8;"POCOS DE CALDAS";"Avarias e/ou desgaste excessivo no pneu";"Saída de leito carroçável";"Sem Vítimas";"Plena Noite";"Crescente";"Chuva";"Simples";"Curva";"Não";1;0;0;0;1;0;0;1;-21,78659;-46,44084;"SPRF-MG";"DEL09-MG";"UOP01-DEL09-MG"
170674;2018-11-09;"sexta-feira";"23:20:00";"PR";376;0;"MANDAGUARI";"Ingestão de Álcool";"Colisão com objeto estático";"Com Vítimas Feridas";"Plena Noite";"Decrescente";"Céu Claro";"Dupla";"Reta";"Não";1;0;0;1;0;0;1;1;-23,5105439;-51,7162692;"SPRF-PR";"DEL07-PR";"UOP01-DEL09-PR"
170677;2018-11-10;"sábado";"01:45:00";"PR";369;19,5;"CAMBARA";"Desobediência às normas de trânsito pelo pedestre";"Atropelamento de Pedestre";"Com Vítimas Feridas";"Plena Noite";"Decrescente";"Céu Claro";"Simples";"Reta";"Sim";2;0;0;1;1;0;1;2;-23,036847;-50,075477;"SPRF-PR";"DEL07-PR";"UOP05-DEL07-PR"
170679;2018-11-09;"sexta-feira";"22:35:00";"PR";369;157;"LONDRINA";"Ingestão de Álcool";"Colisão lateral";"Sem Vítimas";"Plena Noite";"Crescente";"Céu Claro";"Dupla";"Reta";"Sim";3;0;0;0;3;0;0;3;-23,2877211;-51,2255331;"SPRF-PR";"DEL07-PR";"UOP01-DEL07-PR"
170682;2018-11-10;"sábado";"00:20:00";"RJ";101;430;"ANGRA DOS REIS";"Ingestão de Álcool";"Saída de leito carroçável";"Com Vítimas Feridas";"Plena Noite";"Crescente";"Céu Claro";"Simples";"Curva";"Não";2;0;1;1;0;0;2;1;-23,03045119;-44,12761688;"SPRF-RJ";"DEL03-RJ";"UOP01-DEL03-RJ"
170683;2018-11-10;"sábado";"00:50:00";"RO";364;13;"VILHENA";"Velocidade Incompatível";"Queda de ocupante de veículo";"Com Vítimas Feridas";"Plena Noite";"Decrescente";"Céu Claro";"Dupla";"Rotatória";"Sim";1;0;1;0;0;0;1;1;-12,74048411;-60,1322937;"SPRF-RO";"DEL04-RO";"UOP01-DEL04-RO"
170685;2018-11-10;"sábado";"00:30:00";"SP";116;223;"GUARULHOS";"Ingestão de Álcool";"Queda de ocupante de veículo";"Com Vítimas Feridas";"Plena Noite";"Decrescente";"Céu Claro";"Múltipla";"Reta";"Sim";1;0;1;0;0;0;1;1;-23,47500337;-46,52481078;"SPRF-SP";"DEL01-SP";"UOP01-DEL01-SP"
170686;2018-11-09;"sexta-feira";"23:00:00";"MA";230;470;"RIACHAO";"Falta de Atenção à Condução";"Colisão com objeto estático";"Com Vítimas Fatais";"Plena Noite";"Decrescente";"Céu Claro";"Simples";"Reta";"Não";1;1;0;0;0;0;0;1;-7,422111;-46,667156;"SPRF-MA";"DEL05-MA";"UOP01-DEL05-MA"
170687;2018-11-10;"sábado";"03:20:00";"SP";116;276;"EMBU DAS ARTES";"Ingestão de Álcool";"Colisão com objeto estático";"Com Vítimas Feridas";"Plena Noite";"Decrescente";"Céu Claro";"Dupla";"Curva";"Sim";4;0;4;0;0;0;4;1;-23,62539719;-46,81629539;"SPRF-SP";"DEL04-SP";"UOP01-DEL04-SP"
170688;2018-11-10;"sábado";"02:30:00";"SC";470;285,3;"BRUNOPOLIS";"Defeito Mecânico no Veículo";"Incêndio";"Sem Vítimas";"Plena Noite";"Decrescente";"Céu Claro";"Simples";"Reta";"Não";1;0;0;0;0;1;0;1;-27,33121016;-50,90892792;"SPRF-SC";"DEL07-SC";"UOP06-DEL07-SC"
170694;2018-11-10;"sábado";"02:30:00";"RS";290;663,8;"URUGUAIANA";"Desobediência às normas de trânsito pelo condutor";"Colisão lateral";"Com Vítimas Feridas";"Plena Noite";"Crescente";"Céu Claro";"Simples";"Reta";"Não";4;0;1;0;3;0;1;2;-29,9702183;-56,5635741;"SPRF-RS";"DEL13-RS";"UOP01-DEL13-RS"
170695;2018-11-10;"sábado";"02:20:00";"PR";376;8,5;"MARINGA";"Agressão Externa";"Queda de ocupante de veículo";"Com Vítimas Feridas";"Plena Noite";"Crescente";"Céu Claro";"Dupla";"Reta";"Sim";1;0;1;0;0;0;1;1;-23,3722814;-51,92651215;"SPRF-PR";"DEL07-PR";"UOP01-DEL09-PR"
170696;2018-11-10;"sábado";"03:15:00";"RS";290;29,3;"SANTO ANTONIO DA PATRULHA";"Animais na Pista";"Atropelamento de Animal";"Com Vítimas Feridas";"Plena Noite";"Decrescente";"Céu Claro";"Dupla";"Reta";"Não";4;0;2;2;0;0;4;1;-29,882647;-50,534782;"SPRF-RS";"DEL03-RS";"UOP02-DEL03-RS"
170698;2018-08-13;"segunda-feira";"16:40:00";"GO";153;541,5;"HIDROLANDIA";"Velocidade Incompatível";"Saída de leito carroçável";"Com Vítimas Feridas";"Pleno dia";"Crescente";"Céu Claro";"Dupla";"Declive";"Não";1;0;0;1;0;0;1;1;-17,05883598;-49,22633529;"SPRF-GO";"DEL01-GO";"UOP03-DEL01-GO"
170700;2018-11-10;"sábado";"01:00:00";"PI";230;308;"FLORIANO";"Ingestão de Álcool";"Colisão com objeto estático";"Com Vítimas Feridas";"Plena Noite";"Decrescente";"Céu Claro";"Simples";"Reta";"Sim";1;0;1;0;0;0;1;1;-6,7726615;-43,00693095;"SPRF-PI";"DEL03-PI";"UOP01-DEL03-PI"
170704;2018-11-10;"sábado";"05:00:00";"SP";153;173,9;"GUAICARA";"Ingestão de Álcool";"Colisão com objeto estático";"Sem Vítimas";"Plena Noite";"Crescente";"Garoa/Chuvisco";"Simples";"Reta";"Sim";2;0;0;0;2;0;0;1;-21,62916633;-49,78752851;"SPRF-SP";"DEL07-SP";"UOP01-DEL07-SP"
170705;2018-11-10;"sábado";"05:15:00";"PR";376;317;"MAUA DA SERRA";"Falta de Atenção à Condução";"Saída de leito carroçável";"Com Vítimas Feridas";"Amanhecer";"Crescente";"Céu Claro";"Dupla";"Curva";"Não";5;0;5;0;0;0;5;1;-23,947555;-51,120506;"SPRF-PR";"DEL07-PR";"UOP02-DEL07-PR"
170706;2018-11-10;"sábado";"02:40:00";"MG";50;179;"UBERABA";"Pista Escorregadia";"Tombamento";"Com Vítimas Feridas";"Plena Noite";"Decrescente";"Garoa/Chuvisco";"Dupla";"Desvio Temporário";"Sim";1;0;1;0;0;0;1;1;-19,77834458;-47,93195486;"SPRF-MG";"DEL13-MG";"UOP01-DEL13-MG"
170707;2018-11-10;"sábado";"05:45:00";"SC";101;207;"SAO JOSE";"Ingestão de Álcool";"Colisão transversal";"Sem Vítimas";"Amanhecer";"Decrescente";"Chuva";"Dupla";"Interseção de Vias";"Sim";2;0;0;0;2;0;0;2;-27,59967147;-48,62174392;"SPRF-SC";"DEL01-SC";"UOP01-DEL01-SC"
170709;2018-11-10;"sábado";"03:35:00";"BA";116;838,9;"VITORIA DA CONQUISTA";"Ingestão de Álcool";"Tombamento";"Com Vítimas Feridas";"Plena Noite";"Crescente";"Nublado";"Simples";"Reta";"Não";1;0;0;1;0;0;1;1;-14,98276228;-40,92132568;"SPRF-BA";"DEL08-BA";"UOP01-DEL08-BA"
170710;2018-11-10;"sábado";"05:10:00";"SC";101;213;"PALHOCA";"Ingestão de Álcool";"Colisão traseira";"Sem Vítimas";"Plena Noite";"Decrescente";"Chuva";"Dupla";"Viaduto";"Sim";2;0;0;0;2;0;0;2;-27,63961793;-48,66668665;"SPRF-SC";"DEL01-SC";"UOP02-DEL01-SC"
170712;2018-11-09;"sexta-feira";"09:00:00";"SC";282;502,6;"XANXERE";"Desobediência às normas de trânsito pelo condutor";"Colisão transversal";"Com Vítimas Feridas";"Pleno dia";"Decrescente";"Sol";"Simples";"Interseção de Vias";"Sim";2;0;0;1;1;0;1;2;-26,88536847;-52,39343405;"SPRF-SC";"DEL07-SC";"UOP01-DEL07-SC"
170714;2018-11-10;"sábado";"02:25:00";"PR";153;355,5;"REBOUCAS";"Falta de Atenção à Condução";"Saída de leito carroçável";"Sem Vítimas";"Plena Noite";"Decrescente";"Céu Claro";"Simples";"Reta";"Não";1;0;0;0;1;0;0;1;-25,609055;-50,699764;"SPRF-PR";"DEL03-PR";"UOP02-DEL08-PR"
170715;2018-11-10;"sábado";"04:30:00";"MT";163;758,9;"SORRISO";"Ingestão de Álcool";"Saída de leito carroçável";"Sem Vítimas";"Plena Noite";"Decrescente";"Chuva";"Dupla";"Rotatória";"Não";1;0;0;0;1;0;0;1;-12,501501;-55,689514;"SPRF-MT";"DEL06-MT";"UOP01-DEL06-MT"
170716;2018-11-10;"sábado";"07:00:00";"GO";40;3,6;"VALPARAISO DE GOIAS";"Falta de Atenção à Condução";"Saída de leito carroçável";"Com Vítimas Feridas";"Pleno dia";"Crescente";"Chuva";"Dupla";"Ponte";"Sim";2;0;2;0;0;0;2;1;-16,076081;-47,985671;"SPRF-DF";"DEL01-DF";"UOP01-DEL01-DF"
170717;2018-11-10;"sábado";"04:45:00";"RS";285;118,2;"VACARIA";"Ingestão de álcool e/ou substâncias psicoativas pelo pedestre";"Queda de ocupante de veículo";"Com Vítimas Feridas";"Plena Noite";"Crescente";"Céu Claro";"Simples";"Reta";"Sim";1;0;1;0;0;0;1;1;-28,50625963;-50,91363788;"SPRF-RS";"DEL05-RS";"UOP03-DEL05-RS"
170718;2018-11-10;"sábado";"07:10:00";"RJ";356;65;"ITAPERUNA";"Desobediência às normas de trânsito pelo condutor";"Colisão com objeto estático";"Com Vítimas Feridas";"Pleno dia";"Decrescente";"Garoa/Chuvisco";"Simples";"Reta";"Não";4;0;4;0;0;0;4;1;-21,33213395;-41,71109676;"SPRF-RJ";"DEL08-RJ";"UOP03-DEL08-RJ"
170723;2018-11-10;"sábado";"06:50:00";"GO";153;509,9;"APARECIDA DE GOIANIA";"Desobediência às normas de trânsito pelo condutor";"Colisão lateral";"Sem Vítimas";"Amanhecer";"Crescente";"Chuva";"Simples";"Reta";"Sim";2;0;0;0;2;0;0;2;-16,7888;-49,2379;"SPRF-GO";"DEL01-GO";"UOP03-DEL01-GO"
170725;2018-11-10;"sábado";"07:20:00";"RS";448;3,9;"ESTEIO";"Falta de Atenção à Condução";"Colisão transversal";"Com Vítimas Feridas";"Pleno dia";"Decrescente";"Sol";"Dupla";"Reta";"Não";2;0;1;1;0;0;2;2;-29,84582739;-51,20237768;"SPRF-RS";"DEL01-RS";"UOP02-DEL01-RS"
170728;2018-11-10;"sábado";"08:00:00";"DF";60;0,9;"BRASILIA";"Objeto estático sobre o leito carroçável";"Saída de leito carroçável";"Com Vítimas Feridas";"Pleno dia";"Crescente";"Chuva";"Dupla";"Reta";"Sim";2;0;1;1;0;0;2;1;-15,882499;-48,060212;"SPRF-DF";"DEL01-DF";"UOP01-DEL03-DF"
170729;2018-11-10;"sábado";"07:15:00";"RJ";116;178,9;"NOVA IGUACU";"Falta de Atenção à Condução";"Colisão transversal";"Com Vítimas Feridas";"Pleno dia";"Crescente";"Nublado";"Dupla";"Reta";"Sim";2;0;0;1;1;0;1;2;-22,74359256;-43,45013112;"SPRF-RJ";"DEL01-RJ";"UOP02-DEL01-RJ"
170730;2018-11-10;"sábado";"07:40:00";"SC";101;141,5;"BALNEARIO CAMBORIU";"Velocidade Incompatível";"Saída de leito carroçável";"Com Vítimas Feridas";"Pleno dia";"Crescente";"Nublado";"Dupla";"Curva";"Sim";5;0;3;0;2;0;3;1;-27,0562;-48,5985;"SPRF-SC";"DEL04-SC";"UOP03-DEL04-SC"
170732;2018-11-10;"sábado";"06:45:00";"CE";116;87,9;"CASCAVEL";"Agressão Externa";"Queda de ocupante de veículo";"Com Vítimas Feridas";"Pleno dia";"Crescente";"Céu Claro";"Simples";"Reta";"Não";1;0;1;0;0;0;1;1;-4,45252771;-38,37902069;"SPRF-CE";"DEL03-CE";"UOP02-DEL03-CE"
170733;2018-11-10;"sábado";"07:20:00";"SC";101;41,2;"JOINVILLE";"Falta de Atenção à Condução";"Colisão com objeto estático";"Sem Vítimas";"Pleno dia";"Crescente";"Chuva";"Múltipla";"Curva";"Sim";1;0;0;0;1;0;0;1;-26,31692097;-48,87357451;"SPRF-SC";"DEL03-SC";"UOP01-DEL03-SC"
170735;2018-11-10;"sábado";"08:30:00";"SC";470;67;"INDAIAL";"Falta de Atenção à Condução";"Colisão traseira";"Com Vítimas Feridas";"Pleno dia";"Crescente";"Nublado";"Simples";"Reta";"Sim";3;0;2;0;0;1;2;2;-26,87733964;-49,23891753;"SPRF-SC";"DEL04-SC";"UOP01-DEL04-SC"
170736;2018-11-10;"sábado";"07:00:00";"MT";163;829;"SINOP";"Desobediência às normas de trânsito pelo condutor";"Colisão lateral";"Com Vítimas Feridas";"Pleno dia";"Crescente";"Nublado";"Dupla";"Rotatória";"Sim";2;0;1;1;0;0;2;2;-11,913347;-55,508768;"SPRF-MT";"DEL06-MT";"UOP01-DEL06-MT"
170739;2018-11-10;"sábado";"05:30:00";"BA";116;664;"JEQUIE";"Falta de Atenção à Condução";"Atropelamento de Pedestre";"Com Vítimas Feridas";"Amanhecer";"Decrescente";"Ignorado";"Simples";"Reta";"Não";2;0;0;1;0;1;1;2;-13,76348551;-40,10046542;"SPRF-BA";"DEL03-BA";"UOP01-DEL03-BA"
170741;2018-11-10;"sábado";"07:00:00";"PB";101;122,4;"CAAPORA";"Velocidade Incompatível";"Saída de leito carroçável";"Com Vítimas Feridas";"Pleno dia";"Crescente";"Chuva";"Dupla";"Curva";"Sim";2;0;2;0;0;0;2;1;-7,45864543;-34,98055458;"SPRF-PB";"DEL01-PB";"UOP01-DEL01-PB"
170742;2018-11-09;"sexta-feira";"21:00:00";"PR";116;16;"ANTONINA";"Fenômenos da Natureza";"Saída de leito carroçável";"Com Vítimas Feridas";"Plena Noite";"Crescente";"Garoa/Chuvisco";"Múltipla";"Curva";"Não";1;0;1;0;0;0;1;1;-25,099701;-48,692299;"SPRF-PR";"DEL01-PR";"UOP02-DEL01-PR"
170743;2018-11-10;"sábado";"07:40:00";"SP";116;215;"GUARULHOS";"Falta de Atenção à Condução";"Colisão traseira";"Com Vítimas Feridas";"Pleno dia";"Crescente";"Nublado";"Múltipla";"Reta";"Não";3;0;1;0;2;0;1;2;-23,45127825;-46,46736145;"SPRF-SP";"DEL01-SP";"UOP01-DEL01-SP"
170744;2018-11-10;"sábado";"07:40:00";"SP";381;84;"SAO PAULO";"Não guardar distância de segurança";"Colisão traseira";"Com Vítimas Feridas";"Pleno dia";"Decrescente";"Céu Claro";"Múltipla";"Reta";"Sim";2;0;1;0;1;0;1;2;-23,4499785;-46,5698628;"SPRF-SP";"DEL03-SP";"DEL6/3-UOP03/SP"
170745;2018-11-10;"sábado";"08:00:00";"CE";116;1;"FORTALEZA";"Desobediência às normas de trânsito pelo condutor";"Colisão traseira";"Com Vítimas Feridas";"Pleno dia";"Decrescente";"Sol";"Múltipla";"Reta";"Sim";2;0;1;0;1;0;1;2;-3,76575735;-38,51803958;"SPRF-CE";"DEL01-CE";"UOP02-DEL01-CE"
170746;2018-11-10;"sábado";"08:20:00";"GO";50;126,8;"IPAMERI";"Falta de Atenção à Condução";"Saída de leito carroçável";"Sem Vítimas";"Pleno dia";"Decrescente";"Chuva";"Dupla";"Reta";"Não";1;0;0;0;1;0;0;1;-16,9736;-47,7434;"SPRF-GO";"DEL06-GO";"UOP01-DEL06-GO"
170747;2018-11-10;"sábado";"07:15:00";"SP";116;270;"TABOAO DA SERRA";"Falta de Atenção à Condução";"Colisão lateral";"Com Vítimas Feridas";"Pleno dia";"Decrescente";"Nublado";"Múltipla";"Reta";"Não";3;0;2;0;1;0;2;2;-23,61587196;-46,78811073;"SPRF-SP";"DEL04-SP";"UOP01-DEL04-SP"
170748;2018-11-10;"sábado";"07:00:00";"RJ";40;91,7;"PETROPOLIS";"Velocidade Incompatível";"Capotamento";"Com Vítimas Feridas";"Amanhecer";"Crescente";"Nevoeiro/Neblina";"Simples";"Curva";"Não";1;0;1;0;0;0;1;1;-22,55092799;-43,24630737;"SPRF-RJ";"DEL06-RJ";"UOP01-DEL06-RJ"
170749;2018-11-10;"sábado";"08:20:00";"PA";316;41;"SANTA IZABEL DO PARA";"Condutor Dormindo";"Tombamento";"Com Vítimas Feridas";"Pleno dia";"Crescente";"Sol";"Dupla";"Curva";"Sim";1;0;1;0;0;0;1;1;-1,285225;-48,148689;"SPRF-PA";"DEL01-PA";"UOP01-DEL01-PA"
170751;2018-11-10;"sábado";"09:24:00";"RS";158;365;"DILERMANDO DE AGUIAR";"Falta de Atenção à Condução";"Saída de leito carroçável";"Com Vítimas Feridas";"Pleno dia";"Crescente";"Sol";"Simples";"Curva";"Não";3;0;3;0;0;0;3;1;-29,816422;-54,137333;"SPRF-RS";"DEL09-RS";"UOP01-DEL09-RS"
170753;2018-11-10;"sábado";"10:10:00";"PR";277;335,2;"GUARAPUAVA";"Defeito Mecânico no Veículo";"Colisão com objeto estático";"Com Vítimas Feridas";"Pleno dia";"Crescente";"Céu Claro";"Dupla";"Reta;Declive";"Não";2;0;1;0;1;0;1;1;-25,344831;-51,40265;"SPRF-PR";"DEL03-PR";"UOP01-DEL08-PR"
170754;2018-11-10;"sábado";"09:15:00";"SE";235;4;"NOSSA SENHORA DO SOCORRO";"Não guardar distância de segurança";"Colisão traseira";"Com Vítimas Feridas";"Pleno dia";"Decrescente";"Céu Claro";"Dupla";"Reta;Declive";"Sim";2;0;1;0;0;1;1;2;-10,90612266;-37,11249769;"SPRF-SE";"DEL01-SE";"UOP01-DEL01-SE"
170758;2018-11-10;"sábado";"10:30:00";"RS";392;117,2;"CANGUCU";"Falta de Atenção à Condução";"Saída de leito carroçável";"Com Vítimas Feridas";"Pleno dia";"Decrescente";"Sol";"Simples";"Reta";"Sim";1;0;1;0;0;0;1;1;-31,413721;-52,67617;"SPRF-RS";"DEL07-RS";"UOP01-DEL07-RS"
170760;2018-11-10;"sábado";"10:20:00";"SP";116;99,1;"PINDAMONHANGABA";"Não guardar distância de segurança";"Engavetamento";"Sem Vítimas";"Pleno dia";"Decrescente";"Céu Claro";"Dupla";"Reta";"Não";4;0;0;0;3;1;0;4;-22,98237;-45,464367;"SPRF-SP";"DEL06-SP";"UOP01-DEL06-SP"