"id";"data_inversa";"dia_semana";"horario";"uf";"br";"km";"municipio";"causa_acidente";"tipo_acidente";"classificacao_acidente";"fase_dia";"sentido_via";"condicao_metereologica";"tipo_pista";"tracado_via";"uso_solo";"pessoas";"mortos";"feridos_leves";"feridos_graves";"ilesos";"ignorados";"feridos";"veiculos";"latitude";"longitude";"regional";"delegacia";"uop"
170763;2018-11-10;"sábado";"10:20:00";"BA";324;596;"CANDEIAS";"Velocidade Incompatível";"Colisão lateral";"Com Vítimas Feridas";"Pleno dia";"Decrescente";"Céu Claro";"Dupla";"Curva";"Não";3;0;2;1;0;0;3;2;-12,729669;-38,448192;"SPRF-BA";"DEL01-BA";"UOP01-DEL01-BA"
170765;2018-11-10;"sábado";"10:10:00";"MG";267;63,3;"BICAS";"Velocidade Incompatível";"Colisão frontal";"Com Vítimas Feridas";"Pleno dia";"Crescente";"Garoa/Chuvisco";"Simples";"Curva";"Não";4;0;1;2;1;0;3;3;-21,7397;-43,1022;"SPRF-MG";"DEL05-MG";"UOP01-DEL05-MG"
170768;2018-11-10;"sábado";"09:30:00";"CE";222;241,1;"SOBRAL";"Defeito na Via";"Queda de ocupante de veículo";"Com Vítimas Feridas";"Pleno dia";"Crescente";"Sol";"Simples";"Reta";"Não";1;0;1;0;0;0;1;1;-3,735339;-40,484764;"SPRF-CE";"DEL04-CE";"UOP01-DEL04-CE"
170770;2018-11-10;"sábado";"11:00:00";"MA";222;665;"ACAILANDIA";"Desobediência às normas de trânsito pelo condutor";"Colisão traseira";"Com Vítimas Feridas";"Pleno dia";"Decrescente";"Céu Claro";"Simples";"Reta";"Não";3;0;1;0;2;0;1;2;-4,91271716;-47,41694155;"SPRF-MA";"DEL04-MA";"UOP03-DEL04-MA"
170773;2018-11-10;"sábado";"11:30:00";"SP";381;3;"VARGEM";"Ingestão de Álcool";"Colisão com objeto estático";"Com Vítimas Feridas";"Pleno dia";"Crescente";"Céu Claro";"Dupla";"Reta";"Sim";2;0;2;0;0;0;2;1;-22,878452;-46,399265;"SPRF-SP";"DEL03-SP";"UOP02-DEL03-SP"
170774;2018-11-10;"sábado";"12:00:00";"DF";20;50;"BRASILIA";"Pista Escorregadia";"Capotamento";"Sem Vítimas";"Pleno dia";"Crescente";"Chuva";"Dupla";"Curva";"Não";2;0;0;0;2;0;0;1;-15,581447;-47,421925;"SPRF-DF";"DEL02-DF";"UOP01-DEL02-DF"
170776;2018-11-10;"sábado";"12:40:00";"SC";101;216;"PALHOCA";"Falta de Atenção à Condução";"Tombamento";"Com Vítimas Feridas";"Pleno dia";"Crescente";"Nublado";"Dupla";"Reta";"Sim";1;0;1;0;0;0;1;1;-27,659815;-48,677479;"SPRF-SC";"DEL01-SC";"UOP02-DEL01-SC"
170777;2018-11-10;"sábado";"12:00:00";"SP";116;211,1;"GUARULHOS";"Falta de Atenção à Condução";"Colisão com objeto estático";"Com Vítimas Feridas";"Pleno dia";"Decrescente";"Céu Claro";"Múltipla";"Reta";"Sim";2;0;1;1;0;0;2;1;-23,43250703;-46,4195323;"SPRF-SP";"DEL01-SP";"UOP01-DEL01-SP"
170778;2018-11-10;"sábado";"12:00:00";"RN";101;99,7;"NATAL";"Não guardar distância de segurança";"Colisão traseira";"Com Vítimas Feridas";"Pleno dia";"Crescente";"Sol";"Múltipla";"Interseção de Vias";"Sim";2;0;1;0;1;0;1;2;-5,878757;-35,224705;"SPRF-RN";"DEL01-RN";"UOP01-DEL01-RN"
170779;2018-11-10;"sábado";"10:00:00";"SP";116;96,7;"PINDAMONHANGABA";"Falta de Atenção à Condução";"Engavetamento";"Com Vítimas Feridas";"Pleno dia";"Decrescente";"Céu Claro";"Dupla";"Reta";"Não";11;0;4;0;7;0;4;5;-22,96958;-45,438957;"SPRF-SP";"DEL06-SP";"UOP01-DEL06-SP"
170780;2018-11-10;"sábado";"12:50:00";"RJ";40;79,9;"PETROPOLIS";"Velocidade Incompatível";"Colisão com objeto estático";"Com Vítimas Feridas";"Pleno dia";"Crescente";"Céu Claro";"Dupla";"Interseção de Vias;Curva;Declive";"Não";2;0;0;1;0;1;1;2;-22,519;-43,2281;"SPRF-RJ";"DEL06-RJ";"UOP01-DEL06-RJ"
170782;2018-11-10;"sábado";"11:20:00";"BA";116;16,5;"VITORIA DA CONQUISTA";"Falta de Atenção à Condução";"Colisão traseira";"Com Vítimas Feridas";"Pleno dia";"Decrescente";"Sol";"Simples";"Reta";"Sim";2;0;1;0;1;0;1;2;-14,902304;-40,848122;"SPRF-BA";"DEL08-BA";"UOP01-DEL08-BA"
170783;2018-11-10;"sábado";"13:00:00";"SC";101;162;"TIJUCAS";"Falta de Atenção à Condução";"Queda de ocupante de veículo";"Com Vítimas Feridas";"Pleno dia";"Decrescente";"Chuva";"Simples";"Interseção de Vias";"Sim";1;0;1;0;0;0;1;1;-27,2325;-48,6299;"SPRF-SC";"DEL04-SC";"UOP03-DEL04-SC"
170786;2018-11-10;"sábado";"14:00:00";"MG";381;506;"BETIM";"Não guardar distância de segurança";"Colisão traseira";"Com Vítimas Feridas";"Pleno dia";"Decrescente";"Chuva";"Dupla";"Reta";"Sim";2;0;1;0;1;0;1;2;-20,0411;-44,2619;"SPRF-MG";"DEL01-MG";"UOP03-DEL01-MG"
170787;2018-11-10;"sábado";"11:30:00";"RR";174;504;"BOA VISTA";"Falta de Atenção à Condução";"Colisão traseira";"Com Vítimas Feridas";"Pleno dia";"Decrescente";"Céu Claro";"Dupla";"Reta";"Sim";2;0;1;0;1;0;1;2;2,8077785;-60,69111586;"SPRF-RR";"DEL01-RR";"UOP01-DEL01-RR"
170788;2018-11-10;"sábado";"12:45:00";"PB";101;85,5;"JOAO PESSOA";"Falta de Atenção à Condução";"Colisão lateral";"Com Vítimas Feridas";"Pleno dia";"Decrescente";"Céu Claro";"Dupla";"Reta";"Sim";2;0;0;1;0;1;1;2;-7,150661;-34,910119;"SPRF-PB";"DEL01-PB";"UOP01-DEL01-PB"
170789;2018-11-10;"sábado";"14:15:00";"SP";116;458;"PARIQUERA-ACU";"Ingestão de Álcool";"Queda de ocupante de veículo";"Com Vítimas Feridas";"Pleno dia";"Crescente";"Nublado";"Dupla";"Reta";"Não";1;0;1;0;0;0;1;1;-24,64452079;-47,91412354;"SPRF-SP";"DEL05-SP";"UOP01-DEL05-SP"
170791;2018-11-10;"sábado";"13:00:00";"MT";163;860;"SINOP";"Falta de Atenção à Condução";"Colisão frontal";"Com Vítimas Feridas";"Pleno dia";"Decrescente";"Chuva";"Simples";"Reta";"Não";4;0;0;1;3;0;1;2;-11,6117059;-55,4304479;"SPRF-MT";"DEL06-MT";"UOP02-DEL06-MT"
170792;2018-11-10;"sábado";"13:21:00";"MS";163;450;"CAMPO GRANDE";"Defeito Mecânico no Veículo";"Queda de ocupante de veículo";"Com Vítimas Feridas";"Pleno dia";"Crescente";"Céu Claro";"Simples";"Reta";"Não";1;0;1;0;0;0;1;1;-20,70451793;-54,54770923;"SPRF-MS";"DEL01-MS";"UOP01-DEL01-MS"
170794;2018-11-10;"sábado";"14:00:00";"MG";153;177,1;"COMENDADOR GOMES";"Defeito Mecânico no Veículo";"Saída de leito carroçável";"Sem Vítimas";"Pleno dia";"Crescente";"Chuva";"Simples";"Curva";"Não";1;0;0;0;1;0;0;1;-19,76896519;-48,96503448;"SPRF-MG";"DEL13-MG";"UOP02-DEL13-MG"
170796;2018-11-10;"sábado";"13:40:00";"RN";304;301,5;"MACAIBA";"Defeito Mecânico no Veículo";"Queda de ocupante de veículo";"Com Vítimas Feridas";"Pleno dia";"Decrescente";"Nublado";"Dupla";"Reta";"Sim";2;0;2;0;0;0;2;1;-5,87672057;-35,30607283;"SPRF-RN";"DEL01-RN";"UOP02-DEL01-RN"
170797;2018-11-10;"sábado";"11:00:00";"AC";364;140;"RIO BRANCO";"Pista Escorregadia";"Tombamento";"Com Vítimas Feridas";"Pleno dia";"Decrescente";"Chuva";"Dupla";"Rotatória";"Sim";1;0;1;0;0;0;1;1;-9,94781;-67,868118;"SPRF-AC";"DEL01-AC";"UOP01-DEL01-AC"
170798;2018-11-10;"sábado";"11:30:00";"MA";135;2,2;"SAO LUIS";"Não guardar distância de segurança";"Colisão traseira";"Com Vítimas Fatais";"Pleno dia";"Crescente";"Sol";"Dupla";"Reta";"Sim";2;1;0;0;0;1;0;2;-2,60046;-44,24607;"SPRF-MA";"DEL01-MA";"UOP01-DEL01-MA"
170801;2018-11-10;"sábado";"09:45:00";"SC";116;174,9;"SAO CRISTOVAO DO SUL";"Velocidade Incompatível";"Saída de leito carroçável";"Com Vítimas Feridas";"Pleno dia";"Crescente";"Nublado";"Simples";"Reta";"Não";1;0;1;0;0;0;1;1;-27,22929641;-50,46659303;"SPRF-SC";"DEL05-SC";"UOP03-DEL05-SC"
170803;2018-11-10;"sábado";"15:10:00";"SP";381;66;"MAIRIPORA";"Não guardar distância de segurança";"Colisão traseira";"Sem Vítimas";"Pleno dia";"Crescente";"Céu Claro";"Múltipla";"Reta";"Sim";2;0;0;0;2;0;0;2;-23,3303454;-46,5778525;"SPRF-SP";"DEL03-SP";"DEL6/3-UOP03/SP"
170804;2018-11-10;"sábado";"14:00:00";"MG";50;92;"UBERLANDIA";"Falta de Atenção à Condução";"Capotamento";"Com Vítimas Feridas";"Pleno dia";"Crescente";"Chuva";"Dupla";"Reta";"Não";3;0;2;0;1;0;2;1;-19,0769;-48,1883;"SPRF-MG";"DEL15-MG";"UOP01-DEL15-MG"
170805;2018-11-10;"sábado";"14:55:00";"RJ";116;264,4;"BARRA MANSA";"Pista Escorregadia";"Capotamento";"Com Vítimas Feridas";"Pleno dia";"Decrescente";"Chuva";"Simples";"Curva";"Não";2;0;1;0;1;0;1;1;-22,56995909;-44,1170758;"SPRF-RJ";"DEL07-RJ";"UOP02-DEL07-RJ"
170806;2018-11-10;"sábado";"13:30:00";"RS";153;50;"ERECHIM";"Desobediência às normas de trânsito pelo condutor";"Colisão transversal";"Com Vítimas Feridas";"Pleno dia";"Decrescente";"Céu Claro";"Simples";"Reta";"Sim";3;0;1;0;1;1;1;3;-27,656242;-52,275589;"SPRF-RS";"DEL08-RS";"UOP04-DEL08-RS"
170810;2018-11-10;"sábado";"15:50:00";"PR";369;150,1;"LONDRINA";"Desobediência às normas de trânsito pelo condutor";"Colisão transversal";"Com Vítimas Feridas";"Pleno dia";"Decrescente";"Céu Claro";"Dupla";"Reta";"Sim";4;0;0;2;0;2;2;3;-23,29289452;-51,16281141;"SPRF-PR";"DEL07-PR";"UOP01-DEL07-PR"
170811;2018-11-10;"sábado";"15:20:00";"PR";376;3;"SAO JOSE DOS PINHAIS";"Falta de Atenção à Condução";"Colisão traseira";"Com Vítimas Feridas";"Pleno dia";"Crescente";"Nublado";"Dupla";"Reta";"Sim";2;0;1;0;1;0;1;2;-25,541941;-49,190945;"SPRF-PR";"DEL01-PR";"DEL7/1-UOP08/PR"
170812;2018-11-10;"sábado";"15:15:00";"RS";285;291;"PASSO FUNDO";"Falta de Atenção à Condução";"Queda de ocupante de veículo";"Com Vítimas Feridas";"Pleno dia";"Crescente";"Céu Claro";"Simples";"Reta";"Não";1;0;1;0;0;0;1;1;-28,23280521;-52,40458663;"SPRF-RS";"DEL08-RS";"UOP03-DEL08-RS"
170813;2018-11-10;"sábado";"14:20:00";"PE";424;93;"GARANHUNS";"Desobediência às normas de trânsito pelo condutor";"Colisão frontal";"Com Vítimas Feridas";"Pleno dia";"Crescente";"Céu Claro";"Simples";"Aclive";"Sim";5;0;1;0;0;4;1;3;-8,90714;-36,48719;"SPRF-PE";"DEL03-PE";"UOP01-DEL03-PE"
170815;2018-11-10;"sábado";"14:30:00";"BA";101;669,3;"ITAPEBI";"Ingestão de Álcool";"Colisão com objeto estático";"Sem Vítimas";"Pleno dia";"Decrescente";"Chuva";"Simples";"Curva;Declive";"Não";2;0;0;0;2;0;0;1;-16,0022;-39,5868;"SPRF-BA";"DEL09-BA";"UOP01-DEL09-BA"
170817;2018-11-10;"sábado";"15:30:00";"PR";277;724;"FOZ DO IGUACU";"Desobediência às normas de trânsito pelo condutor";"Colisão transversal";"Sem Vítimas";"Pleno dia";"Decrescente";"Céu Claro";"Dupla";"Reta";"Não";2;0;0;0;2;0;0;2;-25,50259088;-54,5382303;"SPRF-PR";"DEL05-PR";"UOP01-DEL05-PR"
170818;2018-11-10;"sábado";"16:15:00";"SC";470;68,1;"INDAIAL";"Desobediência às normas de trânsito pelo condutor";"Colisão transversal";"Com Vítimas Feridas";"Pleno dia";"Crescente";"Nublado";"Simples";"Reta";"Não";3;0;2;0;1;0;2;3;-26,87807652;-49,23997164;"SPRF-SC";"DEL04-SC";"UOP01-DEL04-SC"
170820;2018-11-10;"sábado";"16:40:00";"SC";470;97;"APIUNA";"Falta de Atenção à Condução";"Atropelamento de Pedestre";"Com Vítimas Feridas";"Pleno dia";"Decrescente";"Nublado";"Simples";"Reta";"Sim";2;0;0;1;0;1;1;2;-27,03225551;-49,38502282;"SPRF-SC";"DEL04-SC";"UOP01-DEL04-SC"
170824;2018-11-10;"sábado";"16:20:00";"RS";392;671;"SAO PEDRO DO BUTIA";"Velocidade Incompatível";"Queda de ocupante de veículo";"Com Vítimas Fatais";"Pleno dia";"Decrescente";"Sol";"Simples";"Curva";"Não";1;1;0;0;0;0;0;1;-28,13187811;-54,87179518;"SPRF-RS";"DEL10-RS";"UOP01-DEL10-RS"
170825;2018-11-10;"sábado";"16:40:00";"SP";116;145;"SAO JOSE DOS CAMPOS";"Ingestão de Álcool";"Colisão traseira";"Com Vítimas Feridas";"Pleno dia";"Crescente";"Céu Claro";"Simples";"Reta";"Sim";5;0;2;0;3;0;2;4;-23,18530581;-45,85210443;"SPRF-SP";"DEL02-SP";"UOP01-DEL02-SP"
170828;2018-11-10;"sábado";"17:10:00";"PR";376;170,8;"MARINGA";"Falta de Atenção à Condução";"Colisão traseira";"Com Vítimas Feridas";"Pleno dia";"Decrescente";"Nublado";"Dupla";"Reta";"Sim";3;0;1;1;0;1;2;2;-23,41023995;-51,98693843;"SPRF-PR";"DEL07-PR";"UOP01-DEL09-PR"
170830;2018-11-10;"sábado";"16:45:00";"ES";101;272;"SERRA";"Pista Escorregadia";"Colisão com objeto estático";"Com Vítimas Feridas";"Pleno dia";"Decrescente";"Chuva";"Múltipla";"Reta";"Não";1;0;0;1;0;0;1;1;-20,22313533;-40,28837347;"SPRF-ES";"DEL02-ES";"UOP01-DEL02-ES"
170831;2018-11-10;"sábado";"17:05:00";"SC";101;213,6;"PALHOCA";"Agressão Externa";"Queda de ocupante de veículo";"Com Vítimas Feridas";"Pleno dia";"Decrescente";"Nublado";"Dupla";"Reta";"Sim";7;0;1;0;4;2;1;2;-27,6446;-48,6705;"SPRF-SC";"DEL01-SC";"UOP02-DEL01-SC"
170832;2018-11-10;"sábado";"17:10:00";"RS";116;244,4;"SAO LEOPOLDO";"Falta de Atenção à Condução";"Colisão lateral";"Sem Vítimas";"Pleno dia";"Crescente";"Sol";"Dupla";"Reta";"Sim";2;0;0;0;2;0;0;2;-29,74422109;-51,15088999;"SPRF-RS";"DEL01-RS";"UOP02-DEL01-RS"
170833;2018-11-10;"sábado";"17:00:00";"DF";20;11;"BRASILIA";"Desobediência às normas de trânsito pelo condutor";"Engavetamento";"Sem Vítimas";"Pleno dia";"Crescente";"Nublado";"Dupla";"Reta";"Sim";3;0;0;0;3;0;0;3;-15,64654;-47,766422;"SPRF-DF";"DEL02-DF";"UOP01-DEL02-DF"
170834;2018-11-10;"sábado";"17:30:00";"PR";467;110,7;"CASCAVEL";"Falta de Atenção à Condução";"Colisão traseira";"Com Vítimas Feridas";"Pleno dia";"Decrescente";"Céu Claro";"Dupla";"Interseção de Vias";"Não";2;0;1;0;1;0;1;2;-24,9287562;-53,4536312;"SPRF-PR";"DEL04-PR";"UOP01-DEL04-PR"
170835;2018-11-10;"sábado";"16:00:00";"RN";427;5,8;"CURRAIS NOVOS";"Ingestão de Álcool";"Saída de leito carroçável";"Com Vítimas Feridas";"Pleno dia";"Crescente";"Céu Claro";"Simples";"Curva";"Não";1;0;0;1;0;0;1;1;-6,33037683;-36,55365139;"SPRF-RN";"DEL03-RN";"UOP02-DEL03-RN"
170837;2018-11-10;"sábado";"17:50:00";"MG";262;369;"JUATUBA";"Pista Escorregadia";"Colisão com objeto estático";"Com Vítimas Feridas";"Pleno dia";"Decrescente";"Chuva";"Dupla";"Reta";"Sim";2;0;2;0;0;0;2;1;-19,9566;-44,3527;"SPRF-MG";"DEL01-MG";"UOP03-DEL01-MG"
170838;2018-11-10;"sábado";"17:55:00";"ES";101;191,3;"ARACRUZ";"Falta de Atenção à Condução";"Capotamento";"Com Vítimas Feridas";"Pleno dia";"Decrescente";"Nublado";"Simples";"Curva";"Não";2;0;1;1;0;0;2;1;-19,68502083;-40,27482748;"SPRF-ES";"DEL04-ES";"UOP01-DEL04-ES"
170839;2018-11-10;"sábado";"15:45:00";"PE";101;56;"PAULISTA";"Falta de Atenção à Condução";"Saída de leito carroçável";"Sem Vítimas";"Pleno dia";"Crescente";"Nublado";"Dupla";"Reta";"Não";1;0;0;0;0;1;0;1;-7,9641;-34,9158;"SPRF-PE";"DEL01-PE";"UOP02-DEL01-PE"
170842;2018-11-10;"sábado";"17:40:00";"SC";101;120;"ITAJAI";"Ingestão de Álcool";"Saída de leito carroçável";"Com Vítimas Feridas";"Pleno dia";"Decrescente";"Nublado";"Múltipla";"Reta";"Não";1;0;0;1;0;0;1;1;-26,9211;-48,7084;"SPRF-SC";"DEL04-SC";"UOP04-DEL04-SC"
170845;2018-11-10;"sábado";"17:40:00";"SC";101;135,2;"BALNEARIO CAMBORIU";"Desobediência às normas de trânsito pelo condutor";"Colisão transversal";"Com Vítimas Feridas";"Pleno dia";"Decrescente";"Garoa/Chuvisco";"Simples";"Reta";"Não";2;0;1;0;1;0;1;2;-27,0081;-48,617;"SPRF-SC";"DEL04-SC";"UOP03-DEL04-SC"
170846;2018-11-10;"sábado";"17:20:00";"DF";20;7;"BRASILIA";"Mal Súbito";"Capotamento";"Com Vítimas Fatais";"Pleno dia";"Crescente";"Nublado";"Dupla";"Reta";"Sim";4;1;0;3;0;0;3;1;-15,662208;-47,799866;"SPRF-DF";"DEL02-DF";"UOP01-DEL02-DF"
170847;2018-11-10;"sábado";"16:50:00";"MG";153;18;"CENTRALINA";"Avarias e/ou desgaste excessivo no pneu";"Queda de ocupante de veículo";"Com Vítimas Feridas";"Pleno dia";"Decrescente";"Nublado";"Dupla";"Reta";"Não";2;0;2;0;0;0;2;1;-18,5866;-49,1929;"SPRF-MG";"DEL15-MG";"UOP03-DEL15-MG"
170848;2018-11-10;"sábado";"17:15:00";"MS";163;696;"RIO VERDE DE MATO GROSSO";"Ingestão de Álcool";"Tombamento";"Com Vítimas Feridas";"Pleno dia";"Decrescente";"Sol";"Dupla";"Reta";"Não";1;0;0;1;0;0;1;1;-18,78125771;-54,82842922;"SPRF-MS";"DEL06-MS";"UOP01-DEL06-MS"
170849;2018-11-10;"sábado";"18:22:00";"GO";40;5;"VALPARAISO DE GOIAS";"Falta de Atenção à Condução";"Colisão lateral";"Sem Vítimas";"Anoitecer";"Crescente";"Nublado";"Dupla";"Retorno Regulamentado";"Sim";2;0;0;0;2;0;0;2;-16,0940439;-47,9833995;"SPRF-DF";"DEL01-DF";"UOP01-DEL01-DF"
170850;2018-11-10;"sábado";"17:40:00";"RJ";393;170;"TRES RIOS";"Velocidade Incompatível";"Colisão com objeto estático";"Com Vítimas Feridas";"Pleno dia";"Decrescente";"Nublado";"Simples";"Curva";"Não";1;0;0;1;0;0;1;1;-22,119568;-43,160095;"SPRF-RJ";"DEL06-RJ";"UOP01-DEL05-RJ"
170851;2018-11-10;"sábado";"17:00:00";"PE";101;67;"RECIFE";"Falta de Atenção à Condução";"Queda de ocupante de veículo";"Com Vítimas Feridas";"Plena Noite";"Crescente";"Céu Claro";"Dupla";"Reta";"Sim";1;0;1;0;0;0;1;1;-8,0507;-34,9457;"SPRF-PE";"DEL01-PE";"UOP01-DEL01-PE"
170853;2018-11-10;"sábado";"16:45:00";"PI";316;7;"TERESINA";"Ingestão de Álcool";"Colisão traseira";"Sem Vítimas";"Pleno dia";"Crescente";"Céu Claro";"Simples";"Reta";"Sim";2;0;0;0;2;0;0;2;-5,155847;-42,771732;"SPRF-PI";"DEL01-PI";"UOP02-DEL01-PI"
170854;2018-11-10;"sábado";"17:30:00";"MG";262;437,7;"NOVA SERRANA";"Falta de Atenção à Condução";"Colisão traseira";"Com Vítimas Feridas";"Pleno dia";"Crescente";"Nublado";"Dupla";"Retorno Regulamentado";"Não";7;0;1;1;5;0;2;2;-19,88196639;-44,92793602;"SPRF-MG";"DEL08-MG";"UOP03-DEL08-MG"
170855;2018-11-10;"sábado";"16:50:00";"PI";343;339,1;"TERESINA";"Falta de Atenção à Condução";"Colisão transversal";"Com Vítimas Feridas";"Pleno dia";"Crescente";"Céu Claro";"Simples";"Reta";"Sim";2;0;0;1;1;0;1;2;-5,06796776;-42,73199916;"SPRF-PI";"DEL01-PI";"UOP01-DEL01-PI"
170856;2018-11-10;"sábado";"18:00:00";"RN";101;83;"SAO GONCALO DO AMARANTE";"Desobediência às normas de trânsito pelo condutor";"Colisão lateral";"Com Vítimas Feridas";"Plena Noite";"Crescente";"Céu Claro";"Dupla";"Interseção de Vias";"Sim";2;0;0;1;1;0;1;2;-5,77054969;-35,26800692;"SPRF-RN";"DEL02-RN";"UOP01-DEL02-RN"
170857;2018-11-10;"sábado";"17:00:00";"MG";50;19,1;"ARAGUARI";"Avarias e/ou desgaste excessivo no pneu";"Saída de leito carroçável";"Sem Vítimas";"Pleno dia";"Decrescente";"Chuva";"Dupla";"Declive";"Não";1;0;0;0;1;0;0;1;-18,60474;-48,051437;"SPRF-MG";"DEL15-MG";"UOP02-DEL15-MG"
170858;2018-11-10;"sábado";"18:15:00";"ES";101;146;"LINHARES";"Não guardar distância de segurança";"Colisão traseira";"Com Vítimas Feridas";"Anoitecer";"Crescente";"Chuva";"Simples";"Reta";"Sim";1;0;0;1;0;0;1;1;-19,36761861;-40,06506825;"SPRF-ES";"DEL04-ES";"UOP01-DEL04-ES"
170859;2018-11-10;"sábado";"18:10:00";"BA";101;723;"EUNAPOLIS";"Velocidade Incompatível";"Tombamento";"Sem Vítimas";"Plena Noite";"Crescente";"Chuva";"Simples";"Reta";"Não";1;0;0;0;1;0;0;1;-16,408;-39,5879;"SPRF-BA";"DEL09-BA";"UOP01-DEL09-BA"
170860;2018-11-10;"sábado";"17:00:00";"MA";222;664,7;"ACAILANDIA";"Falta de Atenção à Condução";"Colisão lateral";"Com Vítimas Feridas";"Pleno dia";"Crescente";"Céu Claro";"Simples";"Reta";"Não";3;0;1;1;1;0;2;2;-4,91270081;-47,41710752;"SPRF-MA";"DEL04-MA";"UOP03-DEL04-MA"
170861;2018-11-10;"sábado";"17:30:00";"PE";101;67;"RECIFE";"Falta de Atenção do Pedestre";"Atropelamento de Pedestre";"Com Vítimas Fatais";"Anoitecer";"Decrescente";"Céu Claro";"Múltipla";"Reta";"Sim";2;1;0;0;1;0;0;2;-8,042871;-34,94336;"SPRF-PE";"DEL01-PE";"UOP01-DEL01-PE"
170863;2018-11-10;"sábado";"19:40:00";"GO";40;7;"VALPARAISO DE GOIAS";"Ingestão de Álcool";"Colisão traseira";"Com Vítimas Feridas";"Plena Noite";"Crescente";"Céu Claro";"Dupla";"Reta";"Sim";2;0;1;0;1;0;1;2;-16,10674125;-47,97360236;"SPRF-DF";"DEL01-DF";"UOP01-DEL01-DF"
170865;2018-11-10;"sábado";"15:30:00";"MA";316;611,8;"TIMON";"Falta de Atenção à Condução";"Colisão com objeto estático";"Com Vítimas Feridas";"Pleno dia";"Decrescente";"Céu Claro";"Simples";"Reta";"Não";2;0;0;1;1;0;1;2;-5,07168581;-42,87154287;"SPRF-MA";"DEL03-MA";"UOP02-DEL03-MA"
170866;2018-11-10;"sábado";"13:30:00";"RJ";101;232;"SILVA JARDIM";"Falta de Atenção à Condução";"Capotamento";"Com Vítimas Feridas";"Pleno dia";"Crescente";"Céu Claro";"Dupla";"Curva";"Não";1;0;1;0;0;0;1;1;-22,56582957;-42,37300158;"SPRF-RJ";"DEL02-RJ";"UOP03-DEL02-RJ"
170867;2018-11-10;"sábado";"18:20:00";"CE";222;6;"CAUCAIA";"Falta de Atenção à Condução";"Colisão frontal";"Sem Vítimas";"Plena Noite";"Decrescente";"Céu Claro";"Dupla";"Reta";"Sim";2;0;0;0;2;0;0;2;-3,74398175;-38,61848831;"SPRF-CE";"DEL01-CE";"UOP01-DEL01-CE"
170869;2018-11-10;"sábado";"18:30:00";"TO";153;546,5;"NOVA ROSALANDIA";"Ingestão de Álcool";"Colisão frontal";"Com Vítimas Feridas";"Plena Noite";"Crescente";"Chuva";"Simples";"Reta";"Não";6;0;3;2;1;0;5;2;-10,61062;-48,911949;"SPRF-TO";"DEL02-TO";"UOP01-DEL01-TO"
170870;2018-11-10;"sábado";"15:00:00";"PR";369;505,8;"CORBELIA";"Falta de Atenção à Condução";"Saída de leito carroçável";"Com Vítimas Feridas";"Pleno dia";"Crescente";"Sol";"Simples";"Reta";"Não";1;0;1;0;0;0;1;1;-24,8252;-53,2976;"SPRF-PR";"DEL04-PR";"UOP03-DEL04-PR"
170872;2018-11-10;"sábado";"19:45:00";"RS";470;223;"GARIBALDI";"Velocidade Incompatível";"Colisão traseira";"Com Vítimas Feridas";"Anoitecer";"Decrescente";"Céu Claro";"Dupla";"Reta";"Não";6;0;1;0;5;0;1;3;-29,21736378;-51,51690423;"SPRF-RS";"DEL06-RS";"UOP01-DEL06-RS"
170873;2018-11-10;"sábado";"19:00:00";"MT";163;580;"NOVA MUTUM";"Pista Escorregadia";"Queda de ocupante de veículo";"Com Vítimas Feridas";"Plena Noite";"Crescente";"Chuva";"Simples";"Reta";"Não";1;0;1;0;0;0;1;1;-14,04566882;-56,09722137;"SPRF-MT";"DEL01-MT";"UOP01-DEL01-MT"
170874;2018-11-10;"sábado";"19:59:00";"GO";153;504;"APARECIDA DE GOIANIA";"Ingestão de Álcool";"Colisão com objeto estático";"Sem Vítimas";"Plena Noite";"Crescente";"Céu Claro";"Dupla";"Declive";"Sim";1;0;0;0;1;0;0;1;-16,7451;-49,2408;"SPRF-GO";"DEL01-GO";"UOP01-DEL01-GO"
170875;2018-11-10;"sábado";"18:40:00";"RJ";116;189;"QUEIMADOS";"Ingestão de Álcool";"Colisão com objeto estático";"Sem Vítimas";"Plena Noite";"Crescente";"Céu Claro";"Dupla";"Reta";"Não";1;0;0;0;1;0;0;1;-22,737667;-43,491871;"SPRF-RJ";"DEL01-RJ";"UOP03-DEL01-RJ"
170876;2018-11-10;"sábado";"20:00:00";"MG";116;202,3;"CARAI";"Ingestão de Álcool";"Tombamento";"Com Vítimas Feridas";"Plena Noite";"Decrescente";"Chuva";"Simples";"Reta";"Não";3;0;2;0;0;1;2;2;-17,2226537;-41,49197199;"SPRF-MG";"DEL11-MG";"UOP01-DEL11-MG"
170877;2018-11-10;"sábado";"19:30:00";"MT";163;696;"LUCAS DO RIO VERDE";"Desobediência às normas de trânsito pelo condutor";"Saída de leito carroçável";"Com Vítimas Feridas";"Plena Noite";"Crescente";"Céu Claro";"Simples";"Reta";"Não";4;0;3;1;0;0;4;1;-13,04837563;-55,90607643;"SPRF-MT";"DEL06-MT";"UOP01-DEL06-MT"
170880;2018-11-10;"sábado";"20:30:00";"PR";376;178,7;"MARINGA";"Ingestão de Álcool";"Colisão traseira";"Com Vítimas Feridas";"Plena Noite";"Decrescente";"Céu Claro";"Dupla";"Reta";"Sim";2;0;1;0;1;0;1;2;-23,4185268;-51,91499591;"SPRF-PR";"DEL07-PR";"UOP01-DEL09-PR"