"id";"data_inversa";"dia_semana";"horario";"uf";"br";"km";"municipio";"causa_acidente";"tipo_acidente";"classificacao_acidente";"fase_dia";"sentido_via";"condicao_metereologica";"tipo_pista";"tracado_via";"uso_solo";"pessoas";"mortos";"feridos_leves";"feridos_graves";"ilesos";"ignorados";"feridos";"veiculos";"latitude";"longitude";"regional";"delegacia";"uop"
170883;2018-11-10;"sábado";"20:25:00";"ES";262;22;"VIANA";"Não guardar distância de segurança";"Colisão lateral";"Sem Vítimas";"Plena Noite";"Decrescente";"Nublado";"Simples";"Reta";"Não";2;0;0;0;1;1;0;2;-20,37597436;-40,51250607;"SPRF-ES";"DEL01-ES";"UOP01-DEL01-ES"
170884;2018-11-10;"sábado";"20:15:00";"SC";101;331;"TUBARAO";"Ingestão de Álcool";"Colisão traseira";"Com Vítimas Feridas";"Plena Noite";"Crescente";"Céu Claro";"Múltipla";"Reta";"Não";3;0;1;0;2;0;1;2;-28,45158433;-48,97366835;"SPRF-SC";"DEL02-SC";"UOP01-DEL02-SC"
170886;2018-11-10;"sábado";"20:00:00";"RS";116;221,8;"DOIS IRMAOS";"Falta de Atenção à Condução";"Colisão traseira";"Com Vítimas Feridas";"Plena Noite";"Decrescente";"Nublado";"Simples";"Rotatória";"Sim";3;0;1;0;2;0;1;2;-29,57883166;-51,09526634;"SPRF-RS";"DEL05-RS";"UOP02-DEL05-RS"
170889;2018-11-10;"sábado";"19:20:00";"RO";364;342,5;"JI-PARANA";"Não guardar distância de segurança";"Tombamento";"Com Vítimas Feridas";"Anoitecer";"Crescente";"Céu Claro";"Múltipla";"Reta";"Sim";3;0;1;0;2;0;1;2;-10,883874;-61,937317;"SPRF-RO";"DEL02-RO";"UOP01-DEL02-RO"
170890;2018-11-10;"sábado";"20:10:00";"PE";101;67,5;"RECIFE";"Ingestão de Álcool";"Atropelamento de Pedestre";"Com Vítimas Feridas";"Plena Noite";"Decrescente";"Céu Claro";"Dupla";"Reta";"Sim";2;0;0;1;1;0;1;2;-8,046609;-34,944599;"SPRF-PE";"DEL01-PE";"UOP01-DEL01-PE"
170892;2018-11-10;"sábado";"20:40:00";"RJ";116;175;"NOVA IGUACU";"Falta de Atenção à Condução";"Colisão traseira";"Com Vítimas Feridas";"Plena Noite";"Decrescente";"Céu Claro";"Múltipla";"Reta";"Sim";5;0;1;0;3;1;1;4;-22,789236;-43,372753;"SPRF-RJ";"DEL01-RJ";"UOP02-DEL01-RJ"
170893;2018-11-10;"sábado";"19:00:00";"BA";324;615;"SALVADOR";"Falta de Atenção à Condução";"Colisão lateral";"Com Vítimas Feridas";"Plena Noite";"Decrescente";"Céu Claro";"Dupla";"Reta";"Sim";4;0;0;1;2;1;1;4;-12,878446;-38,431687;"SPRF-BA";"DEL01-BA";"UOP01-DEL01-BA"
170894;2018-11-10;"sábado";"21:15:00";"SC";101;208;"SAO JOSE";"Desobediência às normas de trânsito pelo condutor";"Colisão traseira";"Com Vítimas Feridas";"Plena Noite";"Decrescente";"Chuva";"Múltipla";"Curva";"Sim";2;0;1;0;1;0;1;2;-27,60999663;-48,63884032;"SPRF-SC";"DEL01-SC";"UOP01-DEL01-SC"
170897;2018-10-21;"domingo";"17:55:00";"BA";101;287,8;"LAJE";"Ingestão de Álcool";"Saída de leito carroçável";"Com Vítimas Fatais";"Anoitecer";"Decrescente";"Céu Claro";"Simples";"Curva";"Não";2;1;0;1;0;0;1;1;-13,167262;-39,312484;"SPRF-BA";"DEL01-BA";"UOP02-DEL01-BA"
170898;2018-11-10;"sábado";"19:55:00";"PE";424;86,9;"GARANHUNS";"Desobediência às normas de trânsito pelo condutor";"Colisão lateral";"Com Vítimas Feridas";"Plena Noite";"Decrescente";"Céu Claro";"Simples";"Declive";"Sim";2;0;0;1;0;1;1;2;-8,87349618;-36,50756836;"SPRF-PE";"DEL03-PE";"UOP01-DEL03-PE"
170900;2018-11-10;"sábado";"21:30:00";"SC";101;180;"BIGUACU";"Defeito Mecânico no Veículo";"Incêndio";"Sem Vítimas";"Plena Noite";"Crescente";"Céu Claro";"Dupla";"Reta";"Sim";1;0;0;0;0;1;0;1;-27,3901;-48,6318;"SPRF-SC";"DEL01-SC";"UOP01-DEL01-SC"
170901;2018-11-10;"sábado";"21:10:00";"PR";369;234;"JANDAIA DO SUL";"Ingestão de Álcool";"Colisão frontal";"Com Vítimas Feridas";"Plena Noite";"Crescente";"Céu Claro";"Simples";"Reta";"Não";3;0;0;2;1;0;2;2;-23,65251917;-51,68210149;"SPRF-PR";"DEL07-PR";"UOP03-DEL07-PR"
170902;2018-11-10;"sábado";"22:00:00";"PR";376;179,1;"MARINGA";"Falta de Atenção à Condução";"Colisão traseira";"Com Vítimas Feridas";"Plena Noite";"Decrescente";"Céu Claro";"Múltipla";"Reta";"Sim";2;0;1;0;1;0;1;2;-23,42053;-51,90907;"SPRF-PR";"DEL07-PR";"UOP01-DEL09-PR"
170903;2018-11-10;"sábado";"17:10:00";"PR";376;620;"SAO JOSE DOS PINHAIS";"Falta de Atenção à Condução";"Queda de ocupante de veículo";"Com Vítimas Feridas";"Plena Noite";"Crescente";"Nublado";"Dupla";"Reta";"Sim";2;0;2;0;0;0;2;1;-25,61342518;-49,17080099;"SPRF-PR";"DEL01-PR";"DEL7/1-UOP08/PR"
170904;2018-11-10;"sábado";"16:20:00";"RS";392;41,1;"RIO GRANDE";"Desobediência às normas de trânsito pelo condutor";"Colisão transversal";"Com Vítimas Feridas";"Pleno dia";"Crescente";"Céu Claro";"Múltipla";"Interseção de Vias";"Sim";3;0;0;2;1;0;2;2;-31,956881;-52,305946;"SPRF-RS";"DEL07-RS";"UOP02-DEL07-RS"
170906;2018-11-10;"sábado";"21:00:00";"PA";10;322;"SAO MIGUEL DO GUAMA";"Falta de Atenção à Condução";"Colisão com objeto em movimento";"Com Vítimas Fatais";"Plena Noite";"Decrescente";"Céu Claro";"Simples";"Reta";"Sim";1;1;0;0;0;0;0;1;-1,619396;-47,479702;"SPRF-PA";"DEL01-PA";"UOP02-DEL01-PA"
170907;2018-11-10;"sábado";"20:30:00";"RS";116;257;"ESTEIO";"Desobediência às normas de trânsito pelo pedestre";"Atropelamento de Pedestre";"Com Vítimas Feridas";"Plena Noite";"Crescente";"Céu Claro";"Dupla";"Reta";"Não";2;0;0;1;1;0;1;2;-29,84968404;-51,17899206;"SPRF-RS";"DEL01-RS";"UOP02-DEL01-RS"
170909;2018-11-10;"sábado";"22:14:00";"RN";101;82,9;"NATAL";"Falta de Atenção à Condução";"Colisão traseira";"Com Vítimas Feridas";"Plena Noite";"Decrescente";"Céu Claro";"Dupla";"Reta";"Sim";2;0;1;0;1;0;1;2;-5,77009549;-35,26888132;"SPRF-RN";"DEL02-RN";"UOP01-DEL02-RN"
170911;2018-11-10;"sábado";"22:15:00";"PB";230;64,2;"SAO MIGUEL DE TAIPU";"Animais na Pista";"Atropelamento de Animal";"Com Vítimas Feridas";"Plena Noite";"Crescente";"Céu Claro";"Dupla";"Reta";"Não";2;0;2;0;0;0;2;1;-7,1909;-35,183223;"SPRF-PB";"DEL01-PB";"UOP03-DEL01-PB"
170912;2018-11-10;"sábado";"22:30:00";"MS";163;667,9;"RIO VERDE DE MATO GROSSO";"Animais na Pista";"Atropelamento de Animal";"Com Vítimas Feridas";"Plena Noite";"Crescente";"Céu Claro";"Simples";"Curva";"Não";2;0;2;0;0;0;2;1;-19,03096328;-54,82280731;"SPRF-MS";"DEL06-MS";"UOP02-DEL06-MS"
170913;2018-11-10;"sábado";"22:25:00";"SC";101;122;"ITAJAI";"Ingestão de Álcool";"Saída de leito carroçável";"Sem Vítimas";"Plena Noite";"Decrescente";"Nublado";"Múltipla";"Curva";"Não";1;0;0;0;1;0;0;1;-26,9366;-48,6987;"SPRF-SC";"DEL04-SC";"UOP04-DEL04-SC"
170914;2018-11-10;"sábado";"21:00:00";"RJ";116;75,9;"TERESOPOLIS";"Ingestão de Álcool";"Colisão com objeto estático";"Com Vítimas Fatais";"Plena Noite";"Decrescente";"Nublado";"Simples";"Curva";"Não";1;1;0;0;0;0;0;1;-22,361746;-42,941517;"SPRF-RJ";"DEL04-RJ";"UOP01-DEL04-RJ"
170915;2018-11-10;"sábado";"16:00:00";"CE";230;37,7;"LAVRAS DA MANGABEIRA";"Restrição de Visibilidade";"Colisão frontal";"Com Vítimas Fatais";"Pleno dia";"Crescente";"Sol";"Simples";"Reta";"Sim";2;1;0;1;0;0;1;2;-6,75663766;-38,95415068;"SPRF-CE";"DEL05-CE";"UOP01-DEL05-CE"
170919;2018-11-10;"sábado";"22:30:00";"MT";364;267;"JACIARA";"Desobediência às normas de trânsito pelo condutor";"Colisão frontal";"Com Vítimas Feridas";"Plena Noite";"Decrescente";"Ignorado";"Simples";"Declive";"Não";2;0;0;2;0;0;2;2;-15,988258;-54,926792;"SPRF-MT";"DEL02-MT";"UOP02-DEL05-MT"
170921;2018-11-10;"sábado";"23:00:00";"PI";316;1,8;"TERESINA";"Desobediência às normas de trânsito pelo condutor";"Colisão frontal";"Com Vítimas Feridas";"Plena Noite";"Crescente";"Céu Claro";"Múltipla";"Reta";"Sim";2;0;1;1;0;0;2;2;-5,128619;-42,807068;"SPRF-PI";"DEL01-PI";"UOP02-DEL01-PI"
170923;2018-11-10;"sábado";"21:00:00";"BA";418;78,7;"NOVA VICOSA";"Defeito Mecânico no Veículo";"Incêndio";"Sem Vítimas";"Plena Noite";"Decrescente";"Chuva";"Simples";"Reta";"Não";1;0;0;0;1;0;0;1;-17,86762744;-39,75437164;"SPRF-BA";"DEL09-BA";"UOP02-DEL09-BA"
170926;2018-11-11;"domingo";"00:30:00";"RJ";101;42,5;"CAMPOS DOS GOYTACAZES";"Ingestão de Álcool";"Queda de ocupante de veículo";"Com Vítimas Feridas";"Plena Noite";"Decrescente";"Céu Claro";"Simples";"Reta";"Não";1;0;0;1;0;0;1;1;-21,570223;-41,323585;"SPRF-RJ";"DEL08-RJ";"UOP01-DEL08-RJ"
170928;2018-11-10;"sábado";"23:59:00";"RS";472;550;"URUGUAIANA";"Ingestão de Álcool";"Saída de leito carroçável";"Sem Vítimas";"Plena Noite";"Crescente";"Céu Claro";"Simples";"Reta";"Não";4;0;0;0;4;0;0;1;-29,62002729;-56,87244415;"SPRF-RS";"DEL13-RS";"UOP01-DEL13-RS"
170930;2018-11-10;"sábado";"23:10:00";"PB";230;17,4;"JOAO PESSOA";"Desobediência às normas de trânsito pelo condutor";"Colisão transversal";"Com Vítimas Feridas";"Plena Noite";"Crescente";"Céu Claro";"Dupla";"Retorno Regulamentado;Reta";"Sim";2;0;1;0;1;0;1;2;-7,11822492;-34,84414816;"SPRF-PB";"DEL01-PB";"UOP01-DEL01-PB"
170933;2018-11-11;"domingo";"01:30:00";"SC";101;208;"SAO JOSE";"Falta de Atenção à Condução";"Tombamento";"Com Vítimas Feridas";"Plena Noite";"Decrescente";"Chuva";"Dupla";"Reta";"Sim";1;0;1;0;0;0;1;1;-27,60441108;-48,63289386;"SPRF-SC";"DEL01-SC";"UOP01-DEL01-SC"
170934;2018-11-11;"domingo";"00:15:00";"CE";222;313,2;"TIANGUA";"Falta de Atenção à Condução";"Tombamento";"Com Vítimas Feridas";"Pleno dia";"Crescente";"Céu Claro";"Simples";"Interseção de Vias;Em Obras";"Não";2;0;1;1;0;0;2;1;-3,73339351;-41,00286484;"SPRF-CE";"DEL04-CE";"UOP02-DEL04-CE"
170935;2018-11-11;"domingo";"01:30:00";"PR";376;177,5;"MARINGA";"Mal Súbito";"Tombamento";"Com Vítimas Feridas";"Plena Noite";"Crescente";"Céu Claro";"Dupla";"Interseção de Vias";"Sim";1;0;1;0;0;0;1;1;-23,41483223;-51,92615747;"SPRF-PR";"DEL07-PR";"UOP01-DEL09-PR"
170936;2018-11-11;"domingo";"01:10:00";"DF";60;11;"BRASILIA";"Agressão Externa";"Incêndio";"Sem Vítimas";"Plena Noite";"Decrescente";"Nublado";"Dupla";"Reta";"Não";1;0;0;0;0;1;0;1;-15,91157264;-48,15593004;"SPRF-DF";"DEL01-DF";"UOP01-DEL03-DF"
170937;2018-11-11;"domingo";"01:00:00";"PE";232;47,3;"VITORIA DE SANTO ANTAO";"Velocidade Incompatível";"Capotamento";"Com Vítimas Feridas";"Plena Noite";"Crescente";"Céu Claro";"Dupla";"Reta";"Não";3;0;0;3;0;0;3;1;-8,138697;-35,298743;"SPRF-PE";"DEL01-PE";"UOP02-DEL02PE"
170938;2018-11-10;"sábado";"23:20:00";"PE";232;482,1;"VERDEJANTE";"Ingestão de Álcool";"Colisão transversal";"Com Vítimas Feridas";"Plena Noite";"Crescente";"Céu Claro";"Simples";"Curva";"Não";6;0;3;0;3;0;3;2;-8,008271;-38,911738;"SPRF-PE";"DEL05-PE";"UOP01-DEL05-PE"
170939;2018-11-11;"domingo";"01:20:00";"ES";262;159,9;"IBATIBA";"Falta de Atenção à Condução";"Colisão com objeto estático";"Com Vítimas Feridas";"Plena Noite";"Decrescente";"Nublado";"Simples";"Reta";"Sim";1;0;1;0;0;0;1;1;-20,2373;-41,5112;"SPRF-ES";"DEL01-ES";"UOP02-DEL01-ES"
170941;2018-11-11;"domingo";"01:55:00";"PR";163;350;"GUAIRA";"Restrição de Visibilidade";"Colisão com objeto estático";"Sem Vítimas";"Plena Noite";"Decrescente";"Nevoeiro/Neblina";"Simples";"Reta";"Não";1;0;0;0;1;0;0;1;-24,0742;-54,2446;"SPRF-PR";"DEL06-PR";"UOP01-DEL06-PR"
170942;2018-11-11;"domingo";"02:20:00";"SC";282;2,9;"FLORIANOPOLIS";"Falta de Atenção à Condução";"Capotamento";"Sem Vítimas";"Plena Noite";"Crescente";"Nublado";"Simples";"Curva";"Sim";1;0;0;0;0;1;0;1;-27,600384;-48,599705;"SPRF-SC";"DEL01-SC";"UOP01-DEL01-SC"
170944;2018-11-11;"domingo";"02:50:00";"SP";116;77;"ROSEIRA";"Falta de Atenção do Pedestre";"Atropelamento de Pedestre";"Com Vítimas Fatais";"Plena Noite";"Decrescente";"Nublado";"Dupla";"Reta";"Sim";2;1;0;0;1;0;0;2;-22,883369;-45,279385;"SPRF-SP";"DEL06-SP";"UOP01-DEL06-SP"
170945;2018-11-11;"domingo";"02:15:00";"SC";101;215;"PALHOCA";"Falta de Atenção à Condução";"Tombamento";"Com Vítimas Feridas";"Plena Noite";"Decrescente";"Nublado";"Dupla";"Reta";"Sim";1;0;1;0;0;0;1;1;-27,6601;-48,6774;"SPRF-SC";"DEL01-SC";"UOP02-DEL01-SC"
170946;2018-11-11;"domingo";"02:15:00";"SC";101;215,3;"PALHOCA";"Velocidade Incompatível";"Colisão com objeto estático";"Com Vítimas Feridas";"Plena Noite";"Crescente";"Nublado";"Dupla";"Reta";"Sim";3;0;0;1;2;0;1;2;-27,6601;-48,6774;"SPRF-SC";"DEL01-SC";"UOP02-DEL01-SC"
170948;2018-11-11;"domingo";"03:20:00";"SC";470;91;"ASCURRA";"Ingestão de Álcool";"Colisão com objeto estático";"Sem Vítimas";"Plena Noite";"Crescente";"Chuva";"Simples";"Reta";"Sim";1;0;0;0;1;0;0;1;-26,97679374;-49,36873108;"SPRF-SC";"DEL04-SC";"UOP01-DEL04-SC"
170949;2018-11-11;"domingo";"03:17:00";"SC";101;216,9;"PALHOCA";"Desobediência às normas de trânsito pelo condutor";"Tombamento";"Com Vítimas Feridas";"Plena Noite";"Decrescente";"Nublado";"Dupla";"Reta";"Sim";2;0;2;0;0;0;2;1;-27,6771;-48,67;"SPRF-SC";"DEL01-SC";"UOP02-DEL01-SC"
170950;2018-11-11;"domingo";"01:40:00";"PB";230;36,7;"SANTA RITA";"Agressão Externa";"Queda de ocupante de veículo";"Com Vítimas Feridas";"Plena Noite";"Crescente";"Céu Claro";"Dupla";"Reta";"Sim";2;0;1;0;1;0;1;1;-7,13045168;-34,95537758;"SPRF-PB";"DEL01-PB";"UOP01-DEL01-PB"
170951;2018-11-11;"domingo";"00:50:00";"PR";277;351,8;"GUARAPUAVA";"Ultrapassagem Indevida";"Colisão com objeto estático";"Com Vítimas Feridas";"Plena Noite";"Decrescente";"Céu Claro";"Simples";"Reta";"Não";1;0;1;0;0;0;1;1;-25,39960172;-51,53873205;"SPRF-PR";"DEL03-PR";"UOP01-DEL08-PR"
170954;2018-11-11;"domingo";"04:25:00";"MG";40;719;"BARBACENA";"Falta de Atenção à Condução";"Saída de leito carroçável";"Com Vítimas Feridas";"Plena Noite";"Decrescente";"Ignorado";"Dupla";"Curva";"Não";1;0;1;0;0;0;1;1;-21,2982;-43,63;"SPRF-MG";"DEL05-MG";"UOP01-DEL05-MG"
170956;2018-11-11;"domingo";"04:55:00";"PR";476;115;"COLOMBO";"Falta de Atenção à Condução";"Colisão frontal";"Com Vítimas Feridas";"Amanhecer";"Decrescente";"Nublado";"Simples";"Interseção de Vias";"Não";2;0;1;0;1;0;1;2;-25,344196;-49,159679;"SPRF-PR";"DEL01-PR";"UOP01-DEL01-PR"
170957;2018-11-11;"domingo";"04:45:00";"MG";40;591,2;"ITABIRITO";"Velocidade Incompatível";"Capotamento";"Com Vítimas Feridas";"Pleno dia";"Decrescente";"Nublado";"Simples";"Retorno Regulamentado";"Não";2;0;0;1;1;0;1;1;-20,37934862;-43,90768647;"SPRF-MG";"DEL01-MG";"UOP02-DEL01-MG"
170958;2018-11-11;"domingo";"04:54:00";"RN";104;5;"MACAU";"Condutor Dormindo";"Capotamento";"Com Vítimas Feridas";"Amanhecer";"Crescente";"Céu Claro";"Dupla";"Reta";"Sim";2;0;1;0;1;0;1;1;-5,148984;-36,599861;"SPRF-RN";"DEL02-RN";"UOP01-DEL02-RN"
170959;2018-11-11;"domingo";"06:20:00";"SC";101;206,1;"SAO JOSE";"Desobediência às normas de trânsito pelo condutor";"Colisão transversal";"Sem Vítimas";"Amanhecer";"Crescente";"Nublado";"Múltipla";"Interseção de Vias";"Sim";2;0;0;0;1;1;0;2;-27,59916754;-48,62208724;"SPRF-SC";"DEL01-SC";"UOP01-DEL01-SC"
170960;2018-11-10;"sábado";"20:00:00";"SC";116;258;"CAPAO ALTO";"Falta de Atenção à Condução";"Saída de leito carroçável";"Sem Vítimas";"Plena Noite";"Crescente";"Céu Claro";"Simples";"Reta";"Sim";1;0;0;0;1;0;0;1;-27,952471;-50,47995;"SPRF-SC";"DEL05-SC";"UOP02-DEL05-SC"
170961;2018-11-11;"domingo";"06:15:00";"PR";476;121;"CURITIBA";"Ingestão de Álcool";"Colisão lateral";"Com Vítimas Feridas";"Plena Noite";"Decrescente";"Nublado";"Múltipla";"Reta";"Não";4;0;0;1;2;1;1;4;-25,379221;-49,197685;"SPRF-PR";"DEL01-PR";"UOP01-DEL01-PR"
170965;2018-11-11;"domingo";"06:55:00";"GO";40;69;"CRISTALINA";"Defeito Mecânico no Veículo";"Tombamento";"Com Vítimas Feridas";"Amanhecer";"Crescente";"Céu Claro";"Simples";"Reta";"Não";2;0;1;0;1;0;1;1;-16,596563;-47,775077;"SPRF-DF";"DEL01-DF";"UOP02-DEL01-DF"
170966;2018-11-11;"domingo";"06:50:00";"RS";101;72,8;"OSORIO";"Ingestão de Álcool";"Saída de leito carroçável";"Com Vítimas Feridas";"Pleno dia";"Decrescente";"Céu Claro";"Dupla";"Curva";"Sim";2;0;1;1;0;0;2;1;-29,771931;-50,217687;"SPRF-RS";"DEL03-RS";"UOP01-DEL03-RS"
170967;2018-11-11;"domingo";"06:35:00";"SP";116;386;"MIRACATU";"Falta de Atenção à Condução";"Colisão com objeto estático";"Com Vítimas Feridas";"Amanhecer";"Decrescente";"Nublado";"Dupla";"Reta";"Não";2;0;1;0;0;1;1;1;-24,26410163;-47,38437099;"SPRF-SP";"DEL04-SP";"UOP02-DEL04-SP"
170968;2018-11-11;"domingo";"06:15:00";"RJ";101;488;"ANGRA DOS REIS";"Desobediência às normas de trânsito pelo condutor";"Colisão frontal";"Com Vítimas Feridas";"Pleno dia";"Crescente";"Céu Claro";"Simples";"Reta";"Sim";4;0;1;0;3;0;1;2;-22,95752396;-44,29939628;"SPRF-RJ";"DEL03-RJ";"UOP03-DEL03-RJ"
170969;2018-11-10;"sábado";"21:20:00";"SC";101;97,1;"BALNEARIO PICARRAS";"Velocidade Incompatível";"Saída de leito carroçável";"Com Vítimas Feridas";"Plena Noite";"Decrescente";"Nublado";"Dupla";"Reta";"Não";1;0;1;0;0;0;1;1;-26,7409;-48,6983;"SPRF-SC";"DEL03-SC";"UOP02-DEL03-SC"
170970;2018-11-11;"domingo";"07:30:00";"SP";153;114,7;"JOSE BONIFACIO";"Ingestão de Álcool";"Capotamento";"Com Vítimas Feridas";"Pleno dia";"Crescente";"Céu Claro";"Simples";"Reta";"Não";1;0;1;0;0;0;1;1;-21,12796218;-49,69420223;"SPRF-SP";"DEL09-SP";"UOP01-DEL09-SP"
170971;2018-11-11;"domingo";"07:40:00";"SP";101;51,5;"UBATUBA";"Ingestão de Álcool";"Saída de leito carroçável";"Sem Vítimas";"Pleno dia";"Decrescente";"Céu Claro";"Simples";"Interseção de Vias";"Sim";1;0;0;0;1;0;0;1;-23,46269519;-45,06424427;"SPRF-SP";"DEL06-SP";"UOP01-DEL06-SP"
170974;2018-11-11;"domingo";"05:05:00";"MA";316;6,5;"BOA VISTA DO GURUPI";"Falta de Atenção à Condução";"Colisão frontal";"Com Vítimas Fatais";"Plena Noite";"Decrescente";"Céu Claro";"Simples";"Reta";"Não";4;1;0;1;2;0;1;2;-1,780594;-46,269554;"SPRF-MA";"DEL02-MA";"UOP02-DEL02-MA"
170975;2018-10-31;"quarta-feira";"18:30:00";"MS";163;263;"DOURADOS";"Falta de Atenção à Condução";"Colisão lateral";"Com Vítimas Feridas";"Plena Noite";"Crescente";"Céu Claro";"Dupla";"Rotatória";"Sim";2;0;1;0;0;1;1;2;-22,23194289;-54,74786115;"SPRF-MS";"DEL04-MS";"UOP01-DEL04-MS"
170978;2018-11-11;"domingo";"08:40:00";"DF";20;15;"BRASILIA";"Ingestão de Álcool";"Colisão traseira";"Sem Vítimas";"Pleno dia";"Crescente";"Céu Claro";"Dupla";"Reta";"Sim";2;0;0;0;2;0;0;2;-15,630189;-47,733288;"SPRF-DF";"DEL02-DF";"UOP01-DEL02-DF"
170981;2018-11-11;"domingo";"07:58:00";"GO";50;243,9;"CATALAO";"Falta de Atenção à Condução";"Colisão traseira";"Com Vítimas Feridas";"Pleno dia";"Crescente";"Nublado";"Simples";"Reta";"Não";3;0;2;0;1;0;2;2;-17,9172;-47,7901;"SPRF-GO";"DEL06-GO";"UOP01-DEL06-GO"
170982;2018-11-11;"domingo";"08:50:00";"RJ";40;106;"DUQUE DE CAXIAS";"Falta de Atenção à Condução";"Colisão lateral";"Com Vítimas Feridas";"Pleno dia";"Decrescente";"Céu Claro";"Múltipla";"Reta";"Sim";2;0;1;0;1;0;1;2;-22,6380952;-43,28390121;"SPRF-RJ";"DEL01-RJ";"UOP01-DEL01-RJ"
170984;2018-11-11;"domingo";"05:50:00";"GO";20;227,7;"POSSE";"Falta de Atenção do Pedestre";"Atropelamento de Pedestre";"Com Vítimas Fatais";"Pleno dia";"Decrescente";"Céu Claro";"Simples";"Reta";"Não";2;1;0;0;0;1;0;2;-14,136132;-46,319569;"SPRF-DF";"DEL02-DF";"UOP03-DEL02-DF"
170985;2018-11-11;"domingo";"02:30:00";"SC";101;207;"SAO JOSE";"Falta de Atenção à Condução";"Capotamento";"Com Vítimas Feridas";"Plena Noite";"Crescente";"Ignorado";"Múltipla";"Reta";"Não";1;0;1;0;0;0;1;1;-27,6034;-48,632;"SPRF-SC";"DEL01-SC";"UOP01-DEL01-SC"
170986;2018-11-11;"domingo";"06:00:00";"AC";364;124;"RIO BRANCO";"Falta de Atenção à Condução";"Colisão transversal";"Com Vítimas Feridas";"Pleno dia";"Crescente";"Céu Claro";"Simples";"Rotatória";"Sim";2;0;1;0;1;0;1;2;-10,01225634;-67,79811814;"SPRF-AC";"DEL01-AC";"UOP01-DEL01-AC"
170987;2018-10-30;"terça-feira";"11:55:00";"PB";104;93;"ESPERANCA";"Desobediência às normas de trânsito pelo condutor";"Colisão transversal";"Com Vítimas Fatais";"Pleno dia";"Decrescente";"Céu Claro";"Simples";"Curva";"Não";3;1;0;1;0;1;1;2;-6,994807;-35,835571;"SPRF-PB";"DEL02-PB";"UOP04-DEL02-PB"
170988;2018-11-11;"domingo";"05:15:00";"SP";381;54,8;"MAIRIPORA";"Ingestão de Álcool";"Colisão com objeto estático";"Com Vítimas Feridas";"Amanhecer";"Decrescente";"Céu Claro";"Dupla";"Reta";"Não";3;0;1;0;2;0;1;3;-23,250734;-46,593686;"SPRF-SP";"DEL03-SP";"UOP01-DEL03-SP"
170989;2018-11-11;"domingo";"07:30:00";"RN";101;83,1;"NATAL";"Não guardar distância de segurança";"Colisão traseira";"Com Vítimas Feridas";"Pleno dia";"Decrescente";"Céu Claro";"Dupla";"Reta";"Sim";4;0;0;1;2;1;1;3;-5,76485658;-35,23052307;"SPRF-RN";"DEL02-RN";"UOP01-DEL02-RN"
170990;2018-11-11;"domingo";"09:25:00";"GO";40;19;"LUZIANIA";"Falta de Atenção à Condução";"Colisão lateral";"Com Vítimas Feridas";"Pleno dia";"Crescente";"Céu Claro";"Dupla";"Reta";"Não";4;0;2;0;2;0;2;2;-16,201556;-47,921314;"SPRF-DF";"DEL01-DF";"UOP01-DEL01-DF"
170991;2018-11-11;"domingo";"09:30:00";"PR";277;124,2;"BALSA NOVA";"Falta de Atenção à Condução";"Colisão traseira";"Com Vítimas Feridas";"Pleno dia";"Crescente";"Céu Claro";"Dupla";"Reta";"Não";2;0;1;0;1;0;1;2;-25,45641117;-49,63253975;"SPRF-PR";"DEL01-PR";"UOP06-DEL01-PR"
170992;2018-11-11;"domingo";"08:30:00";"PE";101;114;"ESCADA";"Falta de Atenção à Condução";"Tombamento";"Com Vítimas Feridas";"Pleno dia";"Crescente";"Céu Claro";"Dupla";"Curva";"Não";2;0;1;0;0;1;1;2;-8,335;-35,1309;"SPRF-PE";"DEL01-PE";"UOP03-DEL01-PE"
170993;2018-11-06;"terça-feira";"22:30:00";"MG";116;411;"GOVERNADOR VALADARES";"Ingestão de Álcool";"Colisão frontal";"Com Vítimas Feridas";"Plena Noite";"Decrescente";"Céu Claro";"Dupla";"Reta";"Sim";2;0;1;0;1;0;1;2;-18,8448768;-41,9446784;"SPRF-MG";"DEL06-MG";"UOP01-DEL06-MG"
170994;2018-11-10;"sábado";"22:15:00";"MT";163;1055;"GUARANTA DO NORTE";"Falta de Atenção à Condução";"Saída de leito carroçável";"Com Vítimas Feridas";"Plena Noite";"Decrescente";"Céu Claro";"Simples";"Declive";"Não";1;0;1;0;0;0;1;1;-10,03641861;-54,91017222;"SPRF-MT";"DEL06-MT";"UOP02-DEL06-MT"
170995;2018-11-10;"sábado";"21:45:00";"RN";101;102,5;"PARNAMIRIM";"Velocidade Incompatível";"Capotamento";"Sem Vítimas";"Plena Noite";"Crescente";"Céu Claro";"Dupla";"Reta";"Sim";1;0;0;0;1;0;0;1;-5,88643408;-35,24243164;"SPRF-RN";"DEL01-RN";"UOP01-DEL01-RN"
170997;2018-11-11;"domingo";"10:00:00";"RS";116;137,3;"CAXIAS DO SUL";"Velocidade Incompatível";"Queda de ocupante de veículo";"Com Vítimas Feridas";"Pleno dia";"Decrescente";"Sol";"Simples";"Curva";"Não";1;0;1;0;0;0;1;1;-29,08111;-51,112289;"SPRF-RS";"DEL05-RS";"UOP01-DEL05-RS"
170998;2018-10-14;"domingo";"17:00:00";"PB";101;85;"BAYEUX";"Velocidade Incompatível";"Colisão traseira";"Com Vítimas Feridas";"Anoitecer";"Decrescente";"Céu Claro";"Dupla";"Viaduto";"Sim";2;0;1;0;1;0;1;2;-7,1548;-34,9077;"SPRF-PB";"DEL01-PB";"UOP01-DEL01-PB"