"id";"data_inversa";"dia_semana";"horario";"uf";"br";"km";"municipio";"causa_acidente";"tipo_acidente";"classificacao_acidente";"fase_dia";"sentido_via";"condicao_metereologica";"tipo_pista";"tracado_via";"uso_solo";"pessoas";"mortos";"feridos_leves";"feridos_graves";"ilesos";"ignorados";"feridos";"veiculos";"latitude";"longitude";"regional";"delegacia";"uop"
171212;2018-10-11;"quinta-feira";"21:07:00";"PR";376;108;"PARANAVAI";"Pista Escorregadia";"Tombamento";"Com Vítimas Feridas";"Plena Noite";"Decrescente";"Ignorado";"Simples";"Reta";"Sim";1;0;0;1;0;0;1;1;-23,0696244;-52,42404677;"SPRF-PR";"DEL07-PR";"UOP02-DEL09-PR"
171213;2018-11-12;"segunda-feira";"09:48:00";"PE";101;70,4;"RECIFE";"Falta de Atenção à Condução";"Colisão lateral";"Com Vítimas Feridas";"Pleno dia";"Crescente";"Céu Claro";"Dupla";"Interseção de Vias";"Sim";2;0;1;0;1;0;1;2;-8,071717;-34,942825;"SPRF-PE";"DEL01-PE";"UOP01-DEL01-PE"
171214;2018-11-12;"segunda-feira";"10:30:00";"PR";277;705,5;"SAO MIGUEL DO IGUACU";"Falta de Atenção à Condução";"Capotamento";"Com Vítimas Feridas";"Pleno dia";"Crescente";"Céu Claro";"Dupla";"Reta";"Não";2;0;2;0;0;0;2;1;-25,430321;-54,369568;"SPRF-PR";"DEL05-PR";"UOP01-DEL05-PR"
171217;2018-11-12;"segunda-feira";"10:45:00";"SC";470;154;"AGRONOMICA";"Falta de Atenção à Condução";"Colisão transversal";"Com Vítimas Feridas";"Pleno dia";"Decrescente";"Sol";"Simples";"Reta";"Não";3;0;2;0;1;0;2;2;-27,2752959;-49,74315405;"SPRF-SC";"DEL04-SC";"UOP02-DEL04-SC"
171218;2018-11-12;"segunda-feira";"08:00:00";"AC";364;136;"RIO BRANCO";"Falta de Atenção à Condução";"Colisão transversal";"Com Vítimas Feridas";"Pleno dia";"Decrescente";"Céu Claro";"Dupla";"Rotatória";"Sim";3;0;2;0;1;0;2;2;-9,96896684;-67,85305258;"SPRF-AC";"DEL01-AC";"UOP01-DEL01-AC"
171219;2018-11-12;"segunda-feira";"11:40:00";"DF";60;11;"BRASILIA";"Avarias e/ou desgaste excessivo no pneu";"Tombamento";"Com Vítimas Feridas";"Pleno dia";"Decrescente";"Nublado";"Dupla";"Reta";"Sim";1;0;0;1;0;0;1;1;-15,911784;-48,157192;"SPRF-DF";"DEL01-DF";"UOP01-DEL03-DF"
171220;2018-11-12;"segunda-feira";"11:30:00";"MG";40;129,9;"JOAO PINHEIRO";"Não guardar distância de segurança";"Colisão traseira";"Com Vítimas Feridas";"Pleno dia";"Decrescente";"Céu Claro";"Simples";"Reta";"Sim";3;0;1;0;2;0;1;2;-17,70580607;-46,28690243;"SPRF-MG";"DEL14-MG";"UOP01-DEL14-MG"
171221;2018-11-12;"segunda-feira";"01:00:00";"PR";153;344;"IRATI";"Falta de Atenção à Condução";"Saída de leito carroçável";"Com Vítimas Feridas";"Plena Noite";"Decrescente";"Nublado";"Simples";"Reta";"Não";2;0;2;0;0;0;2;1;-25,532618;-50,65493;"SPRF-PR";"DEL03-PR";"UOP02-DEL08-PR"
171223;2018-11-12;"segunda-feira";"11:05:00";"RJ";101;181;"NOVA IGUACU";"Não guardar distância de segurança";"Colisão traseira";"Sem Vítimas";"Pleno dia";"Decrescente";"Céu Claro";"Dupla";"Reta";"Sim";2;0;0;0;2;0;0;2;-22,738677;-43,475735;"SPRF-RJ";"DEL02-RJ";"UOP04-DEL08-RJ"
171226;2018-11-12;"segunda-feira";"10:45:00";"RO";364;383,9;"OURO PRETO DO OESTE";"Ultrapassagem Indevida";"Colisão lateral";"Com Vítimas Feridas";"Pleno dia";"Decrescente";"Céu Claro";"Simples";"Declive";"Sim";3;0;1;0;2;0;1;2;-10,71579899;-62,25032687;"SPRF-RO";"DEL02-RO";"UOP01-DEL02-RO"
171232;2018-10-09;"terça-feira";"06:10:00";"RS";386;340,4;"LAJEADO";"Desobediência às normas de trânsito pelo condutor";"Saída de leito carroçável";"Sem Vítimas";"Pleno dia";"Decrescente";"Céu Claro";"Simples";"Reta";"Não";2;0;0;0;2;0;0;1;-29,43130957;-52,01274812;"SPRF-RS";"DEL04-RS";"UOP01-DEL04-RS"
171236;2018-11-12;"segunda-feira";"06:10:00";"BA";101;674,8;"ITAPEBI";"Falta de Atenção à Condução";"Saída de leito carroçável";"Com Vítimas Feridas";"Amanhecer";"Decrescente";"Nublado";"Simples";"Curva";"Não";3;0;2;0;1;0;2;1;-16,0255;-39,609;"SPRF-BA";"DEL09-BA";"UOP01-DEL09-BA"
171237;2018-07-17;"terça-feira";"15:03:00";"ES";101;70;"SAO MATEUS";"Falta de Atenção à Condução";"Colisão lateral";"Com Vítimas Feridas";"Pleno dia";"Crescente";"Céu Claro";"Simples";"Reta";"Não";2;0;1;0;1;0;1;2;-18,75323571;-39,86251831;"SPRF-ES";"DEL04-ES";"UOP02-DEL04-ES"
171241;2018-11-12;"segunda-feira";"11:20:00";"RO";364;14;"VILHENA";"Desobediência às normas de trânsito pelo condutor";"Colisão transversal";"Com Vítimas Feridas";"Pleno dia";"Crescente";"Chuva";"Dupla";"Rotatória";"Sim";3;0;1;0;1;1;1;3;-12,738981;-60,139114;"SPRF-RO";"DEL04-RO";"UOP01-DEL04-RO"
171242;2018-11-12;"segunda-feira";"13:20:00";"MG";116;762,9;"LEOPOLDINA";"Falta de Atenção à Condução";"Colisão traseira";"Com Vítimas Feridas";"Pleno dia";"Crescente";"Céu Claro";"Simples";"Reta";"Sim";4;0;3;0;1;0;3;2;-21,52780102;-42,62983734;"SPRF-MG";"DEL07-MG";"UOP01-DEL07-MG"
171245;2018-11-12;"segunda-feira";"13:55:00";"RS";116;194,9;"PICADA CAFE";"Falta de Atenção à Condução";"Colisão transversal";"Com Vítimas Feridas";"Pleno dia";"Decrescente";"Céu Claro";"Simples";"Interseção de Vias";"Sim";2;0;0;1;1;0;1;2;-29,44761395;-51,1373561;"SPRF-RS";"DEL05-RS";"UOP02-DEL05-RS"
171247;2018-11-12;"segunda-feira";"11:20:00";"BA";242;245,9;"ITABERABA";"Falta de Atenção à Condução";"Saída de leito carroçável";"Com Vítimas Feridas";"Pleno dia";"Decrescente";"Céu Claro";"Simples";"Curva";"Não";4;0;4;0;0;0;4;1;-12,51133023;-40,44136047;"SPRF-BA";"DEL06-BA";"UOP02-DEL06-BA"
171248;2018-11-12;"segunda-feira";"14:00:00";"RS";386;105,5;"SAO JOSE DAS MISSOES";"Ultrapassagem Indevida";"Saída de leito carroçável";"Com Vítimas Fatais";"Pleno dia";"Crescente";"Céu Claro";"Simples";"Reta";"Não";1;1;0;0;0;0;0;1;-27,779772;-53,064453;"SPRF-RS";"DEL08-RS";"UOP01-DEL08-RS"
171249;2018-11-12;"segunda-feira";"12:00:00";"SC";280;70,5;"JARAGUA DO SUL";"Falta de Atenção à Condução";"Colisão com objeto estático";"Com Vítimas Feridas";"Pleno dia";"Crescente";"Sol";"Simples";"Reta";"Sim";2;0;1;0;1;0;1;1;-26,46128552;-49,13532165;"SPRF-SC";"DEL03-SC";"UOP03-DEL03-SC"
171250;2018-11-04;"domingo";"14:20:00";"BA";101;181;"SAO GONCALO DOS CAMPOS";"Desobediência às normas de trânsito pelo condutor";"Tombamento";"Com Vítimas Feridas";"Pleno dia";"Crescente";"Ignorado";"Simples";"Aclive";"Não";1;0;1;0;0;0;1;1;-12,4345;-38,9154;"SPRF-BA";"DEL01-BA";"UOP03-DEL01-BA"
171251;2018-11-12;"segunda-feira";"13:15:00";"MA";135;12,5;"SAO LUIS";"Falta de Atenção à Condução";"Colisão traseira";"Sem Vítimas";"Pleno dia";"Crescente";"Céu Claro";"Dupla";"Reta";"Não";2;0;0;0;2;0;0;2;-2,672235;-44,291737;"SPRF-MA";"DEL01-MA";"UOP01-DEL01-MA"
171252;2018-11-12;"segunda-feira";"14:45:00";"RJ";393;193;"PARAIBA DO SUL";"Falta de Atenção à Condução";"Colisão traseira";"Com Vítimas Feridas";"Pleno dia";"Crescente";"Céu Claro";"Simples";"Reta";"Não";2;0;1;0;1;0;1;2;-22,20113367;-43,36578906;"SPRF-RJ";"DEL05-RJ";"UOP03-DEL05-RJ"
171255;2018-11-12;"segunda-feira";"15:00:00";"SP";116;288;"ITAPECERICA DA SERRA";"Falta de Atenção à Condução";"Colisão frontal";"Com Vítimas Feridas";"Pleno dia";"Crescente";"Céu Claro";"Simples";"Curva";"Sim";2;0;1;0;1;0;1;2;-23,70734056;-46,87532008;"SPRF-SP";"DEL04-SP";"UOP01-DEL04-SP"
171257;2018-11-12;"segunda-feira";"11:30:00";"RJ";116;60;"TERESOPOLIS";"Falta de Atenção à Condução";"Colisão com objeto estático";"Com Vítimas Feridas";"Pleno dia";"Crescente";"Céu Claro";"Simples";"Curva";"Não";1;0;0;1;0;0;1;1;-22,236357;-42,911083;"SPRF-RJ";"DEL04-RJ";"UOP01-DEL04-RJ"
171258;2018-11-12;"segunda-feira";"12:00:00";"SC";282;504,2;"XANXERE";"Falta de Atenção à Condução";"Colisão transversal";"Com Vítimas Feridas";"Pleno dia";"Crescente";"Sol";"Simples";"Reta";"Sim";2;0;1;0;1;0;1;2;-26,8847082;-52,41144776;"SPRF-SC";"DEL07-SC";"UOP01-DEL07-SC"
171259;2018-10-25;"quinta-feira";"08:35:00";"PB";230;12,5;"CABEDELO";"Não guardar distância de segurança";"Colisão lateral";"Com Vítimas Feridas";"Pleno dia";"Crescente";"Sol";"Dupla";"Reta";"Sim";2;0;1;0;1;0;1;2;-7,07325849;-34,8498128;"SPRF-PB";"DEL01-PB";"UOP01-DEL01-PB"
171260;2018-08-26;"domingo";"00:15:00";"MA";316;313,5;"OLHO DAGUA DAS CUNHAS";"Ultrapassagem Indevida";"Colisão frontal";"Com Vítimas Fatais";"Plena Noite";"Decrescente";"Céu Claro";"Simples";"Reta";"Não";4;1;0;3;0;0;3;2;-4,02071;-45,10976;"SPRF-MA";"DEL02-MA";"DEL18/2-UOP03/MA"
171261;2018-11-12;"segunda-feira";"14:36:00";"PE";232;9,2;"RECIFE";"Não guardar distância de segurança";"Colisão traseira";"Com Vítimas Feridas";"Pleno dia";"Decrescente";"Sol";"Dupla";"Reta";"Sim";5;0;1;0;4;0;1;4;-8,078252;-34,980982;"SPRF-PE";"DEL01-PE";"UOP01-DEL01-PE"
171262;2018-11-12;"segunda-feira";"15:30:00";"RS";290;88,2;"PORTO ALEGRE";"Defeito Mecânico no Veículo";"Colisão traseira";"Com Vítimas Feridas";"Pleno dia";"Crescente";"Céu Claro";"Dupla";"Reta";"Não";3;0;3;0;0;0;3;2;-29,9673837;-51,1402458;"SPRF-RS";"DEL01-RS";"UOP01-DEL01-RS"
171264;2018-11-12;"segunda-feira";"14:45:00";"PR";376;601;"CURITIBA";"Não guardar distância de segurança";"Colisão traseira";"Com Vítimas Feridas";"Pleno dia";"Crescente";"Céu Claro";"Dupla";"Reta";"Sim";2;0;1;0;1;0;1;2;-25,5298371;-49,32672132;"SPRF-PR";"DEL01-PR";"UOP06-DEL01-PR"
171265;2018-09-29;"sábado";"16:00:00";"SC";101;139;"BALNEARIO CAMBORIU";"Falta de Atenção à Condução";"Colisão traseira";"Com Vítimas Feridas";"Pleno dia";"Crescente";"Céu Claro";"Dupla";"Curva";"Sim";2;0;1;0;1;0;1;2;-27,032;-48,6051;"SPRF-SC";"DEL04-SC";"UOP03-DEL04-SC"
171268;2018-11-12;"segunda-feira";"12:50:00";"RN";405;78,2;"APODI";"Falta de Atenção à Condução";"Colisão traseira";"Com Vítimas Fatais";"Pleno dia";"Decrescente";"Céu Claro";"Simples";"Reta";"Não";2;1;0;0;0;1;0;2;-5,66790206;-37,7925396;"SPRF-RN";"DEL04-RN";"UOP02-DEL04-RN"
171271;2018-11-12;"segunda-feira";"14:45:00";"GO";60;227,6;"CEZARINA";"Defeito na Via";"Tombamento";"Com Vítimas Feridas";"Pleno dia";"Crescente";"Céu Claro";"Dupla";"Reta";"Não";2;0;1;0;1;0;1;1;-17,0331;-49,7777;"SPRF-GO";"DEL01-GO";"UOP02-DEL01-GO"
171273;2018-11-12;"segunda-feira";"16:30:00";"PR";376;110;"PARANAVAI";"Falta de Atenção à Condução";"Colisão traseira";"Com Vítimas Feridas";"Pleno dia";"Crescente";"Céu Claro";"Simples";"Reta";"Não";2;0;2;0;0;0;2;1;-23,0771978;-52,4107533;"SPRF-PR";"DEL07-PR";"UOP02-DEL09-PR"
171276;2018-11-12;"segunda-feira";"15:55:00";"MG";381;351;"JOAO MONLEVADE";"Defeito Mecânico no Veículo";"Colisão com objeto estático";"Sem Vítimas";"Pleno dia";"Crescente";"Céu Claro";"Simples";"Ponte";"Não";1;0;0;0;1;0;0;1;-19,84947469;-43,14428687;"SPRF-MG";"DEL03-MG";"UOP01-DEL03-MG"
171277;2018-11-12;"segunda-feira";"06:00:00";"BA";420;70,1;"SIMOES FILHO";"Falta de Atenção à Condução";"Colisão traseira";"Sem Vítimas";"Pleno dia";"Crescente";"Nublado";"Dupla";"Reta";"Não";2;0;0;0;2;0;0;2;-12,7965328;-38,4060883;"SPRF-BA";"DEL01-BA";"UOP01-DEL01-BA"
171278;2018-11-12;"segunda-feira";"12:30:00";"RO";435;70;"COLORADO DO OESTE";"Falta de Atenção à Condução";"Saída de leito carroçável";"Com Vítimas Feridas";"Pleno dia";"Decrescente";"Chuva";"Simples";"Curva";"Não";2;0;0;1;1;0;1;1;-13,100577;-60,402275;"SPRF-RO";"DEL04-RO";"UOP02-DEL04-RO"
171279;2018-11-12;"segunda-feira";"16:00:00";"CE";116;7,4;"FORTALEZA";"Falta de Atenção à Condução";"Colisão lateral";"Com Vítimas Feridas";"Pleno dia";"Decrescente";"Céu Claro";"Dupla";"Reta";"Sim";3;0;1;1;0;1;2;2;-3,82096474;-38,50287437;"SPRF-CE";"DEL01-CE";"UOP02-DEL01-CE"
171280;2018-11-12;"segunda-feira";"16:45:00";"RS";290;133,4;"ELDORADO DO SUL";"Desobediência às normas de trânsito pelo condutor";"Saída de leito carroçável";"Com Vítimas Feridas";"Pleno dia";"Crescente";"Céu Claro";"Simples";"Declive";"Não";1;0;1;0;0;0;1;1;-30,06463708;-51,5434742;"SPRF-RS";"DEL02-RS";"UOP01-DEL02-RS"
171281;2018-11-12;"segunda-feira";"14:35:00";"RO";364;710;"PORTO VELHO";"Desobediência às normas de trânsito pelo condutor";"Colisão transversal";"Com Vítimas Feridas";"Pleno dia";"Decrescente";"Céu Claro";"Dupla";"Reta";"Sim";2;0;1;0;1;0;1;2;-8,78365188;-63,86215125;"SPRF-RO";"DEL01-RO";"UOP01-DEL01-RO"
171285;2018-11-12;"segunda-feira";"18:30:00";"PR";369;137,1;"IBIPORA";"Falta de Atenção à Condução";"Colisão lateral";"Com Vítimas Feridas";"Pleno dia";"Crescente";"Céu Claro";"Simples";"Reta";"Sim";2;0;1;0;1;0;1;2;-23,27198187;-51,04078347;"SPRF-PR";"DEL07-PR";"UOP01-DEL07-PR"
171288;2018-11-12;"segunda-feira";"18:25:00";"PA";163;1002;"SANTAREM";"Desobediência às normas de trânsito pelo condutor";"Colisão transversal";"Com Vítimas Feridas";"Pleno dia";"Crescente";"Céu Claro";"Simples";"Reta";"Sim";3;0;3;0;0;0;3;2;-2,45137018;-54,7294879;"SPRF-PA";"DEL05-PA";"UOP01-DEL05-PA"
171289;2018-11-12;"segunda-feira";"18:45:00";"RN";101;97,4;"NATAL";"Falta de Atenção à Condução";"Queda de ocupante de veículo";"Com Vítimas Feridas";"Plena Noite";"Decrescente";"Céu Claro";"Dupla";"Reta";"Não";1;0;1;0;0;0;1;1;-5,86076;-35,21422;"SPRF-RN";"DEL01-RN";"UOP01-DEL01-RN"
171290;2018-11-12;"segunda-feira";"17:30:00";"PE";110;95,4;"SERTANIA";"Falta de Atenção à Condução";"Capotamento";"Sem Vítimas";"Anoitecer";"Decrescente";"Céu Claro";"Simples";"Curva";"Sim";1;0;0;0;1;0;0;1;-8,36425311;-37,27634096;"SPRF-PE";"DEL03-PE";"UOP02-DEL03-PE"
171291;2018-11-12;"segunda-feira";"19:00:00";"CE";222;81,2;"SAO LUIS DO CURU";"Velocidade Incompatível";"Colisão frontal";"Com Vítimas Fatais";"Plena Noite";"Decrescente";"Céu Claro";"Simples";"Curva";"Não";4;2;2;0;0;0;2;2;-3,676431;-39,275318;"SPRF-CE";"DEL04-CE";"UOP03-DEL04-CE"
171292;2018-11-12;"segunda-feira";"19:20:00";"RN";304;297,1;"MACAIBA";"Desobediência às normas de trânsito pelo condutor";"Colisão transversal";"Com Vítimas Feridas";"Plena Noite";"Crescente";"Céu Claro";"Simples";"Aclive";"Sim";2;0;1;0;1;0;1;2;-5,864849;-35,349312;"SPRF-RN";"DEL01-RN";"UOP02-DEL01-RN"
171293;2018-06-29;"sexta-feira";"18:30:00";"PR";116;100;"SAO JOSE DOS PINHAIS";"Falta de Atenção do Pedestre";"Atropelamento de Pedestre";"Com Vítimas Fatais";"Anoitecer";"Decrescente";"Céu Claro";"Dupla";"Reta";"Não";2;1;0;1;0;0;1;2;-25,541735;-49,15094;"SPRF-PR";"DEL01-PR";"UOP01-DEL01-PR"
171295;2018-11-12;"segunda-feira";"18:50:00";"AL";316;250;"PILAR";"Ingestão de álcool e/ou substâncias psicoativas pelo pedestre";"Atropelamento de Pedestre";"Com Vítimas Feridas";"Plena Noite";"Crescente";"Vento";"Simples";"Reta";"Sim";2;0;2;0;0;0;2;2;-9,58500866;-35,95833778;"SPRF-AL";"DEL01-AL";"UOP01-DEL01-AL"
171296;2018-11-12;"segunda-feira";"18:10:00";"PR";158;522;"PATO BRANCO";"Defeito na Via";"Queda de ocupante de veículo";"Com Vítimas Feridas";"Pleno dia";"Decrescente";"Céu Claro";"Simples";"Reta;Declive";"Não";1;0;1;0;0;0;1;1;-26,22590986;-52,68871307;"SPRF-PR";"DEL02-PR";"UOP01-DEL02-PR"
171297;2018-11-12;"segunda-feira";"18:00:00";"RS";290;77;"GRAVATAI";"Falta de Atenção à Condução";"Queda de ocupante de veículo";"Com Vítimas Feridas";"Pleno dia";"Decrescente";"Céu Claro";"Múltipla";"Reta";"Não";1;0;1;0;0;0;1;1;-29,955027;-51,027363;"SPRF-RS";"DEL01-RS";"UOP01-DEL01-RS"
171302;2018-11-12;"segunda-feira";"14:30:00";"MA";135;11;"SAO LUIS";"Falta de Atenção à Condução";"Colisão transversal";"Sem Vítimas";"Pleno dia";"Crescente";"Céu Claro";"Dupla";"Reta";"Sim";2;0;0;0;1;1;0;2;-2,664807;-44,286793;"SPRF-MA";"DEL01-MA";"UOP01-DEL01-MA"
171305;2018-11-13;"terça-feira";"08:30:00";"PE";232;383,5;"CALUMBI";"Falta de Atenção à Condução";"Colisão transversal";"Com Vítimas Fatais";"Pleno dia";"Crescente";"Céu Claro";"Simples";"Reta";"Não";2;1;0;0;1;0;0;2;-8,04155278;-38,0758667;"SPRF-PE";"DEL04-PE";"UOP01-DEL04-PE"
171306;2018-11-13;"terça-feira";"07:10:00";"PA";222;236;"MARABA";"Falta de Atenção à Condução";"Colisão transversal";"Com Vítimas Feridas";"Pleno dia";"Decrescente";"Céu Claro";"Simples";"Reta";"Sim";3;0;1;1;1;0;2;2;-5,285714;-49,07513;"SPRF-PA";"DEL03-PA";"UOP01-DEL03-PA"
171308;2018-11-13;"terça-feira";"06:00:00";"SE";235;34;"AREIA BRANCA";"Desobediência às normas de trânsito pelo condutor";"Colisão transversal";"Com Vítimas Feridas";"Pleno dia";"Crescente";"Céu Claro";"Simples";"Reta";"Sim";2;0;0;1;1;0;1;2;-10,7660908;-37,3241257;"SPRF-SE";"DEL01-SE";"UOP02-DEL01-SE"
171309;2018-11-13;"terça-feira";"07:50:00";"RN";101;98;"NATAL";"Falta de Atenção à Condução";"Colisão lateral";"Com Vítimas Feridas";"Pleno dia";"Decrescente";"Céu Claro";"Múltipla";"Declive";"Sim";2;0;1;0;1;0;1;2;-5,865723;-35,216537;"SPRF-RN";"DEL01-RN";"UOP01-DEL01-RN"
171311;2018-11-13;"terça-feira";"08:15:00";"PE";232;514;"SALGUEIRO";"Falta de Atenção à Condução";"Colisão transversal";"Com Vítimas Feridas";"Pleno dia";"Crescente";"Céu Claro";"Simples";"Reta";"Não";3;0;2;0;1;0;2;2;-8,067472;-39,138168;"SPRF-PE";"DEL05-PE";"UOP01-DEL05-PE"
171312;2018-11-13;"terça-feira";"11:40:00";"SC";101;204;"SAO JOSE";"Não guardar distância de segurança";"Colisão lateral";"Com Vítimas Feridas";"Pleno dia";"Crescente";"Céu Claro";"Múltipla";"Reta";"Sim";1;0;1;0;0;0;1;1;-27,5832;-48,6151;"SPRF-SC";"DEL01-SC";"UOP01-DEL01-SC"
171313;2018-11-13;"terça-feira";"10:50:00";"SC";101;156,9;"PORTO BELO";"Falta de Atenção à Condução";"Colisão com objeto estático";"Com Vítimas Feridas";"Pleno dia";"Decrescente";"Céu Claro";"Dupla";"Reta";"Sim";1;0;1;0;0;0;1;1;-27,1812;-48,612;"SPRF-SC";"DEL04-SC";"UOP03-DEL04-SC"
171314;2018-11-13;"terça-feira";"06:20:00";"PR";116;126;"FAZENDA RIO GRANDE";"Falta de Atenção à Condução";"Colisão lateral";"Com Vítimas Feridas";"Amanhecer";"Decrescente";"Céu Claro";"Dupla";"Reta";"Sim";3;0;2;0;1;0;2;2;-25,621508;-49,316216;"SPRF-PR";"DEL01-PR";"UOP03-DEL01-PR"
171316;2018-11-13;"terça-feira";"08:00:00";"SP";116;208;"GUARULHOS";"Falta de Atenção à Condução";"Colisão lateral";"Com Vítimas Feridas";"Pleno dia";"Crescente";"Sol";"Dupla";"Reta";"Sim";2;0;1;0;1;0;1;2;-23,42255435;-46,3950615;"SPRF-SP";"DEL01-SP";"UOP01-DEL01-SP"
171317;2018-11-13;"terça-feira";"07:40:00";"ES";101;267,5;"SERRA";"Desobediência às normas de trânsito pelo condutor";"Colisão lateral";"Com Vítimas Feridas";"Pleno dia";"Crescente";"Céu Claro";"Dupla";"Reta";"Sim";2;0;1;0;1;0;1;2;-20,20638724;-40,26943624;"SPRF-ES";"DEL02-ES";"UOP01-DEL02-ES"
171319;2018-11-13;"terça-feira";"08:45:00";"RS";116;497;"PELOTAS";"Defeito Mecânico no Veículo";"Incêndio";"Sem Vítimas";"Pleno dia";"Crescente";"Céu Claro";"Simples";"Curva";"Não";1;0;0;0;1;0;0;1;-31,56822477;-52,25913048;"SPRF-RS";"DEL07-RS";"UOP01-DEL07-RS"
171320;2018-11-13;"terça-feira";"08:45:00";"RS";158;199,1;"CRUZ ALTA";"Falta de Atenção à Condução";"Tombamento";"Com Vítimas Feridas";"Pleno dia";"Crescente";"Céu Claro";"Simples";"Aclive;Reta";"Não";2;0;0;1;1;0;1;1;-28,677444;-53,594856;"SPRF-RS";"DEL10-RS";"UOP02-DEL10-RS"
171321;2018-11-13;"terça-feira";"12:45:00";"ES";101;151,6;"LINHARES";"Objeto estático sobre o leito carroçável";"Queda de ocupante de veículo";"Com Vítimas Feridas";"Pleno dia";"Crescente";"Céu Claro";"Simples";"Reta";"Não";1;0;1;0;0;0;1;1;-19,41742329;-40,06830812;"SPRF-ES";"DEL04-ES";"UOP01-DEL04-ES"
171324;2018-11-13;"terça-feira";"07:30:00";"SC";101;133,6;"BALNEARIO CAMBORIU";"Não guardar distância de segurança";"Colisão traseira";"Com Vítimas Feridas";"Pleno dia";"Decrescente";"Céu Claro";"Dupla";"Reta";"Sim";2;0;1;0;1;0;1;2;-27,0021;-48,6362;"SPRF-SC";"DEL04-SC";"UOP03-DEL04-SC"
171327;2018-11-13;"terça-feira";"10:00:00";"MA";135;97,2;"ITAPECURU MIRIM";"Falta de Atenção à Condução";"Colisão traseira";"Sem Vítimas";"Pleno dia";"Decrescente";"Céu Claro";"Simples";"Reta";"Não";2;0;0;0;2;0;0;2;-3,34265592;-44,45536137;"SPRF-MA";"DEL01-MA";"UOP02-DEL01-MA"
171328;2018-11-13;"terça-feira";"11:30:00";"SP";381;7,9;"VARGEM";"Falta de Atenção à Condução";"Colisão lateral";"Com Vítimas Feridas";"Pleno dia";"Crescente";"Céu Claro";"Dupla";"Reta";"Não";2;0;1;0;1;0;1;1;-22,913957;-46,427018;"SPRF-SP";"DEL03-SP";"UOP02-DEL03-SP"
171330;2018-11-13;"terça-feira";"08:20:00";"GO";153;501;"GOIANIA";"Desobediência às normas de trânsito pelo condutor";"Colisão lateral";"Com Vítimas Feridas";"Pleno dia";"Crescente";"Céu Claro";"Dupla";"Reta";"Sim";2;0;1;0;1;0;1;2;-16,7189;-49,2382;"SPRF-GO";"DEL01-GO";"UOP01-DEL01-GO"
171331;2018-11-13;"terça-feira";"08:35:00";"PR";476;122;"COLOMBO";"Falta de Atenção à Condução";"Colisão lateral";"Com Vítimas Feridas";"Pleno dia";"Crescente";"Céu Claro";"Dupla";"Reta";"Sim";2;0;1;0;1;0;1;2;-25,385775;-49,203377;"SPRF-PR";"DEL01-PR";"UOP01-DEL01-PR"
171332;2018-11-13;"terça-feira";"13:30:00";"PE";101;67;"RECIFE";"Falta de Atenção à Condução";"Engavetamento";"Sem Vítimas";"Pleno dia";"Crescente";"Céu Claro";"Dupla";"Reta";"Sim";3;0;0;0;3;0;0;3;-8,0507;-34,9457;"SPRF-PE";"DEL01-PE";"UOP01-DEL01-PE"
171334;2018-11-13;"terça-feira";"07:20:00";"SP";116;216,8;"GUARULHOS";"Não guardar distância de segurança";"Colisão lateral";"Com Vítimas Feridas";"Pleno dia";"Crescente";"Céu Claro";"Múltipla";"Reta";"Sim";2;0;1;0;1;0;1;2;-23,45244951;-46,46808112;"SPRF-SP";"DEL01-SP";"UOP01-DEL01-SP"
171335;2018-11-13;"terça-feira";"11:00:00";"GO";60;34;"GOIANIA";"Mal Súbito";"Colisão transversal";"Sem Vítimas";"Pleno dia";"Decrescente";"Sol";"Dupla";"Viaduto";"Sim";2;0;0;0;2;0;0;2;-16,71081858;-49,35813367;"SPRF-GO";"DEL01-GO";"UOP02-DEL01-GO"
171338;2018-11-13;"terça-feira";"13:50:00";"SC";101;138,5;"BALNEARIO CAMBORIU";"Velocidade Incompatível";"Colisão traseira";"Com Vítimas Feridas";"Pleno dia";"Decrescente";"Céu Claro";"Dupla";"Reta";"Sim";3;0;2;0;1;0;2;2;-27,032;-48,6051;"SPRF-SC";"DEL04-SC";"UOP03-DEL04-SC"
171339;2018-11-13;"terça-feira";"10:30:00";"SP";116;219;"GUARULHOS";"Falta de Atenção à Condução";"Colisão lateral";"Com Vítimas Feridas";"Pleno dia";"Crescente";"Céu Claro";"Múltipla";"Reta";"Sim";3;0;1;0;2;0;1;2;-23,46469306;-46,49891663;"SPRF-SP";"DEL01-SP";"UOP01-DEL01-SP"
171340;2018-11-13;"terça-feira";"13:25:00";"AL";101;138;"SAO MIGUEL DOS CAMPOS";"Falta de Atenção à Condução";"Colisão transversal";"Sem Vítimas";"Pleno dia";"Crescente";"Céu Claro";"Simples";"Reta";"Não";2;0;0;0;2;0;0;2;-9,809752;-36,11702;"SPRF-AL";"DEL02-AL";"UOP01-DEL02-AL"
171342;2018-11-13;"terça-feira";"14:40:00";"SC";101;151,8;"ITAPEMA";"Falta de Atenção à Condução";"Colisão transversal";"Com Vítimas Feridas";"Pleno dia";"Decrescente";"Céu Claro";"Simples";"Reta";"Sim";2;0;1;0;1;0;1;2;-27,1358;-48,6099;"SPRF-SC";"DEL04-SC";"UOP03-DEL04-SC"