"id";"data_inversa";"dia_semana";"horario";"uf";"br";"km";"municipio";"causa_acidente";"tipo_acidente";"classificacao_acidente";"fase_dia";"sentido_via";"condicao_metereologica";"tipo_pista";"tracado_via";"uso_solo";"pessoas";"mortos";"feridos_leves";"feridos_graves";"ilesos";"ignorados";"feridos";"veiculos";"latitude";"longitude";"regional";"delegacia";"uop"
171345;2018-11-13;"terça-feira";"08:30:00";"BA";101;884;"TEIXEIRA DE FREITAS";"Falta de Atenção à Condução";"Capotamento";"Com Vítimas Feridas";"Pleno dia";"Decrescente";"Sol";"Simples";"Reta";"Não";4;0;3;0;1;0;3;1;-17,5933;-39,7474;"SPRF-BA";"DEL09-BA";"UOP02-DEL09-BA"
171346;2018-11-13;"terça-feira";"14:45:00";"GO";153;511,2;"APARECIDA DE GOIANIA";"Restrição de Visibilidade";"Colisão transversal";"Com Vítimas Feridas";"Pleno dia";"Crescente";"Céu Claro";"Simples";"Reta";"Sim";2;0;1;0;1;0;1;2;-16,7992;-49,239014;"SPRF-GO";"DEL01-GO";"UOP03-DEL01-GO"
171347;2018-11-13;"terça-feira";"13:40:00";"SP";116;226;"GUARULHOS";"Defeito Mecânico no Veículo";"Tombamento";"Com Vítimas Feridas";"Pleno dia";"Decrescente";"Sol";"Múltipla";"Reta";"Sim";1;0;1;0;0;0;1;1;-23,49809129;-46,55860115;"SPRF-SP";"DEL01-SP";"UOP01-DEL01-SP"
171349;2018-11-13;"terça-feira";"15:10:00";"SC";101;139;"BALNEARIO CAMBORIU";"Não guardar distância de segurança";"Colisão traseira";"Com Vítimas Feridas";"Pleno dia";"Decrescente";"Céu Claro";"Dupla";"Reta";"Sim";3;0;1;0;2;0;1;2;-27,0386;-48,6028;"SPRF-SC";"DEL04-SC";"UOP03-DEL04-SC"
171350;2018-11-13;"terça-feira";"14:00:00";"SC";282;1,8;"FLORIANOPOLIS";"Ingestão de Álcool";"Colisão traseira";"Com Vítimas Feridas";"Pleno dia";"Decrescente";"Sol";"Dupla";"Reta";"Sim";3;0;1;0;2;0;1;3;-27,60182975;-48,57896067;"SPRF-SC";"DEL01-SC";"UOP01-DEL01-SC"
171351;2018-11-13;"terça-feira";"12:08:00";"BA";242;249,8;"BOA VISTA DO TUPIM";"Desobediência às normas de trânsito pelo condutor";"Colisão traseira";"Sem Vítimas";"Pleno dia";"Crescente";"Nublado";"Simples";"Interseção de Vias";"Não";2;0;0;0;2;0;0;2;-12,50965438;-40,48015594;"SPRF-BA";"DEL06-BA";"UOP02-DEL06-BA"
171353;2018-11-13;"terça-feira";"14:20:00";"PI";316;10,9;"TERESINA";"Desobediência às normas de trânsito pelo condutor";"Colisão transversal";"Com Vítimas Feridas";"Pleno dia";"Crescente";"Sol";"Múltipla";"Reta";"Sim";2;0;1;0;1;0;1;2;-5,182895;-42,763474;"SPRF-PI";"DEL01-PI";"UOP02-DEL01-PI"
171354;2018-11-13;"terça-feira";"09:30:00";"GO";40;155;"CRISTALINA";"Ultrapassagem Indevida";"Capotamento";"Com Vítimas Feridas";"Pleno dia";"Decrescente";"Céu Claro";"Simples";"Reta";"Não";2;0;1;0;1;0;1;1;-17,029805;-47,175895;"SPRF-DF";"DEL01-DF";"UOP02-DEL01-DF"
171355;2018-11-13;"terça-feira";"11:30:00";"MG";365;186;"BURITIZEIRO";"Defeito na Via";"Capotamento";"Com Vítimas Feridas";"Pleno dia";"Crescente";"Chuva";"Simples";"Curva";"Não";3;0;0;2;1;0;2;1;-17,42009776;-45,13964653;"SPRF-MG";"DEL12-MG";"UOP01-DEL12-MG"
171356;2018-11-13;"terça-feira";"08:10:00";"PB";230;36;"SANTA RITA";"Velocidade Incompatível";"Engavetamento";"Com Vítimas Feridas";"Pleno dia";"Decrescente";"Sol";"Múltipla";"Declive";"Sim";10;0;1;4;5;0;5;3;-7;-34,950935;"SPRF-PB";"DEL01-PB";"UOP01-DEL01-PB"
171358;2018-11-13;"terça-feira";"12:30:00";"GO";40;5;"VALPARAISO DE GOIAS";"Falta de Atenção à Condução";"Colisão transversal";"Com Vítimas Feridas";"Pleno dia";"Crescente";"Céu Claro";"Dupla";"Reta";"Sim";2;0;1;0;1;0;1;2;-16,093134;-47,982236;"SPRF-DF";"DEL01-DF";"UOP01-DEL01-DF"
171360;2018-11-13;"terça-feira";"16:30:00";"DF";20;12;"BRASILIA";"Falta de Atenção à Condução";"Colisão transversal";"Com Vítimas Feridas";"Pleno dia";"Decrescente";"Céu Claro";"Dupla";"Reta";"Sim";3;0;1;0;2;0;1;3;-15,642812;-47,757786;"SPRF-DF";"DEL02-DF";"UOP01-DEL02-DF"
171361;2018-11-13;"terça-feira";"16:03:00";"GO";153;501,2;"GOIANIA";"Não guardar distância de segurança";"Colisão traseira";"Com Vítimas Feridas";"Pleno dia";"Crescente";"Sol";"Dupla";"Reta";"Sim";5;0;2;0;2;1;2;3;-16,7189;-49,2382;"SPRF-GO";"DEL01-GO";"UOP01-DEL01-GO"
171362;2018-11-09;"sexta-feira";"20:35:00";"PR";163;275;"QUATRO PONTES";"Defeito na Via";"Capotamento";"Com Vítimas Feridas";"Plena Noite";"Decrescente";"Céu Claro";"Simples";"Reta";"Não";2;0;1;0;1;0;1;1;-24,570885;-53,9981068;"SPRF-PR";"DEL04-PR";"UOP01-DEL04-PR"
171363;2018-11-13;"terça-feira";"13:00:00";"GO";60;34;"ALEXANIA";"Não guardar distância de segurança";"Colisão traseira";"Com Vítimas Feridas";"Pleno dia";"Decrescente";"Céu Claro";"Dupla";"Retorno Regulamentado";"Sim";2;0;1;0;1;0;1;2;-16,0963;-48,5202;"SPRF-DF";"DEL01-DF";"UOP01-DEL03-DF"
171366;2018-11-13;"terça-feira";"16:10:00";"ES";101;68,3;"SAO MATEUS";"Falta de Atenção à Condução";"Colisão traseira";"Com Vítimas Feridas";"Pleno dia";"Decrescente";"Sol";"Simples";"Rotatória";"Sim";2;0;1;0;1;0;1;2;-18,720545;-39,865883;"SPRF-ES";"DEL04-ES";"UOP02-DEL04-ES"
171367;2018-11-13;"terça-feira";"17:00:00";"RS";392;626,5;"SETE DE SETEMBRO";"Falta de Atenção à Condução";"Tombamento";"Com Vítimas Feridas";"Pleno dia";"Crescente";"Céu Claro";"Simples";"Curva";"Não";3;0;2;0;0;1;2;1;-28,18067825;-54,38661575;"SPRF-RS";"DEL10-RS";"UOP01-DEL10-RS"
171368;2018-11-13;"terça-feira";"16:10:00";"MG";365;623;"UBERLANDIA";"Falta de Atenção à Condução";"Tombamento";"Com Vítimas Feridas";"Pleno dia";"Crescente";"Nublado";"Dupla";"Interseção de Vias";"Sim";1;0;1;0;0;0;1;1;-18,88549798;-48,26611519;"SPRF-MG";"DEL15-MG";"UOP01-DEL15-MG"
171369;2018-11-13;"terça-feira";"10:20:00";"PR";376;175,7;"MARINGA";"Falta de Atenção do Pedestre";"Atropelamento de Pedestre";"Com Vítimas Feridas";"Pleno dia";"Crescente";"Céu Claro";"Dupla";"Reta";"Sim";2;0;0;1;1;0;1;2;-23,41241386;-51,94349885;"SPRF-PR";"DEL07-PR";"UOP01-DEL09-PR"
171370;2018-11-05;"segunda-feira";"07:45:00";"SC";101;327,7;"CAPIVARI DE BAIXO";"Falta de Atenção à Condução";"Colisão lateral";"Com Vítimas Feridas";"Pleno dia";"Crescente";"Céu Claro";"Dupla";"Reta;Aclive";"Sim";3;0;1;1;0;1;2;2;-28,44261947;-48,96501303;"SPRF-SC";"DEL02-SC";"UOP01-DEL02-SC"
171373;2018-11-13;"terça-feira";"16:05:00";"PB";230;462,8;"SOUSA";"Falta de Atenção à Condução";"Colisão lateral";"Com Vítimas Feridas";"Pleno dia";"Crescente";"Céu Claro";"Simples";"Reta";"Sim";3;0;1;0;2;0;1;2;-6,7768;-38,215;"SPRF-PB";"DEL03-PB";"UOP03-DEL03-PB"
171374;2018-11-12;"segunda-feira";"18:00:00";"PA";230;124;"MARABA";"Desobediência às normas de trânsito pelo condutor";"Colisão lateral";"Sem Vítimas";"Anoitecer";"Decrescente";"Garoa/Chuvisco";"Simples";"Reta";"Sim";3;0;0;0;3;0;0;3;-5,374071;-49,135757;"SPRF-PA";"DEL03-PA";"UOP01-DEL03-PA"
171375;2018-11-09;"sexta-feira";"21:45:00";"PR";369;155,1;"LONDRINA";"Desobediência às normas de trânsito pelo condutor";"Colisão com objeto estático";"Sem Vítimas";"Plena Noite";"Decrescente";"Céu Claro";"Dupla";"Reta";"Sim";1;0;0;0;0;1;0;1;-23,294961;-51,210173;"SPRF-PR";"DEL07-PR";"UOP01-DEL07-PR"
171376;2018-11-13;"terça-feira";"17:10:00";"RJ";101;319,5;"SAO GONCALO";"Falta de Atenção à Condução";"Colisão lateral";"Com Vítimas Feridas";"Pleno dia";"Decrescente";"Nublado";"Dupla";"Reta";"Sim";2;0;1;0;1;0;1;2;-22,854151;-43,101822;"SPRF-RJ";"DEL02-RJ";"UOP02-DEL02-RJ"
171379;2018-11-13;"terça-feira";"17:20:00";"PR";476;140;"CURITIBA";"Falta de Atenção à Condução";"Colisão traseira";"Sem Vítimas";"Pleno dia";"Crescente";"Sol";"Múltipla";"Reta";"Sim";2;0;0;0;2;0;0;2;-25,51676666;-49,29191697;"SPRF-PR";"DEL01-PR";"UOP07-DEL01-PR"
171381;2018-11-12;"segunda-feira";"22:10:00";"ES";262;30,1;"DOMINGOS MARTINS";"Velocidade Incompatível";"Capotamento";"Com Vítimas Feridas";"Plena Noite";"Decrescente";"Céu Claro";"Simples";"Curva";"Não";5;0;5;0;0;0;5;1;-20,3737;-40,5624;"SPRF-ES";"DEL01-ES";"UOP01-DEL01-ES"
171383;2018-11-13;"terça-feira";"16:40:00";"RJ";116;265;"BARRA MANSA";"Defeito Mecânico no Veículo";"Colisão traseira";"Com Vítimas Feridas";"Pleno dia";"Crescente";"Céu Claro";"Dupla";"Curva";"Sim";2;0;0;1;0;1;1;2;-22,560883;-44,122238;"SPRF-RJ";"DEL07-RJ";"UOP02-DEL07-RJ"
171384;2018-11-13;"terça-feira";"17:43:00";"PB";230;458,9;"SOUSA";"Falta de Atenção à Condução";"Colisão transversal";"Com Vítimas Feridas";"Anoitecer";"Crescente";"Céu Claro";"Simples";"Reta";"Sim";4;0;1;0;3;0;1;2;-6,7774;-38,1808;"SPRF-PB";"DEL03-PB";"UOP03-DEL03-PB"
171385;2018-11-13;"terça-feira";"17:59:00";"PI";343;3;"TERESINA";"Não guardar distância de segurança";"Colisão traseira";"Com Vítimas Feridas";"Pleno dia";"Decrescente";"Céu Claro";"Dupla";"Reta";"Não";3;0;1;0;2;0;1;2;-5,07906066;-42,79586792;"SPRF-PI";"DEL01-PI";"UOP01-DEL01-PI"
171386;2018-11-13;"terça-feira";"18:00:00";"RN";406;168;"SAO GONCALO DO AMARANTE";"Falta de Atenção à Condução";"Colisão lateral";"Com Vítimas Feridas";"Plena Noite";"Decrescente";"Céu Claro";"Dupla";"Reta";"Sim";3;0;1;1;1;0;2;2;-5,75082925;-35,31922151;"SPRF-RN";"DEL02-RN";"UOP01-DEL02-RN"
171387;2018-11-13;"terça-feira";"09:50:00";"RJ";40;121;"DUQUE DE CAXIAS";"Falta de Atenção à Condução";"Colisão lateral";"Com Vítimas Feridas";"Pleno dia";"Crescente";"Céu Claro";"Múltipla";"Reta";"Sim";2;0;1;0;1;0;1;2;-22,7884;-43,2853;"SPRF-RJ";"DEL01-RJ";"UOP01-DEL01-RJ"
171388;2018-11-13;"terça-feira";"17:30:00";"CE";116;13,2;"FORTALEZA";"Não guardar distância de segurança";"Colisão lateral";"Com Vítimas Feridas";"Anoitecer";"Crescente";"Céu Claro";"Múltipla";"Interseção de Vias";"Sim";3;0;0;1;1;1;1;3;-3,8732;-38,499;"SPRF-CE";"DEL01-CE";"UOP02-DEL01-CE"
171389;2018-11-13;"terça-feira";"18:00:00";"PE";101;74,7;"RECIFE";"Falta de Atenção do Pedestre";"Atropelamento de Pedestre";"Com Vítimas Feridas";"Plena Noite";"Crescente";"Céu Claro";"Dupla";"Reta;Em Obras";"Sim";2;0;1;1;0;0;2;2;-8,109285;-34,947128;"SPRF-PE";"DEL01-PE";"UOP01-DEL01-PE"
171390;2018-11-13;"terça-feira";"18:50:00";"PR";476;117;"COLOMBO";"Falta de Atenção à Condução";"Colisão lateral";"Com Vítimas Feridas";"Pleno dia";"Crescente";"Céu Claro";"Dupla";"Reta";"Sim";2;0;1;0;1;0;1;2;-25,3510665;-49,17788377;"SPRF-PR";"DEL01-PR";"UOP01-DEL01-PR"
171391;2018-11-13;"terça-feira";"18:48:00";"SC";101;354;"JAGUARUNA";"Ultrapassagem Indevida";"Colisão lateral";"Sem Vítimas";"Pleno dia";"Crescente";"Céu Claro";"Dupla";"Reta";"Não";2;0;0;0;2;0;0;2;-28,6209;-49,074;"SPRF-SC";"DEL02-SC";"UOP01-DEL02-SC"
171392;2018-11-13;"terça-feira";"18:00:00";"RS";290;97;"PORTO ALEGRE";"Pista Escorregadia";"Colisão traseira";"Com Vítimas Feridas";"Pleno dia";"Crescente";"Céu Claro";"Simples";"Viaduto";"Sim";2;0;1;0;1;0;1;2;-29,99736018;-51,20625079;"SPRF-RS";"DEL01-RS";"UOP01-DEL01-RS"
171395;2018-11-13;"terça-feira";"12:30:00";"AP";156;227,6;"MACAPA";"Avarias e/ou desgaste excessivo no pneu";"Capotamento";"Com Vítimas Feridas";"Pleno dia";"Decrescente";"Céu Claro";"Simples";"Reta";"Não";3;0;0;2;1;0;2;1;0,20283;-51,116314;"SPRF-AP";"DEL01-AP";"UOP01-DEL01-AP"
171396;2018-11-13;"terça-feira";"17:45:00";"PB";230;18;"JOAO PESSOA";"Falta de Atenção à Condução";"Colisão traseira";"Com Vítimas Feridas";"Anoitecer";"Decrescente";"Céu Claro";"Dupla";"Reta";"Sim";3;0;1;1;1;0;2;2;-7,1291873;-34,84978974;"SPRF-PB";"DEL01-PB";"UOP01-DEL01-PB"
171399;2018-11-13;"terça-feira";"20:15:00";"MG";40;764,6;"JUIZ DE FORA";"Falta de Atenção à Condução";"Queda de ocupante de veículo";"Com Vítimas Feridas";"Plena Noite";"Decrescente";"Céu Claro";"Dupla";"Curva";"Não";1;0;1;0;0;0;1;1;-21,5815;-43,4664;"SPRF-MG";"DEL05-MG";"UOP01-DEL05-MG"
171400;2018-11-13;"terça-feira";"19:00:00";"PE";101;73,4;"RECIFE";"Desobediência às normas de trânsito pelo condutor";"Colisão transversal";"Com Vítimas Feridas";"Plena Noite";"Crescente";"Céu Claro";"Simples";"Reta";"Sim";2;0;0;1;1;0;1;2;-8,1027;-34,9483;"SPRF-PE";"DEL01-PE";"UOP01-DEL01-PE"
171401;2018-11-13;"terça-feira";"19:05:00";"RJ";101;309;"SAO GONCALO";"Falta de Atenção à Condução";"Colisão traseira";"Com Vítimas Feridas";"Anoitecer";"Decrescente";"Céu Claro";"Dupla";"Reta";"Não";2;0;1;0;1;0;1;2;-22,794992;-43,034481;"SPRF-RJ";"DEL02-RJ";"DEL5/2-UOP04/RJ"
171404;2018-11-13;"terça-feira";"12:45:00";"RS";392;4,1;"RIO GRANDE";"Não guardar distância de segurança";"Engavetamento";"Sem Vítimas";"Pleno dia";"Decrescente";"Nublado";"Simples";"Reta";"Não";3;0;0;0;3;0;0;3;-32,07221096;-52,09783316;"SPRF-RS";"DEL07-RS";"UOP02-DEL07-RS"
171405;2018-11-13;"terça-feira";"18:30:00";"BA";415;54,3;"ITABUNA";"Agressão Externa";"Tombamento";"Com Vítimas Feridas";"Plena Noite";"Decrescente";"Nublado";"Simples";"Reta";"Sim";4;0;1;0;3;0;1;1;-14,84892012;-39,34863925;"SPRF-BA";"DEL05-BA";"UOP01-DEL05-BA"
171406;2018-11-13;"terça-feira";"18:02:00";"SC";101;339;"TUBARAO";"Falta de Atenção do Pedestre";"Saída de leito carroçável";"Com Vítimas Feridas";"Pleno dia";"Decrescente";"Céu Claro";"Simples";"Aclive;Reta";"Não";1;0;1;0;0;0;1;1;-28,5026;-49,0474;"SPRF-SC";"DEL02-SC";"UOP01-DEL02-SC"
171407;2018-11-13;"terça-feira";"19:15:00";"RO";364;238,9;"CACOAL";"Desobediência às normas de trânsito pelo condutor";"Colisão transversal";"Com Vítimas Feridas";"Plena Noite";"Crescente";"Nublado";"Simples";"Retorno Regulamentado";"Sim";2;0;0;1;1;0;1;2;-11,433671;-61,463625;"SPRF-RO";"DEL02-RO";"UOP02-DEL02-RO"
171408;2018-11-13;"terça-feira";"17:00:00";"RO";364;15;"VILHENA";"Falta de Atenção à Condução";"Colisão transversal";"Com Vítimas Feridas";"Anoitecer";"Decrescente";"Ignorado";"Simples";"Rotatória";"Sim";2;0;1;0;0;1;1;2;-12,73939578;-60,13980389;"SPRF-RO";"DEL04-RO";"UOP01-DEL04-RO"
171409;2018-11-13;"terça-feira";"21:00:00";"ES";101;286,9;"CARIACICA";"Falta de Atenção à Condução";"Queda de ocupante de veículo";"Com Vítimas Feridas";"Plena Noite";"Decrescente";"Chuva";"Dupla";"Reta";"Sim";2;0;1;1;0;0;2;1;-20,26476584;-40,38437426;"SPRF-ES";"DEL01-ES";"UOP01-DEL01-ES"
171412;2018-11-13;"terça-feira";"17:30:00";"SC";101;208,6;"SAO JOSE";"Desobediência às normas de trânsito pelo condutor";"Colisão lateral";"Com Vítimas Feridas";"Pleno dia";"Decrescente";"Céu Claro";"Múltipla";"Reta";"Sim";2;0;1;0;1;0;1;2;-27,60651699;-48,63496;"SPRF-SC";"DEL01-SC";"UOP01-DEL01-SC"
171415;2018-11-13;"terça-feira";"19:40:00";"SE";101;39;"CAPELA";"Falta de Atenção à Condução";"Colisão traseira";"Sem Vítimas";"Plena Noite";"Crescente";"Céu Claro";"Dupla";"Reta";"Não";1;0;0;0;0;1;0;1;-10,51606241;-36,94896156;"SPRF-SE";"DEL02-SE";"UOP02-DEL02-SE"
171416;2018-11-13;"terça-feira";"07:00:00";"RS";158;282,7;"JULIO DE CASTILHOS";"Falta de Atenção à Condução";"Colisão frontal";"Com Vítimas Feridas";"Amanhecer";"Crescente";"Céu Claro";"Simples";"Reta";"Não";3;0;1;1;0;1;2;3;-29,397562;-53,668846;"SPRF-RS";"DEL09-RS";"UOP01-DEL09-RS"
171417;2018-11-13;"terça-feira";"13:15:00";"RO";364;346,2;"JI-PARANA";"Falta de Atenção à Condução";"Colisão transversal";"Com Vítimas Feridas";"Pleno dia";"Crescente";"Céu Claro";"Simples";"Reta";"Sim";2;0;1;0;1;0;1;2;-10,865874;-61,968647;"SPRF-RO";"DEL02-RO";"UOP01-DEL02-RO"
171419;2018-11-13;"terça-feira";"22:30:00";"PR";376;12,8;"MARINGA";"Ingestão de Álcool";"Atropelamento de Pedestre";"Com Vítimas Feridas";"Plena Noite";"Crescente";"Céu Claro";"Dupla";"Reta;Aclive";"Sim";2;0;2;0;0;0;2;2;-23,39488768;-51,8874836;"SPRF-PR";"DEL07-PR";"UOP01-DEL09-PR"
171420;2018-11-13;"terça-feira";"22:15:00";"RS";470;228,2;"GARIBALDI";"Falta de Atenção à Condução";"Saída de leito carroçável";"Com Vítimas Feridas";"Plena Noite";"Decrescente";"Ignorado";"Simples";"Reta";"Não";1;0;1;0;0;0;1;1;-29,26332061;-51,50399208;"SPRF-RS";"DEL06-RS";"UOP01-DEL06-RS"
171421;2018-11-13;"terça-feira";"21:00:00";"PE";428;191,9;"PETROLINA";"Desobediência às normas de trânsito pelo condutor";"Colisão transversal";"Com Vítimas Feridas";"Plena Noite";"Crescente";"Céu Claro";"Dupla";"Reta";"Sim";2;0;1;0;1;0;1;2;-9,38585277;-40,52285671;"SPRF-PE";"DEL06-PE";"UOP01-DEL06-PE"
171425;2018-11-13;"terça-feira";"17:40:00";"RO";364;486;"ARIQUEMES";"Ultrapassagem Indevida";"Colisão frontal";"Com Vítimas Feridas";"Amanhecer";"Crescente";"Nublado";"Simples";"Reta";"Não";3;0;3;0;0;0;3;2;-10,115676;-62,912666;"SPRF-RO";"DEL03-RO";"UOP01-DEL03-RO"
171426;2018-11-13;"terça-feira";"21:25:00";"SP";116;111;"TAUBATE";"Falta de Atenção à Condução";"Tombamento";"Com Vítimas Feridas";"Plena Noite";"Crescente";"Nublado";"Dupla";"Reta";"Sim";1;0;1;0;0;0;1;1;-23,038872;-45,560974;"SPRF-SP";"DEL06-SP";"UOP02-DEL02-SP"
171427;2018-11-13;"terça-feira";"12:55:00";"BA";415;48,3;"ITABUNA";"Falta de Atenção à Condução";"Colisão lateral";"Com Vítimas Feridas";"Pleno dia";"Crescente";"Nublado";"Simples";"Reta";"Sim";3;0;1;0;2;0;1;2;-14,814651;-39,296741;"SPRF-BA";"DEL05-BA";"UOP01-DEL05-BA"
171429;2018-11-13;"terça-feira";"21:00:00";"BA";415;49,2;"ITABUNA";"Velocidade Incompatível";"Colisão com objeto estático";"Com Vítimas Feridas";"Plena Noite";"Crescente";"Nublado";"Simples";"Interseção de Vias";"Sim";3;0;3;0;0;0;3;1;-14,82304406;-39,31072354;"SPRF-BA";"DEL05-BA";"UOP01-DEL05-BA"
171432;2018-11-14;"quarta-feira";"01:25:00";"GO";70;9;"AGUAS LINDAS DE GOIAS";"Velocidade Incompatível";"Capotamento";"Sem Vítimas";"Plena Noite";"Crescente";"Céu Claro";"Dupla";"Reta";"Sim";1;0;0;0;0;1;0;1;-15,7359;-48,2829;"SPRF-DF";"DEL01-DF";"UOP02-DEL03-DF"
171433;2018-11-14;"quarta-feira";"00:20:00";"ES";101;287,1;"CARIACICA";"Velocidade Incompatível";"Saída de leito carroçável";"Com Vítimas Feridas";"Plena Noite";"Crescente";"Chuva";"Simples";"Curva";"Sim";3;0;0;2;0;1;2;2;-20,26635203;-40,38705647;"SPRF-ES";"DEL01-ES";"UOP01-DEL01-ES"
171434;2018-11-14;"quarta-feira";"00:30:00";"SC";101;163;"TIJUCAS";"Desobediência às normas de trânsito pelo condutor";"Saída de leito carroçável";"Com Vítimas Feridas";"Plena Noite";"Decrescente";"Céu Claro";"Simples";"Interseção de Vias";"Não";2;0;2;0;0;0;2;1;-27,2414;-48,6306;"SPRF-SC";"DEL04-SC";"UOP03-DEL04-SC"
171439;2018-09-22;"sábado";"11:40:00";"PR";467;91;"CASCAVEL";"Falta de Atenção à Condução";"Colisão lateral";"Com Vítimas Feridas";"Pleno dia";"Crescente";"Céu Claro";"Dupla";"Curva";"Não";2;0;1;0;1;0;1;2;-24,84679972;-53,60429615;"SPRF-PR";"DEL04-PR";"UOP01-DEL04-PR"
171440;2018-11-14;"quarta-feira";"01:00:00";"SE";235;6;"NOSSA SENHORA DO SOCORRO";"Ingestão de Álcool";"Colisão com objeto estático";"Com Vítimas Feridas";"Plena Noite";"Decrescente";"Nublado";"Dupla";"Curva";"Sim";1;0;0;1;0;0;1;1;-10,90425795;-37,13172376;"SPRF-SE";"DEL01-SE";"UOP01-DEL01-SE"
171444;2018-11-13;"terça-feira";"08:40:00";"RS";158;332,5;"SANTA MARIA";"Falta de Atenção à Condução";"Saída de leito carroçável";"Com Vítimas Feridas";"Pleno dia";"Decrescente";"Vento";"Dupla";"Reta";"Sim";1;0;0;1;0;0;1;1;-29,707563;-53,854141;"SPRF-RS";"DEL09-RS";"UOP01-DEL09-RS"
171445;2018-11-14;"quarta-feira";"04:15:00";"RN";304;306;"PARNAMIRIM";"Agressão Externa";"Capotamento";"Com Vítimas Fatais";"Amanhecer";"Decrescente";"Sol";"Simples";"Reta";"Sim";2;1;1;0;0;0;1;1;-5,88871628;-35,26839316;"SPRF-RN";"DEL01-RN";"UOP02-DEL01-RN"
171446;2018-11-14;"quarta-feira";"03:40:00";"RJ";116;168,1;"SAO JOAO DE MERITI";"Ingestão de Álcool";"Colisão traseira";"Sem Vítimas";"Plena Noite";"Crescente";"Céu Claro";"Múltipla";"Reta";"Sim";2;0;0;0;2;0;0;2;-22,7954757;-43,36175532;"SPRF-RJ";"DEL01-RJ";"UOP02-DEL01-RJ"
171448;2018-11-14;"quarta-feira";"06:20:00";"MG";381;333;"NOVA ERA";"Velocidade Incompatível";"Saída de leito carroçável";"Com Vítimas Feridas";"Pleno dia";"Decrescente";"Chuva";"Dupla";"Curva";"Não";2;0;1;0;1;0;1;1;-19,78198917;-43,04355919;"SPRF-MG";"DEL03-MG";"UOP01-DEL03-MG"
171449;2018-11-14;"quarta-feira";"05:50:00";"RS";392;100,3;"MORRO REDONDO";"Falta de Atenção à Condução";"Saída de leito carroçável";"Com Vítimas Feridas";"Amanhecer";"Decrescente";"Céu Claro";"Simples";"Reta";"Não";3;0;1;0;2;0;1;1;-31,535538;-52,576191;"SPRF-RS";"DEL07-RS";"UOP01-DEL07-RS"
171450;2018-10-04;"quinta-feira";"18:50:00";"BA";116;819;"VITORIA DA CONQUISTA";"Falta de Atenção à Condução";"Colisão lateral";"Com Vítimas Feridas";"Plena Noite";"Crescente";"Céu Claro";"Simples";"Curva";"Não";2;0;0;1;1;0;1;2;-14,829553;-40,834094;"SPRF-BA";"DEL08-BA";"UOP01-DEL08-BA"
171453;2018-11-14;"quarta-feira";"04:30:00";"RJ";493;60;"NOVA IGUACU";"Falta de Atenção à Condução";"Queda de ocupante de veículo";"Com Vítimas Feridas";"Amanhecer";"Decrescente";"Céu Claro";"Dupla";"Reta";"Não";1;0;1;0;0;0;1;1;-22,67199624;-43,38346481;"SPRF-RJ";"DEL01-RJ";"UOP03-DEL01-RJ"
171455;2018-11-14;"quarta-feira";"06:35:00";"MG";262;361,5;"JUATUBA";"Falta de Atenção à Condução";"Atropelamento de Pedestre";"Com Vítimas Feridas";"Pleno dia";"Decrescente";"Sol";"Dupla";"Reta";"Não";3;0;0;1;1;1;1;2;-19,971;-44,2888;"SPRF-MG";"DEL01-MG";"UOP03-DEL01-MG"
171456;2018-11-14;"quarta-feira";"06:40:00";"GO";60;303,2;"ACREUNA";"Desobediência às normas de trânsito pelo condutor";"Colisão traseira";"Com Vítimas Fatais";"Amanhecer";"Decrescente";"Céu Claro";"Múltipla";"Reta";"Sim";3;1;0;0;2;0;0;2;-17,38815627;-50,37654161;"SPRF-GO";"DEL04-GO";"UOP01-DEL04-GO"
171457;2018-11-13;"terça-feira";"13:30:00";"RS";290;453,8;"ROSARIO DO SUL";"Fenômenos da Natureza";"Saída de leito carroçável";"Sem Vítimas";"Pleno dia";"Crescente";"Chuva";"Simples";"Reta";"Não";2;0;0;0;2;0;0;1;-30,22770235;-54,67751741;"SPRF-RS";"DEL11-RS";"UOP02-DEL11-RS"
171459;2018-11-14;"quarta-feira";"07:25:00";"SC";470;52,3;"BLUMENAU";"Desobediência às normas de trânsito pelo condutor";"Colisão transversal";"Com Vítimas Feridas";"Pleno dia";"Crescente";"Céu Claro";"Simples";"Curva";"Sim";2;0;0;1;1;0;1;2;-26,86281129;-49,09683708;"SPRF-SC";"DEL04-SC";"UOP01-DEL04-SC"
171460;2018-11-14;"quarta-feira";"07:00:00";"RJ";116;165;"RIO DE JANEIRO";"Falta de Atenção à Condução";"Colisão lateral";"Com Vítimas Feridas";"Pleno dia";"Decrescente";"Céu Claro";"Dupla";"Reta";"Não";2;0;1;0;1;0;1;2;-22,815485;-43,290874;"SPRF-RJ";"DEL01-RJ";"UOP02-DEL01-RJ"
171461;2018-11-14;"quarta-feira";"07:30:00";"SP";101;43,4;"UBATUBA";"Desobediência às normas de trânsito pelo condutor";"Colisão transversal";"Com Vítimas Feridas";"Pleno dia";"Decrescente";"Céu Claro";"Simples";"Curva";"Sim";3;0;0;1;1;1;1;3;-23,40829837;-45,06172836;"SPRF-SP";"DEL06-SP";"UOP01-DEL06-SP"