"id";"data_inversa";"dia_semana";"horario";"uf";"br";"km";"municipio";"causa_acidente";"tipo_acidente";"classificacao_acidente";"fase_dia";"sentido_via";"condicao_metereologica";"tipo_pista";"tracado_via";"uso_solo";"pessoas";"mortos";"feridos_leves";"feridos_graves";"ilesos";"ignorados";"feridos";"veiculos";"latitude";"longitude";"regional";"delegacia";"uop"
171464;2018-11-14;"quarta-feira";"06:25:00";"ES";262;6,5;"CARIACICA";"Defeito na Via";"Queda de ocupante de veículo";"Com Vítimas Feridas";"Pleno dia";"Crescente";"Céu Claro";"Dupla";"Reta;Em Obras";"Sim";1;0;1;0;0;0;1;1;-20,34213215;-40,39930344;"SPRF-ES";"DEL01-ES";"UOP01-DEL01-ES"
171466;2018-11-14;"quarta-feira";"07:45:00";"SP";116;144,5;"SAO JOSE DOS CAMPOS";"Desobediência às normas de trânsito pelo condutor";"Colisão traseira";"Com Vítimas Feridas";"Pleno dia";"Crescente";"Céu Claro";"Múltipla";"Reta";"Sim";3;0;1;0;2;0;1;2;-23,182779;-45,846405;"SPRF-SP";"DEL02-SP";"UOP01-DEL02-SP"
171467;2018-11-13;"terça-feira";"13:30:00";"MG";116;76,4;"MEDINA";"Pista Escorregadia";"Saída de leito carroçável";"Com Vítimas Feridas";"Pleno dia";"Decrescente";"Céu Claro";"Simples";"Curva";"Não";1;0;1;0;0;0;1;1;-16,25446464;-41,46952824;"SPRF-MG";"DEL11-MG";"UOP02-DEL11-MG"
171468;2018-11-14;"quarta-feira";"07:30:00";"RS";116;254,7;"ESTEIO";"Defeito Mecânico no Veículo";"Tombamento";"Com Vítimas Feridas";"Pleno dia";"Crescente";"Céu Claro";"Dupla";"Reta";"Sim";1;0;1;0;0;0;1;1;-29,8324633;-51,17434859;"SPRF-RS";"DEL01-RS";"UOP02-DEL01-RS"
171469;2018-11-14;"quarta-feira";"08:05:00";"SC";470;175,3;"POUSO REDONDO";"Falta de Atenção à Condução";"Colisão lateral";"Com Vítimas Feridas";"Pleno dia";"Crescente";"Nevoeiro/Neblina";"Múltipla";"Reta;Aclive";"Sim";3;0;2;0;1;0;2;2;-27,25550704;-49,94277477;"SPRF-SC";"DEL04-SC";"UOP02-DEL04-SC"
171471;2018-11-14;"quarta-feira";"08:30:00";"ES";101;93;"SAO MATEUS";"Falta de Atenção à Condução";"Colisão lateral";"Com Vítimas Feridas";"Pleno dia";"Crescente";"Garoa/Chuvisco";"Simples";"Reta";"Não";3;0;1;0;2;0;1;2;-18,86822097;-39,94199753;"SPRF-ES";"DEL04-ES";"UOP02-DEL04-ES"
171472;2018-11-14;"quarta-feira";"06:55:00";"RN";304;49,9;"MOSSORO";"Desobediência às normas de trânsito pelo condutor";"Colisão traseira";"Com Vítimas Feridas";"Pleno dia";"Decrescente";"Céu Claro";"Simples";"Reta";"Sim";6;0;1;0;5;0;1;2;-5,24322;-37,31378;"SPRF-RN";"DEL04-RN";"UOP01-DEL04-RN"
171473;2018-11-14;"quarta-feira";"07:15:00";"GO";70;2,3;"AGUAS LINDAS DE GOIAS";"Falta de Atenção à Condução";"Colisão traseira";"Com Vítimas Feridas";"Pleno dia";"Decrescente";"Céu Claro";"Dupla";"Curva;Declive";"Sim";3;0;2;0;1;0;2;2;-15,76418101;-48,2318446;"SPRF-DF";"DEL01-DF";"UOP02-DEL03-DF"
171476;2018-11-14;"quarta-feira";"08:00:00";"RJ";101;309;"SAO GONCALO";"Falta de Atenção à Condução";"Engavetamento";"Com Vítimas Feridas";"Pleno dia";"Crescente";"Céu Claro";"Dupla";"Reta";"Não";3;0;1;0;2;0;1;3;-22,794992;-43,034481;"SPRF-RJ";"DEL02-RJ";"DEL5/2-UOP04/RJ"
171477;2018-11-14;"quarta-feira";"09:00:00";"SP";116;270,8;"TABOAO DA SERRA";"Velocidade Incompatível";"Colisão traseira";"Com Vítimas Feridas";"Pleno dia";"Decrescente";"Céu Claro";"Dupla";"Reta";"Sim";2;0;1;0;1;0;1;2;-23,60953126;-46,77107871;"SPRF-SP";"DEL04-SP";"UOP01-DEL04-SP"
171480;2018-11-12;"segunda-feira";"18:45:00";"ES";101;376,5;"ICONHA";"Falta de Atenção do Pedestre";"Atropelamento de Pedestre";"Com Vítimas Feridas";"Plena Noite";"Decrescente";"Nublado";"Simples";"Reta";"Sim";2;0;2;0;0;0;2;2;-20,7897752;-40,80275595;"SPRF-ES";"DEL03-ES";"UOP01-DEL03-ES"
171482;2018-11-14;"quarta-feira";"08:40:00";"RN";101;80,6;"NATAL";"Desobediência às normas de trânsito pelo condutor";"Colisão transversal";"Com Vítimas Feridas";"Pleno dia";"Crescente";"Céu Claro";"Dupla";"Rotatória";"Sim";3;0;2;0;1;0;2;2;-5,76332498;-35,28719008;"SPRF-RN";"DEL02-RN";"UOP01-DEL02-RN"
171486;2018-08-16;"quinta-feira";"16:50:00";"GO";20;49,2;"FORMOSA";"Pista Escorregadia";"Saída de leito carroçável";"Com Vítimas Feridas";"Pleno dia";"Crescente";"Garoa/Chuvisco";"Simples";"Reta";"Não";1;0;1;0;0;0;1;1;-15,33477702;-47,12594477;"SPRF-DF";"DEL02-DF";"UOP01-DEL02-DF"
171487;2018-11-14;"quarta-feira";"08:00:00";"BA";116;805;"VITORIA DA CONQUISTA";"Desobediência às normas de trânsito pelo condutor";"Colisão transversal";"Com Vítimas Feridas";"Pleno dia";"Crescente";"Céu Claro";"Simples";"Interseção de Vias";"Não";2;0;0;1;1;0;1;2;-14,76825336;-40,71271956;"SPRF-BA";"DEL08-BA";"UOP01-DEL08-BA"
171488;2018-11-14;"quarta-feira";"04:43:00";"MT";364;272;"JACIARA";"Ingestão de Álcool";"Colisão com objeto estático";"Sem Vítimas";"Plena Noite";"Decrescente";"Nublado";"Dupla";"Curva";"Sim";1;0;0;0;1;0;0;1;-15,95340684;-54,97789264;"SPRF-MT";"DEL02-MT";"UOP02-DEL05-MT"
171489;2018-11-13;"terça-feira";"13:00:00";"MT";364;258;"JUSCIMEIRA";"Falta de Atenção à Condução";"Colisão frontal";"Com Vítimas Feridas";"Pleno dia";"Crescente";"Chuva";"Simples";"Reta";"Sim";2;0;1;0;1;0;1;2;-16,07781576;-54,87426281;"SPRF-MT";"DEL02-MT";"UOP01-DEL02-MT"
171491;2018-11-14;"quarta-feira";"10:25:00";"PR";476;122;"CURITIBA";"Falta de Atenção à Condução";"Colisão transversal";"Sem Vítimas";"Pleno dia";"Crescente";"Nublado";"Dupla";"Interseção de Vias";"Sim";2;0;0;0;2;0;0;2;-25,385775;-49,203377;"SPRF-PR";"DEL01-PR";"UOP01-DEL01-PR"
171495;2018-11-12;"segunda-feira";"23:30:00";"SP";116;444,2;"REGISTRO";"Falta de Atenção à Condução";"Atropelamento de Pedestre";"Com Vítimas Feridas";"Plena Noite";"Crescente";"Céu Claro";"Múltipla";"Reta";"Sim";3;0;1;0;1;1;1;3;-24,487978;-47,84402;"SPRF-SP";"DEL05-SP";"UOP01-DEL05-SP"
171496;2018-11-14;"quarta-feira";"10:00:00";"SC";101;333,6;"TUBARAO";"Falta de Atenção à Condução";"Saída de leito carroçável";"Com Vítimas Feridas";"Pleno dia";"Crescente";"Céu Claro";"Dupla";"Reta";"Sim";4;0;2;2;0;0;4;1;-28,46718225;-49,0089798;"SPRF-SC";"DEL02-SC";"UOP01-DEL02-SC"
171497;2018-11-14;"quarta-feira";"09:20:00";"BA";324;588;"CANDEIAS";"Defeito Mecânico no Veículo";"Saída de leito carroçável";"Com Vítimas Feridas";"Pleno dia";"Decrescente";"Céu Claro";"Dupla";"Reta";"Não";2;0;2;0;0;0;2;1;-12,66613213;-38,47000122;"SPRF-BA";"DEL01-BA";"UOP01-DEL01-BA"
171498;2018-11-14;"quarta-feira";"07:40:00";"RO";364;709;"PORTO VELHO";"Falta de Atenção à Condução";"Colisão traseira";"Com Vítimas Feridas";"Pleno dia";"Crescente";"Céu Claro";"Dupla";"Retorno Regulamentado";"Sim";1;0;1;0;0;0;1;1;-8,7949367;-63,84186924;"SPRF-RO";"DEL01-RO";"UOP01-DEL01-RO"
171502;2018-11-14;"quarta-feira";"11:40:00";"SC";101;214,6;"PALHOCA";"Não guardar distância de segurança";"Colisão lateral";"Com Vítimas Feridas";"Pleno dia";"Decrescente";"Céu Claro";"Simples";"Reta";"Sim";3;0;1;0;1;1;1;3;-27,652;-48,676;"SPRF-SC";"DEL01-SC";"UOP02-DEL01-SC"
171503;2018-11-14;"quarta-feira";"11:45:00";"RS";116;256,7;"ESTEIO";"Falta de Atenção à Condução";"Colisão traseira";"Com Vítimas Feridas";"Pleno dia";"Crescente";"Chuva";"Múltipla";"Rotatória";"Sim";2;0;1;0;1;0;1;2;-29,85039646;-51,17908001;"SPRF-RS";"DEL01-RS";"UOP02-DEL01-RS"
171504;2018-11-14;"quarta-feira";"10:50:00";"SC";280;55,8;"GUARAMIRIM";"Falta de Atenção à Condução";"Colisão lateral";"Sem Vítimas";"Pleno dia";"Crescente";"Garoa/Chuvisco";"Simples";"Rotatória";"Não";2;0;0;0;2;0;0;2;-26,47979255;-49,0014267;"SPRF-SC";"DEL03-SC";"UOP03-DEL03-SC"
171505;2018-11-14;"quarta-feira";"11:00:00";"RN";427;95,3;"CAICO";"Falta de Atenção à Condução";"Colisão transversal";"Com Vítimas Feridas";"Pleno dia";"Decrescente";"Céu Claro";"Simples";"Reta";"Sim";3;0;1;1;1;0;2;2;-6,4757839;-37,0719856;"SPRF-RN";"DEL03-RN";"UOP01-DEL03-RN"
171506;2018-11-14;"quarta-feira";"11:40:00";"PR";277;376,3;"GUARAPUAVA";"Velocidade Incompatível";"Colisão frontal";"Com Vítimas Feridas";"Pleno dia";"Decrescente";"Chuva";"Simples";"Reta";"Não";6;0;1;5;0;0;6;2;-25,407401;-51,755161;"SPRF-PR";"DEL03-PR";"UOP01-DEL08-PR"
171507;2018-11-14;"quarta-feira";"12:10:00";"SP";116;272,8;"TABOAO DA SERRA";"Não guardar distância de segurança";"Colisão traseira";"Com Vítimas Feridas";"Pleno dia";"Crescente";"Céu Claro";"Dupla";"Reta";"Sim";2;0;1;0;1;0;1;2;-23,615354;-46,786789;"SPRF-SP";"DEL04-SP";"UOP01-DEL04-SP"
171509;2018-11-13;"terça-feira";"04:00:00";"SP";116;428,2;"REGISTRO";"Falta de Atenção à Condução";"Colisão com objeto estático";"Com Vítimas Feridas";"Plena Noite";"Decrescente";"Céu Claro";"Dupla";"Curva";"Não";1;0;1;0;0;0;1;1;-24,39876685;-47,73134172;"SPRF-SP";"DEL05-SP";"UOP01-DEL05-SP"
171511;2018-11-14;"quarta-feira";"11:35:00";"TO";153;484;"PARAISO DO TOCANTINS";"Ultrapassagem Indevida";"Queda de ocupante de veículo";"Com Vítimas Feridas";"Pleno dia";"Decrescente";"Céu Claro";"Simples";"Reta";"Não";1;0;0;1;0;0;1;1;-10,079132;-48,855076;"SPRF-TO";"DEL02-TO";"UOP01-DEL01-TO"
171512;2018-11-14;"quarta-feira";"09:20:00";"MS";163;173;"JUTI";"Animais na Pista";"Atropelamento de Animal";"Com Vítimas Feridas";"Pleno dia";"Crescente";"Céu Claro";"Simples";"Reta";"Não";1;0;1;0;0;0;1;1;-22,86387772;-54,61666346;"SPRF-MS";"DEL09-MS";"UOP01-DEL09-MS"
171514;2018-11-14;"quarta-feira";"11:30:00";"RN";101;99,5;"NATAL";"Defeito Mecânico no Veículo";"Capotamento";"Com Vítimas Feridas";"Pleno dia";"Decrescente";"Céu Claro";"Múltipla";"Reta";"Sim";2;0;0;1;1;0;1;2;-5,87335372;-35,22048794;"SPRF-RN";"DEL01-RN";"UOP01-DEL01-RN"
171516;2018-11-14;"quarta-feira";"12:40:00";"GO";60;307,6;"ACREUNA";"Velocidade Incompatível";"Saída de leito carroçável";"Com Vítimas Feridas";"Pleno dia";"Decrescente";"Nublado";"Dupla";"Curva";"Sim";2;0;1;0;1;0;1;1;-17,402173;-50,390545;"SPRF-GO";"DEL04-GO";"UOP01-DEL04-GO"
171517;2018-11-14;"quarta-feira";"13:00:00";"MG";116;526;"CARATINGA";"Desobediência às normas de trânsito pelo condutor";"Colisão transversal";"Com Vítimas Feridas";"Pleno dia";"Decrescente";"Céu Claro";"Simples";"Reta";"Sim";2;0;1;0;1;0;1;2;-19,76229125;-42,13260055;"SPRF-MG";"DEL06-MG";"UOP02-DEL06-MG"
171518;2018-11-14;"quarta-feira";"13:30:00";"SC";101;147;"ITAPEMA";"Desobediência às normas de trânsito pelo condutor";"Colisão frontal";"Com Vítimas Feridas";"Pleno dia";"Crescente";"Sol";"Simples";"Reta";"Sim";2;0;1;0;1;0;1;2;-27,10007178;-48,61873023;"SPRF-SC";"DEL04-SC";"UOP03-DEL04-SC"
171519;2018-11-14;"quarta-feira";"07:04:00";"RJ";393;255,1;"BARRA DO PIRAI";"Falta de Atenção à Condução";"Colisão lateral";"Com Vítimas Feridas";"Pleno dia";"Crescente";"Céu Claro";"Simples";"Reta";"Não";17;0;7;1;9;0;8;2;-22,45652722;-43,8391614;"SPRF-RJ";"DEL05-RJ";"UOP04-DEL05-RJ"
171520;2018-11-14;"quarta-feira";"12:30:00";"BA";116;736;"BOA NOVA";"Pista Escorregadia";"Colisão frontal";"Com Vítimas Feridas";"Pleno dia";"Crescente";"Chuva";"Simples";"Curva";"Não";3;0;0;2;1;0;2;2;-14,36043;-40,3394;"SPRF-BA";"DEL08-BA";"UOP02-DEL08-BA"
171521;2018-11-14;"quarta-feira";"13:55:00";"PR";277;56,8;"SAO JOSE DOS PINHAIS";"Defeito Mecânico no Veículo";"Queda de ocupante de veículo";"Com Vítimas Feridas";"Pleno dia";"Decrescente";"Céu Claro";"Dupla";"Reta";"Não";1;0;0;1;0;0;1;1;-25,56828015;-49,00089294;"SPRF-PR";"DEL01-PR";"UOP07-DEL01-PR"
171522;2018-01-05;"sexta-feira";"19:25:00";"AC";364;128;"RIO BRANCO";"Falta de Atenção à Condução";"Atropelamento de Pedestre";"Com Vítimas Feridas";"Plena Noite";"Crescente";"Céu Claro";"Simples";"Reta";"Sim";5;0;5;0;0;0;5;2;-10,026455;-67,820702;"SPRF-AC";"DEL01-AC";"UOP01-DEL01-AC"
171523;2018-11-14;"quarta-feira";"12:00:00";"MT";70;509;"CUIABA";"Desobediência às normas de trânsito pelo condutor";"Colisão frontal";"Com Vítimas Feridas";"Pleno dia";"Crescente";"Céu Claro";"Simples";"Reta";"Não";2;0;1;0;1;0;1;2;-15,69758222;-56,08640671;"SPRF-MT";"DEL02-MT";"UOP02-DEL01-MT"
171524;2018-11-14;"quarta-feira";"13:50:00";"MG";365;162;"PIRAPORA";"Desobediência às normas de trânsito pelo condutor";"Colisão lateral";"Com Vítimas Feridas";"Pleno dia";"Decrescente";"Nublado";"Simples";"Reta";"Sim";2;0;0;1;1;0;1;2;-17,366352;-44,937569;"SPRF-MG";"DEL12-MG";"UOP01-DEL12-MG"
171526;2018-11-14;"quarta-feira";"13:20:00";"MG";365;610;"UBERLANDIA";"Avarias e/ou desgaste excessivo no pneu";"Capotamento";"Com Vítimas Feridas";"Pleno dia";"Decrescente";"Chuva";"Simples";"Reta";"Não";2;0;2;0;0;0;2;1;-18,8974;-48,2715;"SPRF-MG";"DEL15-MG";"UOP01-DEL15-MG"
171528;2018-11-14;"quarta-feira";"13:45:00";"PR";116;166,8;"QUITANDINHA";"Falta de Atenção à Condução";"Colisão transversal";"Com Vítimas Feridas";"Pleno dia";"Crescente";"Nublado";"Simples";"Reta";"Sim";2;0;1;0;1;0;1;2;-25,874659;-49,48101;"SPRF-PR";"DEL01-PR";"UOP03-DEL01-PR"
171529;2018-11-14;"quarta-feira";"12:20:00";"RO";319;63;"PORTO VELHO";"Falta de Atenção à Condução";"Colisão traseira";"Sem Vítimas";"Pleno dia";"Decrescente";"Céu Claro";"Múltipla";"Interseção de Vias";"Sim";2;0;0;0;2;0;0;2;-8,76578011;-63,88423204;"SPRF-RO";"DEL01-RO";"UOP01-DEL01-RO"
171530;2018-11-14;"quarta-feira";"11:25:00";"RO";364;238,6;"CACOAL";"Desobediência às normas de trânsito pelo condutor";"Colisão transversal";"Com Vítimas Feridas";"Pleno dia";"Decrescente";"Sol";"Simples";"Reta";"Sim";3;0;1;0;2;0;1;2;-11,43575641;-61,46028757;"SPRF-RO";"DEL02-RO";"UOP02-DEL02-RO"
171531;2018-11-14;"quarta-feira";"13:40:00";"PR";369;191,8;"ARAPONGAS";"Ingestão de Álcool";"Saída de leito carroçável";"Sem Vítimas";"Pleno dia";"Crescente";"Vento";"Dupla";"Reta";"Não";1;0;0;0;1;0;0;1;-23,468802;-51,423783;"SPRF-PR";"DEL07-PR";"UOP03-DEL07-PR"
171532;2018-11-14;"quarta-feira";"14:37:00";"SP";116;145;"SAO JOSE DOS CAMPOS";"Falta de Atenção à Condução";"Colisão lateral";"Com Vítimas Feridas";"Pleno dia";"Decrescente";"Céu Claro";"Simples";"Reta";"Sim";2;0;1;0;1;0;1;2;-23,1842352;-45,84897095;"SPRF-SP";"DEL02-SP";"UOP01-DEL02-SP"
171533;2018-11-14;"quarta-feira";"14:30:00";"ES";262;52;"MARECHAL FLORIANO";"Falta de Atenção à Condução";"Colisão traseira";"Com Vítimas Feridas";"Pleno dia";"Crescente";"Sol";"Simples";"Reta";"Não";6;0;1;0;4;1;1;4;-20,41409265;-40,72705328;"SPRF-ES";"DEL01-ES";"UOP01-DEL01-ES"
171534;2018-11-14;"quarta-feira";"11:10:00";"SC";282;300,4;"VARGEM";"Velocidade Incompatível";"Colisão lateral";"Com Vítimas Feridas";"Pleno dia";"Decrescente";"Chuva";"Simples";"Curva";"Não";4;0;3;0;1;0;3;2;-27,515957;-50,917877;"SPRF-SC";"DEL07-SC";"UOP06-DEL07-SC"
171535;2018-11-14;"quarta-feira";"15:15:00";"SC";282;300,9;"VARGEM";"Velocidade Incompatível";"Saída de leito carroçável";"Com Vítimas Feridas";"Pleno dia";"Decrescente";"Chuva";"Simples";"Curva;Declive";"Não";1;0;1;0;0;0;1;1;-27,515957;-50,917877;"SPRF-SC";"DEL07-SC";"UOP06-DEL07-SC"
171536;2018-11-14;"quarta-feira";"13:40:00";"PR";376;304,9;"MAUA DA SERRA";"Avarias e/ou desgaste excessivo no pneu";"Saída de leito carroçável";"Com Vítimas Feridas";"Pleno dia";"Decrescente";"Chuva";"Dupla";"Curva";"Não";1;0;1;0;0;0;1;1;-23,93542732;-51,12587839;"SPRF-PR";"DEL07-PR";"UOP02-DEL07-PR"
171540;2018-11-14;"quarta-feira";"15:20:00";"RJ";101;418;"MANGARATIBA";"Não guardar distância de segurança";"Colisão frontal";"Com Vítimas Feridas";"Pleno dia";"Crescente";"Sol";"Simples";"Reta";"Não";3;0;1;0;2;0;1;3;-22,91908226;-43,92063861;"SPRF-RJ";"DEL03-RJ";"UOP01-DEL03-RJ"
171542;2018-11-14;"quarta-feira";"15:20:00";"RS";386;38,8;"FREDERICO WESTPHALEN";"Não guardar distância de segurança";"Colisão traseira";"Com Vítimas Feridas";"Pleno dia";"Decrescente";"Chuva";"Simples";"Aclive;Reta";"Não";3;0;1;0;2;0;1;3;-27,391367;-53,400776;"SPRF-RS";"DEL08-RS";"UOP02-DEL08-RS"
171546;2018-11-14;"quarta-feira";"11:50:00";"BA";116;420;"FEIRA DE SANTANA";"Desobediência às normas de trânsito pelo condutor";"Colisão traseira";"Sem Vítimas";"Pleno dia";"Decrescente";"Céu Claro";"Dupla";"Reta";"Sim";2;0;0;0;2;0;0;2;-12,21151165;-38,96556867;"SPRF-BA";"DEL02-BA";"UOP01-DEL02-BA"
171547;2018-11-14;"quarta-feira";"16:00:00";"ES";262;4,1;"CARIACICA";"Falta de Atenção à Condução";"Colisão transversal";"Com Vítimas Feridas";"Pleno dia";"Decrescente";"Céu Claro";"Múltipla";"Reta";"Sim";3;0;0;2;0;1;2;3;-20,3374;-40,3859;"SPRF-ES";"DEL01-ES";"UOP01-DEL01-ES"
171549;2018-11-14;"quarta-feira";"14:40:00";"PR";376;598;"CURITIBA";"Não guardar distância de segurança";"Colisão traseira";"Sem Vítimas";"Pleno dia";"Decrescente";"Ignorado";"Dupla";"Reta";"Sim";4;0;0;0;3;1;0;3;-25,51081187;-49,33876276;"SPRF-PR";"DEL01-PR";"UOP06-DEL01-PR"
171552;2018-11-14;"quarta-feira";"15:40:00";"PE";232;82,1;"GRAVATA";"Desobediência às normas de trânsito pelo condutor";"Colisão lateral";"Com Vítimas Feridas";"Pleno dia";"Crescente";"Céu Claro";"Dupla";"Reta";"Sim";7;0;4;0;2;1;4;3;-8,199793;-35,589086;"SPRF-PE";"DEL01-PE";"UOP02-DEL02PE"
171556;2018-11-14;"quarta-feira";"15:00:00";"CE";222;1;"FORTALEZA";"Falta de Atenção à Condução";"Colisão traseira";"Sem Vítimas";"Pleno dia";"Crescente";"Céu Claro";"Múltipla";"Reta";"Sim";2;0;0;0;2;0;0;2;-3,73801852;-38,58188152;"SPRF-CE";"DEL01-CE";"UOP01-DEL01-CE"
171559;2018-11-14;"quarta-feira";"17:15:00";"MG";381;587,9;"CARMOPOLIS DE MINAS";"Falta de Atenção à Condução";"Capotamento";"Com Vítimas Feridas";"Pleno dia";"Decrescente";"Sol";"Dupla";"Reta";"Sim";1;0;1;0;0;0;1;1;-20,5331;-44,639;"SPRF-MG";"DEL04-MG";"UOP01-DEL04-MG"
171561;2018-11-14;"quarta-feira";"16:30:00";"PR";277;105;"CAMPO LARGO";"Pista Escorregadia";"Engavetamento";"Sem Vítimas";"Pleno dia";"Crescente";"Nublado";"Dupla";"Reta;Aclive";"Sim";3;0;0;0;3;0;0;3;-25,43397353;-49,4103241;"SPRF-PR";"DEL01-PR";"UOP06-DEL01-PR"
171562;2018-11-14;"quarta-feira";"17:05:00";"SC";101;336,5;"TUBARAO";"Falta de Atenção à Condução";"Colisão lateral";"Com Vítimas Feridas";"Pleno dia";"Crescente";"Céu Claro";"Simples";"Curva";"Sim";2;0;1;0;1;0;1;2;-28,476538;-49,03266907;"SPRF-SC";"DEL02-SC";"UOP01-DEL02-SC"
171563;2018-11-14;"quarta-feira";"15:40:00";"SP";488;1;"APARECIDA";"Desobediência às normas de trânsito pelo condutor";"Colisão transversal";"Sem Vítimas";"Pleno dia";"Crescente";"Céu Claro";"Dupla";"Reta";"Sim";2;0;0;0;2;0;0;2;-22,85014554;-45,23179114;"SPRF-SP";"DEL08-SP";"UOP01-DEL08-SP"
171564;2018-11-14;"quarta-feira";"16:40:00";"SP";116;64,9;"GUARATINGUETA";"Falta de Atenção à Condução";"Colisão traseira";"Com Vítimas Feridas";"Pleno dia";"Crescente";"Sol";"Dupla";"Reta";"Sim";2;0;1;0;1;0;1;2;-22,8229638;-45,19263625;"SPRF-SP";"DEL08-SP";"UOP01-DEL08-SP"
171566;2018-11-14;"quarta-feira";"15:20:00";"PR";476;278,6;"SAO MATEUS DO SUL";"Falta de Atenção à Condução";"Colisão transversal";"Com Vítimas Feridas";"Pleno dia";"Crescente";"Nublado";"Simples";"Reta";"Sim";2;0;1;0;1;0;1;2;-25,868753;-50,396477;"SPRF-PR";"DEL02-PR";"UOP04-DEL02-PR"
171568;2018-11-14;"quarta-feira";"17:05:00";"RS";158;325,3;"SANTA MARIA";"Falta de Atenção à Condução";"Colisão lateral";"Sem Vítimas";"Pleno dia";"Crescente";"Sol";"Simples";"Reta";"Sim";1;0;0;0;1;0;0;1;-29,7094131;-53,80272031;"SPRF-RS";"DEL09-RS";"UOP01-DEL09-RS"
171569;2018-11-12;"segunda-feira";"20:20:00";"MG";116;285,6;"TEOFILO OTONI";"Falta de Atenção à Condução";"Tombamento";"Com Vítimas Feridas";"Plena Noite";"Crescente";"Nublado";"Simples";"Aclive";"Não";2;0;2;0;0;0;2;1;-17,93527179;-41,52871789;"SPRF-MG";"DEL11-MG";"UOP01-DEL11-MG"
171570;2018-11-14;"quarta-feira";"12:30:00";"MA";222;323;"IGARAPE DO MEIO";"Desobediência às normas de trânsito pelo condutor";"Colisão transversal";"Com Vítimas Feridas";"Pleno dia";"Decrescente";"Sol";"Simples";"Reta";"Sim";2;0;0;1;1;0;1;2;-3,58521947;-45,06125908;"SPRF-MA";"DEL02-MA";"UI04-DEL02-MA"
171571;2018-11-14;"quarta-feira";"17:40:00";"SC";280;7,2;"SAO FRANCISCO DO SUL";"Falta de Atenção à Condução";"Colisão traseira";"Com Vítimas Feridas";"Pleno dia";"Crescente";"Nublado";"Simples";"Reta";"Sim";3;0;1;0;2;0;1;2;-26,271294;-48,641315;"SPRF-SC";"DEL03-SC";"UOP03-DEL03-SC"
171572;2018-11-14;"quarta-feira";"17:45:00";"GO";40;5;"VALPARAISO DE GOIAS";"Falta de Atenção à Condução";"Engavetamento";"Com Vítimas Feridas";"Pleno dia";"Decrescente";"Céu Claro";"Dupla";"Reta";"Não";4;0;1;0;3;0;1;3;-16,093134;-47,982236;"SPRF-DF";"DEL01-DF";"UOP01-DEL01-DF"
171573;2018-11-14;"quarta-feira";"17:40:00";"PR";376;652;"TIJUCAS DO SUL";"Pista Escorregadia";"Saída de leito carroçável";"Sem Vítimas";"Anoitecer";"Decrescente";"Chuva";"Dupla";"Curva";"Não";1;0;0;0;1;0;0;1;-25,842223;-49,056065;"SPRF-PR";"DEL01-PR";"DEL7/1-UOP08/PR"
171574;2018-11-14;"quarta-feira";"16:40:00";"SC";101;41;"JOINVILLE";"Falta de Atenção à Condução";"Colisão lateral";"Sem Vítimas";"Pleno dia";"Crescente";"Chuva";"Múltipla";"Viaduto";"Sim";2;0;0;0;2;0;0;2;-26,31563231;-48,8735782;"SPRF-SC";"DEL03-SC";"UOP01-DEL03-SC"
171577;2018-11-14;"quarta-feira";"17:30:00";"PR";376;300;"MAUA DA SERRA";"Pista Escorregadia";"Saída de leito carroçável";"Com Vítimas Feridas";"Pleno dia";"Crescente";"Chuva";"Dupla";"Curva";"Não";1;0;1;0;0;0;1;1;-23,9360997;-51,1618252;"SPRF-PR";"DEL07-PR";"UOP02-DEL07-PR"
171580;2018-11-14;"quarta-feira";"16:05:00";"SC";470;64,7;"INDAIAL";"Falta de Atenção à Condução";"Tombamento";"Com Vítimas Feridas";"Pleno dia";"Decrescente";"Nublado";"Simples";"Reta";"Sim";1;0;1;0;0;0;1;1;-26,87015244;-49,20882583;"SPRF-SC";"DEL04-SC";"UOP01-DEL04-SC"
171581;2018-11-14;"quarta-feira";"17:15:00";"CE";116;5,5;"FORTALEZA";"Não guardar distância de segurança";"Colisão traseira";"Com Vítimas Feridas";"Anoitecer";"Crescente";"Céu Claro";"Dupla";"Viaduto";"Sim";2;0;1;0;1;0;1;2;-3,79901924;-38,50578725;"SPRF-CE";"DEL01-CE";"UOP02-DEL01-CE"
171583;2018-07-17;"terça-feira";"10:11:00";"SC";280;31,2;"ARAQUARI";"Falta de Atenção à Condução";"Queda de ocupante de veículo";"Com Vítimas Feridas";"Pleno dia";"Crescente";"Céu Claro";"Simples";"Reta";"Sim";2;0;1;0;0;1;1;2;-26,41696989;-48,77348185;"SPRF-SC";"DEL03-SC";"UOP03-DEL03-SC"
171584;2018-11-14;"quarta-feira";"16:30:00";"PR";280;317,2;"BARRACAO";"Falta de Atenção à Condução";"Colisão lateral";"Com Vítimas Feridas";"Pleno dia";"Decrescente";"Céu Claro";"Simples";"Reta";"Não";4;0;2;1;1;0;3;2;-26,28972133;-53,55010986;"SPRF-PR";"DEL02-PR";"UOP01-DEL02-PR"