"id";"data_inversa";"dia_semana";"horario";"uf";"br";"km";"municipio";"causa_acidente";"tipo_acidente";"classificacao_acidente";"fase_dia";"sentido_via";"condicao_metereologica";"tipo_pista";"tracado_via";"uso_solo";"pessoas";"mortos";"feridos_leves";"feridos_graves";"ilesos";"ignorados";"feridos";"veiculos";"latitude";"longitude";"regional";"delegacia";"uop"
171585;2018-11-14;"quarta-feira";"18:30:00";"SC";101;202;"SAO JOSE";"Não guardar distância de segurança";"Colisão traseira";"Com Vítimas Feridas";"Pleno dia";"Crescente";"Céu Claro";"Dupla";"Reta";"Sim";2;0;0;1;1;0;1;2;-27,5651;-48,6144;"SPRF-SC";"DEL01-SC";"UOP01-DEL01-SC"
171586;2018-11-14;"quarta-feira";"18:07:00";"MG";262;413,3;"IGARATINGA";"Avarias e/ou desgaste excessivo no pneu";"Tombamento";"Com Vítimas Feridas";"Pleno dia";"Decrescente";"Sol";"Dupla";"Reta;Declive";"Não";2;0;2;0;0;0;2;1;-19,8878;-44,7154;"SPRF-MG";"DEL08-MG";"UOP03-DEL08-MG"
171587;2018-11-14;"quarta-feira";"18:00:00";"MG";116;263;"TEOFILO OTONI";"Falta de Atenção à Condução";"Colisão traseira";"Com Vítimas Feridas";"Pleno dia";"Decrescente";"Céu Claro";"Simples";"Reta";"Não";2;0;1;0;1;0;1;2;-17,751672;-41,502355;"SPRF-MG";"DEL11-MG";"UOP01-DEL11-MG"
171588;2018-11-14;"quarta-feira";"18:45:00";"GO";40;2;"VALPARAISO DE GOIAS";"Falta de Atenção do Pedestre";"Atropelamento de Pedestre";"Com Vítimas Feridas";"Pleno dia";"Crescente";"Céu Claro";"Simples";"Reta";"Sim";3;0;2;0;1;0;2;2;-16,067129;-47,984235;"SPRF-DF";"DEL01-DF";"UOP01-DEL01-DF"
171589;2018-11-14;"quarta-feira";"18:50:00";"SC";470;51,4;"BLUMENAU";"Desobediência às normas de trânsito pelo condutor";"Colisão transversal";"Com Vítimas Feridas";"Pleno dia";"Decrescente";"Nublado";"Simples";"Reta";"Sim";2;0;0;1;1;0;1;2;-26,86306278;-49,08808634;"SPRF-SC";"DEL04-SC";"UOP01-DEL04-SC"
171593;2018-11-14;"quarta-feira";"17:50:00";"PR";476;136;"CURITIBA";"Desobediência às normas de trânsito pelo condutor";"Colisão transversal";"Com Vítimas Feridas";"Pleno dia";"Decrescente";"Nublado";"Múltipla";"Interseção de Vias";"Sim";2;0;1;0;1;0;1;2;-25,491047;-49,271679;"SPRF-PR";"DEL01-PR";"UOP07-DEL01-PR"
171594;2018-11-14;"quarta-feira";"16:40:00";"RJ";40;111;"DUQUE DE CAXIAS";"Falta de Atenção à Condução";"Engavetamento";"Com Vítimas Feridas";"Pleno dia";"Decrescente";"Céu Claro";"Múltipla";"Reta";"Sim";7;0;3;0;4;0;3;4;-22,69195275;-43,2866478;"SPRF-RJ";"DEL01-RJ";"UOP01-DEL01-RJ"
171595;2018-11-14;"quarta-feira";"18:25:00";"RJ";116;142;"DUQUE DE CAXIAS";"Falta de Atenção à Condução";"Colisão frontal";"Sem Vítimas";"Pleno dia";"Crescente";"Céu Claro";"Simples";"Reta";"Não";2;0;0;0;2;0;0;2;-22,648762;-43,230316;"SPRF-RJ";"DEL04-RJ";"UOP02-DEL04-RJ"
171596;2018-11-14;"quarta-feira";"13:20:00";"PR";277;399,3;"CANDOI";"Fenômenos da Natureza";"Colisão frontal";"Com Vítimas Feridas";"Pleno dia";"Decrescente";"Chuva";"Simples";"Curva;Declive";"Não";3;0;1;2;0;0;3;2;-25,45761238;-51,96567535;"SPRF-PR";"DEL03-PR";"UOP01-DEL08-PR"
171597;2018-11-14;"quarta-feira";"14:40:00";"RS";471;688,9;"CHUI";"Falta de Atenção do Pedestre";"Atropelamento de Pedestre";"Com Vítimas Feridas";"Pleno dia";"Decrescente";"Céu Claro";"Simples";"Reta";"Não";2;0;0;1;1;0;1;2;-33,689819;-53,455074;"SPRF-RS";"DEL07-RS";"UOP04-DEL07-RS"
171598;2018-11-14;"quarta-feira";"16:45:00";"SC";280;293,4;"PORTO UNIAO";"Falta de Atenção à Condução";"Colisão com objeto estático";"Com Vítimas Feridas";"Pleno dia";"Decrescente";"Chuva";"Simples";"Reta";"Não";2;0;2;0;0;0;2;1;-26,296299;-50,915482;"SPRF-SC";"DEL06-SC";"UOP04-DEL06-SC"
171599;2018-11-14;"quarta-feira";"18:00:00";"SE";235;4,9;"NOSSA SENHORA DO SOCORRO";"Não guardar distância de segurança";"Engavetamento";"Com Vítimas Feridas";"Anoitecer";"Crescente";"Nublado";"Dupla";"Curva";"Sim";3;0;1;0;2;0;1;3;-10,90634389;-37,11982012;"SPRF-SE";"DEL01-SE";"UOP01-DEL01-SE"
171600;2018-11-14;"quarta-feira";"16:30:00";"RO";364;236;"CACOAL";"Desobediência às normas de trânsito pelo condutor";"Colisão lateral";"Com Vítimas Feridas";"Pleno dia";"Decrescente";"Sol";"Simples";"Interseção de Vias";"Sim";2;0;1;0;1;0;1;2;-11,44626155;-61,43614769;"SPRF-RO";"DEL02-RO";"UOP02-DEL02-RO"
171601;2018-11-14;"quarta-feira";"18:30:00";"SC";470;147;"RIO DO SUL";"Falta de Atenção à Condução";"Colisão transversal";"Sem Vítimas";"Pleno dia";"Crescente";"Nublado";"Simples";"Reta";"Não";2;0;0;0;2;0;0;2;-27,24276402;-49,68899488;"SPRF-SC";"DEL04-SC";"UOP02-DEL04-SC"
171602;2018-11-14;"quarta-feira";"13:50:00";"MG";262;573,7;"CORREGO DANTA";"Pista Escorregadia";"Capotamento";"Sem Vítimas";"Pleno dia";"Crescente";"Chuva";"Simples";"Curva";"Não";3;0;0;0;3;0;0;1;-19,72961;-46,018539;"SPRF-MG";"N/A";"N/A"
171603;2018-11-14;"quarta-feira";"18:10:00";"SC";101;279,9;"IMBITUBA";"Defeito Mecânico no Veículo";"Colisão com objeto estático";"Com Vítimas Feridas";"Anoitecer";"Crescente";"Nublado";"Múltipla";"Reta";"Não";1;0;1;0;0;0;1;1;-28,19253676;-48,69711936;"SPRF-SC";"DEL02-SC";"UOP03-DEL02-SC"
171604;2018-11-14;"quarta-feira";"17:20:00";"CE";304;53;"ARACATI";"Desobediência às normas de trânsito pelo condutor";"Colisão lateral";"Com Vítimas Feridas";"Pleno dia";"Crescente";"Céu Claro";"Simples";"Reta";"Não";2;0;1;0;1;0;1;2;-4,5759869;-37,7311988;"SPRF-CE";"DEL03-CE";"UOP03-DEL03-CE"
171605;2018-11-14;"quarta-feira";"18:20:00";"RN";101;105,2;"PARNAMIRIM";"Não guardar distância de segurança";"Colisão traseira";"Sem Vítimas";"Plena Noite";"Crescente";"Nublado";"Dupla";"Reta";"Sim";2;0;0;0;2;0;0;2;-5,90206706;-35,25952041;"SPRF-RN";"DEL01-RN";"UOP01-DEL01-RN"
171606;2018-11-14;"quarta-feira";"15:50:00";"BA";407;129,6;"SENHOR DO BONFIM";"Não guardar distância de segurança";"Engavetamento";"Sem Vítimas";"Pleno dia";"Decrescente";"Céu Claro";"Simples";"Reta";"Sim";4;0;0;0;4;0;0;3;-10,4840773;-40,16606927;"SPRF-BA";"DEL04-BA";"UOP01-DEL04-BA"
171607;2018-11-14;"quarta-feira";"19:30:00";"SC";101;200;"SAO JOSE";"Desobediência às normas de trânsito pelo condutor";"Colisão frontal";"Com Vítimas Feridas";"Pleno dia";"Crescente";"Céu Claro";"Dupla";"Reta";"Sim";2;0;1;0;1;0;1;2;-27,54121996;-48,62222043;"SPRF-SC";"DEL01-SC";"UOP01-DEL01-SC"
171609;2018-11-14;"quarta-feira";"18:45:00";"GO";40;2;"VALPARAISO DE GOIAS";"Falta de Atenção à Condução";"Colisão lateral";"Com Vítimas Feridas";"Anoitecer";"Crescente";"Nublado";"Dupla";"Reta";"Sim";3;0;2;0;0;1;2;2;-16,067129;-47,984235;"SPRF-DF";"DEL01-DF";"UOP01-DEL01-DF"
171610;2018-11-14;"quarta-feira";"18:25:00";"PE";101;74,2;"RECIFE";"Desobediência às normas de trânsito pelo condutor";"Colisão transversal";"Com Vítimas Feridas";"Plena Noite";"Crescente";"Céu Claro";"Simples";"Reta;Em Obras";"Sim";2;0;1;0;1;0;1;2;-8,109242;-34,947126;"SPRF-PE";"DEL01-PE";"UOP01-DEL01-PE"
171611;2018-11-14;"quarta-feira";"19:50:00";"MG";40;424,1;"CURVELO";"Falta de Atenção do Pedestre";"Atropelamento de Pedestre";"Com Vítimas Feridas";"Plena Noite";"Crescente";"Céu Claro";"Dupla";"Reta";"Sim";3;0;0;1;1;1;1;2;-19,16008688;-44,52655792;"SPRF-MG";"DEL02-MG";"UOP01-DEL02-MG"
171612;2018-11-14;"quarta-feira";"18:40:00";"PE";232;5,9;"RECIFE";"Não guardar distância de segurança";"Colisão traseira";"Com Vítimas Feridas";"Plena Noite";"Decrescente";"Nublado";"Dupla";"Reta";"Sim";4;0;1;0;3;0;1;3;-8,070688;-34,952438;"SPRF-PE";"DEL01-PE";"UOP01-DEL01-PE"
171613;2018-11-14;"quarta-feira";"18:05:00";"PB";230;4,2;"CABEDELO";"Defeito Mecânico no Veículo";"Tombamento";"Com Vítimas Feridas";"Plena Noite";"Crescente";"Céu Claro";"Simples";"Reta";"Sim";2;0;2;0;0;0;2;1;-7,00180529;-34,82855916;"SPRF-PB";"DEL01-PB";"UOP01-DEL01-PB"
171615;2018-11-14;"quarta-feira";"19:35:00";"RS";153;44,4;"ERECHIM";"Defeito Mecânico no Veículo";"Tombamento";"Com Vítimas Feridas";"Pleno dia";"Decrescente";"Céu Claro";"Simples";"Interseção de Vias";"Sim";1;0;1;0;0;0;1;1;-27,623127;-52,236877;"SPRF-RS";"DEL08-RS";"UOP04-DEL08-RS"
171616;2018-11-14;"quarta-feira";"18:20:00";"PE";232;78;"GRAVATA";"Desobediência às normas de trânsito pelo condutor";"Colisão transversal";"Com Vítimas Feridas";"Plena Noite";"Crescente";"Céu Claro";"Simples";"Reta";"Sim";2;0;1;0;1;0;1;2;-8,193437;-35,551865;"SPRF-PE";"DEL01-PE";"UOP02-DEL02PE"
171617;2018-11-14;"quarta-feira";"20:30:00";"SC";101;130,8;"BALNEARIO CAMBORIU";"Falta de Atenção à Condução";"Colisão lateral";"Com Vítimas Feridas";"Plena Noite";"Crescente";"Nublado";"Dupla";"Reta";"Sim";2;0;1;0;1;0;1;2;-26,9907;-48,6629;"SPRF-SC";"DEL04-SC";"UOP03-DEL04-SC"
171620;2018-11-14;"quarta-feira";"20:14:00";"PR";277;57,7;"SAO JOSE DOS PINHAIS";"Falta de Atenção do Pedestre";"Atropelamento de Pedestre";"Com Vítimas Fatais";"Plena Noite";"Decrescente";"Nublado";"Dupla";"Reta";"Não";2;1;0;0;1;0;0;2;-25,56422537;-49,00829022;"SPRF-PR";"DEL01-PR";"UOP07-DEL01-PR"
171621;2018-11-14;"quarta-feira";"15:50:00";"RO";364;407,1;"JARU";"Pista Escorregadia";"Saída de leito carroçável";"Com Vítimas Feridas";"Pleno dia";"Crescente";"Chuva";"Simples";"Reta";"Não";1;0;1;0;0;0;1;1;-10,55785326;-62,38217354;"SPRF-RO";"DEL03-RO";"UOP02-DEL03-RO"
171622;2018-11-14;"quarta-feira";"21:00:00";"GO";40;5,7;"VALPARAISO DE GOIAS";"Defeito Mecânico no Veículo";"Queda de ocupante de veículo";"Com Vítimas Feridas";"Plena Noite";"Decrescente";"Chuva";"Dupla";"Reta";"Sim";2;0;1;1;0;0;2;1;-16,093134;-47,982236;"SPRF-DF";"DEL01-DF";"UOP01-DEL01-DF"
171623;2018-11-14;"quarta-feira";"20:25:00";"SP";381;15,2;"BRAGANCA PAULISTA";"Falta de Atenção à Condução";"Saída de leito carroçável";"Com Vítimas Feridas";"Plena Noite";"Decrescente";"Nublado";"Dupla";"Reta";"Não";3;0;2;0;1;0;2;1;-22,95107563;-46,4794452;"SPRF-SP";"DEL03-SP";"UOP02-DEL03-SP"
171627;2018-11-14;"quarta-feira";"20:20:00";"SP";153;271;"MARILIA";"Desobediência às normas de trânsito pelo condutor";"Colisão traseira";"Com Vítimas Feridas";"Plena Noite";"Crescente";"Céu Claro";"Simples";"Aclive";"Não";4;0;0;2;2;0;2;3;-22,355032;-49,890499;"SPRF-SP";"DEL07-SP";"UOP02-DEL07-SP"
171628;2018-11-14;"quarta-feira";"21:30:00";"SC";101;111;"ITAJAI";"Defeito Mecânico no Veículo";"Queda de ocupante de veículo";"Com Vítimas Feridas";"Plena Noite";"Decrescente";"Nublado";"Dupla";"Reta";"Não";1;0;0;1;0;0;1;1;-26,846;-48,7213;"SPRF-SC";"DEL04-SC";"UOP04-DEL04-SC"
171629;2018-11-14;"quarta-feira";"21:00:00";"GO";153;588,9;"PIRACANJUBA";"Avarias e/ou desgaste excessivo no pneu";"Saída de leito carroçável";"Com Vítimas Feridas";"Plena Noite";"Crescente";"Nublado";"Dupla";"Reta";"Não";2;0;2;0;0;0;2;1;-17,4509;-49,2274;"SPRF-GO";"DEL03-GO";"UOP01-DEL03-GO"
171630;2018-11-14;"quarta-feira";"20:25:00";"MG";251;516,1;"MONTES CLAROS";"Falta de Atenção à Condução";"Colisão transversal";"Com Vítimas Feridas";"Plena Noite";"Decrescente";"Céu Claro";"Simples";"Reta";"Não";3;0;1;0;2;0;1;2;-16,6599;-43,747;"SPRF-MG";"DEL12-MG";"UOP01-DEL12-MG"
171632;2018-11-14;"quarta-feira";"21:10:00";"PR";116;118;"CURITIBA";"Falta de Atenção à Condução";"Colisão traseira";"Com Vítimas Feridas";"Plena Noite";"Decrescente";"Nublado";"Dupla";"Curva";"Sim";3;0;2;0;1;0;2;2;-25,544559;-49,30146;"SPRF-PR";"DEL01-PR";"UOP07-DEL01-PR"
171633;2018-11-14;"quarta-feira";"21:00:00";"MG";381;305;"ANTONIO DIAS";"Velocidade Incompatível";"Saída de leito carroçável";"Com Vítimas Feridas";"Plena Noite";"Crescente";"Céu Claro";"Simples";"Curva";"Não";2;0;2;0;0;0;2;1;-19,64487114;-42,92348742;"SPRF-MG";"DEL03-MG";"UOP02-DEL03-MG"
171635;2018-11-14;"quarta-feira";"16:45:00";"AL";104;17;"SAO JOSE DA LAJE";"Mal Súbito";"Capotamento";"Com Vítimas Feridas";"Pleno dia";"Decrescente";"Céu Claro";"Simples";"Reta";"Não";1;0;1;0;0;0;1;1;-9,03224605;-36,03831975;"SPRF-AL";"DEL01-AL";"UOP02-DEL01-AL"
171636;2018-11-14;"quarta-feira";"20:10:00";"PR";476;155,6;"ARAUCARIA";"Defeito na Via";"Queda de ocupante de veículo";"Com Vítimas Feridas";"Plena Noite";"Crescente";"Nublado";"Dupla";"Interseção de Vias";"Sim";1;0;0;1;0;0;1;1;-25,590897;-49,410622;"SPRF-PR";"DEL01-PR";"UOP06-DEL01-PR"
171637;2018-11-14;"quarta-feira";"20:28:00";"MA";222;667,6;"ACAILANDIA";"Falta de Atenção à Condução";"Saída de leito carroçável";"Com Vítimas Feridas";"Plena Noite";"Decrescente";"Céu Claro";"Simples";"Reta";"Não";5;0;1;0;4;0;1;2;-4,9265114;-47,44066;"SPRF-MA";"DEL04-MA";"UOP03-DEL04-MA"
171639;2018-11-14;"quarta-feira";"22:15:00";"RS";392;346,1;"SANTA MARIA";"Falta de Atenção à Condução";"Colisão frontal";"Com Vítimas Feridas";"Plena Noite";"Crescente";"Nublado";"Simples";"Reta";"Não";3;0;0;3;0;0;3;2;-29,77626341;-53,78379202;"SPRF-RS";"DEL09-RS";"UOP01-DEL09-RS"
171640;2018-11-14;"quarta-feira";"21:40:00";"SP";116;278;"EMBU DAS ARTES";"Falta de Atenção à Condução";"Colisão traseira";"Sem Vítimas";"Plena Noite";"Crescente";"Céu Claro";"Dupla";"Reta";"Não";2;0;0;0;2;0;0;2;-23,63831265;-46,83462024;"SPRF-SP";"DEL04-SP";"UOP01-DEL04-SP"
171641;2018-11-14;"quarta-feira";"22:15:00";"SP";116;215;"GUARULHOS";"Não guardar distância de segurança";"Colisão lateral";"Com Vítimas Feridas";"Plena Noite";"Decrescente";"Céu Claro";"Múltipla";"Reta";"Sim";3;0;2;0;0;1;2;2;-23,44948688;-46,46014631;"SPRF-SP";"DEL01-SP";"UOP01-DEL01-SP"
171644;2018-11-14;"quarta-feira";"21:30:00";"PR";467;109;"CASCAVEL";"Defeito Mecânico no Veículo";"Saída de leito carroçável";"Sem Vítimas";"Plena Noite";"Crescente";"Céu Claro";"Dupla";"Interseção de Vias";"Não";1;0;0;0;1;0;0;1;-24,9252829;-53,46249282;"SPRF-PR";"DEL04-PR";"UOP01-DEL04-PR"
171645;2018-11-14;"quarta-feira";"21:00:00";"TO";153;426,7;"MIRACEMA DO TOCANTINS";"Falta de Atenção à Condução";"Queda de ocupante de veículo";"Com Vítimas Fatais";"Plena Noite";"Decrescente";"Céu Claro";"Simples";"Reta";"Não";1;1;0;0;0;0;0;1;-9,630857;-48,635384;"SPRF-TO";"DEL02-TO";"UOP01-DEL01-TO"
171647;2018-11-14;"quarta-feira";"20:15:00";"PI";222;71;"PIRIPIRI";"Falta de Atenção à Condução";"Saída de leito carroçável";"Com Vítimas Feridas";"Plena Noite";"Decrescente";"Céu Claro";"Simples";"Reta";"Não";1;0;0;1;0;0;1;1;-4,249882;-41,738201;"SPRF-PI";"DEL02-PI";"UOP01-DEL02-PI"
171648;2018-11-14;"quarta-feira";"22:55:00";"SC";101;341,5;"TUBARAO";"Falta de Atenção à Condução";"Colisão frontal";"Com Vítimas Feridas";"Plena Noite";"Decrescente";"Céu Claro";"Múltipla";"Interseção de Vias";"Sim";2;0;0;1;1;0;1;2;-28,5189;-49,0538;"SPRF-SC";"DEL02-SC";"UOP01-DEL02-SC"
171649;2018-11-14;"quarta-feira";"23:20:00";"RS";116;247;"SAO LEOPOLDO";"Desobediência às normas de trânsito pelo condutor";"Colisão traseira";"Com Vítimas Feridas";"Plena Noite";"Crescente";"Céu Claro";"Dupla";"Curva";"Sim";2;0;0;1;1;0;1;2;-29,76738;-51,153519;"SPRF-RS";"DEL01-RS";"UOP02-DEL01-RS"
171650;2018-11-14;"quarta-feira";"20:35:00";"PR";163;12;"BARRACAO";"Animais na Pista";"Atropelamento de Animal";"Com Vítimas Feridas";"Plena Noite";"Decrescente";"Nublado";"Simples";"Reta";"Não";2;0;2;0;0;0;2;2;-26,229881;-53,6411;"SPRF-PR";"DEL02-PR";"UOP02-DEL02-PR"
171653;2018-11-14;"quarta-feira";"21:15:00";"PA";316;80;"SAO FRANCISCO DO PARA";"Falta de Atenção do Pedestre";"Atropelamento de Pedestre";"Com Vítimas Feridas";"Plena Noite";"Decrescente";"Céu Claro";"Simples";"Reta";"Sim";2;0;0;1;1;0;1;2;-1,30406;-47,779755;"SPRF-PA";"DEL01-PA";"UOP01-DEL01-PA"
171654;2018-11-14;"quarta-feira";"23:00:00";"RS";290;30,4;"SANTO ANTONIO DA PATRULHA";"Velocidade Incompatível";"Saída de leito carroçável";"Com Vítimas Feridas";"Plena Noite";"Crescente";"Céu Claro";"Dupla";"Reta";"Não";3;0;1;0;2;0;1;3;-29,883732;-50,559997;"SPRF-RS";"DEL03-RS";"UOP02-DEL03-RS"
171655;2018-11-14;"quarta-feira";"21:50:00";"PR";476;295;"SAO MATEUS DO SUL";"Animais na Pista";"Saída de leito carroçável";"Com Vítimas Feridas";"Pleno dia";"Crescente";"Nublado";"Simples";"Reta";"Não";3;0;3;0;0;0;3;1;-25,960152;-50,522354;"SPRF-PR";"DEL02-PR";"UOP04-DEL02-PR"
171656;2018-11-14;"quarta-feira";"23:45:00";"RJ";101;12,9;"CAMPOS DOS GOYTACAZES";"Falta de Atenção à Condução";"Colisão lateral";"Com Vítimas Feridas";"Plena Noite";"Decrescente";"Nublado";"Simples";"Reta";"Não";3;0;2;0;1;0;2;2;-21,3321;-41,3319;"SPRF-RJ";"DEL08-RJ";"UOP01-DEL08-RJ"
171659;2018-11-15;"quinta-feira";"00:25:00";"SP";381;47,2;"ATIBAIA";"Falta de Atenção à Condução";"Tombamento";"Com Vítimas Feridas";"Plena Noite";"Crescente";"Céu Claro";"Dupla";"Reta";"Não";1;0;1;0;0;0;1;1;-23,19126228;-46,58500775;"SPRF-SP";"DEL03-SP";"UOP01-DEL03-SP"
171660;2018-11-14;"quarta-feira";"21:37:00";"RO";364;706;"PORTO VELHO";"Falta de Atenção à Condução";"Colisão traseira";"Com Vítimas Feridas";"Plena Noite";"Decrescente";"Garoa/Chuvisco";"Simples";"Interseção de Vias";"Não";2;0;1;0;1;0;1;2;-8,80103514;-63,82716537;"SPRF-RO";"DEL01-RO";"UOP01-DEL01-RO"
171661;2018-11-14;"quarta-feira";"23:10:00";"PR";277;38;"PARANAGUA";"Ingestão de álcool e/ou substâncias psicoativas pelo pedestre";"Colisão traseira";"Com Vítimas Feridas";"Plena Noite";"Decrescente";"Céu Claro";"Dupla";"Reta";"Não";1;0;1;0;0;0;1;1;-25,64152637;-48,53210449;"SPRF-PR";"DEL01-PR";"UOP05-DEL01-PR"
171662;2018-11-14;"quarta-feira";"23:30:00";"SP";116;194;"SANTA ISABEL";"Falta de Atenção à Condução";"Colisão traseira";"Sem Vítimas";"Plena Noite";"Crescente";"Nublado";"Dupla";"Reta";"Sim";2;0;0;0;2;0;0;2;-23,38586702;-46,2690124;"SPRF-SP";"DEL02-SP";"UOP01-DEL02-SP"
171665;2018-11-15;"quinta-feira";"00:50:00";"MG";116;277;"TEOFILO OTONI";"Falta de Atenção à Condução";"Colisão traseira";"Com Vítimas Feridas";"Pleno dia";"Crescente";"Nublado";"Dupla";"Reta";"Sim";2;0;0;1;1;0;1;2;-17,85966577;-41,51535198;"SPRF-MG";"DEL11-MG";"UOP01-DEL11-MG"
171666;2018-11-15;"quinta-feira";"01:20:00";"DF";40;3,7;"BRASILIA";"Falta de Atenção à Condução";"Colisão traseira";"Com Vítimas Feridas";"Plena Noite";"Crescente";"Chuva";"Dupla";"Reta";"Sim";2;0;1;0;1;0;1;2;-16,003145;-47,983944;"SPRF-DF";"DEL01-DF";"UOP01-DEL01-DF"
171668;2018-11-15;"quinta-feira";"01:05:00";"GO";153;151,7;"CAMPINORTE";"Condutor Dormindo";"Saída de leito carroçável";"Com Vítimas Feridas";"Plena Noite";"Decrescente";"Céu Claro";"Simples";"Reta";"Não";1;0;0;1;0;0;1;1;-14,090996;-49,100246;"SPRF-GO";"DEL07-GO";"UOP02-DEL07-GO"
171669;2018-11-15;"quinta-feira";"01:20:00";"SC";101;209;"SAO JOSE";"Falta de Atenção do Pedestre";"Atropelamento de Pedestre";"Com Vítimas Feridas";"Plena Noite";"Crescente";"Céu Claro";"Dupla";"Reta";"Sim";2;0;1;0;0;1;1;2;-27,60689728;-48,63603288;"SPRF-SC";"DEL01-SC";"UOP01-DEL01-SC"
171670;2018-11-15;"quinta-feira";"00:10:00";"CE";222;2,5;"FORTALEZA";"Ingestão de Álcool";"Colisão transversal";"Sem Vítimas";"Plena Noite";"Decrescente";"Céu Claro";"Múltipla";"Interseção de Vias";"Sim";2;0;0;0;2;0;0;2;-3,73982783;-38,59159648;"SPRF-CE";"DEL01-CE";"UOP01-DEL01-CE"
171671;2018-11-15;"quinta-feira";"01:40:00";"MG";381;454,8;"SABARA";"Falta de Atenção à Condução";"Colisão lateral";"Com Vítimas Feridas";"Plena Noite";"Decrescente";"Céu Claro";"Simples";"Curva";"Não";6;0;5;1;0;0;6;2;-19,83490202;-43,86114813;"SPRF-MG";"DEL01-MG";"UOP01-DEL01-MG"
171673;2018-11-14;"quarta-feira";"19:40:00";"MS";158;10;"CASSILANDIA";"Defeito na Via";"Tombamento";"Com Vítimas Feridas";"Plena Noite";"Crescente";"Garoa/Chuvisco";"Simples";"Reta";"Não";2;0;2;0;0;0;2;1;-19,148396;-51,670933;"SPRF-MS";"DEL08-MS";"UOP01-DEL08-MS"
171676;2018-11-15;"quinta-feira";"03:00:00";"SC";101;201;"SAO JOSE";"Desobediência às normas de trânsito pelo condutor";"Colisão transversal";"Com Vítimas Feridas";"Plena Noite";"Crescente";"Céu Claro";"Múltipla";"Interseção de Vias";"Sim";2;0;1;0;1;0;1;2;-27,5485;-48,6196;"SPRF-SC";"DEL01-SC";"UOP01-DEL01-SC"
171678;2018-11-15;"quinta-feira";"03:50:00";"ES";101;285;"CARIACICA";"Desobediência às normas de trânsito pelo condutor";"Colisão transversal";"Com Vítimas Feridas";"Plena Noite";"Crescente";"Céu Claro";"Simples";"Retorno Regulamentado";"Sim";3;0;0;1;1;1;1;3;-20,25199097;-40,37337184;"SPRF-ES";"DEL01-ES";"UOP01-DEL01-ES"
171681;2018-11-15;"quinta-feira";"03:00:00";"SC";101;151;"ITAPEMA";"Ingestão de Álcool";"Colisão com objeto estático";"Sem Vítimas";"Plena Noite";"Crescente";"Céu Claro";"Dupla";"Reta";"Sim";1;0;0;0;1;0;0;1;-27,12853824;-48,60971045;"SPRF-SC";"DEL04-SC";"UOP03-DEL04-SC"
171685;2018-11-14;"quarta-feira";"19:15:00";"MG";50;133,9;"UBERABA";"Defeito Mecânico no Veículo";"Saída de leito carroçável";"Com Vítimas Feridas";"Plena Noite";"Crescente";"Chuva";"Dupla";"Reta";"Não";1;0;1;0;0;0;1;1;-19,4251;-48,0694;"SPRF-MG";"DEL13-MG";"UOP01-DEL13-MG"
171686;2018-11-15;"quinta-feira";"03:50:00";"MG";381;481;"CONTAGEM";"Falta de Atenção à Condução";"Colisão com objeto estático";"Com Vítimas Feridas";"Plena Noite";"Crescente";"Nublado";"Simples";"Curva";"Sim";2;0;2;0;0;0;2;1;-19,959;-44,0704;"SPRF-MG";"DEL01-MG";"UOP03-DEL01-MG"
171687;2018-11-15;"quinta-feira";"04:05:00";"PR";376;386,7;"IMBAU";"Falta de Atenção à Condução";"Colisão transversal";"Com Vítimas Feridas";"Plena Noite";"Crescente";"Nevoeiro/Neblina";"Dupla";"Reta";"Não";3;0;1;0;2;0;1;2;-24,45355653;-50,75657845;"SPRF-PR";"DEL03-PR";"UOP02-DEL03-PR"
171691;2018-11-15;"quinta-feira";"05:30:00";"ES";101;218;"IBIRACU";"Ingestão de Álcool";"Colisão com objeto estático";"Sem Vítimas";"Amanhecer";"Crescente";"Céu Claro";"Dupla";"Curva";"Não";1;0;0;0;1;0;0;1;-19,85787494;-40,38278222;"SPRF-ES";"DEL02-ES";"UOP01-DEL02-ES"
171692;2018-11-15;"quinta-feira";"00:10:00";"RJ";465;20;"NOVA IGUACU";"Falta de Atenção à Condução";"Atropelamento de Pedestre";"Com Vítimas Feridas";"Amanhecer";"Decrescente";"Nublado";"Simples";"Reta";"Sim";2;0;1;0;1;0;1;2;-22,846828;-43,605339;"SPRF-RJ";"DEL01-RJ";"UOP03-DEL01-RJ"
171693;2018-11-15;"quinta-feira";"06:40:00";"RS";116;295;"ELDORADO DO SUL";"Condutor Dormindo";"Saída de leito carroçável";"Sem Vítimas";"Pleno dia";"Crescente";"Céu Claro";"Dupla";"Reta";"Não";1;0;0;0;1;0;0;1;-30,07971;-51,341549;"SPRF-RS";"DEL02-RS";"UOP01-DEL02-RS"
171694;2018-11-14;"quarta-feira";"17:00:00";"SC";282;163;"BOM RETIRO";"Condutor Dormindo";"Saída de leito carroçável";"Com Vítimas Feridas";"Pleno dia";"Decrescente";"Garoa/Chuvisco";"Simples";"Reta";"Não";1;0;1;0;0;0;1;1;-27,73010946;-49,76742268;"SPRF-SC";"DEL05-SC";"UOP01-DEL05-SC"