"id";"data_inversa";"dia_semana";"horario";"uf";"br";"km";"municipio";"causa_acidente";"tipo_acidente";"classificacao_acidente";"fase_dia";"sentido_via";"condicao_metereologica";"tipo_pista";"tracado_via";"uso_solo";"pessoas";"mortos";"feridos_leves";"feridos_graves";"ilesos";"ignorados";"feridos";"veiculos";"latitude";"longitude";"regional";"delegacia";"uop"
172049;2018-11-16;"sexta-feira";"16:20:00";"AC";364;122,1;"RIO BRANCO";"Falta de Atenção à Condução";"Colisão traseira";"Com Vítimas Feridas";"Pleno dia";"Crescente";"Nublado";"Dupla";"Reta";"Não";3;0;2;0;1;0;2;2;-10,01179146;-67,77405739;"SPRF-AC";"DEL01-AC";"UOP01-DEL01-AC"
172050;2018-11-16;"sexta-feira";"17:00:00";"RJ";101;419;"MANGARATIBA";"Velocidade Incompatível";"Saída de leito carroçável";"Com Vítimas Feridas";"Pleno dia";"Crescente";"Chuva";"Dupla";"Curva";"Não";2;0;2;0;0;0;2;1;-22,91767252;-43,94921901;"SPRF-RJ";"DEL03-RJ";"UOP01-DEL03-RJ"
172052;2018-11-16;"sexta-feira";"19:50:00";"MG";381;2;"BETIM";"Velocidade Incompatível";"Capotamento";"Com Vítimas Feridas";"Plena Noite";"Crescente";"Nublado";"Dupla";"Curva";"Sim";1;0;1;0;0;0;1;1;-19,96825;-44,198708;"SPRF-MG";"DEL01-MG";"UOP03-DEL01-MG"
172053;2018-11-16;"sexta-feira";"17:00:00";"RJ";116;4,7;"SAPUCAIA";"Falta de Atenção à Condução";"Colisão com objeto estático";"Com Vítimas Feridas";"Pleno dia";"Crescente";"Nublado";"Simples";"Reta";"Não";1;0;1;0;0;0;1;1;-21,8995065;-42,6871622;"SPRF-RJ";"DEL04-RJ";"UOP01-DEL04-RJ"
172055;2018-11-16;"sexta-feira";"19:20:00";"BA";242;799;"BARREIRAS";"Falta de Atenção à Condução";"Colisão com objeto em movimento";"Com Vítimas Feridas";"Plena Noite";"Decrescente";"Céu Claro";"Dupla";"Curva";"Não";1;0;1;0;0;0;1;1;-12,11843996;-45,04491046;"SPRF-BA";"DEL10-BA";"UOP01-DEL10-BA"
172056;2018-11-16;"sexta-feira";"16:00:00";"RS";158;565,4;"SANTANA DO LIVRAMENTO";"Falta de Atenção à Condução";"Tombamento";"Com Vítimas Feridas";"Pleno dia";"Decrescente";"Céu Claro";"Simples";"Reta";"Sim";1;0;0;1;0;0;1;1;-30,868536;-55,507889;"SPRF-RS";"DEL11-RS";"UOP01-DEL11-RS"
172057;2018-11-16;"sexta-feira";"19:10:00";"PE";101;74,3;"RECIFE";"Desobediência às normas de trânsito pelo condutor";"Colisão transversal";"Com Vítimas Feridas";"Plena Noite";"Crescente";"Céu Claro";"Simples";"Curva";"Sim";4;0;2;2;0;0;4;2;-8,108328;-34,947553;"SPRF-PE";"DEL01-PE";"UOP01-DEL01-PE"
172058;2018-11-16;"sexta-feira";"18:40:00";"PA";230;120;"MARABA";"Não guardar distância de segurança";"Colisão traseira";"Com Vítimas Feridas";"Plena Noite";"Decrescente";"Nublado";"Dupla";"Ponte";"Sim";3;0;1;2;0;0;3;2;-5,3575912;-49,12262499;"SPRF-PA";"DEL03-PA";"UOP01-DEL03-PA"
172059;2018-11-16;"sexta-feira";"20:00:00";"SP";0;0;"EMBU DAS ARTES";"Falta de Atenção do Pedestre";"Atropelamento de Pedestre";"Com Vítimas Fatais";"Plena Noite";"Não Informado";"Céu Claro";"Múltipla";"Reta";"Sim";2;1;0;0;1;0;0;2;-23,64476007;-46,84028774;"SPRF-SP";"DEL04-SP";"UOP01-DEL04-SP"
172060;2018-11-16;"sexta-feira";"20:15:00";"GO";364;14;"SAO SIMAO";"Animais na Pista";"Atropelamento de Animal";"Com Vítimas Feridas";"Plena Noite";"Decrescente";"Chuva";"Simples";"Reta";"Não";1;0;1;0;0;0;1;1;-18,970104;-50,607689;"SPRF-GO";"DEL05-GO";"UOP02-DEL05-GO"
172061;2018-11-16;"sexta-feira";"19:00:00";"CE";20;426,7;"FORTALEZA";"Desobediência às normas de trânsito pelo condutor";"Colisão transversal";"Com Vítimas Feridas";"Plena Noite";"Decrescente";"Céu Claro";"Dupla";"Reta";"Sim";2;0;0;1;0;1;1;2;-3,86375503;-38,52315248;"SPRF-CE";"DEL01-CE";"UOP02-DEL01-CE"
172062;2018-10-20;"sábado";"13:00:00";"MG";40;632,5;"CONSELHEIRO LAFAIETE";"Desobediência às normas de trânsito pelo condutor";"Colisão transversal";"Com Vítimas Feridas";"Pleno dia";"Decrescente";"Céu Claro";"Simples";"Reta";"Não";3;0;0;1;2;0;1;2;-20,68137834;-43,79426658;"SPRF-MG";"DEL05-MG";"UOP02-DEL05-MG"
172063;2018-11-16;"sexta-feira";"20:25:00";"PR";476;125;"CURITIBA";"Falta de Atenção à Condução";"Colisão traseira";"Sem Vítimas";"Plena Noite";"Decrescente";"Céu Claro";"Simples";"Interseção de Vias";"Sim";3;0;0;0;3;0;0;3;-25,4083;-49,219658;"SPRF-PR";"DEL01-PR";"UOP07-DEL01-PR"
172064;2018-11-16;"sexta-feira";"17:30:00";"AC";364;129;"RIO BRANCO";"Falta de Atenção à Condução";"Colisão traseira";"Com Vítimas Feridas";"Anoitecer";"Crescente";"Garoa/Chuvisco";"Simples";"Reta";"Não";2;0;1;0;1;0;1;2;-10,02696311;-67,83394575;"SPRF-AC";"DEL01-AC";"UOP01-DEL01-AC"
172065;2018-11-16;"sexta-feira";"20:45:00";"RS";468;105;"TRES PASSOS";"Deficiência ou não Acionamento do Sistema de Iluminação/Sinalização do Veículo";"Colisão traseira";"Com Vítimas Feridas";"Plena Noite";"Crescente";"Céu Claro";"Dupla";"Reta";"Sim";2;0;1;0;1;0;1;2;-27,44178897;-53,95028472;"SPRF-RS";"DEL08-RS";"UOP02-DEL08-RS"
172067;2018-11-16;"sexta-feira";"18:00:00";"SP";116;201;"ARUJA";"Ingestão de Álcool";"Saída de leito carroçável";"Sem Vítimas";"Anoitecer";"Decrescente";"Nublado";"Dupla";"Reta";"Sim";1;0;0;0;1;0;0;1;-23,40276491;-46,3175869;"SPRF-SP";"DEL01-SP";"UOP02-DEL01-SP"
172068;2018-11-16;"sexta-feira";"20:00:00";"SC";101;137,2;"BALNEARIO CAMBORIU";"Ingestão de Álcool";"Colisão traseira";"Sem Vítimas";"Anoitecer";"Crescente";"Céu Claro";"Simples";"Reta";"Não";3;0;0;0;3;0;0;3;-27,024;-48,6074;"SPRF-SC";"DEL04-SC";"UOP03-DEL04-SC"
172069;2018-11-16;"sexta-feira";"20:20:00";"RN";101;80;"NATAL";"Desobediência às normas de trânsito pelo condutor";"Colisão transversal";"Sem Vítimas";"Plena Noite";"Decrescente";"Céu Claro";"Dupla";"Rotatória";"Sim";2;0;0;0;2;0;0;2;-5,758523;-35,288063;"SPRF-RN";"DEL02-RN";"UOP01-DEL02-RN"
172070;2018-11-16;"sexta-feira";"20:30:00";"SC";116;194,3;"PONTE ALTA";"Defeito Mecânico no Veículo";"Incêndio";"Sem Vítimas";"Pleno dia";"Crescente";"Nublado";"Dupla";"Aclive;Reta";"Não";3;0;0;0;3;0;0;1;-27,35571648;-50,43597221;"SPRF-SC";"DEL05-SC";"UOP03-DEL05-SC"
172071;2018-11-16;"sexta-feira";"19:45:00";"MA";316;417,5;"PERITORO";"Falta de Atenção do Pedestre";"Atropelamento de Pedestre";"Com Vítimas Fatais";"Plena Noite";"Crescente";"Céu Claro";"Simples";"Reta";"Não";5;1;0;0;4;0;0;2;-4,340756;-44,388462;"SPRF-MA";"DEL03-MA";"UOP01-DEL03-MA"
172072;2018-11-16;"sexta-feira";"20:15:00";"RS";153;52;"ERECHIM";"Desobediência às normas de trânsito pelo condutor";"Tombamento";"Com Vítimas Feridas";"Anoitecer";"Crescente";"Céu Claro";"Simples";"Curva";"Sim";2;0;2;0;0;0;2;1;-27,66308071;-52,28745461;"SPRF-RS";"DEL08-RS";"UOP04-DEL08-RS"
172073;2018-11-16;"sexta-feira";"22:10:00";"SC";101;215;"PALHOCA";"Falta de Atenção à Condução";"Queda de ocupante de veículo";"Com Vítimas Feridas";"Plena Noite";"Crescente";"Nevoeiro/Neblina";"Múltipla";"Rotatória";"Sim";2;0;1;0;1;0;1;1;-27,6601;-48,6774;"SPRF-SC";"DEL01-SC";"UOP02-DEL01-SC"
172076;2018-11-16;"sexta-feira";"20:28:00";"BA";242;413,4;"SEABRA";"Falta de Atenção à Condução";"Colisão lateral";"Com Vítimas Feridas";"Plena Noite";"Crescente";"Céu Claro";"Simples";"Interseção de Vias";"Não";2;0;1;0;1;0;1;2;-12,428083;-41,772006;"SPRF-BA";"DEL10-BA";"UOP03-DEL06-BA"
172077;2018-11-16;"sexta-feira";"19:50:00";"BA";324;519;"FEIRA DE SANTANA";"Falta de Atenção à Condução";"Queda de ocupante de veículo";"Com Vítimas Feridas";"Plena Noite";"Crescente";"Céu Claro";"Simples";"Reta";"Não";2;0;2;0;0;0;2;1;-12,28369437;-38,92762901;"SPRF-BA";"DEL01-BA";"UOP01-DEL01-BA"
172080;2018-11-16;"sexta-feira";"18:05:00";"SC";116;262,9;"CAPAO ALTO";"Falta de Atenção à Condução";"Saída de leito carroçável";"Com Vítimas Feridas";"Anoitecer";"Decrescente";"Céu Claro";"Simples";"Reta";"Não";1;0;1;0;0;0;1;1;-27,92556401;-50,45239449;"SPRF-SC";"DEL05-SC";"UOP02-DEL05-SC"
172083;2018-11-16;"sexta-feira";"20:20:00";"PR";476;200;"LAPA";"Falta de Atenção à Condução";"Colisão lateral";"Com Vítimas Feridas";"Plena Noite";"Crescente";"Céu Claro";"Simples";"Reta";"Não";2;0;2;0;0;0;2;1;-25,7741558;-49,75276709;"SPRF-PR";"DEL02-PR";"UOP04-DEL02-PR"
172085;2018-11-16;"sexta-feira";"18:00:00";"PR";116;17;"CURITIBA";"Falta de Atenção à Condução";"Colisão traseira";"Sem Vítimas";"Pleno dia";"Crescente";"Céu Claro";"Dupla";"Reta";"Sim";3;0;0;0;3;0;0;3;-25,38889273;-49,18870853;"SPRF-PR";"DEL01-PR";"UOP02-DEL01-PR"
172087;2018-11-16;"sexta-feira";"23:00:00";"SP";116;145;"SAO JOSE DOS CAMPOS";"Sinalização da via insuficiente ou inadequada";"Colisão traseira";"Com Vítimas Feridas";"Plena Noite";"Decrescente";"Nublado";"Dupla";"Reta";"Sim";2;0;1;0;1;0;1;2;-23,18741941;-45,85589647;"SPRF-SP";"DEL02-SP";"UOP01-DEL02-SP"
172089;2018-11-16;"sexta-feira";"23:00:00";"RS";386;9,6;"IRAI";"Condutor Dormindo";"Saída de leito carroçável";"Com Vítimas Feridas";"Plena Noite";"Crescente";"Céu Claro";"Simples";"Curva";"Não";2;0;0;2;0;0;2;1;-27,19572683;-53,28188896;"SPRF-RS";"DEL08-RS";"UOP02-DEL08-RS"
172090;2018-11-17;"sábado";"00:35:00";"RS";116;264,7;"CANOAS";"Desobediência às normas de trânsito pelo pedestre";"Colisão com objeto estático";"Com Vítimas Feridas";"Plena Noite";"Decrescente";"Céu Claro";"Múltipla";"Declive";"Sim";1;0;1;0;0;0;1;1;-29,91548059;-51,17754579;"SPRF-RS";"DEL01-RS";"UOP01-DEL01-RS"
172091;2018-11-16;"sexta-feira";"22:30:00";"RJ";101;488;"ANGRA DOS REIS";"Ingestão de Álcool";"Colisão frontal";"Sem Vítimas";"Plena Noite";"Crescente";"Nublado";"Simples";"Curva";"Sim";4;0;0;0;4;0;0;2;-22,95633847;-44,30166006;"SPRF-RJ";"DEL03-RJ";"UOP03-DEL03-RJ"
172093;2018-11-17;"sábado";"00:32:00";"MG";40;507,8;"RIBEIRAO DAS NEVES";"Desobediência às normas de trânsito pelo condutor";"Atropelamento de Pedestre";"Com Vítimas Feridas";"Plena Noite";"Decrescente";"Nublado";"Dupla";"Reta";"Sim";2;0;0;1;1;0;1;2;-19,7628;-44,1322;"SPRF-MG";"DEL02-MG";"UOP01-DEL02-MG"
172094;2018-11-16;"sexta-feira";"23:30:00";"SC";280;150,4;"MAFRA";"Desobediência às normas de trânsito pelo condutor";"Colisão frontal";"Com Vítimas Fatais";"Plena Noite";"Decrescente";"Céu Claro";"Simples";"Reta";"Não";2;1;1;0;0;0;1;2;-26,23452338;-49,68821168;"SPRF-SC";"DEL06-SC";"UOP03-DEL06-SC"
172095;2018-11-17;"sábado";"01:30:00";"PR";116;57,4;"CAMPINA GRANDE DO SUL";"Ingestão de Álcool";"Saída de leito carroçável";"Com Vítimas Feridas";"Plena Noite";"Decrescente";"Céu Claro";"Dupla";"Curva";"Não";3;0;1;0;2;0;1;1;-25,2923923;-48,93422127;"SPRF-PR";"DEL01-PR";"UOP02-DEL01-PR"
172096;2018-11-16;"sexta-feira";"21:35:00";"RO";421;19;"MONTE NEGRO";"Falta de Atenção à Condução";"Capotamento";"Com Vítimas Feridas";"Plena Noite";"Decrescente";"Céu Claro";"Simples";"Reta";"Não";1;0;1;0;0;0;1;1;-10,031675;-63,17823;"SPRF-RO";"DEL03-RO";"DEL21/3-UOP04/RO"
172098;2018-11-16;"sexta-feira";"23:20:00";"PE";232;79;"GRAVATA";"Desobediência às normas de trânsito pelo condutor";"Colisão frontal";"Com Vítimas Feridas";"Plena Noite";"Crescente";"Céu Claro";"Simples";"Rotatória";"Sim";3;0;2;0;1;0;2;2;-8,194617;-35,561974;"SPRF-PE";"DEL01-PE";"UOP02-DEL02PE"
172099;2018-11-17;"sábado";"00:40:00";"MG";153;14,8;"CENTRALINA";"Fenômenos da Natureza";"Saída de leito carroçável";"Com Vítimas Feridas";"Plena Noite";"Crescente";"Chuva";"Dupla";"Reta;Aclive";"Não";1;0;1;0;0;0;1;1;-18,5507;-49,1939;"SPRF-MG";"DEL15-MG";"UOP03-DEL15-MG"
172100;2018-11-17;"sábado";"03:10:00";"MG";381;745;"TRES CORACOES";"Condutor Dormindo";"Colisão com objeto estático";"Com Vítimas Feridas";"Plena Noite";"Crescente";"Nublado";"Dupla";"Curva";"Não";2;0;1;0;1;0;1;1;-21,6148;-45,2614;"SPRF-MG";"DEL16-MG";"UOP02-DEL16-MG"
172101;2018-11-17;"sábado";"03:15:00";"RJ";116;239;"PIRAI";"Pista Escorregadia";"Colisão com objeto estático";"Sem Vítimas";"Plena Noite";"Decrescente";"Nublado";"Dupla";"Curva";"Não";1;0;0;0;1;0;0;1;-22,658323;-43,889694;"SPRF-RJ";"DEL07-RJ";"UOP01-DEL07-RJ"
172102;2018-11-17;"sábado";"02:30:00";"PE";101;42;"IGARASSU";"Velocidade Incompatível";"Saída de leito carroçável";"Com Vítimas Fatais";"Plena Noite";"Decrescente";"Céu Claro";"Múltipla";"Declive;Reta";"Sim";2;1;1;0;0;0;1;1;-7,840354;-34,911799;"SPRF-PE";"DEL01-PE";"UOP02-DEL01-PE"
172103;2018-11-17;"sábado";"02:00:00";"SE";235;28;"AREIA BRANCA";"Falta de Atenção à Condução";"Saída de leito carroçável";"Sem Vítimas";"Plena Noite";"Crescente";"Céu Claro";"Dupla";"Curva";"Não";1;0;0;0;1;0;0;1;-10,79339;-37,278835;"SPRF-SE";"DEL01-SE";"UOP01-DEL01-SE"
172104;2018-11-17;"sábado";"03:15:00";"MS";163;306,3;"DOURADINA";"Animais na Pista";"Atropelamento de Animal";"Com Vítimas Feridas";"Plena Noite";"Decrescente";"Nublado";"Simples";"Reta";"Não";2;0;2;0;0;0;2;1;-21,92775906;-54,53407288;"SPRF-MS";"DEL02-MS";"UOP02-DEL02-MS"
172105;2018-11-17;"sábado";"03:50:00";"SP";116;135;"SAO JOSE DOS CAMPOS";"Objeto estático sobre o leito carroçável";"Colisão com objeto estático";"Sem Vítimas";"Plena Noite";"Crescente";"Nublado";"Dupla";"Reta";"Sim";1;0;0;0;1;0;0;1;-23,144499;-45,77021;"SPRF-SP";"DEL06-SP";"UOP02-DEL02-SP"
172106;2018-11-17;"sábado";"04:00:00";"TO";153;144;"ARAGUAINA";"Pista Escorregadia";"Saída de leito carroçável";"Com Vítimas Feridas";"Plena Noite";"Crescente";"Chuva";"Dupla";"Declive";"Sim";2;0;1;0;1;0;1;1;-7,20221528;-48,23915362;"SPRF-TO";"DEL02-TO";"UOP01-DEL02-TO"
172109;2018-11-17;"sábado";"05:15:00";"SC";101;171,4;"TIJUCAS";"Ingestão de Álcool";"Saída de leito carroçável";"Sem Vítimas";"Plena Noite";"Crescente";"Céu Claro";"Dupla";"Reta";"Não";1;0;0;0;0;1;0;1;-27,3133;-48,6318;"SPRF-SC";"DEL04-SC";"UOP03-DEL04-SC"
172113;2018-11-16;"sexta-feira";"22:10:00";"SC";116;65;"PAPANDUVA";"Não guardar distância de segurança";"Queda de ocupante de veículo";"Com Vítimas Feridas";"Plena Noite";"Crescente";"Céu Claro";"Simples";"Reta";"Não";1;0;1;0;0;0;1;1;-26,382969;-50,216751;"SPRF-SC";"DEL06-SC";"UOP02-DEL06-SC"
172114;2018-11-14;"quarta-feira";"05:20:00";"RS";116;300,3;"GUAIBA";"Falta de Atenção à Condução";"Colisão transversal";"Com Vítimas Feridas";"Plena Noite";"Crescente";"Nublado";"Simples";"Reta";"Sim";2;0;0;1;1;0;1;2;-30,12607797;-51,35031223;"SPRF-RS";"DEL02-RS";"UOP01-DEL02-RS"
172115;2018-11-17;"sábado";"06:00:00";"PR";277;604;"SANTA TEREZA DO OESTE";"Ultrapassagem Indevida";"Colisão lateral";"Com Vítimas Feridas";"Pleno dia";"Decrescente";"Céu Claro";"Simples";"Aclive;Reta";"Não";3;0;1;0;1;1;1;3;-25,029057;-53,569607;"SPRF-PR";"DEL05-PR";"UOP02-DEL05-PR"
172118;2018-11-17;"sábado";"06:20:00";"SC";101;155;"TIJUCAS";"Falta de Atenção à Condução";"Queda de ocupante de veículo";"Sem Vítimas";"Amanhecer";"Decrescente";"Céu Claro";"Dupla";"Curva";"Não";1;0;0;0;0;1;0;1;-27,1719;-48,6115;"SPRF-SC";"DEL04-SC";"UOP03-DEL04-SC"
172121;2018-11-17;"sábado";"07:00:00";"ES";101;262,7;"SERRA";"Defeito Mecânico no Veículo";"Colisão traseira";"Com Vítimas Feridas";"Pleno dia";"Crescente";"Céu Claro";"Simples";"Reta";"Sim";2;0;1;0;1;0;1;2;-20,1852419;-40,26745141;"SPRF-ES";"DEL02-ES";"UOP01-DEL02-ES"
172125;2018-11-17;"sábado";"08:10:00";"PR";476;156,2;"ARAUCARIA";"Avarias e/ou desgaste excessivo no pneu";"Tombamento";"Com Vítimas Feridas";"Pleno dia";"Crescente";"Céu Claro";"Dupla";"Reta";"Sim";2;0;2;0;0;0;2;1;-25,599157;-49,417736;"SPRF-PR";"DEL01-PR";"UOP06-DEL01-PR"
172126;2018-11-17;"sábado";"07:50:00";"GO";50;123,2;"IPAMERI";"Falta de Atenção à Condução";"Saída de leito carroçável";"Com Vítimas Feridas";"Pleno dia";"Crescente";"Céu Claro";"Dupla";"Curva";"Não";1;0;1;0;0;0;1;1;-16,9488;-47,7319;"SPRF-GO";"DEL06-GO";"UOP01-DEL06-GO"
172128;2018-11-17;"sábado";"06:35:00";"MG";262;400,9;"PARA DE MINAS";"Avarias e/ou desgaste excessivo no pneu";"Saída de leito carroçável";"Com Vítimas Feridas";"Amanhecer";"Crescente";"Céu Claro";"Dupla";"Curva";"Não";2;0;2;0;0;0;2;1;-19,8819;-44,6125;"SPRF-MG";"DEL08-MG";"UOP03-DEL08-MG"
172130;2018-11-17;"sábado";"08:35:00";"RS";116;157,1;"CAXIAS DO SUL";"Falta de Atenção à Condução";"Queda de ocupante de veículo";"Com Vítimas Feridas";"Pleno dia";"Decrescente";"Céu Claro";"Simples";"Reta";"Não";3;0;1;0;2;0;1;2;-29,21372118;-51,1781466;"SPRF-RS";"DEL05-RS";"UOP01-DEL05-RS"
172132;2018-04-08;"domingo";"14:00:00";"MG";40;527;"CONTAGEM";"Falta de Atenção à Condução";"Atropelamento de Pedestre";"Com Vítimas Feridas";"Pleno dia";"Crescente";"Céu Claro";"Dupla";"Reta";"Não";2;0;0;1;1;0;1;2;-19,9105;-44,0427;"SPRF-MG";"DEL01-MG";"UOP03-DEL01-MG"
172134;2018-11-17;"sábado";"09:05:00";"PR";369;132,4;"IBIPORA";"Desobediência às normas de trânsito pelo condutor";"Colisão transversal";"Com Vítimas Feridas";"Pleno dia";"Decrescente";"Céu Claro";"Dupla";"Retorno Regulamentado";"Não";3;0;1;0;1;1;1;3;-23,260156;-51,003902;"SPRF-PR";"DEL07-PR";"UOP01-DEL07-PR"
172136;2018-11-13;"terça-feira";"11:30:00";"PA";316;62;"CASTANHAL";"Objeto estático sobre o leito carroçável";"Colisão traseira";"Sem Vítimas";"Pleno dia";"Decrescente";"Céu Claro";"Dupla";"Reta";"Sim";2;0;0;0;2;0;0;2;-1,29666226;-47,93024898;"SPRF-PA";"DEL01-PA";"UOP01-DEL01-PA"
172137;2018-11-17;"sábado";"09:55:00";"ES";101;160;"LINHARES";"Falta de Atenção do Pedestre";"Atropelamento de Pedestre";"Com Vítimas Feridas";"Pleno dia";"Crescente";"Sol";"Simples";"Reta";"Sim";2;0;0;1;1;0;1;2;-19,46764964;-40,10902405;"SPRF-ES";"DEL04-ES";"UOP01-DEL04-ES"
172138;2018-11-17;"sábado";"10:30:00";"SC";101;148;"ITAPEMA";"Avarias e/ou desgaste excessivo no pneu";"Queda de ocupante de veículo";"Com Vítimas Feridas";"Pleno dia";"Decrescente";"Céu Claro";"Dupla";"Reta";"Sim";2;0;1;1;0;0;2;1;-27,109;-48,6126;"SPRF-SC";"DEL04-SC";"UOP03-DEL04-SC"
172141;2018-11-17;"sábado";"09:30:00";"RJ";101;56;"CAMPOS DOS GOYTACAZES";"Desobediência às normas de trânsito pelo condutor";"Colisão frontal";"Com Vítimas Feridas";"Pleno dia";"Decrescente";"Nublado";"Simples";"Reta";"Sim";2;0;1;0;1;0;1;2;-21,687124;-41,310642;"SPRF-RJ";"DEL08-RJ";"UOP01-DEL08-RJ"
172144;2018-11-17;"sábado";"07:30:00";"RJ";101;316;"SAO GONCALO";"Condutor Dormindo";"Colisão com objeto estático";"Com Vítimas Fatais";"Pleno dia";"Decrescente";"Céu Claro";"Dupla";"Reta";"Sim";1;1;0;0;0;0;0;1;-22,828388;-43,092102;"SPRF-RJ";"DEL02-RJ";"DEL5/2-UOP04/RJ"
172145;2018-11-17;"sábado";"11:35:00";"SC";470;32;"GASPAR";"Falta de Atenção à Condução";"Tombamento";"Com Vítimas Feridas";"Pleno dia";"Crescente";"Sol";"Simples";"Reta";"Não";1;0;1;0;0;0;1;1;-26,90174017;-48,93182689;"SPRF-SC";"DEL04-SC";"UOP01-DEL04-SC"
172147;2018-11-17;"sábado";"08:20:00";"PE";423;147;"IATI";"Falta de Atenção à Condução";"Colisão transversal";"Com Vítimas Feridas";"Pleno dia";"Decrescente";"Céu Claro";"Simples";"Aclive";"Não";5;0;2;3;0;0;5;2;-9,01827935;-36,88030644;"SPRF-PE";"DEL03-PE";"UOP01-DEL03-PE"
172149;2018-11-17;"sábado";"05:30:00";"PB";230;277,1;"SANTA LUZIA";"Falta de Atenção à Condução";"Saída de leito carroçável";"Sem Vítimas";"Amanhecer";"Decrescente";"Céu Claro";"Simples";"Curva";"Não";1;0;0;0;1;0;0;1;-6,96229648;-36,80284739;"SPRF-PB";"DEL03-PB";"UOP01-DEL03-PB"
172150;2018-11-17;"sábado";"11:00:00";"PB";230;498,1;"CAJAZEIRAS";"Falta de Atenção à Condução";"Saída de leito carroçável";"Com Vítimas Feridas";"Pleno dia";"Crescente";"Céu Claro";"Simples";"Curva;Declive";"Não";1;0;0;1;0;0;1;1;-6,900457;-38,503507;"SPRF-PB";"DEL03-PB";"UOP03-DEL03-PB"
172153;2018-11-17;"sábado";"13:00:00";"GO";60;383;"RIO VERDE";"Velocidade Incompatível";"Saída de leito carroçável";"Com Vítimas Feridas";"Pleno dia";"Crescente";"Nublado";"Dupla";"Declive";"Sim";2;0;0;1;1;0;1;2;-17,7845;-50,9002;"SPRF-GO";"DEL04-GO";"UOP01-DEL04-GO"
172155;2018-11-17;"sábado";"13:30:00";"MG";381;495;"BETIM";"Falta de Atenção à Condução";"Colisão traseira";"Com Vítimas Feridas";"Pleno dia";"Decrescente";"Sol";"Dupla";"Reta;Declive";"Sim";2;0;1;0;1;0;1;2;-19,9754;-44,1937;"SPRF-MG";"DEL01-MG";"UOP03-DEL01-MG"
172156;2018-11-17;"sábado";"12:10:00";"SC";280;7,7;"SAO FRANCISCO DO SUL";"Defeito Mecânico no Veículo";"Colisão traseira";"Com Vítimas Feridas";"Pleno dia";"Decrescente";"Céu Claro";"Simples";"Interseção de Vias";"Sim";3;0;1;0;2;0;1;2;-26,27626822;-48,64488065;"SPRF-SC";"DEL03-SC";"UOP03-DEL03-SC"
172157;2018-11-17;"sábado";"12:35:00";"RN";427;97,2;"CAICO";"Falta de Atenção à Condução";"Colisão lateral";"Com Vítimas Feridas";"Pleno dia";"Crescente";"Céu Claro";"Simples";"Reta";"Sim";2;0;1;0;1;0;1;2;-6,46859876;-37,08788037;"SPRF-RN";"DEL03-RN";"UOP01-DEL03-RN"
172158;2018-11-17;"sábado";"13:30:00";"SP";116;56,6;"LORENA";"Condutor Dormindo";"Colisão traseira";"Com Vítimas Feridas";"Pleno dia";"Decrescente";"Sol";"Dupla";"Reta";"Não";2;0;1;0;1;0;1;2;-22,77143314;-45,13348818;"SPRF-SP";"DEL08-SP";"UOP01-DEL08-SP"
172159;2018-11-17;"sábado";"08:00:00";"BA";101;263;"SANTO ANTONIO DE JESUS";"Falta de Atenção à Condução";"Colisão lateral";"Com Vítimas Feridas";"Pleno dia";"Decrescente";"Céu Claro";"Simples";"Reta";"Não";3;0;1;0;0;2;1;2;-12,979939;-39,285099;"SPRF-BA";"DEL01-BA";"UOP02-DEL01-BA"
172160;2018-11-17;"sábado";"13:00:00";"PR";116;9,2;"COLOMBO";"Velocidade Incompatível";"Colisão com objeto estático";"Sem Vítimas";"Pleno dia";"Decrescente";"Sol";"Dupla";"Reta";"Sim";2;0;0;0;1;1;0;2;-25,3708;-49,1246;"SPRF-PR";"DEL01-PR";"UOP02-DEL01-PR"
172163;2018-11-17;"sábado";"13:50:00";"PR";376;200;"MARIALVA";"Falta de Atenção à Condução";"Saída de leito carroçável";"Com Vítimas Feridas";"Pleno dia";"Crescente";"Céu Claro";"Dupla";"Declive";"Não";1;0;1;0;0;0;1;1;-23,50764474;-51,73088551;"SPRF-PR";"DEL07-PR";"UOP01-DEL09-PR"
172164;2018-11-17;"sábado";"13:00:00";"PB";230;61,9;"CRUZ DO ESPIRITO SANTO";"Ingestão de Álcool";"Colisão traseira";"Com Vítimas Feridas";"Pleno dia";"Crescente";"Sol";"Múltipla";"Reta";"Sim";2;0;0;1;1;0;1;2;-7,202268;-35,156781;"SPRF-PB";"DEL01-PB";"UOP03-DEL01-PB"
172169;2018-11-17;"sábado";"12:40:00";"RN";101;82,2;"SAO GONCALO DO AMARANTE";"Falta de Atenção à Condução";"Colisão traseira";"Com Vítimas Feridas";"Pleno dia";"Decrescente";"Céu Claro";"Dupla";"Reta";"Sim";3;0;2;1;0;0;3;2;-5,76738132;-35,27582824;"SPRF-RN";"DEL02-RN";"UOP01-DEL02-RN"
172171;2018-11-17;"sábado";"08:05:00";"SC";116;178,9;"SAO CRISTOVAO DO SUL";"Desobediência às normas de trânsito pelo condutor";"Colisão transversal";"Com Vítimas Feridas";"Pleno dia";"Decrescente";"Céu Claro";"Simples";"Interseção de Vias";"Sim";2;0;0;1;1;0;1;2;-27,26056188;-50,4472822;"SPRF-SC";"DEL05-SC";"UOP03-DEL05-SC"