"id";"data_inversa";"dia_semana";"horario";"uf";"br";"km";"municipio";"causa_acidente";"tipo_acidente";"classificacao_acidente";"fase_dia";"sentido_via";"condicao_metereologica";"tipo_pista";"tracado_via";"uso_solo";"pessoas";"mortos";"feridos_leves";"feridos_graves";"ilesos";"ignorados";"feridos";"veiculos";"latitude";"longitude";"regional";"delegacia";"uop"
172172;2018-11-17;"sábado";"09:00:00";"RJ";393;267,3;"BARRA DO PIRAI";"Defeito Mecânico no Veículo";"Tombamento";"Com Vítimas Feridas";"Pleno dia";"Crescente";"Céu Claro";"Simples";"Reta";"Não";1;0;1;0;0;0;1;1;-22,47654469;-43,93619567;"SPRF-RJ";"DEL05-RJ";"UOP04-DEL05-RJ"
172174;2018-11-17;"sábado";"14:30:00";"PR";277;81,4;"CURITIBA";"Objeto estático sobre o leito carroçável";"Colisão traseira";"Com Vítimas Feridas";"Pleno dia";"Crescente";"Céu Claro";"Dupla";"Reta";"Sim";3;0;1;0;2;0;1;2;-25,46590426;-49,21600342;"SPRF-PR";"DEL01-PR";"UOP01-DEL01-PR"
172176;2018-11-17;"sábado";"15:20:00";"SC";470;43,2;"GASPAR";"Ingestão de Álcool";"Colisão lateral";"Com Vítimas Feridas";"Pleno dia";"Decrescente";"Céu Claro";"Simples";"Curva";"Não";3;0;1;1;1;0;2;3;-26,87288635;-49,01449974;"SPRF-SC";"DEL04-SC";"UOP01-DEL04-SC"
172177;2018-11-13;"terça-feira";"17:20:00";"MS";163;470,6;"CAMPO GRANDE";"Desobediência às normas de trânsito pelo condutor";"Colisão frontal";"Com Vítimas Feridas";"Pleno dia";"Crescente";"Céu Claro";"Simples";"Interseção de Vias";"Não";2;0;0;1;1;0;1;2;-20,5550137;-54,5558328;"SPRF-MS";"DEL01-MS";"UOP01-DEL01-MS"
172178;2018-11-17;"sábado";"15:00:00";"GO";153;429,6;"ANAPOLIS";"Velocidade Incompatível";"Colisão com objeto estático";"Com Vítimas Feridas";"Pleno dia";"Crescente";"Céu Claro";"Dupla";"Retorno Regulamentado";"Não";2;0;1;0;1;0;1;1;-16,2496573;-48,99739265;"SPRF-GO";"DEL02-GO";"UOP01-DEL02-GO"
172180;2018-11-17;"sábado";"14:00:00";"MT";163;669;"LUCAS DO RIO VERDE";"Falta de Atenção à Condução";"Colisão traseira";"Com Vítimas Feridas";"Pleno dia";"Crescente";"Nublado";"Simples";"Reta";"Não";3;0;2;1;0;0;3;2;-13,14802401;-55,96959114;"SPRF-MT";"DEL06-MT";"UOP01-DEL06-MT"
172182;2018-11-17;"sábado";"14:20:00";"BA";116;419;"FEIRA DE SANTANA";"Desobediência às normas de trânsito pelo condutor";"Tombamento";"Com Vítimas Feridas";"Pleno dia";"Crescente";"Céu Claro";"Múltipla";"Reta";"Sim";2;0;1;0;1;0;1;1;-12,20212005;-38,96558762;"SPRF-BA";"DEL02-BA";"UOP01-DEL02-BA"
172183;2018-11-17;"sábado";"12:30:00";"RN";101;77,2;"SAO GONCALO DO AMARANTE";"Desobediência às normas de trânsito pelo condutor";"Colisão traseira";"Sem Vítimas";"Pleno dia";"Decrescente";"Céu Claro";"Dupla";"Reta";"Não";2;0;0;0;2;0;0;2;-5,73409717;-35,29098809;"SPRF-RN";"DEL02-RN";"UOP01-DEL02-RN"
172185;2018-11-17;"sábado";"14:30:00";"CE";222;20,5;"CAUCAIA";"Ingestão de Álcool";"Colisão transversal";"Com Vítimas Feridas";"Pleno dia";"Crescente";"Céu Claro";"Simples";"Reta";"Sim";2;0;0;1;1;0;1;2;-3,73730122;-38,74261558;"SPRF-CE";"DEL01-CE";"UOP01-DEL01-CE"
172186;2018-11-17;"sábado";"15:25:00";"SC";101;233;"PALHOCA";"Mal Súbito";"Saída de leito carroçável";"Sem Vítimas";"Pleno dia";"Decrescente";"Céu Claro";"Dupla";"Curva;Declive";"Não";1;0;0;0;1;0;0;1;-27,8102;-48,6355;"SPRF-SC";"DEL01-SC";"UOP02-DEL01-SC"
172187;2018-11-17;"sábado";"12:00:00";"SC";280;269,5;"IRINEOPOLIS";"Falta de Atenção à Condução";"Saída de leito carroçável";"Com Vítimas Feridas";"Pleno dia";"Crescente";"Céu Claro";"Simples";"Curva";"Não";1;0;0;1;0;0;1;1;-26,263792;-50,727642;"SPRF-SC";"DEL06-SC";"UOP04-DEL06-SC"
172188;2018-11-17;"sábado";"13:00:00";"MG";116;25;"CACHOEIRA DE PAJEU";"Desobediência às normas de trânsito pelo condutor";"Colisão transversal";"Com Vítimas Feridas";"Pleno dia";"Crescente";"Céu Claro";"Simples";"Interseção de Vias";"Não";3;0;1;0;2;0;1;2;-15,9679;-41,4957;"SPRF-BA";"DEL08-BA";"UOP03-DEL08-BA"
172189;2018-11-17;"sábado";"15:30:00";"SC";282;163,6;"BOM RETIRO";"Velocidade Incompatível";"Saída de leito carroçável";"Com Vítimas Feridas";"Pleno dia";"Decrescente";"Céu Claro";"Simples";"Reta";"Não";3;0;2;0;1;0;2;1;-27,729801;-49,783264;"SPRF-SC";"DEL05-SC";"UOP01-DEL05-SC"
172190;2018-11-13;"terça-feira";"06:54:00";"ES";101;164;"LINHARES";"Falta de Atenção à Condução";"Saída de leito carroçável";"Com Vítimas Feridas";"Pleno dia";"Crescente";"Céu Claro";"Simples";"Reta";"Não";1;0;1;0;0;0;1;1;-19,49239018;-40,12777805;"SPRF-ES";"DEL04-ES";"UOP01-DEL04-ES"
172191;2018-11-17;"sábado";"14:00:00";"PE";232;504,7;"VERDEJANTE";"Ingestão de Álcool";"Saída de leito carroçável";"Com Vítimas Feridas";"Pleno dia";"Crescente";"Sol";"Simples";"Reta";"Não";2;0;1;1;0;0;2;1;-8,042959;-39,067525;"SPRF-PE";"DEL05-PE";"UOP01-DEL05-PE"
172193;2018-11-17;"sábado";"15:35:00";"BA";324;513,8;"FEIRA DE SANTANA";"Falta de Atenção à Condução";"Colisão frontal";"Com Vítimas Feridas";"Pleno dia";"Decrescente";"Céu Claro";"Simples";"Interseção de Vias";"Sim";3;0;1;0;2;0;1;2;-12,23247659;-38,95071208;"SPRF-BA";"DEL02-BA";"UOP01-DEL02-BA"
172195;2018-11-17;"sábado";"15:30:00";"RJ";40;119;"DUQUE DE CAXIAS";"Desobediência às normas de trânsito pelo condutor";"Capotamento";"Sem Vítimas";"Pleno dia";"Crescente";"Sol";"Múltipla";"Reta";"Não";2;0;0;0;0;2;0;2;-22,75966045;-43,28698575;"SPRF-RJ";"DEL01-RJ";"UOP01-DEL01-RJ"
172196;2018-11-17;"sábado";"13:50:00";"BA";110;381,6;"SAO SEBASTIAO DO PASSE";"Falta de Atenção à Condução";"Saída de leito carroçável";"Com Vítimas Feridas";"Pleno dia";"Crescente";"Céu Claro";"Simples";"Curva";"Não";1;0;1;0;0;0;1;1;-12,56589571;-38,5278511;"SPRF-BA";"DEL01-BA";"UOP04-DEL01-BA"
172198;2018-11-17;"sábado";"16:40:00";"RJ";101;456;"ANGRA DOS REIS";"Falta de Atenção à Condução";"Colisão transversal";"Com Vítimas Feridas";"Pleno dia";"Crescente";"Céu Claro";"Simples";"Reta";"Sim";2;0;0;1;1;0;1;2;-23,03147805;-44,17194307;"SPRF-RJ";"DEL03-RJ";"UOP03-DEL03-RJ"
172199;2018-11-17;"sábado";"14:30:00";"RO";319;64;"PORTO VELHO";"Falta de Atenção à Condução";"Colisão transversal";"Com Vítimas Feridas";"Pleno dia";"Crescente";"Sol";"Dupla";"Interseção de Vias";"Sim";3;0;3;0;0;0;3;2;-8,76611165;-63,88461828;"SPRF-RO";"DEL01-RO";"UOP01-DEL01-RO"
172200;2018-11-17;"sábado";"15:20:00";"PB";101;77,1;"SANTA RITA";"Velocidade Incompatível";"Colisão com objeto estático";"Com Vítimas Fatais";"Pleno dia";"Decrescente";"Céu Claro";"Dupla";"Reta";"Não";2;1;0;1;0;0;1;1;-7,1018;-34,96509;"SPRF-PB";"DEL01-PB";"UOP01-DEL01-PB"
172201;2018-11-17;"sábado";"17:15:00";"SP";116;68,9;"APARECIDA";"Defeito Mecânico no Veículo";"Queda de ocupante de veículo";"Com Vítimas Feridas";"Pleno dia";"Decrescente";"Sol";"Dupla";"Reta";"Sim";2;0;2;0;0;0;2;1;-22,8585442;-45,2337398;"SPRF-SP";"DEL08-SP";"UOP01-DEL08-SP"
172202;2018-11-17;"sábado";"15:20:00";"PB";101;89;"JOAO PESSOA";"Sinalização da via insuficiente ou inadequada";"Atropelamento de Pedestre";"Com Vítimas Fatais";"Pleno dia";"Decrescente";"Céu Claro";"Dupla";"Declive";"Não";2;1;0;0;1;0;0;2;-7,17072869;-34,8975563;"SPRF-PB";"DEL01-PB";"UOP01-DEL01-PB"
172203;2018-11-17;"sábado";"13:00:00";"PR";476;132;"CURITIBA";"Ingestão de Álcool";"Colisão traseira";"Sem Vítimas";"Pleno dia";"Decrescente";"Céu Claro";"Dupla";"Reta";"Sim";2;0;0;0;2;0;0;2;-25,460718;-49,250488;"SPRF-PR";"DEL01-PR";"UOP07-DEL01-PR"
172204;2018-11-17;"sábado";"17:00:00";"GO";70;339,4;"SANTA FE DE GOIAS";"Pista Escorregadia";"Saída de leito carroçável";"Com Vítimas Feridas";"Pleno dia";"Decrescente";"Chuva";"Simples";"Reta";"Não";4;0;4;0;0;0;4;1;-15,88952235;-51,09131813;"SPRF-GO";"DEL04-GO";"UOP01-DEL04-GO"
172205;2018-10-20;"sábado";"15:46:00";"PR";476;133;"CURITIBA";"Falta de Atenção à Condução";"Queda de ocupante de veículo";"Com Vítimas Feridas";"Pleno dia";"Crescente";"Ignorado";"Dupla";"Reta";"Sim";2;0;1;0;0;1;1;2;-25,469219;-49,254143;"SPRF-PR";"DEL01-PR";"UOP07-DEL01-PR"
172206;2018-11-17;"sábado";"09:45:00";"MG";267;51,4;"MARIPA DE MINAS";"Pista Escorregadia";"Saída de leito carroçável";"Com Vítimas Feridas";"Pleno dia";"Crescente";"Chuva";"Simples";"Aclive";"Não";3;0;2;0;0;1;2;2;-21,7226;-43,0077;"SPRF-MG";"DEL07-MG";"UOP01-DEL07-MG"
172207;2018-11-17;"sábado";"11:00:00";"MG";116;761,5;"LEOPOLDINA";"Falta de Atenção à Condução";"Colisão transversal";"Com Vítimas Feridas";"Pleno dia";"Crescente";"Garoa/Chuvisco";"Simples";"Reta;Interseção de Vias";"Sim";2;0;1;0;1;0;1;2;-21,52207715;-42,61785951;"SPRF-MG";"DEL07-MG";"UOP01-DEL07-MG"
172210;2018-11-17;"sábado";"13:40:00";"PR";116;168;"QUITANDINHA";"Falta de Atenção à Condução";"Colisão transversal";"Com Vítimas Feridas";"Pleno dia";"Crescente";"Sol";"Simples";"Retorno Regulamentado";"Sim";3;0;1;1;1;0;2;2;-25,874659;-49,48101;"SPRF-PR";"DEL01-PR";"UOP03-DEL01-PR"
172213;2018-11-17;"sábado";"18:30:00";"MG";40;778,3;"JUIZ DE FORA";"Falta de Atenção à Condução";"Colisão com objeto estático";"Com Vítimas Feridas";"Anoitecer";"Decrescente";"Nublado";"Dupla";"Curva";"Não";6;0;4;0;2;0;4;1;-21,6240798;-43,45427513;"SPRF-MG";"DEL05-MG";"UOP01-DEL05-MG"
172214;2018-11-17;"sábado";"17:15:00";"ES";262;110;"VENDA NOVA DO IMIGRANTE";"Ingestão de Álcool";"Colisão transversal";"Sem Vítimas";"Pleno dia";"Crescente";"Nublado";"Simples";"Reta";"Não";2;0;0;0;2;0;0;2;-20,3365;-41,1839;"SPRF-ES";"DEL01-ES";"UOP02-DEL01-ES"
172215;2018-11-17;"sábado";"11:20:00";"PB";230;12;"CABEDELO";"Não guardar distância de segurança";"Queda de ocupante de veículo";"Com Vítimas Feridas";"Pleno dia";"Decrescente";"Céu Claro";"Dupla";"Interseção de Vias";"Sim";1;0;0;1;0;0;1;1;-7,06413933;-34,85014558;"SPRF-PB";"DEL01-PB";"UOP01-DEL01-PB"
172219;2018-11-17;"sábado";"19:20:00";"GO";20;174,6;"ALVORADA DO NORTE";"Falta de Atenção à Condução";"Colisão com objeto estático";"Sem Vítimas";"Anoitecer";"Crescente";"Chuva";"Simples";"Reta";"Não";1;0;0;0;1;0;0;1;-14,519481;-46,528156;"SPRF-DF";"DEL02-DF";"UOP03-DEL02-DF"
172220;2018-11-17;"sábado";"19:10:00";"PR";153;21,8;"JACAREZINHO";"Falta de Atenção à Condução";"Colisão traseira";"Sem Vítimas";"Anoitecer";"Crescente";"Céu Claro";"Simples";"Curva";"Não";2;0;0;0;1;1;0;2;-23,158165;-49,959606;"SPRF-PR";"DEL07-PR";"UOP04-DEL07-PR"
172222;2018-11-17;"sábado";"18:20:00";"PI";316;283,8;"DOM EXPEDITO LOPES";"Falta de Atenção do Pedestre";"Atropelamento de Pedestre";"Com Vítimas Feridas";"Anoitecer";"Decrescente";"Céu Claro";"Simples";"Reta";"Não";2;0;1;1;0;0;2;2;-6,96905;-41,65692;"SPRF-PI";"DEL04-PI";"UOP01-DEL04-PI"
172223;2018-11-17;"sábado";"16:00:00";"MT";163;604;"NOVA MUTUM";"Falta de Atenção à Condução";"Queda de ocupante de veículo";"Com Vítimas Feridas";"Pleno dia";"Decrescente";"Céu Claro";"Simples";"Reta";"Não";1;0;1;0;0;0;1;1;-13,80340812;-56,07559204;"SPRF-MT";"DEL01-MT";"UOP01-DEL01-MT"
172224;2018-11-17;"sábado";"19:10:00";"SC";101;183,8;"BIGUACU";"Pista Escorregadia";"Tombamento";"Com Vítimas Feridas";"Pleno dia";"Decrescente";"Céu Claro";"Dupla";"Retorno Regulamentado";"Sim";1;0;1;0;0;0;1;1;-27,42689964;-48,62411315;"SPRF-SC";"DEL01-SC";"UOP01-DEL01-SC"
172225;2018-11-17;"sábado";"18:35:00";"SP";101;49,3;"UBATUBA";"Ingestão de Álcool";"Colisão lateral";"Sem Vítimas";"Pleno dia";"Crescente";"Céu Claro";"Dupla";"Reta";"Sim";3;0;0;0;3;0;0;2;-23,44821106;-45,07951707;"SPRF-SP";"DEL06-SP";"UOP01-DEL06-SP"
172226;2018-11-17;"sábado";"19:30:00";"RS";116;148;"CAXIAS DO SUL";"Ingestão de Álcool";"Saída de leito carroçável";"Sem Vítimas";"Anoitecer";"Decrescente";"Nublado";"Dupla";"Curva";"Sim";1;0;0;0;1;0;0;1;-29,15444;-51,151005;"SPRF-RS";"DEL05-RS";"UOP01-DEL05-RS"
172227;2018-11-17;"sábado";"19:55:00";"PR";277;75;"SAO JOSE DOS PINHAIS";"Falta de Atenção do Pedestre";"Atropelamento de Pedestre";"Com Vítimas Feridas";"Plena Noite";"Crescente";"Céu Claro";"Dupla";"Viaduto;Declive;Reta";"Sim";3;0;0;1;2;0;1;2;-25,49497117;-49,16492334;"SPRF-PR";"DEL01-PR";"UOP01-DEL01-PR"
172228;2018-11-17;"sábado";"19:45:00";"RS";158;328,3;"SANTA MARIA";"Desobediência às normas de trânsito pelo condutor";"Saída de leito carroçável";"Sem Vítimas";"Plena Noite";"Decrescente";"Chuva";"Simples";"Reta";"Sim";2;0;0;0;0;2;0;2;-29,711109;-53,819717;"SPRF-RS";"DEL09-RS";"UOP01-DEL09-RS"
172232;2018-11-17;"sábado";"15:55:00";"PR";476;158,5;"ARAUCARIA";"Falta de Atenção à Condução";"Colisão traseira";"Com Vítimas Feridas";"Pleno dia";"Crescente";"Céu Claro";"Simples";"Reta";"Não";2;0;1;0;1;0;1;2;-25,61038387;-49,42278939;"SPRF-PR";"DEL01-PR";"UOP06-DEL01-PR"
172233;2018-11-17;"sábado";"20:00:00";"ES";101;298,8;"VIANA";"Desobediência às normas de trânsito pelo condutor";"Colisão transversal";"Com Vítimas Feridas";"Plena Noite";"Crescente";"Céu Claro";"Dupla";"Reta";"Sim";2;0;1;0;0;1;1;2;-20,35829543;-40,42226851;"SPRF-ES";"DEL01-ES";"UOP01-DEL01-ES"
172234;2018-11-17;"sábado";"19:10:00";"PE";232;335,7;"CUSTODIA";"Falta de Atenção à Condução";"Capotamento";"Com Vítimas Fatais";"Plena Noite";"Decrescente";"Céu Claro";"Simples";"Reta";"Sim";1;1;0;0;0;0;0;1;-8,08943783;-37,62066579;"SPRF-PE";"DEL03-PE";"UOP02-DEL03-PE"
172235;2018-11-17;"sábado";"20:00:00";"PR";158;337,5;"PALMITAL";"Falta de Atenção à Condução";"Saída de leito carroçável";"Com Vítimas Fatais";"Plena Noite";"Crescente";"Céu Claro";"Simples";"Reta";"Não";2;1;0;1;0;0;1;1;-24,9753;-52,301;"SPRF-PR";"DEL04-PR";"UOP02-DEL04-PR"
172237;2018-11-17;"sábado";"18:50:00";"PI";343;185;"PIRIPIRI";"Falta de Atenção à Condução";"Saída de leito carroçável";"Sem Vítimas";"Plena Noite";"Decrescente";"Céu Claro";"Simples";"Rotatória";"Não";1;0;0;0;0;1;0;1;-4,27657164;-41,76280975;"SPRF-PI";"DEL02-PI";"UOP01-DEL02-PI"
172239;2018-11-17;"sábado";"20:49:00";"GO";153;437,2;"ANAPOLIS";"Ingestão de Álcool";"Colisão traseira";"Sem Vítimas";"Plena Noite";"Crescente";"Céu Claro";"Dupla";"Aclive;Reta";"Sim";2;0;0;0;2;0;0;2;-16,29554978;-48,93158197;"SPRF-GO";"DEL02-GO";"UOP01-DEL02-GO"
172240;2018-11-17;"sábado";"20:15:00";"PR";277;717,9;"SANTA TEREZINHA DE ITAIPU";"Defeito Mecânico no Veículo";"Queda de ocupante de veículo";"Com Vítimas Feridas";"Plena Noite";"Crescente";"Céu Claro";"Dupla";"Reta";"Não";2;0;2;0;0;0;2;1;-25,47954198;-54,48480606;"SPRF-PR";"DEL05-PR";"UOP01-DEL05-PR"
172244;2018-11-17;"sábado";"21:00:00";"RS";116;39,3;"VACARIA";"Desobediência às normas de trânsito pelo condutor";"Colisão transversal";"Com Vítimas Feridas";"Anoitecer";"Crescente";"Nublado";"Simples";"Interseção de Vias";"Sim";4;0;2;0;2;0;2;2;-28,51417896;-50,93506336;"SPRF-RS";"DEL05-RS";"UOP03-DEL05-RS"
172245;2018-11-17;"sábado";"21:00:00";"MG";262;436;"NOVA SERRANA";"Falta de Atenção à Condução";"Saída de leito carroçável";"Com Vítimas Feridas";"Plena Noite";"Crescente";"Nublado";"Dupla";"Curva";"Sim";5;0;4;1;0;0;5;1;-19,897837;-44,860321;"SPRF-MG";"DEL08-MG";"UOP03-DEL08-MG"
172246;2018-11-17;"sábado";"20:00:00";"AL";316;244,6;"ATALAIA";"Falta de Atenção à Condução";"Colisão frontal";"Com Vítimas Feridas";"Plena Noite";"Decrescente";"Céu Claro";"Simples";"Reta";"Sim";2;0;0;1;1;0;1;2;-9,510221;-36,004715;"SPRF-AL";"DEL01-AL";"UOP01-DEL01-AL"
172247;2018-11-17;"sábado";"20:40:00";"GO";60;173;"ABADIA DE GOIAS";"Agressão Externa";"Colisão com objeto estático";"Sem Vítimas";"Plena Noite";"Crescente";"Chuva";"Múltipla";"Reta";"Sim";1;0;0;0;1;0;0;1;-16,749192;-49,427204;"SPRF-GO";"DEL01-GO";"UOP02-DEL01-GO"
172249;2018-11-17;"sábado";"17:00:00";"PR";376;40;"NOVA LONDRINA";"Falta de Atenção à Condução";"Colisão lateral";"Sem Vítimas";"Pleno dia";"Decrescente";"Sol";"Simples";"Reta";"Não";6;0;0;0;6;0;0;2;-22,82697862;-53,00233841;"SPRF-PR";"DEL07-PR";"UOP02-DEL09-PR"
172251;2018-11-17;"sábado";"20:44:00";"SE";235;3;"NOSSA SENHORA DO SOCORRO";"Desobediência às normas de trânsito pelo pedestre";"Atropelamento de Pedestre";"Com Vítimas Feridas";"Plena Noite";"Crescente";"Céu Claro";"Dupla";"Reta";"Sim";3;0;1;2;0;0;3;2;-10,9050746;-37,1235794;"SPRF-SE";"DEL01-SE";"UOP01-DEL01-SE"
172252;2018-11-17;"sábado";"21:45:00";"MG";381;501,6;"BETIM";"Avarias e/ou desgaste excessivo no pneu";"Queda de ocupante de veículo";"Com Vítimas Fatais";"Plena Noite";"Crescente";"Céu Claro";"Dupla";"Reta";"Não";2;1;1;0;0;0;1;1;-20,0173;-44,2243;"SPRF-MG";"DEL01-MG";"UOP03-DEL01-MG"
172253;2018-11-17;"sábado";"21:40:00";"SP";116;8,2;"QUELUZ";"Desobediência às normas de trânsito pelo condutor";"Colisão frontal";"Com Vítimas Feridas";"Plena Noite";"Crescente";"Céu Claro";"Simples";"Retorno Regulamentado";"Sim";2;0;2;0;0;0;2;2;-22,53660947;-44,7733748;"SPRF-SP";"DEL08-SP";"UOP02-DEL08-SP"
172254;2018-11-17;"sábado";"20:30:00";"BA";324;556,5;"AMELIA RODRIGUES";"Condutor Dormindo";"Capotamento";"Com Vítimas Feridas";"Plena Noite";"Crescente";"Céu Claro";"Dupla";"Reta";"Não";1;0;1;0;0;0;1;1;-12,43959392;-38,72520268;"SPRF-BA";"DEL01-BA";"UOP01-DEL01-BA"
172255;2018-11-17;"sábado";"21:00:00";"RS";0;0;"PELOTAS";"Não guardar distância de segurança";"Colisão traseira";"Sem Vítimas";"Plena Noite";"Não Informado";"Chuva";"Dupla";"Reta";"Sim";3;0;0;0;2;1;0;3;-31,70153601;-52,33971099;"SPRF-RS";"DEL07-RS";"UOP02-DEL07-RS"
172257;2018-11-17;"sábado";"21:00:00";"PE";423;43;"CACHOEIRINHA";"Falta de Atenção à Condução";"Colisão lateral";"Sem Vítimas";"Plena Noite";"Crescente";"Céu Claro";"Simples";"Reta";"Não";5;0;0;0;4;1;0;3;-8,5282005;-36,26209514;"SPRF-PE";"DEL03-PE";"UOP01-DEL03-PE"
172258;2018-11-17;"sábado";"20:27:00";"SC";101;333,1;"TUBARAO";"Ingestão de Álcool";"Colisão transversal";"Com Vítimas Feridas";"Plena Noite";"Crescente";"Nublado";"Múltipla";"Reta";"Sim";6;0;2;1;1;2;3;3;-28,4677953;-49,01021361;"SPRF-SC";"DEL02-SC";"UOP01-DEL02-SC"
172260;2018-11-17;"sábado";"21:00:00";"BA";116;761,8;"POCOES";"Falta de Atenção à Condução";"Colisão traseira";"Com Vítimas Fatais";"Plena Noite";"Crescente";"Céu Claro";"Simples";"Reta";"Não";3;1;0;1;1;0;1;2;-14,55236;-40,40468;"SPRF-BA";"DEL08-BA";"UOP02-DEL08-BA"
172261;2018-11-17;"sábado";"21:30:00";"MG";356;267,4;"MURIAE";"Falta de Atenção à Condução";"Colisão transversal";"Com Vítimas Feridas";"Plena Noite";"Decrescente";"Nublado";"Simples";"Rotatória;Reta";"Sim";3;0;2;0;1;0;2;2;-21,12556769;-42,35308617;"SPRF-MG";"DEL07-MG";"UOP02-DEL07-MG"
172264;2018-11-17;"sábado";"21:05:00";"SP";153;278,9;"OCAUCU";"Ingestão de Álcool";"Colisão com objeto estático";"Com Vítimas Feridas";"Plena Noite";"Crescente";"Nublado";"Simples";"Interseção de Vias";"Não";3;0;1;0;2;0;1;2;-22,395992;-49,863354;"SPRF-SP";"DEL07-SP";"UOP02-DEL07-SP"
172265;2018-11-17;"sábado";"23:00:00";"RJ";393;292;"VOLTA REDONDA";"Falta de Atenção à Condução";"Colisão transversal";"Com Vítimas Feridas";"Plena Noite";"Decrescente";"Ignorado";"Simples";"Interseção de Vias";"Sim";3;0;1;0;2;0;1;2;-22,5171557;-44,10937786;"SPRF-RJ";"DEL05-RJ";"UOP04-DEL05-RJ"
172266;2018-11-17;"sábado";"22:30:00";"RJ";101;61;"CAMPOS DOS GOYTACAZES";"Falta de Atenção à Condução";"Queda de ocupante de veículo";"Com Vítimas Feridas";"Plena Noite";"Decrescente";"Céu Claro";"Simples";"Reta";"Sim";1;0;1;0;0;0;1;1;-21,726534;-41,32132;"SPRF-RJ";"DEL08-RJ";"UOP01-DEL08-RJ"
172267;2018-11-17;"sábado";"22:30:00";"PR";369;157,5;"LONDRINA";"Desobediência às normas de trânsito pelo condutor";"Colisão frontal";"Com Vítimas Fatais";"Plena Noite";"Crescente";"Céu Claro";"Simples";"Curva";"Sim";3;1;1;1;0;0;2;2;-23,2850285;-51,2332569;"SPRF-PR";"DEL07-PR";"UOP01-DEL07-PR"
172268;2018-11-17;"sábado";"21:50:00";"RS";116;149;"CAXIAS DO SUL";"Falta de Atenção à Condução";"Colisão lateral";"Com Vítimas Feridas";"Plena Noite";"Crescente";"Nublado";"Múltipla";"Reta";"Sim";2;0;1;0;1;0;1;2;-29,16851966;-51,15884542;"SPRF-RS";"DEL05-RS";"UOP01-DEL05-RS"
172270;2018-11-17;"sábado";"23:10:00";"GO";153;508,9;"APARECIDA DE GOIANIA";"Desobediência às normas de trânsito pelo condutor";"Colisão traseira";"Com Vítimas Feridas";"Plena Noite";"Crescente";"Nublado";"Dupla";"Aclive;Reta";"Sim";2;0;1;0;1;0;1;2;-16,78044454;-49,23718214;"SPRF-GO";"DEL01-GO";"UOP03-DEL01-GO"
172271;2018-11-17;"sábado";"20:40:00";"TO";153;502;"PARAISO DO TOCANTINS";"Velocidade Incompatível";"Saída de leito carroçável";"Com Vítimas Feridas";"Plena Noite";"Decrescente";"Garoa/Chuvisco";"Simples";"Declive";"Não";2;0;1;0;1;0;1;1;-10,218507;-48,875092;"SPRF-TO";"DEL02-TO";"UOP01-DEL01-TO"
172273;2018-11-17;"sábado";"20:20:00";"MT";364;574;"NOBRES";"Falta de Atenção à Condução";"Saída de leito carroçável";"Com Vítimas Feridas";"Plena Noite";"Decrescente";"Nublado";"Dupla";"Declive";"Não";1;0;1;0;0;0;1;1;-14,699872;-56,317268;"SPRF-MT";"DEL01-MT";"UOP01-DEL01-MT"
172275;2018-11-17;"sábado";"22:15:00";"PR";277;167;"PALMEIRA";"Ingestão de Álcool";"Saída de leito carroçável";"Sem Vítimas";"Plena Noite";"Decrescente";"Céu Claro";"Simples";"Rotatória";"Sim";1;0;0;0;1;0;0;1;-25,43504;-49,985861;"SPRF-PR";"DEL01-PR";"UOP06-DEL01-PR"
172277;2018-11-17;"sábado";"20:30:00";"RR";401;1;"BOA VISTA";"Desobediência às normas de trânsito pelo condutor";"Colisão transversal";"Com Vítimas Feridas";"Plena Noite";"Decrescente";"Céu Claro";"Dupla";"Interseção de Vias";"Sim";3;0;1;0;1;1;1;3;2,80239122;-60,68247914;"SPRF-RR";"DEL01-RR";"UOP01-DEL01-RR"
172278;2018-11-17;"sábado";"23:05:00";"RN";101;95;"NATAL";"Falta de Atenção do Pedestre";"Atropelamento de Pedestre";"Com Vítimas Feridas";"Plena Noite";"Decrescente";"Céu Claro";"Múltipla";"Reta";"Sim";2;0;2;0;0;0;2;2;-5,8409667;-35,2102821;"SPRF-RN";"DEL01-RN";"UOP01-DEL01-RN"
172279;2018-11-17;"sábado";"23:15:00";"PB";230;20;"JOAO PESSOA";"Não guardar distância de segurança";"Colisão traseira";"Com Vítimas Feridas";"Plena Noite";"Decrescente";"Céu Claro";"Dupla";"Curva";"Não";6;0;1;0;5;0;1;2;-7,13666367;-34,85415816;"SPRF-PB";"DEL01-PB";"UOP01-DEL01-PB"
172281;2018-11-18;"domingo";"00:30:00";"SC";116;33,2;"ITAIOPOLIS";"Falta de Atenção à Condução";"Colisão com objeto estático";"Com Vítimas Feridas";"Plena Noite";"Crescente";"Céu Claro";"Múltipla";"Aclive";"Não";1;0;0;1;0;0;1;1;-26,273455;-49,921173;"SPRF-SC";"DEL06-SC";"UOP01-DEL06-SC"
172282;2018-11-17;"sábado";"21:10:00";"CE";116;528,3;"JATI";"Falta de Atenção à Condução";"Colisão traseira";"Sem Vítimas";"Plena Noite";"Decrescente";"Céu Claro";"Simples";"Reta";"Não";3;0;0;0;3;0;0;2;-7,679549;-39,010691;"SPRF-CE";"DEL05-CE";"UOP03-DEL05-CE"