"id";"data_inversa";"dia_semana";"horario";"uf";"br";"km";"municipio";"causa_acidente";"tipo_acidente";"classificacao_acidente";"fase_dia";"sentido_via";"condicao_metereologica";"tipo_pista";"tracado_via";"uso_solo";"pessoas";"mortos";"feridos_leves";"feridos_graves";"ilesos";"ignorados";"feridos";"veiculos";"latitude";"longitude";"regional";"delegacia";"uop"
172497;2018-11-18;"domingo";"20:20:00";"SE";235;53,4;"ITABAIANA";"Ingestão de Álcool";"Colisão transversal";"Com Vítimas Feridas";"Pleno dia";"Crescente";"Céu Claro";"Simples";"Reta";"Sim";2;0;0;1;1;0;1;2;-10,684707;-37,440544;"SPRF-SE";"DEL01-SE";"UOP02-DEL01-SE"
172498;2018-11-18;"domingo";"21:00:00";"MG";381;508,2;"SAO JOAQUIM DE BICAS";"Ingestão de Álcool";"Colisão com objeto estático";"Com Vítimas Feridas";"Plena Noite";"Crescente";"Céu Claro";"Dupla";"Curva";"Sim";1;0;1;0;0;0;1;1;-20,0442;-44,2708;"SPRF-MG";"DEL01-MG";"UOP03-DEL01-MG"
172499;2018-11-18;"domingo";"21:15:00";"GO";251;26;"CRISTALINA";"Falta de Atenção à Condução";"Colisão lateral";"Sem Vítimas";"Plena Noite";"Crescente";"Céu Claro";"Simples";"Reta";"Sim";4;0;0;0;1;3;0;3;-16,2028;-47,4392;"SPRF-DF";"DEL01-DF";"UOP01-DEL01-DF"
172500;2018-11-12;"segunda-feira";"00:00:00";"MS";262;47,4;"TRES LAGOAS";"Condutor Dormindo";"Capotamento";"Sem Vítimas";"Plena Noite";"Decrescente";"Céu Claro";"Simples";"Reta";"Não";1;0;0;0;1;0;0;1;-20,758873;-52,033009;"SPRF-MS";"DEL07-MS";"UOP01-DEL07-MS"
172501;2018-11-18;"domingo";"19:00:00";"PR";116;51;"CAMPINA GRANDE DO SUL";"Pista Escorregadia";"Saída de leito carroçável";"Com Vítimas Feridas";"Anoitecer";"Crescente";"Chuva";"Dupla";"Curva";"Não";3;0;3;0;0;0;3;1;-25,242548;-48,902889;"SPRF-PR";"DEL01-PR";"UOP02-DEL01-PR"
172502;2018-11-18;"domingo";"17:43:00";"RO";364;422;"JARU";"Não guardar distância de segurança";"Colisão traseira";"Com Vítimas Feridas";"Anoitecer";"Crescente";"Nublado";"Simples";"Reta";"Não";2;0;0;1;1;0;1;2;-10,45830326;-62,4567765;"SPRF-RO";"DEL03-RO";"UOP02-DEL03-RO"
172503;2018-11-12;"segunda-feira";"20:30:00";"BA";324;515;"FEIRA DE SANTANA";"Falta de Atenção do Pedestre";"Queda de ocupante de veículo";"Com Vítimas Feridas";"Plena Noite";"Crescente";"Céu Claro";"Simples";"Reta";"Sim";2;0;1;1;0;0;2;2;-12,24292318;-38,93902899;"SPRF-BA";"DEL02-BA";"UOP01-DEL02-BA"
172505;2018-11-18;"domingo";"18:30:00";"MA";316;418,9;"PERITORO";"Desobediência às normas de trânsito pelo condutor";"Colisão frontal";"Com Vítimas Feridas";"Anoitecer";"Crescente";"Céu Claro";"Simples";"Reta";"Não";3;0;2;0;1;0;2;2;-4,341871;-44,386684;"SPRF-MA";"DEL03-MA";"UOP01-DEL03-MA"
172506;2018-11-18;"domingo";"19:00:00";"MG";262;701,7;"ARAXA";"Ingestão de Álcool";"Saída de leito carroçável";"Com Vítimas Feridas";"Anoitecer";"Decrescente";"Chuva";"Simples";"Curva";"Não";2;0;2;0;0;0;2;1;-19,56814188;-47,0422554;"SPRF-MG";"DEL08-MG";"UOP01-DEL08-MG"
172507;2018-11-18;"domingo";"19:30:00";"MA";135;65;"BACABEIRA";"Falta de Atenção à Condução";"Atropelamento de Pedestre";"Com Vítimas Feridas";"Plena Noite";"Decrescente";"Céu Claro";"Simples";"Reta";"Sim";3;0;0;3;0;0;3;2;-3,096843;-44,322071;"SPRF-MA";"DEL01-MA";"UOP02-DEL01-MA"
172508;2018-11-18;"domingo";"21:50:00";"SP";116;450;"REGISTRO";"Falta de Atenção à Condução";"Colisão traseira";"Com Vítimas Feridas";"Plena Noite";"Crescente";"Garoa/Chuvisco";"Simples";"Reta";"Não";2;0;1;0;1;0;1;2;-24,53679314;-47,85905778;"SPRF-SP";"DEL05-SP";"UOP01-DEL05-SP"
172509;2018-11-18;"domingo";"22:00:00";"RJ";40;54;"PETROPOLIS";"Avarias e/ou desgaste excessivo no pneu";"Tombamento";"Com Vítimas Feridas";"Plena Noite";"Decrescente";"Céu Claro";"Dupla";"Reta";"Não";2;0;1;0;1;0;1;1;-22,34810114;-43,12208354;"SPRF-RJ";"DEL06-RJ";"UOP01-DEL06-RJ"
172510;2018-11-18;"domingo";"22:00:00";"MG";40;516;"RIBEIRAO DAS NEVES";"Falta de Atenção à Condução";"Saída de leito carroçável";"Com Vítimas Feridas";"Plena Noite";"Decrescente";"Chuva";"Dupla";"Interseção de Vias";"Não";2;0;1;0;1;0;1;1;-19,8278;-44,0836;"SPRF-MG";"DEL01-MG";"UOP03-DEL01-MG"
172512;2018-11-18;"domingo";"19:20:00";"BA";116;431;"FEIRA DE SANTANA";"Falta de Atenção à Condução";"Colisão com objeto estático";"Com Vítimas Feridas";"Plena Noite";"Decrescente";"Céu Claro";"Dupla";"Reta";"Não";1;0;1;0;0;0;1;1;-12,29495078;-39,02784169;"SPRF-BA";"DEL02-BA";"UOP01-DEL02-BA"
172513;2018-11-18;"domingo";"20:30:00";"MG";381;924,5;"CAMANDUCAIA";"Velocidade Incompatível";"Colisão com objeto estático";"Com Vítimas Feridas";"Plena Noite";"Crescente";"Chuva";"Dupla";"Curva";"Não";2;0;1;0;1;0;1;1;-22,77020646;-46,19364738;"SPRF-MG";"DEL16-MG";"UOP03-DEL16-MG"
172515;2018-11-18;"domingo";"21:30:00";"AL";416;47,2;"IBATEGUARA";"Animais na Pista";"Atropelamento de Animal";"Com Vítimas Fatais";"Plena Noite";"Crescente";"Nublado";"Simples";"Reta";"Não";4;1;0;2;0;1;2;4;-8,96341914;-35,93610764;"SPRF-AL";"DEL01-AL";"UOP02-DEL01-AL"
172516;2018-11-18;"domingo";"22:25:00";"RJ";40;105;"DUQUE DE CAXIAS";"Falta de Atenção à Condução";"Colisão transversal";"Sem Vítimas";"Plena Noite";"Crescente";"Céu Claro";"Simples";"Interseção de Vias";"Sim";2;0;0;0;2;0;0;2;-22,64126388;-43,28493118;"SPRF-RJ";"DEL01-RJ";"UOP01-DEL01-RJ"
172517;2018-11-18;"domingo";"22:40:00";"PR";376;640;"TIJUCAS DO SUL";"Não guardar distância de segurança";"Colisão traseira";"Com Vítimas Feridas";"Plena Noite";"Decrescente";"Garoa/Chuvisco";"Dupla";"Reta";"Não";3;0;2;0;1;0;2;2;-25,80081848;-49,1323185;"SPRF-PR";"DEL01-PR";"DEL7/1-UOP08/PR"
172518;2018-11-18;"domingo";"23:08:00";"RS";392;347,7;"SANTA MARIA";"Ultrapassagem Indevida";"Saída de leito carroçável";"Com Vítimas Feridas";"Plena Noite";"Crescente";"Céu Claro";"Simples";"Reta";"Não";5;0;5;0;0;0;5;1;-29,7592176;-53,78758192;"SPRF-RS";"DEL09-RS";"UOP01-DEL09-RS"
172519;2018-11-18;"domingo";"17:35:00";"RO";435;109,8;"COLORADO DO OESTE";"Defeito na Via";"Saída de leito carroçável";"Com Vítimas Feridas";"Pleno dia";"Crescente";"Nublado";"Simples";"Declive;Reta";"Não";5;0;4;1;0;0;5;1;-13,192589;-60,686535;"SPRF-RO";"DEL04-RO";"UOP02-DEL04-RO"
172520;2018-11-18;"domingo";"22:05:00";"PR";467;75,2;"TOLEDO";"Mal Súbito";"Saída de leito carroçável";"Com Vítimas Fatais";"Plena Noite";"Crescente";"Nublado";"Simples";"Interseção de Vias";"Não";1;1;0;0;0;0;0;1;-24,74686053;-53,69465947;"SPRF-PR";"DEL04-PR";"UOP01-DEL04-PR"
172522;2018-11-18;"domingo";"19:10:00";"RS";471;472;"RIO GRANDE";"Animais na Pista";"Queda de ocupante de veículo";"Com Vítimas Feridas";"Pleno dia";"Decrescente";"Céu Claro";"Simples";"Curva";"Não";1;0;1;0;0;0;1;1;-32,07472015;-52,26402283;"SPRF-RS";"DEL07-RS";"UOP02-DEL07-RS"
172523;2018-11-18;"domingo";"22:50:00";"MG";40;525,9;"CONTAGEM";"Falta de Atenção à Condução";"Saída de leito carroçável";"Com Vítimas Feridas";"Plena Noite";"Crescente";"Céu Claro";"Dupla";"Reta";"Sim";4;0;2;0;2;0;2;1;-19,89167137;-44,05035853;"SPRF-MG";"DEL01-MG";"UOP03-DEL01-MG"
172525;2018-11-18;"domingo";"20:00:00";"RJ";40;110;"DUQUE DE CAXIAS";"Falta de Atenção à Condução";"Colisão com objeto estático";"Com Vítimas Feridas";"Plena Noite";"Decrescente";"Céu Claro";"Simples";"Curva";"Não";1;0;1;0;0;0;1;1;-22,6924;-43,2875;"SPRF-RJ";"DEL01-RJ";"UOP01-DEL01-RJ"
172526;2018-11-18;"domingo";"19:30:00";"MT";158;607,7;"AGUA BOA";"Falta de Atenção à Condução";"Colisão lateral";"Com Vítimas Feridas";"Anoitecer";"Decrescente";"Céu Claro";"Simples";"Reta";"Não";2;0;0;1;1;0;1;2;-14,0868523;-52,1607863;"SPRF-MT";"DEL07-MT";"UOP02-DEL07-MT"
172528;2018-11-18;"domingo";"16:50:00";"SC";280;87,3;"CORUPA";"Falta de Atenção à Condução";"Colisão traseira";"Com Vítimas Feridas";"Pleno dia";"Crescente";"Céu Claro";"Simples";"Curva";"Não";2;0;2;0;0;0;2;2;-26,415073;-49,257351;"SPRF-SC";"DEL06-SC";"UOP03-DEL06-SC"
172529;2018-11-18;"domingo";"22:50:00";"RS";290;57;"GLORINHA";"Falta de Atenção à Condução";"Colisão lateral";"Com Vítimas Feridas";"Plena Noite";"Crescente";"Céu Claro";"Múltipla";"Reta";"Não";2;0;1;0;1;0;1;2;-29,918623;-50,828213;"SPRF-RS";"DEL03-RS";"UOP02-DEL03-RS"
172531;2018-11-18;"domingo";"22:00:00";"RS";470;220;"GARIBALDI";"Falta de Atenção à Condução";"Saída de leito carroçável";"Sem Vítimas";"Plena Noite";"Crescente";"Céu Claro";"Simples";"Reta";"Não";1;0;0;0;0;1;0;1;-29,20032015;-51,51848137;"SPRF-RS";"DEL06-RS";"UOP01-DEL06-RS"
172532;2018-11-18;"domingo";"22:10:00";"AL";316;140,8;"ESTRELA DE ALAGOAS";"Falta de Atenção à Condução";"Colisão frontal";"Com Vítimas Fatais";"Plena Noite";"Crescente";"Céu Claro";"Simples";"Reta";"Sim";3;2;0;0;0;1;0;2;-9,39165612;-36,75139382;"SPRF-AL";"DEL03-AL";"UOP01-DEL03-AL"
172535;2018-11-18;"domingo";"20:20:00";"RS";392;3,5;"RIO GRANDE";"Animais na Pista";"Atropelamento de Animal";"Com Vítimas Feridas";"Plena Noite";"Crescente";"Céu Claro";"Simples";"Reta";"Sim";1;0;1;0;0;0;1;1;-32,06725188;-52,09167187;"SPRF-RS";"DEL07-RS";"UOP02-DEL07-RS"
172536;2018-11-18;"domingo";"20:30:00";"PE";316;237,1;"BELEM DE SAO FRANCISCO";"Ingestão de Álcool";"Saída de leito carroçável";"Com Vítimas Feridas";"Plena Noite";"Decrescente";"Céu Claro";"Simples";"Reta";"Não";5;0;3;1;1;0;4;1;-8,624655;-39,075306;"SPRF-PE";"DEL05-PE";"UOP03-DEL05-PE"
172538;2018-11-18;"domingo";"19:00:00";"MG";40;171;"JOAO PINHEIRO";"Falta de Atenção à Condução";"Saída de leito carroçável";"Com Vítimas Feridas";"Plena Noite";"Crescente";"Ignorado";"Dupla";"Reta";"Não";1;0;0;1;0;0;1;1;-17,938007;-46,051277;"SPRF-MG";"DEL14-MG";"UOP02-DEL14-MG"
172539;2018-11-18;"domingo";"22:55:00";"SP";116;412,8;"JUQUIA";"Falta de Atenção à Condução";"Capotamento";"Com Vítimas Feridas";"Plena Noite";"Decrescente";"Chuva";"Dupla";"Reta";"Não";3;0;3;0;0;0;3;1;-24,3445943;-47,60054111;"SPRF-SP";"DEL05-SP";"UOP01-DEL05-SP"
172540;2018-11-18;"domingo";"22:30:00";"BA";242;232;"ITABERABA";"Animais na Pista";"Atropelamento de Animal";"Com Vítimas Fatais";"Plena Noite";"Crescente";"Céu Claro";"Simples";"Reta";"Sim";2;1;1;0;0;0;1;1;-12,52136;-40,336639;"SPRF-BA";"DEL06-BA";"UOP02-DEL06-BA"
172542;2018-11-18;"domingo";"22:00:00";"PA";10;140,9;"PARAGOMINAS";"Defeito Mecânico no Veículo";"Incêndio";"Sem Vítimas";"Plena Noite";"Decrescente";"Céu Claro";"Simples";"Reta";"Não";1;0;0;0;1;0;0;1;-3,207354;-47,48237;"SPRF-PA";"DEL02-PA";"UOP01-DEL02-PA"
172543;2018-11-18;"domingo";"21:40:00";"RJ";101;519;"ANGRA DOS REIS";"Falta de Atenção à Condução";"Colisão com objeto estático";"Com Vítimas Feridas";"Plena Noite";"Crescente";"Garoa/Chuvisco";"Simples";"Curva";"Não";4;0;2;0;2;0;2;1;-22,98383919;-44,43943977;"SPRF-RJ";"DEL03-RJ";"UOP02-DEL03-RJ"
172544;2018-11-18;"domingo";"21:40:00";"BA";367;29,4;"PORTO SEGURO";"Ingestão de Álcool";"Colisão traseira";"Sem Vítimas";"Plena Noite";"Decrescente";"Céu Claro";"Simples";"Curva";"Não";3;0;0;0;3;0;0;2;-16,4156;-39,126629;"SPRF-BA";"DEL09-BA";"UOP01-DEL09-BA"
172545;2018-11-18;"domingo";"21:30:00";"MG";116;479,6;"DOM CAVATI";"Ingestão de Álcool";"Colisão transversal";"Com Vítimas Feridas";"Plena Noite";"Decrescente";"Nublado";"Simples";"Reta";"Sim";3;0;2;0;1;0;2;2;-19,383387;-42,112269;"SPRF-MG";"DEL06-MG";"UOP02-DEL06-MG"
172546;2018-11-19;"segunda-feira";"00:13:00";"SP";116;143,4;"SAO JOSE DOS CAMPOS";"Falta de Atenção à Condução";"Colisão traseira";"Com Vítimas Feridas";"Plena Noite";"Decrescente";"Chuva";"Dupla";"Reta";"Sim";3;0;0;1;2;0;1;2;-23,178532;-45,83794;"SPRF-SP";"DEL06-SP";"UOP02-DEL02-SP"
172548;2018-11-19;"segunda-feira";"00:00:00";"SE";235;2,6;"ARACAJU";"Falta de Atenção à Condução";"Saída de leito carroçável";"Sem Vítimas";"Plena Noite";"Decrescente";"Céu Claro";"Dupla";"Aclive";"Sim";1;0;0;0;0;1;0;1;-10,90660727;-37,1000576;"SPRF-SE";"DEL01-SE";"UOP01-DEL01-SE"
172549;2018-11-18;"domingo";"22:00:00";"MG";116;517,7;"UBAPORANGA";"Ingestão de Álcool";"Colisão frontal";"Com Vítimas Feridas";"Plena Noite";"Decrescente";"Céu Claro";"Simples";"Curva";"Não";2;0;2;0;0;0;2;2;-19,69879913;-42,11591721;"SPRF-MG";"DEL06-MG";"UOP02-DEL06-MG"
172550;2018-11-18;"domingo";"22:30:00";"RJ";465;1;"SEROPEDICA";"Desobediência às normas de trânsito pelo condutor";"Colisão frontal";"Com Vítimas Feridas";"Plena Noite";"Decrescente";"Nublado";"Simples";"Reta";"Sim";4;0;3;0;1;0;3;2;-22,719835;-43,725739;"SPRF-RJ";"DEL01-RJ";"UOP03-DEL01-RJ"
172551;2018-11-18;"domingo";"22:15:00";"RO";319;63;"PORTO VELHO";"Falta de Atenção do Pedestre";"Atropelamento de Pedestre";"Com Vítimas Feridas";"Plena Noite";"Decrescente";"Nublado";"Dupla";"Reta";"Sim";2;0;1;0;1;0;1;2;-8,75916346;-63,88575554;"SPRF-RO";"DEL01-RO";"UOP01-DEL01-RO"
172553;2018-11-18;"domingo";"23:30:00";"ES";262;5,7;"CARIACICA";"Desobediência às normas de trânsito pelo condutor";"Colisão transversal";"Sem Vítimas";"Plena Noite";"Decrescente";"Nublado";"Múltipla";"Interseção de Vias";"Sim";2;0;0;0;2;0;0;2;-20,33849552;-40,39223045;"SPRF-ES";"DEL01-ES";"UOP01-DEL01-ES"
172554;2018-11-19;"segunda-feira";"00:50:00";"RN";101;126,2;"SAO JOSE DE MIPIBU";"Não guardar distância de segurança";"Colisão traseira";"Com Vítimas Feridas";"Plena Noite";"Crescente";"Nublado";"Dupla";"Reta";"Sim";2;0;0;1;0;1;1;2;-6,08088402;-35,2344498;"SPRF-RN";"DEL01-RN";"UOP01-DEL01-RN"
172555;2018-11-18;"domingo";"20:30:00";"RO";364;339;"JI-PARANA";"Defeito Mecânico no Veículo";"Incêndio";"Sem Vítimas";"Plena Noite";"Decrescente";"Chuva";"Simples";"Reta";"Não";40;0;0;0;40;0;0;1;-10,907921;-61,930168;"SPRF-RO";"DEL02-RO";"UOP01-DEL02-RO"
172556;2018-11-18;"domingo";"20:55:00";"RO";364;343,9;"JI-PARANA";"Desobediência às normas de trânsito pelo condutor";"Colisão transversal";"Com Vítimas Feridas";"Plena Noite";"Decrescente";"Céu Claro";"Múltipla";"Reta";"Sim";5;0;4;1;0;0;5;2;-10,878848;-61,944893;"SPRF-RO";"DEL02-RO";"UOP01-DEL02-RO"
172558;2018-11-19;"segunda-feira";"02:00:00";"PB";101;88;"JOAO PESSOA";"Pista Escorregadia";"Colisão com objeto estático";"Sem Vítimas";"Plena Noite";"Crescente";"Nublado";"Simples";"Curva";"Sim";3;0;0;0;3;0;0;1;-7,1666836;-34,89609718;"SPRF-PB";"DEL01-PB";"UOP01-DEL01-PB"
172559;2018-11-19;"segunda-feira";"02:45:00";"RJ";116;118,5;"MAGE";"Falta de Atenção do Pedestre";"Atropelamento de Pedestre";"Com Vítimas Feridas";"Plena Noite";"Decrescente";"Céu Claro";"Dupla";"Reta";"Não";2;0;1;0;1;0;1;2;-22,609703;-43,030773;"SPRF-RJ";"DEL04-RJ";"UOP02-DEL04-RJ"
172560;2018-11-19;"segunda-feira";"02:00:00";"PI";230;197,4;"OEIRAS";"Ingestão de Álcool";"Colisão com objeto estático";"Com Vítimas Fatais";"Plena Noite";"Decrescente";"Céu Claro";"Simples";"Reta";"Sim";1;1;0;0;0;0;0;1;-7,009315;-42,127064;"SPRF-PI";"DEL04-PI";"UOP01-DEL04-PI"
172565;2018-11-19;"segunda-feira";"05:10:00";"SP";116;218;"GUARULHOS";"Velocidade Incompatível";"Colisão lateral";"Com Vítimas Feridas";"Amanhecer";"Decrescente";"Chuva";"Múltipla";"Reta";"Sim";2;0;1;0;1;0;1;2;-23,46315685;-46,49353892;"SPRF-SP";"DEL01-SP";"UOP01-DEL01-SP"
172566;2018-11-19;"segunda-feira";"01:00:00";"GO";80;155;"BARRO ALTO";"Falta de Atenção à Condução";"Saída de leito carroçável";"Com Vítimas Feridas";"Plena Noite";"Decrescente";"Nublado";"Simples";"Reta";"Não";1;0;0;1;0;0;1;1;-14,94345803;-48,93825531;"SPRF-GO";"DEL07-GO";"UOP02-DEL07-GO"
172567;2018-11-18;"domingo";"20:00:00";"BA";235;72;"JEREMOABO";"Desobediência às normas de trânsito pelo condutor";"Colisão frontal";"Com Vítimas Feridas";"Plena Noite";"Crescente";"Nublado";"Simples";"Reta";"Não";2;0;0;1;1;0;1;2;-10,08673;-38,28931;"SPRF-SE";"DEL01-SE";"UOP02-DEL01-SE"
172568;2018-11-18;"domingo";"22:25:00";"MG";262;529,5;"LUZ";"Ingestão de Álcool";"Colisão frontal";"Sem Vítimas";"Plena Noite";"Decrescente";"Chuva";"Simples";"Reta";"Não";4;0;0;0;3;1;0;4;-19,782969;-45,68597;"SPRF-MG";"DEL08-MG";"UOP02-DEL08-MG"
172571;2018-11-19;"segunda-feira";"07:00:00";"SC";470;120,7;"IBIRAMA";"Falta de Atenção à Condução";"Capotamento";"Com Vítimas Feridas";"Amanhecer";"Crescente";"Nublado";"Simples";"Curva";"Não";1;0;1;0;0;0;1;1;-27,09577059;-49,528234;"SPRF-SC";"DEL04-SC";"UOP02-DEL04-SC"
172573;2018-11-19;"segunda-feira";"07:20:00";"PR";277;2,8;"PARANAGUA";"Não guardar distância de segurança";"Colisão traseira";"Com Vítimas Feridas";"Pleno dia";"Decrescente";"Nublado";"Dupla";"Reta";"Sim";2;0;1;0;1;0;1;2;-25,53175398;-48,52918625;"SPRF-PR";"DEL01-PR";"UOP05-DEL01-PR"
172574;2018-11-19;"segunda-feira";"07:00:00";"SC";470;52,5;"BLUMENAU";"Desobediência às normas de trânsito pelo condutor";"Colisão frontal";"Com Vítimas Feridas";"Pleno dia";"Crescente";"Nublado";"Simples";"Interseção de Vias";"Sim";3;0;1;0;2;0;1;2;-26,86869772;-49,10472929;"SPRF-SC";"DEL04-SC";"UOP01-DEL04-SC"
172575;2018-11-19;"segunda-feira";"06:20:00";"MG";365;602,2;"UBERLANDIA";"Desobediência às normas de trânsito pelo condutor";"Colisão frontal";"Com Vítimas Fatais";"Amanhecer";"Crescente";"Nevoeiro/Neblina";"Simples";"Reta;Aclive";"Não";2;1;1;0;0;0;1;2;-18,88444224;-48,10810089;"SPRF-MG";"DEL15-MG";"UOP01-DEL15-MG"
172577;2018-11-19;"segunda-feira";"02:25:00";"SP";116;125;"CACAPAVA";"Defeito Mecânico no Veículo";"Tombamento";"Com Vítimas Feridas";"Plena Noite";"Decrescente";"Chuva";"Dupla";"Reta";"Sim";1;0;1;0;0;0;1;1;-23,098782;-45,686161;"SPRF-SP";"DEL06-SP";"UOP02-DEL02-SP"
172578;2018-11-19;"segunda-feira";"07:00:00";"ES";101;150,7;"LINHARES";"Não guardar distância de segurança";"Colisão traseira";"Com Vítimas Feridas";"Pleno dia";"Crescente";"Céu Claro";"Múltipla";"Declive;Interseção de Vias";"Sim";3;0;1;0;2;0;1;3;-19,4070514;-40,06402731;"SPRF-ES";"DEL04-ES";"UOP01-DEL04-ES"
172579;2018-11-19;"segunda-feira";"07:45:00";"SC";101;46;"JOINVILLE";"Não guardar distância de segurança";"Colisão traseira";"Com Vítimas Feridas";"Pleno dia";"Crescente";"Nublado";"Múltipla";"Reta";"Sim";2;0;1;0;1;0;1;2;-26,3667;-48,858;"SPRF-SC";"DEL03-SC";"UOP01-DEL03-SC"
172580;2018-11-19;"segunda-feira";"06:30:00";"RJ";465;0;"SEROPEDICA";"Desobediência às normas de trânsito pelo condutor";"Colisão transversal";"Com Vítimas Feridas";"Pleno dia";"Crescente";"Chuva";"Simples";"Reta";"Sim";2;0;0;1;1;0;1;2;-22,713446;-43,734077;"SPRF-RJ";"DEL01-RJ";"UOP03-DEL01-RJ"
172582;2018-11-19;"segunda-feira";"08:00:00";"MG";381;729,7;"CARMO DA CACHOEIRA";"Pista Escorregadia";"Saída de leito carroçável";"Com Vítimas Feridas";"Pleno dia";"Decrescente";"Chuva";"Dupla";"Aclive;Curva";"Não";1;0;1;0;0;0;1;1;-21,50069584;-45,21401846;"SPRF-MG";"DEL04-MG";"UOP02-DEL04-MG"
172583;2018-11-19;"segunda-feira";"06:40:00";"PE";101;53;"PAULISTA";"Falta de Atenção do Pedestre";"Atropelamento de Pedestre";"Sem Vítimas";"Pleno dia";"Decrescente";"Sol";"Múltipla";"Reta";"Sim";3;0;0;0;1;2;0;2;-7,93267026;-34,90255058;"SPRF-PE";"DEL01-PE";"UOP02-DEL01-PE"
172584;2018-11-19;"segunda-feira";"08:00:00";"MG";381;533,6;"ITATIAIUCU";"Pista Escorregadia";"Saída de leito carroçável";"Com Vítimas Feridas";"Pleno dia";"Crescente";"Chuva";"Dupla";"Curva";"Não";1;0;1;0;0;0;1;1;-20,1781;-44,3771;"SPRF-MG";"DEL04-MG";"UOP03-DEL04-MG"
172585;2018-11-19;"segunda-feira";"07:30:00";"MG";40;824,9;"SIMAO PEREIRA";"Velocidade Incompatível";"Colisão com objeto estático";"Com Vítimas Feridas";"Pleno dia";"Crescente";"Chuva";"Dupla";"Curva";"Não";1;0;1;0;0;0;1;1;-21,9904;-43,2843;"SPRF-MG";"DEL05-MG";"UOP01-DEL05-MG"
172586;2018-11-19;"segunda-feira";"07:30:00";"CE";116;40;"HORIZONTE";"Não guardar distância de segurança";"Engavetamento";"Com Vítimas Feridas";"Pleno dia";"Decrescente";"Céu Claro";"Dupla";"Reta";"Sim";3;0;1;0;2;0;1;3;-4,1076;-38,4949;"SPRF-CE";"DEL01-CE";"UOP02-DEL01-CE"
172587;2018-11-19;"segunda-feira";"07:10:00";"SE";101;139;"ESTANCIA";"Defeito Mecânico no Veículo";"Tombamento";"Com Vítimas Feridas";"Pleno dia";"Crescente";"Chuva";"Dupla";"Reta";"Não";2;0;1;1;0;0;2;1;-11,1596;-37,3995;"SPRF-SE";"DEL02-SE";"UOP01-DEL02-SE"
172588;2018-11-19;"segunda-feira";"07:40:00";"PE";101;90;"CABO DE SANTO AGOSTINHO";"Desobediência às normas de trânsito pelo condutor";"Colisão traseira";"Sem Vítimas";"Pleno dia";"Crescente";"Sol";"Dupla";"Reta";"Não";6;0;0;0;6;0;0;6;-8,2228;-34,9923;"SPRF-PE";"DEL01-PE";"UOP03-DEL01-PE"
172589;2018-11-19;"segunda-feira";"05:20:00";"RJ";465;19;"NOVA IGUACU";"Falta de Atenção à Condução";"Colisão frontal";"Com Vítimas Feridas";"Amanhecer";"Crescente";"Nublado";"Simples";"Reta";"Sim";2;0;2;0;0;0;2;2;-22,839184;-43,610451;"SPRF-RJ";"DEL01-RJ";"UOP03-DEL01-RJ"
172591;2018-11-19;"segunda-feira";"07:55:00";"MG";381;907,5;"CAMBUI";"Velocidade Incompatível";"Colisão com objeto estático";"Com Vítimas Feridas";"Pleno dia";"Crescente";"Chuva";"Dupla";"Curva;Aclive";"Não";1;0;1;0;0;0;1;1;-22,67468447;-46,09805882;"SPRF-MG";"DEL16-MG";"UOP03-DEL16-MG"
172594;2018-11-19;"segunda-feira";"08:00:00";"SP";116;60,3;"GUARATINGUETA";"Desobediência às normas de trânsito pelo condutor";"Colisão transversal";"Com Vítimas Feridas";"Pleno dia";"Crescente";"Chuva";"Dupla";"Interseção de Vias";"Sim";2;0;1;0;1;0;1;2;-22,79267088;-45,16395807;"SPRF-SP";"DEL08-SP";"UOP01-DEL08-SP"
172595;2018-11-19;"segunda-feira";"09:10:00";"SC";280;52,3;"GUARAMIRIM";"Falta de Atenção à Condução";"Colisão transversal";"Com Vítimas Feridas";"Pleno dia";"Crescente";"Céu Claro";"Simples";"Interseção de Vias";"Sim";2;0;1;0;1;0;1;2;-26,47137976;-48,97126609;"SPRF-SC";"DEL03-SC";"UOP03-DEL03-SC"
172596;2018-11-19;"segunda-feira";"07:38:00";"PB";230;15,2;"JOAO PESSOA";"Não guardar distância de segurança";"Colisão traseira";"Com Vítimas Feridas";"Pleno dia";"Crescente";"Sol";"Dupla";"Aclive";"Sim";2;0;1;0;1;0;1;2;-7,100438;-34,847739;"SPRF-PB";"DEL01-PB";"UOP01-DEL01-PB"
172597;2018-11-19;"segunda-feira";"08:15:00";"PE";407;124;"PETROLINA";"Falta de Atenção à Condução";"Colisão lateral";"Com Vítimas Feridas";"Pleno dia";"Decrescente";"Céu Claro";"Dupla";"Reta";"Sim";3;0;2;0;1;0;2;2;-9,3746852;-40,53796291;"SPRF-PE";"DEL06-PE";"UOP01-DEL06-PE"
172598;2018-11-19;"segunda-feira";"09:00:00";"MG";381;535,9;"ITATIAIUCU";"Falta de Atenção à Condução";"Saída de leito carroçável";"Com Vítimas Feridas";"Pleno dia";"Crescente";"Chuva";"Dupla";"Reta";"Não";1;0;0;1;0;0;1;1;-20,1951;-44,3845;"SPRF-MG";"DEL04-MG";"UOP03-DEL04-MG"
172599;2018-11-19;"segunda-feira";"09:30:00";"MG";262;381,9;"MATEUS LEME";"Velocidade Incompatível";"Colisão com objeto estático";"Com Vítimas Feridas";"Pleno dia";"Crescente";"Chuva";"Dupla";"Curva";"Não";1;0;1;0;0;0;1;1;-19,9378;-44,4522;"SPRF-MG";"DEL01-MG";"UOP03-DEL01-MG"