"id";"data_inversa";"dia_semana";"horario";"uf";"br";"km";"municipio";"causa_acidente";"tipo_acidente";"classificacao_acidente";"fase_dia";"sentido_via";"condicao_metereologica";"tipo_pista";"tracado_via";"uso_solo";"pessoas";"mortos";"feridos_leves";"feridos_graves";"ilesos";"ignorados";"feridos";"veiculos";"latitude";"longitude";"regional";"delegacia";"uop"
173383;2018-11-11;"domingo";"18:20:00";"SC";101;37,9;"JOINVILLE";"Não guardar distância de segurança";"Colisão com objeto estático";"Com Vítimas Feridas";"Pleno dia";"Decrescente";"Nublado";"Dupla";"Reta";"Sim";2;0;1;0;1;0;1;2;-26,293;-48,8845;"SPRF-SC";"DEL03-SC";"UOP01-DEL03-SC"
173387;2018-11-23;"sexta-feira";"14:45:00";"SC";282;4,9;"SAO JOSE";"Falta de Atenção à Condução";"Colisão lateral";"Com Vítimas Feridas";"Pleno dia";"Crescente";"Céu Claro";"Dupla";"Reta";"Sim";4;0;1;0;3;0;1;2;-27,592646;-48,604034;"SPRF-SC";"DEL01-SC";"UOP01-DEL01-SC"
173389;2018-11-23;"sexta-feira";"12:10:00";"PR";163;63,8;"PEROLA DOESTE";"Velocidade Incompatível";"Saída de leito carroçável";"Com Vítimas Feridas";"Pleno dia";"Decrescente";"Chuva";"Simples";"Curva;Declive";"Não";5;0;0;1;4;0;1;1;-25,84589954;-53,75460148;"SPRF-PR";"DEL02-PR";"UOP02-DEL02-PR"
173390;2018-11-23;"sexta-feira";"15:05:00";"RS";116;152;"CAXIAS DO SUL";"Desobediência às normas de trânsito pelo condutor";"Colisão frontal";"Com Vítimas Feridas";"Pleno dia";"Decrescente";"Nublado";"Múltipla";"Curva";"Sim";4;0;0;1;1;2;1;3;-29,182934;-51,168015;"SPRF-RS";"DEL05-RS";"UOP01-DEL05-RS"
173394;2018-11-23;"sexta-feira";"13:30:00";"RN";110;47;"MOSSORO";"Desobediência às normas de trânsito pelo condutor";"Colisão transversal";"Com Vítimas Feridas";"Pleno dia";"Crescente";"Céu Claro";"Simples";"Reta";"Sim";2;0;0;1;1;0;1;2;-5,203384;-37,325634;"SPRF-RN";"DEL04-RN";"UOP01-DEL04-RN"
173395;2018-11-23;"sexta-feira";"09:35:00";"MG";50;152;"UBERABA";"Condutor Dormindo";"Saída de leito carroçável";"Sem Vítimas";"Pleno dia";"Crescente";"Céu Claro";"Dupla";"Reta";"Não";1;0;0;0;1;0;0;1;-19,5908;-48,0287;"SPRF-MG";"DEL13-MG";"UOP01-DEL13-MG"
173400;2018-11-23;"sexta-feira";"10:00:00";"MT";70;690;"CACERES";"Velocidade Incompatível";"Capotamento";"Sem Vítimas";"Pleno dia";"Decrescente";"Chuva";"Simples";"Curva";"Não";1;0;0;0;1;0;0;1;-16,184578;-57,367851;"SPRF-MT";"DEL03-MT";"UOP01-DEL03-MT"
173401;2018-11-23;"sexta-feira";"11:34:00";"MG";381;643;"SANTO ANTONIO DO AMPARO";"Velocidade Incompatível";"Saída de leito carroçável";"Com Vítimas Feridas";"Pleno dia";"Crescente";"Céu Claro";"Dupla";"Curva";"Não";2;0;2;0;0;0;2;1;-20,9278;-44,8738;"SPRF-MG";"DEL04-MG";"UOP01-DEL04-MG"
173402;2018-11-23;"sexta-feira";"14:00:00";"SP";153;187,8;"LINS";"Pista Escorregadia";"Colisão lateral";"Com Vítimas Feridas";"Pleno dia";"Crescente";"Garoa/Chuvisco";"Simples";"Declive";"Não";5;0;1;0;4;0;1;2;-21,728687;-49,83437;"SPRF-SP";"DEL07-SP";"UOP01-DEL07-SP"
173403;2018-11-23;"sexta-feira";"14:00:00";"MG";381;359;"JOAO MONLEVADE";"Desobediência às normas de trânsito pelo condutor";"Colisão transversal";"Com Vítimas Feridas";"Pleno dia";"Decrescente";"Nublado";"Simples";"Curva";"Sim";2;0;0;1;1;0;1;2;-19,83835356;-43,18462729;"SPRF-MG";"DEL03-MG";"UOP01-DEL03-MG"
173405;2018-11-23;"sexta-feira";"11:50:00";"RJ";40;92;"PETROPOLIS";"Falta de Atenção à Condução";"Capotamento";"Com Vítimas Feridas";"Pleno dia";"Crescente";"Céu Claro";"Simples";"Reta";"Não";1;0;1;0;0;0;1;1;-22,5686;-43,2441;"SPRF-RJ";"DEL06-RJ";"UOP01-DEL06-RJ"
173406;2018-11-23;"sexta-feira";"12:10:00";"RO";364;423;"JARU";"Desobediência às normas de trânsito pelo condutor";"Colisão transversal";"Com Vítimas Feridas";"Pleno dia";"Crescente";"Nublado";"Dupla";"Reta";"Sim";3;0;2;0;1;0;2;2;-10,452208;-62,46072;"SPRF-RO";"DEL03-RO";"UOP02-DEL03-RO"
173407;2018-11-23;"sexta-feira";"16:00:00";"ES";262;115,7;"CONCEICAO DO CASTELO";"Falta de Atenção à Condução";"Colisão transversal";"Com Vítimas Feridas";"Pleno dia";"Decrescente";"Céu Claro";"Simples";"Interseção de Vias";"Não";4;0;2;0;2;0;2;2;-20,3205;-41,2189;"SPRF-ES";"DEL01-ES";"UOP02-DEL01-ES"
173409;2018-11-23;"sexta-feira";"14:00:00";"MG";116;414;"GOVERNADOR VALADARES";"Ingestão de Álcool";"Colisão frontal";"Com Vítimas Feridas";"Pleno dia";"Crescente";"Sol";"Simples";"Ponte";"Sim";2;0;0;2;0;0;2;2;-18,88340871;-41,9531896;"SPRF-MG";"DEL06-MG";"UOP01-DEL06-MG"
173410;2018-11-23;"sexta-feira";"14:40:00";"PE";232;8;"RECIFE";"Desobediência às normas de trânsito pelo condutor";"Colisão lateral";"Sem Vítimas";"Pleno dia";"Crescente";"Céu Claro";"Dupla";"Interseção de Vias";"Não";3;0;0;0;2;1;0;2;-8,075855;-34,970215;"SPRF-PE";"DEL01-PE";"UOP01-DEL01-PE"
173411;2018-11-23;"sexta-feira";"14:00:00";"RS";470;287,8;"MONTENEGRO";"Não guardar distância de segurança";"Colisão traseira";"Com Vítimas Feridas";"Pleno dia";"Crescente";"Nublado";"Simples";"Aclive";"Não";2;0;1;0;1;0;1;2;-29,68637;-51,47434;"SPRF-RS";"DEL04-RS";"UOP02-DEL04-RS"
173412;2018-11-23;"sexta-feira";"10:45:00";"MA";222;186;"ITAPECURU MIRIM";"Velocidade Incompatível";"Saída de leito carroçável";"Com Vítimas Feridas";"Pleno dia";"Crescente";"Chuva";"Simples";"Curva";"Sim";1;0;1;0;0;0;1;1;-3,48018074;-44,19044495;"SPRF-MA";"DEL01-MA";"DEL18/1-UOP03/MA"
173413;2018-11-23;"sexta-feira";"16:40:00";"SC";101;235,2;"PALHOCA";"Falta de Atenção à Condução";"Colisão lateral";"Com Vítimas Feridas";"Pleno dia";"Crescente";"Céu Claro";"Dupla";"Reta";"Não";2;0;0;1;1;0;1;2;-27,827;-48,63;"SPRF-SC";"DEL01-SC";"UOP02-DEL01-SC"
173414;2018-11-23;"sexta-feira";"14:50:00";"PB";230;18,4;"JOAO PESSOA";"Não guardar distância de segurança";"Colisão traseira";"Com Vítimas Feridas";"Pleno dia";"Decrescente";"Sol";"Dupla";"Aclive";"Não";4;0;1;1;2;0;2;3;-7,1198;-34,8453;"SPRF-PB";"DEL01-PB";"UOP01-DEL01-PB"
173415;2018-11-23;"sexta-feira";"16:00:00";"PE";101;93,9;"CABO DE SANTO AGOSTINHO";"Falta de Atenção à Condução";"Colisão traseira";"Com Vítimas Feridas";"Pleno dia";"Decrescente";"Céu Claro";"Simples";"Curva";"Sim";2;0;1;0;1;0;1;2;-8,2462;-35,0058;"SPRF-PE";"DEL01-PE";"UOP03-DEL01-PE"
173417;2018-11-23;"sexta-feira";"16:50:00";"RS";116;242,8;"SAO LEOPOLDO";"Não guardar distância de segurança";"Colisão traseira";"Sem Vítimas";"Pleno dia";"Crescente";"Nublado";"Dupla";"Viaduto";"Sim";4;0;0;0;4;0;0;4;-29,722971;-51,148586;"SPRF-RS";"DEL01-RS";"UOP02-DEL01-RS"
173419;2018-11-23;"sexta-feira";"15:45:00";"SC";101;120,5;"ITAJAI";"Falta de Atenção à Condução";"Tombamento";"Com Vítimas Feridas";"Pleno dia";"Crescente";"Sol";"Dupla";"Reta";"Sim";1;0;1;0;0;0;1;1;-26,9211;-48,7084;"SPRF-SC";"DEL04-SC";"UOP04-DEL04-SC"
173420;2018-11-23;"sexta-feira";"17:20:00";"PR";469;13,1;"FOZ DO IGUACU";"Falta de Atenção à Condução";"Colisão transversal";"Com Vítimas Feridas";"Pleno dia";"Crescente";"Nublado";"Simples";"Reta";"Sim";2;0;0;1;1;0;1;2;-25,5754;-54,5489;"SPRF-PR";"DEL05-PR";"UOP04-DEL05-PR"
173422;2018-11-23;"sexta-feira";"15:00:00";"PR";376;134,5;"NOVA ESPERANCA";"Velocidade Incompatível";"Saída de leito carroçável";"Sem Vítimas";"Pleno dia";"Decrescente";"Chuva";"Dupla";"Reta";"Sim";1;0;0;0;1;0;0;1;-23,19269873;-52,20512152;"SPRF-PR";"DEL07-PR";"UOP02-DEL09-PR"
173425;2018-11-23;"sexta-feira";"16:02:00";"SP";116;65,2;"GUARATINGUETA";"Falta de Atenção à Condução";"Colisão traseira";"Com Vítimas Feridas";"Pleno dia";"Crescente";"Nublado";"Dupla";"Reta";"Não";2;0;1;0;1;0;1;2;-22,823273;-45,192806;"SPRF-SP";"DEL08-SP";"UOP01-DEL08-SP"
173426;2018-11-23;"sexta-feira";"18:00:00";"GO";153;500;"GOIANIA";"Falta de Atenção à Condução";"Colisão traseira";"Sem Vítimas";"Pleno dia";"Crescente";"Céu Claro";"Dupla";"Reta";"Sim";2;0;0;0;2;0;0;2;-16,7118;-49,2324;"SPRF-GO";"DEL01-GO";"UOP01-DEL01-GO"
173427;2018-11-23;"sexta-feira";"16:00:00";"RJ";116;279,1;"BARRA MANSA";"Velocidade Incompatível";"Colisão com objeto estático";"Com Vítimas Feridas";"Pleno dia";"Decrescente";"Chuva";"Dupla";"Reta";"Sim";1;0;1;0;0;0;1;1;-22,547443;-44,183659;"SPRF-RJ";"DEL07-RJ";"UOP02-DEL07-RJ"
173428;2018-11-23;"sexta-feira";"14:30:00";"RO";364;342;"JI-PARANA";"Sinalização da via insuficiente ou inadequada";"Engavetamento";"Sem Vítimas";"Pleno dia";"Crescente";"Sol";"Dupla";"Ponte";"Sim";4;0;0;0;4;0;0;4;-10,883874;-61,937317;"SPRF-RO";"DEL02-RO";"UOP01-DEL02-RO"
173429;2018-11-23;"sexta-feira";"15:32:00";"RO";364;709;"PORTO VELHO";"Falta de Atenção à Condução";"Colisão traseira";"Sem Vítimas";"Pleno dia";"Decrescente";"Nublado";"Dupla";"Reta";"Sim";2;0;0;0;2;0;0;2;-8,78975489;-63,85149132;"SPRF-RO";"DEL01-RO";"UOP01-DEL01-RO"
173431;2018-11-23;"sexta-feira";"13:25:00";"GO";60;388;"RIO VERDE";"Agressão Externa";"Colisão lateral";"Com Vítimas Feridas";"Pleno dia";"Decrescente";"Céu Claro";"Dupla";"Reta";"Sim";2;0;1;0;1;0;1;2;-17,8151;-50,9343;"SPRF-GO";"DEL04-GO";"UOP01-DEL04-GO"
173434;2018-11-23;"sexta-feira";"17:10:00";"BA";101;12,6;"RIO REAL";"Falta de Atenção à Condução";"Saída de leito carroçável";"Com Vítimas Feridas";"Pleno dia";"Decrescente";"Nublado";"Dupla";"Reta;Aclive;Em Obras";"Não";1;0;1;0;0;0;1;1;-11,5808;-37,8738;"SPRF-SE";"DEL02-SE";"UOP03-DEL02-SE"
173435;2018-11-23;"sexta-feira";"17:55:00";"RS";470;247,9;"BARAO";"Velocidade Incompatível";"Tombamento";"Com Vítimas Feridas";"Pleno dia";"Crescente";"Nublado";"Simples";"Curva";"Sim";2;0;2;0;0;0;2;1;-29,39711328;-51,49625659;"SPRF-RS";"DEL06-RS";"UOP01-DEL06-RS"
173436;2018-11-23;"sexta-feira";"18:30:00";"RS";285;490;"ENTRE-IJUIS";"Pista Escorregadia";"Saída de leito carroçável";"Com Vítimas Feridas";"Pleno dia";"Decrescente";"Chuva";"Simples";"Curva";"Não";1;0;1;0;0;0;1;1;-28,37608079;-54,20519114;"SPRF-RS";"DEL10-RS";"UOP01-DEL10-RS"
173437;2018-11-23;"sexta-feira";"18:00:00";"DF";60;2,4;"BRASILIA";"Ingestão de álcool e/ou substâncias psicoativas pelo pedestre";"Colisão transversal";"Sem Vítimas";"Anoitecer";"Decrescente";"Nublado";"Dupla";"Reta";"Sim";2;0;0;0;2;0;0;2;-15,887383;-48,077988;"SPRF-DF";"DEL01-DF";"UOP01-DEL03-DF"
173440;2018-11-23;"sexta-feira";"18:30:00";"SP";116;231;"SAO PAULO";"Não guardar distância de segurança";"Colisão lateral";"Com Vítimas Feridas";"Anoitecer";"Decrescente";"Garoa/Chuvisco";"Múltipla";"Reta";"Sim";3;0;1;0;2;0;1;3;-23,52015861;-46,58282518;"SPRF-SP";"DEL01-SP";"UOP01-DEL01-SP"
173441;2018-11-23;"sexta-feira";"19:00:00";"PR";277;31,3;"MORRETES";"Falta de Atenção à Condução";"Saída de leito carroçável";"Com Vítimas Feridas";"Anoitecer";"Decrescente";"Garoa/Chuvisco";"Dupla";"Curva";"Não";2;0;1;0;1;0;1;1;-25,56063899;-48,80787849;"SPRF-PR";"DEL01-PR";"UOP05-DEL01-PR"
173444;2018-11-23;"sexta-feira";"18:45:00";"SC";470;35,1;"GASPAR";"Ingestão de Álcool";"Colisão lateral";"Sem Vítimas";"Anoitecer";"Crescente";"Céu Claro";"Simples";"Interseção de Vias";"Não";2;0;0;0;2;0;0;2;-26,91300614;-48,9601475;"SPRF-SC";"DEL04-SC";"UOP01-DEL04-SC"
173445;2018-11-23;"sexta-feira";"16:45:00";"PA";163;1001;"SANTAREM";"Carga excessiva e/ou mal acondicionada";"Colisão com objeto em movimento";"Com Vítimas Feridas";"Pleno dia";"Decrescente";"Céu Claro";"Simples";"Reta";"Sim";2;0;1;0;0;1;1;2;-2,45214195;-54,72944498;"SPRF-PA";"DEL05-PA";"UOP01-DEL05-PA"
173446;2018-11-23;"sexta-feira";"17:00:00";"PI";407;484,2;"JAICOS";"Falta de Atenção à Condução";"Colisão frontal";"Com Vítimas Fatais";"Anoitecer";"Decrescente";"Céu Claro";"Simples";"Reta";"Não";4;1;2;1;0;0;3;2;-7,463498;-41,236843;"SPRF-PI";"DEL04-PI";"UOP01-DEL04-PI"
173447;2018-11-23;"sexta-feira";"17:55:00";"PR";369;512;"CASCAVEL";"Desobediência às normas de trânsito pelo condutor";"Capotamento";"Com Vítimas Feridas";"Pleno dia";"Decrescente";"Nublado";"Simples";"Reta";"Não";3;0;2;0;1;0;2;2;-24,8717;-53,3423;"SPRF-PR";"DEL04-PR";"UOP01-DEL04-PR"
173448;2018-11-23;"sexta-feira";"18:40:00";"SP";116;145,4;"SAO JOSE DOS CAMPOS";"Falta de Atenção à Condução";"Colisão traseira";"Com Vítimas Feridas";"Anoitecer";"Decrescente";"Chuva";"Dupla";"Reta";"Sim";2;0;0;1;1;0;1;2;-23,18798286;-45,85651517;"SPRF-SP";"DEL02-SP";"UOP01-DEL02-SP"
173450;2018-11-23;"sexta-feira";"17:30:00";"PR";277;721,6;"FOZ DO IGUACU";"Falta de Atenção à Condução";"Colisão traseira";"Com Vítimas Feridas";"Pleno dia";"Decrescente";"Nublado";"Dupla";"Reta";"Sim";3;0;1;0;2;0;1;3;-25,491169;-54,511887;"SPRF-PR";"DEL05-PR";"UOP01-DEL05-PR"
173451;2018-11-23;"sexta-feira";"16:20:00";"SC";280;189;"MAFRA";"Velocidade Incompatível";"Capotamento";"Com Vítimas Feridas";"Pleno dia";"Decrescente";"Chuva";"Simples";"Curva";"Não";1;0;1;0;0;0;1;1;-26,17528;-49,971901;"SPRF-SC";"DEL06-SC";"UOP01-DEL06-SC"
173452;2018-10-21;"domingo";"20:00:00";"PB";230;39;"SANTA RITA";"Falta de Atenção à Condução";"Atropelamento de Pedestre";"Com Vítimas Feridas";"Plena Noite";"Decrescente";"Céu Claro";"Dupla";"Reta";"Sim";2;0;0;2;0;0;2;2;-7,1381;-34,9707;"SPRF-PB";"DEL01-PB";"UOP01-DEL01-PB"
173455;2018-11-23;"sexta-feira";"17:50:00";"RS";386;351,4;"ESTRELA";"Desobediência às normas de trânsito pelo condutor";"Colisão transversal";"Com Vítimas Feridas";"Pleno dia";"Crescente";"Nublado";"Dupla";"Reta";"Sim";2;0;1;1;0;0;2;2;-29,483124;-51,954472;"SPRF-RS";"DEL04-RS";"UOP01-DEL04-RS"
173456;2018-11-23;"sexta-feira";"18:30:00";"RJ";40;88;"PETROPOLIS";"Mal Súbito";"Saída de leito carroçável";"Com Vítimas Feridas";"Anoitecer";"Crescente";"Céu Claro";"Dupla";"Reta";"Não";1;0;0;1;0;0;1;1;-22,54790858;-43,23143276;"SPRF-RJ";"DEL06-RJ";"UOP01-DEL06-RJ"
173460;2018-11-23;"sexta-feira";"19:50:00";"RS";470;213;"BENTO GONCALVES";"Fenômenos da Natureza";"Colisão frontal";"Com Vítimas Feridas";"Plena Noite";"Crescente";"Chuva";"Simples";"Reta";"Não";2;0;1;0;1;0;1;2;-29,14211636;-51,53896809;"SPRF-RS";"DEL06-RS";"UOP01-DEL06-RS"
173461;2018-11-23;"sexta-feira";"18:20:00";"RO";364;345,3;"JI-PARANA";"Falta de Atenção à Condução";"Colisão traseira";"Com Vítimas Feridas";"Plena Noite";"Crescente";"Chuva";"Dupla";"Reta";"Sim";2;0;1;0;1;0;1;2;-10,868851;-61,960064;"SPRF-RO";"DEL02-RO";"UOP01-DEL02-RO"
173463;2018-11-23;"sexta-feira";"19:00:00";"CE";20;405,5;"CAUCAIA";"Não guardar distância de segurança";"Colisão traseira";"Com Vítimas Feridas";"Plena Noite";"Decrescente";"Céu Claro";"Simples";"Reta";"Sim";3;0;2;0;1;0;2;2;-3,76999;-38,670063;"SPRF-CE";"DEL01-CE";"UOP01-DEL01-CE"
173464;2018-11-23;"sexta-feira";"20:15:00";"RS";116;200,4;"PICADA CAFE";"Ingestão de Álcool";"Capotamento";"Sem Vítimas";"Plena Noite";"Decrescente";"Chuva";"Simples";"Reta";"Não";1;0;0;0;1;0;0;1;-29,488905;-51,138287;"SPRF-RS";"DEL05-RS";"UOP02-DEL05-RS"
173465;2018-11-23;"sexta-feira";"20:10:00";"RS";116;247;"SAO LEOPOLDO";"Falta de Atenção à Condução";"Colisão lateral";"Com Vítimas Feridas";"Plena Noite";"Decrescente";"Nublado";"Múltipla";"Reta";"Sim";3;0;2;0;1;0;2;2;-29,76738;-51,153519;"SPRF-RS";"DEL01-RS";"UOP02-DEL01-RS"
173466;2018-11-23;"sexta-feira";"18:45:00";"PE";101;48,3;"ABREU E LIMA";"Ultrapassagem Indevida";"Colisão frontal";"Com Vítimas Feridas";"Plena Noite";"Decrescente";"Céu Claro";"Múltipla";"Reta";"Sim";5;0;0;1;1;3;1;3;-7,898;-34,9025;"SPRF-PE";"DEL01-PE";"UOP02-DEL01-PE"
173467;2018-11-23;"sexta-feira";"19:05:00";"PR";369;163,5;"CAMBE";"Velocidade Incompatível";"Capotamento";"Com Vítimas Feridas";"Anoitecer";"Decrescente";"Chuva";"Dupla";"Reta";"Não";4;0;0;4;0;0;4;1;-23,29604789;-51,2839222;"SPRF-PR";"DEL07-PR";"UOP01-DEL07-PR"
173469;2018-11-23;"sexta-feira";"19:40:00";"RJ";493;68;"NOVA IGUACU";"Falta de Atenção à Condução";"Saída de leito carroçável";"Com Vítimas Feridas";"Plena Noite";"Decrescente";"Nublado";"Dupla";"Curva";"Não";1;0;1;0;0;0;1;1;-22,68340032;-43,4262085;"SPRF-RJ";"DEL01-RJ";"UOP03-DEL01-RJ"
173471;2018-11-23;"sexta-feira";"19:55:00";"MS";163;450,3;"CAMPO GRANDE";"Ultrapassagem Indevida";"Colisão frontal";"Com Vítimas Feridas";"Plena Noite";"Crescente";"Nublado";"Simples";"Reta";"Não";5;0;2;3;0;0;5;2;-20,722826;-54,542085;"SPRF-MS";"DEL01-MS";"UOP01-DEL01-MS"
173473;2018-11-23;"sexta-feira";"20:40:00";"PR";369;139,5;"IBIPORA";"Falta de Atenção à Condução";"Colisão com objeto estático";"Com Vítimas Feridas";"Plena Noite";"Crescente";"Garoa/Chuvisco";"Simples";"Interseção de Vias;Rotatória";"Sim";2;0;0;1;1;0;1;1;-23,2764985;-51,06239587;"SPRF-PR";"DEL07-PR";"UOP01-DEL07-PR"
173474;2018-11-23;"sexta-feira";"19:40:00";"PI";402;43;"PARNAIBA";"Falta de Atenção à Condução";"Colisão transversal";"Com Vítimas Feridas";"Plena Noite";"Decrescente";"Céu Claro";"Simples";"Reta";"Sim";2;0;0;1;1;0;1;2;-2,98421921;-41,70685381;"SPRF-PI";"DEL05-PI";"UOP01-DEL05-PI"
173475;2018-11-23;"sexta-feira";"20:39:00";"ES";101;377;"ICONHA";"Falta de Atenção à Condução";"Atropelamento de Pedestre";"Com Vítimas Feridas";"Plena Noite";"Crescente";"Céu Claro";"Simples";"Curva";"Sim";2;0;1;1;0;0;2;2;-20,79268569;-40,80837878;"SPRF-ES";"DEL03-ES";"UOP01-DEL03-ES"
173476;2018-11-23;"sexta-feira";"20:49:00";"SC";470;5;"NAVEGANTES";"Falta de Atenção do Pedestre";"Colisão transversal";"Com Vítimas Feridas";"Plena Noite";"Crescente";"Nublado";"Simples";"Reta";"Não";2;0;0;2;0;0;2;2;-26,855688;-48,700333;"SPRF-SC";"DEL04-SC";"UOP04-DEL04-SC"
173477;2018-11-23;"sexta-feira";"18:15:00";"AL";416;37,2;"IBATEGUARA";"Velocidade Incompatível";"Saída de leito carroçável";"Com Vítimas Fatais";"Plena Noite";"Decrescente";"Céu Claro";"Simples";"Declive";"Não";1;1;0;0;0;0;0;1;-8,94875942;-35,85339636;"SPRF-AL";"DEL01-AL";"UOP02-DEL01-AL"
173478;2018-11-23;"sexta-feira";"18:40:00";"SC";282;307,4;"VARGEM";"Pista Escorregadia";"Saída de leito carroçável";"Com Vítimas Feridas";"Pleno dia";"Crescente";"Chuva";"Simples";"Curva";"Não";1;0;0;1;0;0;1;1;-27,495266;-50,962605;"SPRF-SC";"DEL07-SC";"UOP06-DEL07-SC"
173483;2018-11-20;"terça-feira";"06:18:00";"MS";163;327,6;"NAVIRAI";"Não guardar distância de segurança";"Colisão traseira";"Sem Vítimas";"Amanhecer";"Decrescente";"Nublado";"Simples";"Reta";"Não";2;0;0;0;2;0;0;2;-23,055607;-54,235474;"SPRF-MS";"DEL02-MS";"UOP02-DEL02-MS"
173484;2018-11-23;"sexta-feira";"21:35:00";"ES";101;293,5;"CARIACICA";"Desobediência às normas de trânsito pelo condutor";"Colisão frontal";"Com Vítimas Feridas";"Plena Noite";"Crescente";"Céu Claro";"Dupla";"Curva";"Não";3;0;0;2;1;0;2;2;-20,32287854;-40,39514802;"SPRF-ES";"DEL01-ES";"UOP01-DEL01-ES"
173485;2018-11-23;"sexta-feira";"21:05:00";"SC";101;212,5;"PALHOCA";"Não guardar distância de segurança";"Queda de ocupante de veículo";"Com Vítimas Feridas";"Plena Noite";"Crescente";"Céu Claro";"Múltipla";"Reta";"Sim";1;0;0;1;0;0;1;1;-27,6372;-48,6651;"SPRF-SC";"DEL01-SC";"UOP02-DEL01-SC"
173487;2018-11-23;"sexta-feira";"18:30:00";"AC";317;45,8;"SENADOR GUIOMARD";"Animais na Pista";"Atropelamento de Animal";"Com Vítimas Feridas";"Plena Noite";"Decrescente";"Céu Claro";"Simples";"Reta";"Não";1;0;1;0;0;0;1;1;-9,917211;-67,455887;"SPRF-AC";"DEL01-AC";"UOP01-DEL01-AC"
173488;2018-11-23;"sexta-feira";"19:10:00";"RS";158;158,3;"PANAMBI";"Desobediência às normas de trânsito pelo condutor";"Colisão transversal";"Sem Vítimas";"Anoitecer";"Decrescente";"Chuva";"Simples";"Viaduto";"Não";2;0;0;0;2;0;0;2;-28,34789516;-53,50176757;"SPRF-RS";"DEL10-RS";"UOP02-DEL10-RS"
173492;2018-11-23;"sexta-feira";"18:45:00";"RO";364;423,5;"JARU";"Falta de Atenção à Condução";"Colisão transversal";"Com Vítimas Feridas";"Plena Noite";"Crescente";"Nublado";"Simples";"Interseção de Vias";"Sim";2;0;1;0;1;0;1;2;-10,452208;-62,46072;"SPRF-RO";"DEL03-RO";"UOP02-DEL03-RO"
173495;2018-11-23;"sexta-feira";"20:35:00";"BA";116;814,3;"VITORIA DA CONQUISTA";"Ingestão de Álcool";"Colisão traseira";"Com Vítimas Feridas";"Plena Noite";"Decrescente";"Céu Claro";"Simples";"Reta";"Sim";2;0;1;0;1;0;1;2;-14,8177855;-40,80708504;"SPRF-BA";"DEL08-BA";"UOP01-DEL08-BA"
173497;2018-11-23;"sexta-feira";"13:30:00";"RS";116;526;"BARRA DO RIBEIRO";"Ingestão de Álcool";"Colisão traseira";"Com Vítimas Feridas";"Pleno dia";"Crescente";"Céu Claro";"Simples";"Reta";"Não";2;0;1;0;1;0;1;2;-30,34457;-51,42852;"SPRF-RS";"DEL07-RS";"UOP01-DEL07-RS"
173498;2018-11-23;"sexta-feira";"22:50:00";"PR";376;262,8;"CALIFORNIA";"Falta de Atenção à Condução";"Saída de leito carroçável";"Com Vítimas Fatais";"Plena Noite";"Decrescente";"Nevoeiro/Neblina";"Simples";"Curva";"Não";3;2;1;0;0;0;1;2;-23,699424;-51,334815;"SPRF-PR";"DEL07-PR";"UOP03-DEL07-PR"
173500;2018-11-23;"sexta-feira";"22:30:00";"RS";116;225;"DOIS IRMAOS";"Pista Escorregadia";"Saída de leito carroçável";"Com Vítimas Feridas";"Plena Noite";"Crescente";"Chuva";"Simples";"Reta";"Não";2;0;0;1;1;0;1;1;-29,597097;-51,109146;"SPRF-RS";"DEL05-RS";"UOP02-DEL05-RS"
173501;2018-11-23;"sexta-feira";"21:40:00";"MS";267;89;"BATAGUASSU";"Animais na Pista";"Saída de leito carroçável";"Com Vítimas Feridas";"Plena Noite";"Crescente";"Nublado";"Simples";"Reta";"Não";2;0;2;0;0;0;2;1;-21,863622;-52,946137;"SPRF-MS";"DEL02-MS";"DEL3/7-UOP01/MS"
173502;2018-11-23;"sexta-feira";"20:45:00";"RJ";465;19;"NOVA IGUACU";"Falta de Atenção à Condução";"Atropelamento de Pedestre";"Com Vítimas Feridas";"Plena Noite";"Crescente";"Nublado";"Simples";"Reta";"Sim";2;0;1;0;1;0;1;2;-22,839184;-43,610451;"SPRF-RJ";"DEL01-RJ";"UOP03-DEL01-RJ"
173503;2018-11-23;"sexta-feira";"23:10:00";"DF";20;36,2;"BRASILIA";"Falta de Atenção à Condução";"Colisão traseira";"Com Vítimas Feridas";"Plena Noite";"Crescente";"Céu Claro";"Dupla";"Reta";"Não";2;0;1;0;1;0;1;2;-15,581923;-47,549881;"SPRF-DF";"DEL02-DF";"UOP01-DEL02-DF"
173504;2018-11-23;"sexta-feira";"19:30:00";"SC";116;7,1;"MAFRA";"Falta de Atenção à Condução";"Colisão lateral";"Com Vítimas Feridas";"Anoitecer";"Crescente";"Céu Claro";"Simples";"Interseção de Vias";"Sim";3;0;1;0;1;1;1;3;-26,151985;-49,831059;"SPRF-SC";"DEL06-SC";"UOP01-DEL06-SC"
173508;2018-11-23;"sexta-feira";"23:30:00";"MG";40;501;"ESMERALDAS";"Velocidade Incompatível";"Saída de leito carroçável";"Com Vítimas Feridas";"Plena Noite";"Decrescente";"Céu Claro";"Dupla";"Reta";"Não";2;0;1;0;1;0;1;1;-19,7183;-44,157;"SPRF-MG";"DEL02-MG";"UOP01-DEL02-MG"