"id";"data_inversa";"dia_semana";"horario";"uf";"br";"km";"municipio";"causa_acidente";"tipo_acidente";"classificacao_acidente";"fase_dia";"sentido_via";"condicao_metereologica";"tipo_pista";"tracado_via";"uso_solo";"pessoas";"mortos";"feridos_leves";"feridos_graves";"ilesos";"ignorados";"feridos";"veiculos";"latitude";"longitude";"regional";"delegacia";"uop"
173509;2018-11-23;"sexta-feira";"22:20:00";"RS";470;230,5;"CARLOS BARBOSA";"Velocidade Incompatível";"Colisão com objeto estático";"Sem Vítimas";"Plena Noite";"Decrescente";"Chuva";"Dupla";"Reta";"Sim";1;0;0;0;1;0;0;1;-29,28144864;-51,4915359;"SPRF-RS";"DEL06-RS";"UOP01-DEL06-RS"
173510;2018-11-23;"sexta-feira";"20:10:00";"MG";381;547;"RIO MANSO";"Velocidade Incompatível";"Saída de leito carroçável";"Com Vítimas Feridas";"Plena Noite";"Decrescente";"Nublado";"Dupla";"Aclive;Reta";"Não";1;0;1;0;0;0;1;1;-20,2843;-44,4322;"SPRF-MG";"DEL04-MG";"UOP03-DEL04-MG"
173511;2018-11-23;"sexta-feira";"23:30:00";"GO";153;441,6;"ANAPOLIS";"Velocidade Incompatível";"Saída de leito carroçável";"Com Vítimas Feridas";"Plena Noite";"Crescente";"Céu Claro";"Dupla";"Reta";"Sim";1;0;0;1;0;0;1;1;-16,315866;-48,921612;"SPRF-GO";"DEL02-GO";"UOP01-DEL02-GO"
173512;2018-11-23;"sexta-feira";"23:20:00";"SC";470;136;"RIO DO SUL";"Ingestão de Álcool";"Colisão com objeto estático";"Com Vítimas Feridas";"Plena Noite";"Crescente";"Garoa/Chuvisco";"Simples";"Reta";"Não";1;0;1;0;0;0;1;1;-27,194323;-49,624554;"SPRF-SC";"DEL04-SC";"UOP02-DEL04-SC"
173513;2018-11-23;"sexta-feira";"21:15:00";"RS";386;396,7;"TRIUNFO";"Pista Escorregadia";"Colisão frontal";"Com Vítimas Feridas";"Plena Noite";"Crescente";"Chuva";"Simples";"Reta";"Não";6;0;5;1;0;0;6;2;-29,732574;-51,631935;"SPRF-RS";"DEL04-RS";"UOP02-DEL04-RS"
173516;2018-11-23;"sexta-feira";"20:30:00";"SC";280;128,9;"RIO NEGRINHO";"Desobediência às normas de trânsito pelo condutor";"Colisão transversal";"Com Vítimas Feridas";"Plena Noite";"Crescente";"Garoa/Chuvisco";"Simples";"Reta";"Sim";3;0;1;0;2;0;1;2;-26,243179;-49,513199;"SPRF-SC";"DEL06-SC";"UOP03-DEL06-SC"
173517;2018-11-24;"sábado";"00:05:00";"RJ";393;287;"VOLTA REDONDA";"Falta de Atenção do Pedestre";"Atropelamento de Pedestre";"Com Vítimas Feridas";"Plena Noite";"Crescente";"Céu Claro";"Múltipla";"Reta";"Sim";2;0;0;2;0;0;2;2;-22,510941;-44,084461;"SPRF-RJ";"DEL05-RJ";"UOP04-DEL05-RJ"
173518;2018-11-24;"sábado";"00:30:00";"SP";381;23;"BRAGANCA PAULISTA";"Falta de Atenção à Condução";"Colisão com objeto estático";"Com Vítimas Feridas";"Plena Noite";"Crescente";"Nublado";"Dupla";"Reta";"Não";1;0;1;0;0;0;1;1;-23,00454007;-46,52053356;"SPRF-SP";"DEL03-SP";"UOP02-DEL03-SP"
173521;2018-11-23;"sexta-feira";"23:45:00";"MG";40;277,9;"TRES MARIAS";"Velocidade Incompatível";"Saída de leito carroçável";"Com Vítimas Feridas";"Plena Noite";"Decrescente";"Céu Claro";"Simples";"Curva";"Não";4;0;3;0;1;0;3;1;-18,212723;-45,224731;"SPRF-MG";"DEL14-MG";"UOP02-DEL14-MG"
173523;2018-11-24;"sábado";"00:15:00";"MS";163;562,1;"BANDEIRANTES";"Falta de Atenção à Condução";"Saída de leito carroçável";"Com Vítimas Fatais";"Plena Noite";"Decrescente";"Nublado";"Simples";"Declive";"Não";4;1;2;1;0;0;3;1;-19,797161;-54,368607;"SPRF-MS";"DEL01-MS";"UOP02-DEL01-MS"
173524;2018-11-23;"sexta-feira";"00:10:00";"RN";101;84;"NATAL";"Não guardar distância de segurança";"Colisão traseira";"Com Vítimas Feridas";"Plena Noite";"Decrescente";"Céu Claro";"Dupla";"Reta";"Sim";2;0;1;0;1;0;1;2;-5,774175;-35,257801;"SPRF-RN";"DEL02-RN";"UOP01-DEL02-RN"
173527;2018-11-24;"sábado";"00:50:00";"RJ";101;242;"SILVA JARDIM";"Ingestão de álcool e/ou substâncias psicoativas pelo pedestre";"Queda de ocupante de veículo";"Com Vítimas Feridas";"Plena Noite";"Crescente";"Céu Claro";"Dupla";"Em Obras";"Não";1;0;1;0;0;0;1;1;-22,635769;-42,454853;"SPRF-RJ";"DEL02-RJ";"UOP03-DEL02-RJ"
173528;2018-11-24;"sábado";"02:15:00";"RJ";40;122;"DUQUE DE CAXIAS";"Falta de Atenção à Condução";"Colisão traseira";"Com Vítimas Feridas";"Plena Noite";"Decrescente";"Céu Claro";"Múltipla";"Reta";"Sim";2;0;1;0;1;0;1;2;-22,7968;-43,2889;"SPRF-RJ";"DEL01-RJ";"UOP01-DEL01-RJ"
173529;2018-10-21;"domingo";"18:50:00";"PI";316;23,2;"TERESINA";"Restrição de Visibilidade";"Colisão lateral";"Com Vítimas Fatais";"Plena Noite";"Crescente";"Céu Claro";"Simples";"Reta";"Não";2;1;0;0;1;0;0;2;-5,282496;-42,722019;"SPRF-PI";"DEL01-PI";"UOP02-DEL01-PI"
173532;2018-11-24;"sábado";"03:40:00";"TO";230;142;"ARAGUATINS";"Ingestão de Álcool";"Capotamento";"Com Vítimas Fatais";"Plena Noite";"Crescente";"Nublado";"Simples";"Reta";"Não";3;1;1;0;1;0;1;1;-5,724082;-48,132065;"SPRF-TO";"DEL02-TO";"UOP03-DEL02-TO"
173535;2018-11-24;"sábado";"04:45:00";"MS";163;486,7;"CAMPO GRANDE";"Desobediência às normas de trânsito pelo pedestre";"Atropelamento de Pedestre";"Com Vítimas Feridas";"Amanhecer";"Decrescente";"Nevoeiro/Neblina";"Simples";"Reta";"Sim";2;0;0;1;1;0;1;2;-20,427612;-54,545082;"SPRF-MS";"DEL01-MS";"UOP02-DEL01-MS"
173536;2018-11-24;"sábado";"01:00:00";"RO";364;703;"PORTO VELHO";"Falta de Atenção à Condução";"Colisão com objeto estático";"Com Vítimas Feridas";"Plena Noite";"Decrescente";"Céu Claro";"Dupla";"Declive";"Sim";1;0;0;1;0;0;1;1;-8,80051561;-63,80734921;"SPRF-RO";"DEL01-RO";"UOP01-DEL01-RO"
173537;2018-11-23;"sexta-feira";"23:20:00";"PR";476;118;"COLOMBO";"Mal Súbito";"Queda de ocupante de veículo";"Sem Vítimas";"Plena Noite";"Crescente";"Garoa/Chuvisco";"Múltipla";"Curva";"Sim";1;0;0;0;0;1;0;1;-25,35634;-49,180828;"SPRF-PR";"DEL01-PR";"UOP01-DEL01-PR"
173540;2018-11-24;"sábado";"06:35:00";"RS";116;265;"CANOAS";"Avarias e/ou desgaste excessivo no pneu";"Colisão com objeto estático";"Com Vítimas Feridas";"Amanhecer";"Crescente";"Chuva";"Múltipla";"Declive";"Sim";1;0;1;0;0;0;1;1;-29,923407;-51,177811;"SPRF-RS";"DEL01-RS";"UOP01-DEL01-RS"
173541;2018-11-24;"sábado";"01:00:00";"GO";153;699;"ITUMBIARA";"Falta de Atenção à Condução";"Queda de ocupante de veículo";"Com Vítimas Feridas";"Plena Noite";"Crescente";"Chuva";"Dupla";"Retorno Regulamentado";"Sim";1;0;1;0;0;0;1;1;-18,3862;-49,2076;"SPRF-GO";"DEL03-GO";"UOP02-DEL03-GO"
173543;2018-11-24;"sábado";"07:15:00";"PR";277;39;"MORRETES";"Falta de Atenção à Condução";"Colisão traseira";"Com Vítimas Feridas";"Pleno dia";"Decrescente";"Garoa/Chuvisco";"Dupla";"Reta";"Não";3;0;1;0;2;0;1;2;-25,57465306;-48,85757446;"SPRF-PR";"DEL01-PR";"UOP05-DEL01-PR"
173544;2018-11-24;"sábado";"06:25:00";"MS";163;371;"NOVA ALVORADA DO SUL";"Pista Escorregadia";"Saída de leito carroçável";"Com Vítimas Feridas";"Amanhecer";"Crescente";"Chuva";"Dupla";"Reta";"Não";1;0;1;0;0;0;1;1;-21,41024446;-54,39811707;"SPRF-MS";"DEL02-MS";"UOP01-DEL02-MS"
173545;2018-11-23;"sexta-feira";"21:30:00";"MG";262;768;"UBERABA";"Velocidade Incompatível";"Saída de leito carroçável";"Com Vítimas Feridas";"Plena Noite";"Decrescente";"Chuva";"Simples";"Interseção de Vias";"Não";1;0;1;0;0;0;1;1;-19,685202;-47,676212;"SPRF-MG";"DEL13-MG";"UOP01-DEL13-MG"
173546;2018-11-24;"sábado";"05:15:00";"CE";116;5,6;"FORTALEZA";"Falta de Atenção à Condução";"Colisão transversal";"Sem Vítimas";"Amanhecer";"Crescente";"Céu Claro";"Simples";"Viaduto";"Sim";2;0;0;0;2;0;0;2;-3,8038;-38,5032;"SPRF-CE";"DEL01-CE";"UOP02-DEL01-CE"
173547;2018-11-24;"sábado";"06:30:00";"PR";476;125;"CURITIBA";"Falta de Atenção à Condução";"Colisão com objeto estático";"Com Vítimas Feridas";"Pleno dia";"Crescente";"Céu Claro";"Dupla";"Reta";"Sim";1;0;1;0;0;0;1;1;-25,4083;-49,219658;"SPRF-PR";"DEL01-PR";"UOP07-DEL01-PR"
173548;2018-11-24;"sábado";"04:50:00";"RJ";116;188;"QUEIMADOS";"Falta de Atenção à Condução";"Colisão traseira";"Com Vítimas Fatais";"Plena Noite";"Crescente";"Ignorado";"Dupla";"Reta";"Não";2;1;0;0;0;1;0;2;-22,73660679;-43,54362488;"SPRF-RJ";"DEL01-RJ";"UOP03-DEL01-RJ"
173553;2018-11-24;"sábado";"05:55:00";"PE";232;145;"SAO CAITANO";"Condutor Dormindo";"Saída de leito carroçável";"Com Vítimas Feridas";"Pleno dia";"Crescente";"Céu Claro";"Dupla";"Curva";"Não";4;0;2;1;1;0;3;1;-8,329969;-36,145531;"SPRF-PE";"DEL02-PE";"UOP03-DEL02-PE"
173555;2018-11-24;"sábado";"07:25:00";"PR";277;382,7;"CANDOI";"Defeito Mecânico no Veículo";"Capotamento";"Com Vítimas Feridas";"Pleno dia";"Decrescente";"Chuva";"Simples";"Reta;Aclive";"Não";2;0;1;0;1;0;1;1;-25,433765;-51,807206;"SPRF-PR";"DEL03-PR";"UOP01-DEL08-PR"
173556;2018-11-24;"sábado";"06:20:00";"RS";468;3,4;"PALMEIRA DAS MISSOES";"Falta de Atenção à Condução";"Saída de leito carroçável";"Com Vítimas Feridas";"Pleno dia";"Crescente";"Chuva";"Simples";"Declive";"Não";1;0;1;0;0;0;1;1;-27,867138;-53,343018;"SPRF-RS";"DEL08-RS";"UOP01-DEL08-RS"
173557;2018-11-24;"sábado";"06:30:00";"RS";116;254;"SAPUCAIA DO SUL";"Não guardar distância de segurança";"Colisão traseira";"Sem Vítimas";"Pleno dia";"Crescente";"Chuva";"Dupla";"Reta";"Sim";2;0;0;0;2;0;0;2;-29,826548;-51,172413;"SPRF-RS";"DEL01-RS";"UOP02-DEL01-RS"
173558;2018-11-24;"sábado";"06:30:00";"BA";330;768;"IPIAU";"Velocidade Incompatível";"Saída de leito carroçável";"Com Vítimas Feridas";"Pleno dia";"Crescente";"Céu Claro";"Simples";"Curva";"Não";4;0;4;0;0;0;4;1;-14,11528111;-39,76472855;"SPRF-BA";"DEL03-BA";"UOP01-DEL03-BA"
173560;2018-11-24;"sábado";"08:14:00";"ES";262;6,5;"CARIACICA";"Não guardar distância de segurança";"Colisão traseira";"Com Vítimas Feridas";"Pleno dia";"Crescente";"Céu Claro";"Múltipla";"Reta";"Sim";4;0;0;1;3;0;1;3;-20,3404;-40,395;"SPRF-ES";"DEL01-ES";"UOP01-DEL01-ES"
173561;2018-11-24;"sábado";"08:15:00";"SC";470;141,5;"RIO DO SUL";"Falta de Atenção à Condução";"Colisão traseira";"Com Vítimas Feridas";"Pleno dia";"Decrescente";"Chuva";"Simples";"Reta";"Sim";3;0;1;0;1;1;1;3;-27,21191623;-49,65147078;"SPRF-SC";"DEL04-SC";"UOP02-DEL04-SC"
173564;2018-11-24;"sábado";"05:10:00";"RS";386;88,5;"SAO PEDRO DAS MISSOES";"Falta de Atenção à Condução";"Colisão frontal";"Com Vítimas Fatais";"Amanhecer";"Decrescente";"Chuva";"Simples";"Reta";"Não";7;2;5;0;0;0;5;2;-27,74577617;-53,22147667;"SPRF-RS";"DEL08-RS";"UOP01-DEL08-RS"
173567;2018-11-22;"quinta-feira";"15:04:00";"RS";471;169;"RIO PARDO";"Falta de Atenção à Condução";"Colisão com objeto estático";"Sem Vítimas";"Pleno dia";"Crescente";"Céu Claro";"Simples";"Curva";"Não";2;0;0;0;1;1;0;2;-29,93827533;-52,38658905;"SPRF-RS";"DEL02-RS";"UOP02-DEL02-RS"
173568;2018-11-24;"sábado";"08:00:00";"GO";60;136;"GOIANIA";"Falta de Atenção à Condução";"Saída de leito carroçável";"Com Vítimas Feridas";"Pleno dia";"Crescente";"Nublado";"Dupla";"Curva";"Sim";1;0;0;1;0;0;1;1;-16,5959;-49,1965;"SPRF-GO";"DEL01-GO";"UOP01-DEL01-GO"
173572;2018-11-24;"sábado";"08:00:00";"SC";101;213;"PALHOCA";"Falta de Atenção à Condução";"Colisão lateral";"Com Vítimas Feridas";"Pleno dia";"Crescente";"Chuva";"Dupla";"Reta";"Sim";2;0;1;0;1;0;1;2;-27,6446;-48,6705;"SPRF-SC";"DEL01-SC";"UOP02-DEL01-SC"
173574;2018-11-24;"sábado";"08:50:00";"SP";381;75;"SAO PAULO";"Velocidade Incompatível";"Colisão com objeto estático";"Com Vítimas Feridas";"Pleno dia";"Crescente";"Chuva";"Dupla";"Curva";"Não";1;0;1;0;0;0;1;1;-23,37142511;-46,55542764;"SPRF-SP";"DEL03-SP";"DEL6/3-UOP03/SP"
173575;2018-11-24;"sábado";"08:15:00";"RS";290;110,9;"ELDORADO DO SUL";"Velocidade Incompatível";"Colisão com objeto estático";"Com Vítimas Feridas";"Pleno dia";"Crescente";"Chuva";"Múltipla";"Reta";"Não";2;0;2;0;0;0;2;1;-30,023552;-51,321091;"SPRF-RS";"DEL02-RS";"UOP01-DEL02-RS"
173576;2018-11-24;"sábado";"06:50:00";"MG";50;5,1;"ARAGUARI";"Velocidade Incompatível";"Saída de leito carroçável";"Com Vítimas Feridas";"Pleno dia";"Decrescente";"Chuva";"Dupla";"Curva";"Não";2;0;0;1;1;0;1;1;-18,46338835;-48,04982185;"SPRF-MG";"DEL15-MG";"UOP02-DEL15-MG"
173577;2018-11-24;"sábado";"07:00:00";"BA";324;517,8;"FEIRA DE SANTANA";"Falta de Atenção à Condução";"Colisão transversal";"Com Vítimas Feridas";"Pleno dia";"Decrescente";"Céu Claro";"Simples";"Reta";"Sim";3;0;2;0;1;0;2;2;-12,26774136;-38,93376052;"SPRF-BA";"DEL02-BA";"UOP01-DEL02-BA"
173578;2018-11-24;"sábado";"07:30:00";"SC";158;135;"PALMITOS";"Defeito na Via";"Saída de leito carroçável";"Sem Vítimas";"Pleno dia";"Crescente";"Chuva";"Simples";"Curva";"Não";5;0;0;0;5;0;0;1;-27,0735816;-53,23158145;"SPRF-SC";"DEL07-SC";"UOP02-DEL07-SC"
173580;2018-11-24;"sábado";"08:45:00";"PR";376;170,8;"MARINGA";"Falta de Atenção à Condução";"Colisão transversal";"Com Vítimas Feridas";"Pleno dia";"Crescente";"Céu Claro";"Dupla";"Interseção de Vias";"Sim";2;0;1;0;1;0;1;2;-23,418228;-51,975006;"SPRF-PR";"DEL07-PR";"UOP01-DEL09-PR"
173581;2018-11-24;"sábado";"09:00:00";"RJ";101;565;"PARATY";"Desobediência às normas de trânsito pelo condutor";"Colisão lateral";"Sem Vítimas";"Pleno dia";"Crescente";"Chuva";"Simples";"Curva";"Não";3;0;0;0;3;0;0;2;-23,14855362;-44,69733065;"SPRF-RJ";"DEL03-RJ";"UOP04-DEL03-RJ"
173583;2018-11-24;"sábado";"07:35:00";"MG";381;767,8;"CAMPANHA";"Velocidade Incompatível";"Capotamento";"Com Vítimas Feridas";"Pleno dia";"Decrescente";"Chuva";"Dupla";"Reta";"Não";3;0;1;1;0;1;2;2;-21,7528;-45,3956;"SPRF-MG";"DEL16-MG";"UOP02-DEL16-MG"
173584;2018-11-24;"sábado";"09:15:00";"PR";163;195;"SANTA TEREZA DO OESTE";"Ingestão de Álcool";"Saída de leito carroçável";"Sem Vítimas";"Pleno dia";"Decrescente";"Garoa/Chuvisco";"Dupla";"Reta";"Não";1;0;0;0;1;0;0;1;-25,0646;-53,5674;"SPRF-PR";"DEL04-PR";"UOP05-DEL05-PR"
173585;2018-11-24;"sábado";"09:45:00";"GO";153;422,2;"ANAPOLIS";"Velocidade Incompatível";"Saída de leito carroçável";"Com Vítimas Feridas";"Pleno dia";"Crescente";"Chuva";"Dupla";"Reta";"Não";4;0;4;0;0;0;4;1;-16,19182;-49,032566;"SPRF-GO";"DEL02-GO";"UOP01-DEL02-GO"
173593;2018-10-07;"domingo";"11:30:00";"RJ";101;393;"ITAGUAI";"Velocidade Incompatível";"Colisão traseira";"Com Vítimas Feridas";"Pleno dia";"Decrescente";"Céu Claro";"Dupla";"Reta";"Não";5;0;1;0;4;0;1;3;-22,889235;-43,703739;"SPRF-RJ";"DEL03-RJ";"UOP01-DEL03-RJ"
173603;2018-11-24;"sábado";"08:40:00";"RN";101;80;"NATAL";"Pista Escorregadia";"Tombamento";"Com Vítimas Feridas";"Pleno dia";"Decrescente";"Céu Claro";"Dupla";"Rotatória";"Sim";2;0;2;0;0;0;2;1;-5,758523;-35,288063;"SPRF-RN";"DEL02-RN";"UOP01-DEL02-RN"
173608;2018-11-24;"sábado";"09:40:00";"SC";101;205;"SAO JOSE";"Falta de Atenção à Condução";"Colisão traseira";"Com Vítimas Feridas";"Pleno dia";"Crescente";"Garoa/Chuvisco";"Múltipla";"Reta";"Sim";3;0;2;0;1;0;2;2;-27,592;-48,6181;"SPRF-SC";"DEL01-SC";"UOP01-DEL01-SC"
173609;2018-11-24;"sábado";"09:35:00";"ES";101;146,7;"LINHARES";"Não guardar distância de segurança";"Colisão traseira";"Com Vítimas Feridas";"Pleno dia";"Decrescente";"Nublado";"Múltipla";"Reta";"Não";2;0;1;0;1;0;1;2;-19,37508157;-40,06589413;"SPRF-ES";"DEL04-ES";"UOP01-DEL04-ES"
173614;2018-11-24;"sábado";"10:50:00";"PR";277;43,2;"MORRETES";"Falta de Atenção à Condução";"Queda de ocupante de veículo";"Com Vítimas Feridas";"Pleno dia";"Crescente";"Nublado";"Dupla";"Aclive;Reta";"Não";2;0;0;2;0;0;2;1;-25,59261346;-48,88023376;"SPRF-PR";"DEL01-PR";"UOP07-DEL01-PR"
173620;2018-11-24;"sábado";"09:20:00";"BA";116;427;"FEIRA DE SANTANA";"Falta de Atenção à Condução";"Saída de leito carroçável";"Com Vítimas Feridas";"Pleno dia";"Crescente";"Céu Claro";"Simples";"Reta";"Sim";2;0;1;0;1;0;1;2;-12,26247318;-38,98944855;"SPRF-BA";"DEL02-BA";"UOP01-DEL02-BA"
173622;2018-11-24;"sábado";"08:15:00";"PB";230;34,4;"BAYEUX";"Não guardar distância de segurança";"Engavetamento";"Com Vítimas Feridas";"Pleno dia";"Decrescente";"Sol";"Dupla";"Reta";"Sim";8;0;3;0;5;0;3;5;-7,131;-34,9332;"SPRF-PB";"DEL01-PB";"UOP01-DEL01-PB"
173623;2018-11-24;"sábado";"11:29:00";"DF";60;22,7;"BRASILIA";"Pista Escorregadia";"Saída de leito carroçável";"Com Vítimas Feridas";"Pleno dia";"Crescente";"Chuva";"Dupla";"Reta";"Não";2;0;1;0;1;0;1;1;-15,984106;-48,215378;"SPRF-DF";"DEL01-DF";"UOP01-DEL03-DF"
173624;2018-11-24;"sábado";"08:30:00";"PI";343;560;"AMARANTE";"Pista Escorregadia";"Colisão frontal";"Com Vítimas Feridas";"Pleno dia";"Crescente";"Chuva";"Simples";"Curva";"Não";4;0;1;0;3;0;1;2;-6,654274;-42,891457;"SPRF-PI";"DEL03-PI";"UOP01-DEL03-PI"
173625;2018-11-24;"sábado";"10:45:00";"PE";232;7,8;"RECIFE";"Falta de Atenção à Condução";"Tombamento";"Com Vítimas Feridas";"Pleno dia";"Decrescente";"Garoa/Chuvisco";"Dupla";"Reta";"Sim";1;0;1;0;0;0;1;1;-8,073346;-34,96188;"SPRF-PE";"DEL01-PE";"UOP01-DEL01-PE"
173627;2018-11-24;"sábado";"11:00:00";"PE";232;29,2;"MORENO";"Pista Escorregadia";"Tombamento";"Com Vítimas Feridas";"Pleno dia";"Decrescente";"Chuva";"Dupla";"Reta";"Não";1;0;1;0;0;0;1;1;-8,111266;-35,14315;"SPRF-PE";"DEL01-PE";"UOP02-DEL02PE"
173628;2018-11-24;"sábado";"10:30:00";"GO";20;75;"SAO DOMINGOS";"Falta de Atenção à Condução";"Saída de leito carroçável";"Com Vítimas Feridas";"Pleno dia";"Crescente";"Céu Claro";"Simples";"Declive";"Não";1;0;1;0;0;0;1;1;-13,28672859;-46,05640411;"SPRF-DF";"DEL02-DF";"UOP03-DEL02-DF"
173629;2018-11-24;"sábado";"11:00:00";"BA";324;547;"AMELIA RODRIGUES";"Defeito Mecânico no Veículo";"Queda de ocupante de veículo";"Com Vítimas Feridas";"Pleno dia";"Crescente";"Céu Claro";"Dupla";"Curva";"Não";2;0;2;0;0;0;2;1;-12,42819474;-38,73538971;"SPRF-BA";"DEL01-BA";"UOP01-DEL01-BA"
173630;2018-11-24;"sábado";"11:15:00";"SC";101;210;"SAO JOSE";"Falta de Atenção à Condução";"Colisão lateral";"Com Vítimas Feridas";"Pleno dia";"Decrescente";"Céu Claro";"Dupla";"Reta";"Sim";2;0;0;1;1;0;1;2;-27,6235;-48,6524;"SPRF-SC";"DEL01-SC";"UOP01-DEL01-SC"
173631;2018-11-24;"sábado";"11:50:00";"SC";101;54;"JOINVILLE";"Avarias e/ou desgaste excessivo no pneu";"Danos eventuais";"Com Vítimas Feridas";"Pleno dia";"Crescente";"Céu Claro";"Dupla";"Reta";"Não";1;0;1;0;0;0;1;1;-26,4277;-48,8264;"SPRF-SC";"DEL03-SC";"UOP01-DEL03-SC"
173633;2018-11-24;"sábado";"12:30:00";"PR";376;177,2;"MARINGA";"Desobediência às normas de trânsito pelo condutor";"Engavetamento";"Com Vítimas Feridas";"Pleno dia";"Crescente";"Sol";"Dupla";"Reta";"Sim";4;0;1;0;3;0;1;3;-23,412691;-51,931583;"SPRF-PR";"DEL07-PR";"UOP01-DEL09-PR"
173634;2018-11-24;"sábado";"12:40:00";"PR";376;10;"MARINGA";"Falta de Atenção à Condução";"Queda de ocupante de veículo";"Com Vítimas Feridas";"Pleno dia";"Crescente";"Céu Claro";"Dupla";"Reta";"Não";1;0;1;0;0;0;1;1;-23,3824838;-51,90895602;"SPRF-PR";"DEL07-PR";"UOP01-DEL09-PR"
173637;2018-11-24;"sábado";"12:50:00";"PR";277;39;"MORRETES";"Falta de Atenção à Condução";"Queda de ocupante de veículo";"Com Vítimas Feridas";"Pleno dia";"Crescente";"Céu Claro";"Dupla";"Reta";"Não";2;0;1;0;1;0;1;1;-25,57932728;-48,86593223;"SPRF-PR";"DEL01-PR";"UOP05-DEL01-PR"
173638;2018-11-24;"sábado";"10:00:00";"GO";70;361;"JUSSARA";"Falta de Atenção à Condução";"Saída de leito carroçável";"Com Vítimas Feridas";"Pleno dia";"Decrescente";"Chuva";"Simples";"Reta";"Não";1;0;0;1;0;0;1;1;-15,9197;-51,2845;"SPRF-GO";"DEL04-GO";"UOP01-DEL04-GO"
173639;2018-11-24;"sábado";"13:00:00";"MG";40;462,6;"SETE LAGOAS";"Avarias e/ou desgaste excessivo no pneu";"Capotamento";"Com Vítimas Feridas";"Pleno dia";"Crescente";"Chuva";"Dupla";"Reta";"Não";4;0;3;1;0;0;4;1;-19,4295;-44,3368;"SPRF-MG";"DEL02-MG";"UOP01-DEL02-MG"
173641;2018-11-24;"sábado";"11:09:00";"BA";101;745,4;"ITABELA";"Falta de Atenção à Condução";"Colisão transversal";"Sem Vítimas";"Pleno dia";"Decrescente";"Céu Claro";"Simples";"Interseção de Vias";"Não";2;0;0;0;2;0;0;2;-16,5689;-39,5609;"SPRF-BA";"DEL09-BA";"UOP01-DEL09-BA"
173643;2018-11-24;"sábado";"13:00:00";"RJ";40;82,3;"PETROPOLIS";"Sinalização da via insuficiente ou inadequada";"Colisão com objeto estático";"Com Vítimas Feridas";"Pleno dia";"Decrescente";"Nublado";"Simples";"Reta";"Sim";2;0;2;0;0;0;2;1;-22,5399;-43,2241;"SPRF-RJ";"DEL06-RJ";"UOP01-DEL06-RJ"
173645;2018-11-24;"sábado";"13:40:00";"GO";40;1,2;"VALPARAISO DE GOIAS";"Desobediência às normas de trânsito pelo condutor";"Atropelamento de Pedestre";"Com Vítimas Feridas";"Pleno dia";"Crescente";"Nublado";"Dupla";"Reta";"Sim";2;0;1;0;1;0;1;2;-16,058245;-47,982825;"SPRF-DF";"DEL01-DF";"UOP01-DEL01-DF"
173646;2018-11-24;"sábado";"12:30:00";"PR";476;124,7;"CURITIBA";"Velocidade Incompatível";"Engavetamento";"Com Vítimas Feridas";"Pleno dia";"Crescente";"Nublado";"Múltipla";"Reta";"Sim";6;0;1;0;5;0;1;6;-25,399845;-49,215855;"SPRF-PR";"DEL01-PR";"UOP07-DEL01-PR"
173647;2018-11-24;"sábado";"13:30:00";"RS";116;247;"SAO LEOPOLDO";"Pista Escorregadia";"Colisão com objeto estático";"Com Vítimas Feridas";"Pleno dia";"Decrescente";"Chuva";"Dupla";"Reta";"Não";1;0;1;0;0;0;1;1;-29,76738;-51,153519;"SPRF-RS";"DEL01-RS";"UOP02-DEL01-RS"
173648;2018-11-24;"sábado";"12:40:00";"PE";101;78;"RECIFE";"Falta de Atenção à Condução";"Colisão lateral";"Com Vítimas Feridas";"Pleno dia";"Decrescente";"Céu Claro";"Simples";"Reta";"Sim";2;0;2;0;0;0;2;2;-8,1456;-34,9465;"SPRF-PE";"DEL01-PE";"UOP01-DEL01-PE"
173652;2018-11-24;"sábado";"13:15:00";"RJ";101;65;"CAMPOS DOS GOYTACAZES";"Falta de Atenção à Condução";"Colisão traseira";"Com Vítimas Feridas";"Pleno dia";"Decrescente";"Sol";"Dupla";"Curva";"Sim";2;0;1;0;1;0;1;2;-21,753717;-41,34436;"SPRF-RJ";"DEL08-RJ";"UOP02-DEL08-RJ"
173653;2018-11-24;"sábado";"13:45:00";"PR";376;179;"MARINGA";"Não guardar distância de segurança";"Colisão traseira";"Sem Vítimas";"Pleno dia";"Crescente";"Céu Claro";"Dupla";"Reta";"Sim";3;0;0;0;3;0;0;3;-23,427254;-51,895123;"SPRF-PR";"DEL07-PR";"UOP01-DEL09-PR"
173655;2018-11-24;"sábado";"13:20:00";"RS";386;401;"TRIUNFO";"Velocidade Incompatível";"Saída de leito carroçável";"Com Vítimas Feridas";"Pleno dia";"Crescente";"Chuva";"Dupla";"Curva";"Não";3;0;2;0;1;0;2;1;-29,758154;-51,594955;"SPRF-RS";"DEL04-RS";"UOP02-DEL04-RS"
173657;2018-11-24;"sábado";"12:15:00";"AP";210;3;"MACAPA";"Falta de Atenção à Condução";"Colisão transversal";"Com Vítimas Feridas";"Pleno dia";"Decrescente";"Céu Claro";"Dupla";"Retorno Regulamentado";"Sim";2;0;1;1;0;0;2;2;0,087255;-51,085796;"SPRF-AP";"DEL01-AP";"UOP01-DEL01-AP"
173658;2018-11-24;"sábado";"13:45:00";"PR";163;38;"PRANCHITA";"Velocidade Incompatível";"Saída de leito carroçável";"Com Vítimas Feridas";"Pleno dia";"Decrescente";"Nublado";"Simples";"Declive;Curva";"Não";1;0;1;0;0;0;1;1;-26,04351;-53,728256;"SPRF-PR";"DEL02-PR";"UOP02-DEL02-PR"