"id";"data_inversa";"dia_semana";"horario";"uf";"br";"km";"municipio";"causa_acidente";"tipo_acidente";"classificacao_acidente";"fase_dia";"sentido_via";"condicao_metereologica";"tipo_pista";"tracado_via";"uso_solo";"pessoas";"mortos";"feridos_leves";"feridos_graves";"ilesos";"ignorados";"feridos";"veiculos";"latitude";"longitude";"regional";"delegacia";"uop"
173660;2018-11-24;"sábado";"13:55:00";"PE";232;34;"MORENO";"Falta de Atenção à Condução";"Colisão traseira";"Com Vítimas Feridas";"Pleno dia";"Crescente";"Nublado";"Simples";"Reta";"Não";2;0;1;0;1;0;1;2;-8,10704;-35,184006;"SPRF-PE";"DEL01-PE";"UOP02-DEL02PE"
173661;2018-11-24;"sábado";"11:00:00";"MT";70;612;"POCONE";"Pista Escorregadia";"Saída de leito carroçável";"Sem Vítimas";"Pleno dia";"Decrescente";"Chuva";"Simples";"Reta";"Não";1;0;0;0;1;0;0;1;-15,852229;-56,831245;"SPRF-MT";"DEL03-MT";"UOP02-DEL03-MT"
173666;2018-11-24;"sábado";"14:30:00";"PR";277;40;"MORRETES";"Falta de Atenção à Condução";"Colisão lateral";"Sem Vítimas";"Pleno dia";"Crescente";"Sol";"Dupla";"Curva";"Não";2;0;0;0;2;0;0;2;-25,57981379;-48,87196812;"SPRF-PR";"DEL01-PR";"UOP05-DEL01-PR"
173667;2018-11-24;"sábado";"14:00:00";"AL";101;17;"NOVO LINO";"Avarias e/ou desgaste excessivo no pneu";"Saída de leito carroçável";"Com Vítimas Feridas";"Pleno dia";"Decrescente";"Chuva";"Dupla";"Curva";"Não";2;0;2;0;0;0;2;1;-9,005369;-35,675938;"SPRF-AL";"DEL01-AL";"UOP01-DEL01-AL"
173668;2018-11-24;"sábado";"15:40:00";"SC";470;94,6;"ASCURRA";"Desobediência às normas de trânsito pelo condutor";"Colisão transversal";"Com Vítimas Fatais";"Pleno dia";"Crescente";"Nublado";"Simples";"Reta";"Não";4;1;0;2;0;1;2;3;-27,01048654;-49,37268553;"SPRF-SC";"DEL04-SC";"UOP01-DEL04-SC"
173669;2018-11-24;"sábado";"14:50:00";"MG";40;46,9;"PARACATU";"Desobediência às normas de trânsito pelo condutor";"Saída de leito carroçável";"Com Vítimas Feridas";"Pleno dia";"Decrescente";"Chuva";"Simples";"Reta;Aclive";"Não";3;0;2;0;0;1;2;2;-17,238762;-46,836964;"SPRF-MG";"DEL14-MG";"UOP01-DEL14-MG"
173670;2018-11-13;"terça-feira";"06:00:00";"MG";251;211;"CACHOEIRA DE PAJEU";"Defeito na Via";"Saída de leito carroçável";"Com Vítimas Feridas";"Amanhecer";"Decrescente";"Garoa/Chuvisco";"Simples";"Reta";"Não";5;0;4;0;1;0;4;1;-15,8972;-41,5331;"SPRF-MG";"DEL11-MG";"UOP02-DEL11-MG"
173672;2018-11-24;"sábado";"16:10:00";"ES";101;270,8;"SERRA";"Falta de Atenção à Condução";"Colisão com objeto estático";"Com Vítimas Feridas";"Pleno dia";"Decrescente";"Céu Claro";"Simples";"Curva;Declive";"Sim";2;0;2;0;0;0;2;1;-20,23289084;-40,2748186;"SPRF-ES";"DEL02-ES";"UOP01-DEL02-ES"
173673;2018-11-24;"sábado";"15:15:00";"RN";405;3,9;"MOSSORO";"Falta de Atenção à Condução";"Saída de leito carroçável";"Com Vítimas Fatais";"Pleno dia";"Decrescente";"Céu Claro";"Simples";"Reta";"Não";1;1;0;0;0;0;0;1;-5,193866;-37,380531;"SPRF-RN";"DEL04-RN";"UOP02-DEL04-RN"
173675;2018-11-24;"sábado";"15:47:00";"BA";20;134;"SAO DESIDERIO";"Pista Escorregadia";"Saída de leito carroçável";"Com Vítimas Feridas";"Pleno dia";"Crescente";"Chuva";"Simples";"Aclive";"Não";2;0;1;0;1;0;1;1;-12,773858;-45,947842;"SPRF-BA";"DEL10-BA";"UOP01-DEL10-BA"
173677;2018-11-24;"sábado";"14:00:00";"MG";50;136,7;"UBERABA";"Mal Súbito";"Saída de leito carroçável";"Com Vítimas Fatais";"Pleno dia";"Crescente";"Chuva";"Dupla";"Reta";"Não";2;1;0;1;0;0;1;1;-19,4515;-48,0611;"SPRF-MG";"DEL13-MG";"UOP01-DEL13-MG"
173679;2018-11-24;"sábado";"17:15:00";"SP";116;102,3;"PINDAMONHANGABA";"Não guardar distância de segurança";"Colisão traseira";"Sem Vítimas";"Pleno dia";"Crescente";"Nublado";"Dupla";"Declive;Reta";"Não";2;0;0;0;2;0;0;2;-22,994991;-45,489536;"SPRF-SP";"DEL06-SP";"UOP01-DEL06-SP"
173681;2018-11-24;"sábado";"15:30:00";"PE";116;53;"SALGUEIRO";"Falta de Atenção à Condução";"Colisão frontal";"Com Vítimas Feridas";"Pleno dia";"Crescente";"Céu Claro";"Simples";"Reta";"Não";2;0;0;1;1;0;1;2;-8,30906;-39,12488;"SPRF-PE";"DEL05-PE";"UOP01-DEL05-PE"
173683;2018-11-24;"sábado";"17:35:00";"RS";116;514,6;"PELOTAS";"Falta de Atenção à Condução";"Colisão traseira";"Com Vítimas Feridas";"Pleno dia";"Decrescente";"Céu Claro";"Simples";"Reta";"Sim";2;0;1;0;1;0;1;2;-31,66185625;-52,33886719;"SPRF-RS";"DEL07-RS";"UOP01-DEL07-RS"
173686;2018-11-24;"sábado";"16:30:00";"RN";101;111,3;"PARNAMIRIM";"Ingestão de Álcool";"Colisão traseira";"Com Vítimas Feridas";"Pleno dia";"Crescente";"Céu Claro";"Dupla";"Reta";"Não";3;0;2;0;1;0;2;2;-5,955338;-35,264862;"SPRF-RN";"DEL01-RN";"UOP01-DEL01-RN"
173687;2018-11-24;"sábado";"17:30:00";"RJ";40;47;"PETROPOLIS";"Desobediência às normas de trânsito pelo condutor";"Colisão frontal";"Com Vítimas Feridas";"Pleno dia";"Decrescente";"Chuva";"Dupla";"Reta";"Não";2;0;1;0;1;0;1;2;-22,3014;-43,13;"SPRF-RJ";"DEL06-RJ";"UOP01-DEL06-RJ"
173688;2018-11-24;"sábado";"17:50:00";"SC";282;6;"SAO JOSE";"Falta de Atenção à Condução";"Colisão lateral";"Com Vítimas Feridas";"Pleno dia";"Decrescente";"Céu Claro";"Dupla";"Aclive;Curva";"Sim";2;0;1;0;1;0;1;1;-27,591936;-48,618244;"SPRF-SC";"DEL01-SC";"UOP01-DEL01-SC"
173689;2018-11-24;"sábado";"17:20:00";"PR";158;504;"PATO BRANCO";"Defeito Mecânico no Veículo";"Tombamento";"Com Vítimas Feridas";"Pleno dia";"Decrescente";"Céu Claro";"Simples";"Reta";"Não";2;0;2;0;0;0;2;1;-26,08392133;-52,64142036;"SPRF-PR";"DEL02-PR";"UOP01-DEL02-PR"
173692;2018-11-24;"sábado";"16:00:00";"PR";153;460;"UNIAO DA VITORIA";"Falta de Atenção à Condução";"Saída de leito carroçável";"Com Vítimas Feridas";"Pleno dia";"Decrescente";"Céu Claro";"Simples";"Curva";"Não";1;0;1;0;0;0;1;1;-26,224693;-51,135174;"SPRF-PR";"DEL02-PR";"UOP03-DEL02-PR"
173693;2018-11-24;"sábado";"18:35:00";"SC";101;276,2;"IMBITUBA";"Desobediência às normas de trânsito pelo condutor";"Tombamento";"Com Vítimas Feridas";"Pleno dia";"Decrescente";"Chuva";"Múltipla";"Interseção de Vias";"Sim";2;0;0;1;1;0;1;2;-28,1727;-48,6947;"SPRF-SC";"DEL02-SC";"UOP03-DEL02-SC"
173694;2018-11-24;"sábado";"17:25:00";"BA";324;623,1;"SALVADOR";"Desobediência às normas de trânsito pelo condutor";"Colisão traseira";"Com Vítimas Feridas";"Pleno dia";"Crescente";"Céu Claro";"Dupla";"Curva";"Sim";2;0;1;0;1;0;1;2;-12,93764528;-38,47171783;"SPRF-BA";"DEL01-BA";"UOP01-DEL01-BA"
173695;2018-11-24;"sábado";"17:20:00";"PI";316;3;"TERESINA";"Falta de Atenção à Condução";"Colisão transversal";"Com Vítimas Feridas";"Pleno dia";"Decrescente";"Céu Claro";"Simples";"Interseção de Vias";"Sim";2;0;1;0;1;0;1;2;-5,128264;-42,792923;"SPRF-PI";"DEL01-PI";"UOP02-DEL01-PI"
173697;2018-11-24;"sábado";"18:40:00";"GO";153;421,5;"ANAPOLIS";"Falta de Atenção à Condução";"Queda de ocupante de veículo";"Com Vítimas Feridas";"Anoitecer";"Crescente";"Chuva";"Dupla";"Curva";"Sim";1;0;0;1;0;0;1;1;-16,185572;-49,038864;"SPRF-GO";"DEL02-GO";"UOP01-DEL02-GO"
173699;2018-11-24;"sábado";"10:45:00";"RS";470;171;"VERANOPOLIS";"Velocidade Incompatível";"Colisão frontal";"Com Vítimas Feridas";"Pleno dia";"Decrescente";"Chuva";"Simples";"Curva";"Sim";2;0;1;0;1;0;1;2;-28,89156286;-51,54959148;"SPRF-RS";"DEL06-RS";"UOP02-DEL06-RS"
173700;2018-11-24;"sábado";"17:55:00";"PR";277;726;"FOZ DO IGUACU";"Ingestão de Álcool";"Colisão lateral";"Com Vítimas Feridas";"Pleno dia";"Decrescente";"Céu Claro";"Dupla";"Curva";"Sim";4;0;2;0;2;0;2;2;-25,510586;-54,554813;"SPRF-PR";"DEL05-PR";"UOP03-DEL05-PR"
173701;2018-11-24;"sábado";"18:20:00";"SC";101;419;"ARARANGUA";"Desobediência às normas de trânsito pelo condutor";"Colisão transversal";"Com Vítimas Feridas";"Pleno dia";"Crescente";"Céu Claro";"Simples";"Interseção de Vias";"Sim";2;0;1;0;1;0;1;2;-28,992;-49,5487;"SPRF-SC";"DEL02-SC";"UOP02-DEL02-SC"
173703;2018-11-24;"sábado";"18:00:00";"SC";116;12,3;"MAFRA";"Ingestão de Álcool";"Colisão transversal";"Com Vítimas Feridas";"Pleno dia";"Decrescente";"Nublado";"Simples";"Interseção de Vias";"Não";4;0;3;0;1;0;3;2;-26,1797964;-49,87112582;"SPRF-SC";"DEL06-SC";"UOP01-DEL06-SC"
173704;2018-11-24;"sábado";"16:40:00";"RR";174;503,2;"BOA VISTA";"Ingestão de Álcool";"Colisão com objeto estático";"Sem Vítimas";"Pleno dia";"Decrescente";"Céu Claro";"Simples";"Rotatória";"Não";1;0;0;0;1;0;0;1;2,794901;-60,698441;"SPRF-RR";"DEL01-RR";"UOP01-DEL01-RR"
173705;2018-11-24;"sábado";"19:10:00";"RS";116;246,5;"SAO LEOPOLDO";"Ingestão de Álcool";"Colisão traseira";"Com Vítimas Feridas";"Pleno dia";"Decrescente";"Nublado";"Múltipla";"Ponte";"Sim";4;0;1;0;3;0;1;4;-29,758787;-51,151871;"SPRF-RS";"DEL01-RS";"UOP02-DEL01-RS"
173706;2018-11-24;"sábado";"19:30:00";"SP";116;202;"ARUJA";"Pista Escorregadia";"Saída de leito carroçável";"Com Vítimas Feridas";"Anoitecer";"Crescente";"Chuva";"Dupla";"Declive";"Sim";1;0;1;0;0;0;1;1;-23,41119301;-46,34994507;"SPRF-SP";"DEL01-SP";"UOP02-DEL01-SP"
173708;2018-11-24;"sábado";"06:00:00";"CE";304;12,4;"BEBERIBE";"Falta de Atenção à Condução";"Atropelamento de Animal";"Com Vítimas Fatais";"Plena Noite";"Crescente";"Céu Claro";"Dupla";"Reta";"Não";3;1;1;1;0;0;2;2;-4,587316;-38,103462;"SPRF-CE";"DEL03-CE";"UOP03-DEL03-CE"
173709;2018-11-24;"sábado";"19:30:00";"SC";470;74,2;"INDAIAL";"Falta de Atenção à Condução";"Colisão frontal";"Com Vítimas Feridas";"Anoitecer";"Crescente";"Céu Claro";"Simples";"Reta";"Sim";3;0;1;0;2;0;1;2;-26,916288;-49,280807;"SPRF-SC";"DEL04-SC";"UOP01-DEL04-SC"
173710;2018-11-24;"sábado";"18:40:00";"SC";101;120;"ITAJAI";"Falta de Atenção à Condução";"Colisão com objeto estático";"Com Vítimas Feridas";"Pleno dia";"Decrescente";"Céu Claro";"Simples";"Reta";"Não";1;0;1;0;0;0;1;1;-26,9211;-48,7084;"SPRF-SC";"DEL04-SC";"UOP04-DEL04-SC"
173711;2018-11-13;"terça-feira";"04:45:00";"RJ";116;167;"SAO JOAO DE MERITI";"Falta de Atenção do Pedestre";"Atropelamento de Pedestre";"Com Vítimas Feridas";"Plena Noite";"Crescente";"Céu Claro";"Múltipla";"Reta";"Sim";2;0;0;1;0;1;1;2;-22,818039;-43,307873;"SPRF-RJ";"DEL01-RJ";"UOP02-DEL01-RJ"
173714;2018-11-24;"sábado";"19:40:00";"MG";40;617;"CONGONHAS";"Desobediência às normas de trânsito pelo condutor";"Colisão transversal";"Com Vítimas Feridas";"Plena Noite";"Crescente";"Chuva";"Simples";"Reta";"Sim";2;0;1;0;1;0;1;2;-20,5647;-43,8114;"SPRF-MG";"DEL05-MG";"UOP02-DEL05-MG"
173715;2018-11-24;"sábado";"19:15:00";"SP";116;223,7;"GUARULHOS";"Falta de Atenção à Condução";"Colisão lateral";"Com Vítimas Feridas";"Anoitecer";"Crescente";"Chuva";"Múltipla";"Reta";"Sim";2;0;1;0;1;0;1;2;-23,4821678;-46,53569927;"SPRF-SP";"DEL01-SP";"UOP01-DEL01-SP"
173717;2018-11-24;"sábado";"18:10:00";"MA";135;0,9;"SAO LUIS";"Desobediência às normas de trânsito pelo condutor";"Atropelamento de Pedestre";"Com Vítimas Feridas";"Plena Noite";"Crescente";"Ignorado";"Dupla";"Reta";"Sim";2;0;0;2;0;0;2;2;-2,58624066;-44,24347222;"SPRF-MA";"DEL01-MA";"UOP01-DEL01-MA"
173720;2018-11-24;"sábado";"20:00:00";"MG";40;498,7;"ESMERALDAS";"Pista Escorregadia";"Saída de leito carroçável";"Com Vítimas Feridas";"Plena Noite";"Decrescente";"Chuva";"Dupla";"Reta";"Sim";1;0;0;1;0;0;1;1;-19,6981;-44,1762;"SPRF-MG";"DEL02-MG";"UOP01-DEL02-MG"
173721;2018-11-24;"sábado";"18:40:00";"BA";110;8;"PAULO AFONSO";"Ingestão de Álcool";"Atropelamento de Animal";"Sem Vítimas";"Plena Noite";"Crescente";"Céu Claro";"Simples";"Reta";"Não";1;0;0;0;1;0;0;1;-9,49;-38,2137;"SPRF-BA";"DEL07-BA";"UOP01-DEL07-BA"
173725;2018-11-24;"sábado";"17:50:00";"RS";470;217;"BENTO GONCALVES";"Desobediência às normas de trânsito pelo condutor";"Colisão transversal";"Sem Vítimas";"Pleno dia";"Decrescente";"Céu Claro";"Simples";"Rotatória";"Sim";3;0;0;0;1;2;0;3;-29,17486269;-51,52296435;"SPRF-RS";"DEL06-RS";"UOP01-DEL06-RS"
173726;2018-11-24;"sábado";"18:40:00";"PA";163;985;"SANTAREM";"Falta de Atenção à Condução";"Colisão transversal";"Com Vítimas Feridas";"Plena Noite";"Decrescente";"Céu Claro";"Simples";"Reta";"Sim";3;0;0;1;2;0;1;2;-2,5919962;-54,719898;"SPRF-PA";"DEL05-PA";"UOP01-DEL05-PA"
173730;2018-11-24;"sábado";"17:10:00";"RO";364;694;"PORTO VELHO";"Falta de Atenção à Condução";"Colisão com objeto estático";"Sem Vítimas";"Pleno dia";"Crescente";"Sol";"Dupla";"Reta";"Não";2;0;0;0;1;1;0;1;-8,80049971;-63,72092307;"SPRF-RO";"DEL01-RO";"UOP01-DEL01-RO"
173731;2018-11-24;"sábado";"20:40:00";"DF";20;4,1;"BRASILIA";"Falta de Atenção à Condução";"Colisão traseira";"Com Vítimas Feridas";"Plena Noite";"Crescente";"Nublado";"Dupla";"Reta";"Sim";2;0;1;0;1;0;1;2;-15,675484;-47,823761;"SPRF-DF";"DEL02-DF";"UOP01-DEL02-DF"
173732;2018-11-24;"sábado";"20:40:00";"PR";277;5;"FOZ DO IGUACU";"Falta de Atenção à Condução";"Colisão transversal";"Com Vítimas Feridas";"Plena Noite";"Crescente";"Ignorado";"Dupla";"Interseção de Vias";"Sim";2;0;1;0;0;1;1;2;-25,46237834;-54,58303928;"SPRF-PR";"DEL05-PR";"UOP03-DEL05-PR"
173734;2018-11-24;"sábado";"20:30:00";"PE";104;86,1;"AGRESTINA";"Ingestão de álcool e/ou substâncias psicoativas pelo pedestre";"Atropelamento de Pedestre";"Com Vítimas Fatais";"Plena Noite";"Crescente";"Ignorado";"Simples";"Reta";"Não";2;1;0;0;1;0;0;2;-8,446782;-35,951046;"SPRF-PE";"DEL02-PE";"UOP01-DEL02-PE"
173736;2018-11-24;"sábado";"21:30:00";"PR";476;195,9;"LAPA";"Ingestão de Álcool";"Colisão transversal";"Com Vítimas Feridas";"Plena Noite";"Decrescente";"Céu Claro";"Simples";"Rotatória";"Sim";5;0;0;1;3;1;1;3;-25,746958;-49,718353;"SPRF-PR";"DEL01-PR";"UOP06-DEL01-PR"
173737;2018-11-24;"sábado";"18:30:00";"GO";364;170;"JATAI";"Falta de Atenção à Condução";"Colisão frontal";"Com Vítimas Feridas";"Pleno dia";"Crescente";"Chuva";"Simples";"Curva";"Não";5;0;5;0;0;0;5;2;-18,032269;-51,551434;"SPRF-GO";"DEL05-GO";"UOP01-DEL05-GO"
173738;2018-11-24;"sábado";"15:00:00";"RS";470;244;"BARAO";"Pista Escorregadia";"Saída de leito carroçável";"Com Vítimas Feridas";"Pleno dia";"Crescente";"Chuva";"Simples";"Reta";"Não";2;0;1;0;1;0;1;1;-29,37477761;-51,50342077;"SPRF-RS";"DEL06-RS";"UOP01-DEL06-RS"
173740;2018-11-24;"sábado";"21:45:00";"RS";116;248,2;"SAO LEOPOLDO";"Não guardar distância de segurança";"Colisão com objeto estático";"Com Vítimas Feridas";"Plena Noite";"Decrescente";"Céu Claro";"Dupla";"Reta";"Sim";1;0;0;1;0;0;1;1;-29,776119;-51,155102;"SPRF-RS";"DEL01-RS";"UOP02-DEL01-RS"
173741;2018-11-24;"sábado";"21:10:00";"SC";101;418,5;"ARARANGUA";"Velocidade Incompatível";"Colisão traseira";"Com Vítimas Feridas";"Plena Noite";"Decrescente";"Céu Claro";"Dupla";"Reta";"Sim";2;0;1;0;1;0;1;2;-28,9856;-49,5422;"SPRF-SC";"DEL02-SC";"UOP02-DEL02-SC"
173742;2018-11-24;"sábado";"19:00:00";"MT";163;821;"SINOP";"Restrição de Visibilidade";"Colisão transversal";"Com Vítimas Feridas";"Plena Noite";"Decrescente";"Céu Claro";"Simples";"Interseção de Vias";"Sim";3;0;1;0;2;0;1;2;-11,97477749;-55,51707944;"SPRF-MT";"DEL06-MT";"UOP01-DEL06-MT"
173743;2018-11-24;"sábado";"19:00:00";"MT";163;822;"SINOP";"Falta de Atenção à Condução";"Colisão transversal";"Com Vítimas Feridas";"Anoitecer";"Decrescente";"Céu Claro";"Simples";"Reta";"Não";2;0;0;1;1;0;1;2;-11,98977072;-55,51714204;"SPRF-MT";"DEL06-MT";"UOP01-DEL06-MT"
173744;2018-11-24;"sábado";"20:15:00";"AP";210;73,8;"PORTO GRANDE";"Falta de Atenção à Condução";"Colisão frontal";"Sem Vítimas";"Plena Noite";"Decrescente";"Céu Claro";"Simples";"Curva";"Não";6;0;0;0;5;1;0;2;0,570126;-51,166195;"SPRF-AP";"DEL01-AP";"UOP01-DEL01-AP"
173745;2018-11-24;"sábado";"21:40:00";"SC";101;229;"PALHOCA";"Falta de Atenção à Condução";"Colisão com objeto estático";"Sem Vítimas";"Plena Noite";"Crescente";"Garoa/Chuvisco";"Dupla";"Reta";"Não";1;0;0;0;1;0;0;1;-27,7768;-48,6346;"SPRF-SC";"DEL01-SC";"UOP02-DEL01-SC"
173747;2018-11-24;"sábado";"17:50:00";"MA";10;177;"CAMPESTRE DO MARANHAO";"Ingestão de Álcool";"Colisão traseira";"Sem Vítimas";"Pleno dia";"Crescente";"Céu Claro";"Simples";"Reta";"Sim";3;0;0;0;3;0;0;2;-6,167406;-47,365757;"SPRF-MA";"DEL04-MA";"UOP01-DEL04-MA"
173749;2018-11-24;"sábado";"21:20:00";"RJ";101;297;"ITABORAI";"Falta de Atenção à Condução";"Colisão com objeto estático";"Sem Vítimas";"Plena Noite";"Crescente";"Céu Claro";"Simples";"Curva";"Sim";2;0;0;0;2;0;0;2;-22,769421;-42,918736;"SPRF-RJ";"DEL02-RJ";"DEL5/2-UOP04/RJ"
173751;2018-11-24;"sábado";"21:40:00";"RN";110;45,5;"MOSSORO";"Animais na Pista";"Atropelamento de Animal";"Com Vítimas Feridas";"Plena Noite";"Decrescente";"Céu Claro";"Dupla";"Reta";"Sim";1;0;1;0;0;0;1;1;-5,197978;-37,318398;"SPRF-RN";"DEL04-RN";"UOP01-DEL04-RN"
173753;2018-11-24;"sábado";"21:35:00";"SC";101;111,7;"NAVEGANTES";"Avarias e/ou desgaste excessivo no pneu";"Tombamento";"Com Vítimas Feridas";"Plena Noite";"Decrescente";"Nublado";"Dupla";"Ponte";"Não";2;0;1;1;0;0;2;1;-26,846;-48,7213;"SPRF-SC";"DEL04-SC";"UOP04-DEL04-SC"
173755;2018-11-24;"sábado";"23:00:00";"MG";40;546;"NOVA LIMA";"Velocidade Incompatível";"Saída de leito carroçável";"Sem Vítimas";"Plena Noite";"Crescente";"Chuva";"Dupla";"Aclive";"Não";1;0;0;0;0;1;0;1;-20,0225;-43,9702;"SPRF-MG";"DEL01-MG";"UOP02-DEL01-MG"
173756;2018-11-24;"sábado";"22:45:00";"PR";376;494,1;"PONTA GROSSA";"Falta de Atenção à Condução";"Colisão traseira";"Com Vítimas Feridas";"Plena Noite";"Crescente";"Nublado";"Dupla";"Aclive";"Sim";4;0;0;1;3;0;1;2;-25,130074;-50,172829;"SPRF-PR";"DEL03-PR";"UOP04-DEL03-PR"
173758;2018-11-24;"sábado";"22:25:00";"PE";428;189;"PETROLINA";"Ingestão de Álcool";"Colisão transversal";"Com Vítimas Fatais";"Plena Noite";"Crescente";"Céu Claro";"Dupla";"Reta";"Sim";3;1;0;1;1;0;1;2;-9,372067;-40,486843;"SPRF-PE";"DEL06-PE";"UOP01-DEL06-PE"
173759;2018-11-24;"sábado";"23:15:00";"DF";70;5;"BRASILIA";"Pista Escorregadia";"Colisão traseira";"Com Vítimas Feridas";"Plena Noite";"Decrescente";"Chuva";"Dupla";"Reta";"Não";2;0;1;0;1;0;1;2;-15,794656;-48,096779;"SPRF-DF";"DEL01-DF";"UOP02-DEL03-DF"
173760;2018-11-24;"sábado";"23:15:00";"SP";381;80;"SAO PAULO";"Pista Escorregadia";"Saída de leito carroçável";"Com Vítimas Feridas";"Plena Noite";"Decrescente";"Nublado";"Dupla";"Curva";"Sim";1;0;1;0;0;0;1;1;-23,41473182;-46,58095499;"SPRF-SP";"DEL03-SP";"DEL6/3-UOP03/SP"
173761;2018-11-24;"sábado";"23:10:00";"SC";101;221;"PALHOCA";"Falta de Atenção à Condução";"Capotamento";"Com Vítimas Feridas";"Plena Noite";"Decrescente";"Céu Claro";"Dupla";"Reta";"Não";3;0;3;0;0;0;3;1;-27,7096;-48,6544;"SPRF-SC";"DEL01-SC";"UOP02-DEL01-SC"
173762;2018-11-24;"sábado";"22:00:00";"PI";316;11;"TERESINA";"Velocidade Incompatível";"Colisão traseira";"Sem Vítimas";"Plena Noite";"Decrescente";"Céu Claro";"Dupla";"Reta";"Sim";2;0;0;0;1;1;0;2;-5,19947543;-42,75836083;"SPRF-PI";"DEL01-PI";"UOP02-DEL01-PI"
173764;2018-11-24;"sábado";"23:00:00";"CE";116;3,8;"FORTALEZA";"Falta de Atenção do Pedestre";"Atropelamento de Pedestre";"Com Vítimas Feridas";"Plena Noite";"Decrescente";"Nublado";"Múltipla";"Reta";"Sim";3;0;2;0;1;0;2;2;-3,785139;-38,511937;"SPRF-CE";"DEL01-CE";"UOP02-DEL01-CE"
173765;2018-11-24;"sábado";"21:20:00";"PE";408;50,9;"NAZARE DA MATA";"Falta de Atenção à Condução";"Colisão frontal";"Com Vítimas Feridas";"Plena Noite";"Crescente";"Céu Claro";"Simples";"Reta";"Não";5;0;1;1;2;1;2;2;-7,737686;-35,234862;"SPRF-PE";"DEL01-PE";"UOP01-DEL01-PE"
173766;2018-11-24;"sábado";"18:30:00";"PE";232;109,8;"BEZERROS";"Falta de Atenção à Condução";"Capotamento";"Com Vítimas Feridas";"Plena Noite";"Crescente";"Nublado";"Dupla";"Curva";"Não";3;0;0;3;0;0;3;1;-8,25219;-35,76585;"SPRF-PE";"DEL02-PE";"UOP03-DEL02-PE"
173769;2018-11-25;"domingo";"00:30:00";"SC";280;30,6;"ARAQUARI";"Ingestão de Álcool";"Colisão traseira";"Com Vítimas Feridas";"Plena Noite";"Crescente";"Nublado";"Simples";"Reta";"Não";3;0;0;2;1;0;2;2;-26,414183;-48,762218;"SPRF-SC";"DEL03-SC";"UOP03-DEL03-SC"
173770;2018-11-25;"domingo";"01:00:00";"PR";376;215,4;"JANDAIA DO SUL";"Falta de Atenção à Condução";"Colisão frontal";"Com Vítimas Feridas";"Plena Noite";"Crescente";"Céu Claro";"Simples";"Aclive;Reta";"Sim";3;0;0;2;1;0;2;2;-23,58699492;-51,64657563;"SPRF-PR";"DEL07-PR";"UOP01-DEL09-PR"
173771;2018-11-24;"sábado";"22:20:00";"RR";174;502;"BOA VISTA";"Ingestão de Álcool";"Colisão lateral";"Sem Vítimas";"Plena Noite";"Decrescente";"Céu Claro";"Dupla";"Curva";"Sim";2;0;0;0;2;0;0;2;2,787376;-60,699524;"SPRF-RR";"DEL01-RR";"UOP01-DEL01-RR"
173772;2018-11-25;"domingo";"00:45:00";"MG";381;507;"SAO JOAQUIM DE BICAS";"Falta de Atenção à Condução";"Colisão com objeto estático";"Sem Vítimas";"Plena Noite";"Crescente";"Nublado";"Múltipla";"Reta";"Sim";1;0;0;0;1;0;0;1;-20,0442;-44,2708;"SPRF-MG";"DEL01-MG";"UOP03-DEL01-MG"
173774;2018-11-25;"domingo";"00:45:00";"MG";262;417,3;"PARA DE MINAS";"Falta de Atenção à Condução";"Saída de leito carroçável";"Com Vítimas Feridas";"Plena Noite";"Decrescente";"Garoa/Chuvisco";"Dupla";"Reta";"Não";1;0;1;0;0;0;1;1;-19,8835388;-44,74695593;"SPRF-MG";"DEL08-MG";"UOP03-DEL08-MG"
173775;2018-11-25;"domingo";"00:15:00";"MG";354;754,3;"ITAMONTE";"Falta de Atenção à Condução";"Colisão lateral";"Com Vítimas Feridas";"Plena Noite";"Decrescente";"Chuva";"Simples";"Reta;Em Obras";"Sim";6;0;4;0;1;1;4;6;-22,28973176;-44,86764908;"SPRF-MG";"DEL05-MG";"UOP01-DEL17-MG"
173776;2018-11-25;"domingo";"01:00:00";"SC";282;4,2;"SAO JOSE";"Ingestão de Álcool";"Colisão traseira";"Com Vítimas Feridas";"Plena Noite";"Decrescente";"Céu Claro";"Dupla";"Reta";"Não";4;0;2;0;2;0;2;2;-27,592646;-48,604034;"SPRF-SC";"DEL01-SC";"UOP01-DEL01-SC"
173777;2018-11-25;"domingo";"01:00:00";"MG";262;380;"JUATUBA";"Pista Escorregadia";"Capotamento";"Com Vítimas Feridas";"Plena Noite";"Decrescente";"Chuva";"Dupla";"Curva";"Não";1;0;1;0;0;0;1;1;-19,9356;-44,4406;"SPRF-MG";"DEL01-MG";"UOP03-DEL01-MG"
173778;2018-11-25;"domingo";"01:20:00";"DF";40;1;"BRASILIA";"Condutor Dormindo";"Colisão traseira";"Com Vítimas Feridas";"Plena Noite";"Crescente";"Céu Claro";"Dupla";"Reta";"Sim";3;0;2;0;1;0;2;2;-15,985532;-47,987747;"SPRF-DF";"DEL01-DF";"UOP01-DEL01-DF"
173779;2018-11-25;"domingo";"01:50:00";"RS";158;325;"SANTA MARIA";"Ingestão de Álcool";"Colisão com objeto estático";"Com Vítimas Feridas";"Plena Noite";"Crescente";"Céu Claro";"Simples";"Reta";"Não";1;0;1;0;0;0;1;1;-29,70948342;-53,80276507;"SPRF-RS";"DEL09-RS";"UOP01-DEL09-RS"