"id";"data_inversa";"dia_semana";"horario";"uf";"br";"km";"municipio";"causa_acidente";"tipo_acidente";"classificacao_acidente";"fase_dia";"sentido_via";"condicao_metereologica";"tipo_pista";"tracado_via";"uso_solo";"pessoas";"mortos";"feridos_leves";"feridos_graves";"ilesos";"ignorados";"feridos";"veiculos";"latitude";"longitude";"regional";"delegacia";"uop"
174445;2018-11-27;"terça-feira";"20:15:00";"RS";158;333,4;"SANTA MARIA";"Falta de Atenção à Condução";"Colisão transversal";"Com Vítimas Feridas";"Pleno dia";"Crescente";"Chuva";"Simples";"Reta";"Sim";2;0;1;0;1;0;1;2;-29,708469;-53,864265;"SPRF-RS";"DEL09-RS";"UOP01-DEL09-RS"
174446;2018-11-27;"terça-feira";"17:00:00";"SC";280;24,8;"ARAQUARI";"Desobediência às normas de trânsito pelo condutor";"Colisão transversal";"Com Vítimas Feridas";"Pleno dia";"Crescente";"Céu Claro";"Simples";"Interseção de Vias";"Sim";3;0;1;1;0;1;2;3;-26,37726;-48,719547;"SPRF-SC";"DEL03-SC";"UOP03-DEL03-SC"
174447;2018-11-27;"terça-feira";"20:30:00";"SC";101;216;"PALHOCA";"Ingestão de álcool e/ou substâncias psicoativas pelo pedestre";"Queda de ocupante de veículo";"Com Vítimas Feridas";"Plena Noite";"Crescente";"Garoa/Chuvisco";"Múltipla";"Reta";"Não";1;0;1;0;0;0;1;1;-27,659815;-48,677479;"SPRF-SC";"DEL01-SC";"UOP02-DEL01-SC"
174448;2018-11-27;"terça-feira";"19:05:00";"PB";230;28;"JOAO PESSOA";"Pista Escorregadia";"Tombamento";"Com Vítimas Feridas";"Plena Noite";"Decrescente";"Chuva";"Dupla";"Viaduto";"Sim";2;0;2;0;0;0;2;1;-7,16629556;-34,89789074;"SPRF-PB";"DEL01-PB";"UOP01-DEL01-PB"
174449;2018-11-27;"terça-feira";"19:01:00";"MA";10;258,5;"IMPERATRIZ";"Falta de Atenção à Condução";"Colisão traseira";"Com Vítimas Feridas";"Plena Noite";"Decrescente";"Céu Claro";"Simples";"Reta";"Sim";4;0;1;0;2;1;1;3;-5,481554;-47,472092;"SPRF-MA";"DEL04-MA";"UOP01-DEL04-MA"
174450;2018-11-27;"terça-feira";"21:00:00";"RS";158;335,4;"SANTA MARIA";"Falta de Atenção à Condução";"Colisão traseira";"Com Vítimas Feridas";"Plena Noite";"Decrescente";"Garoa/Chuvisco";"Simples";"Reta";"Sim";3;0;1;0;2;0;1;2;-29,70769085;-53,87387761;"SPRF-RS";"DEL09-RS";"UOP01-DEL09-RS"
174451;2018-11-27;"terça-feira";"20:30:00";"RJ";40;114;"DUQUE DE CAXIAS";"Falta de Atenção à Condução";"Colisão traseira";"Com Vítimas Feridas";"Plena Noite";"Crescente";"Nublado";"Múltipla";"Reta";"Sim";3;0;2;0;1;0;2;2;-22,7283;-43,2889;"SPRF-RJ";"DEL01-RJ";"UOP01-DEL01-RJ"
174452;2018-11-27;"terça-feira";"20:40:00";"MG";356;264,5;"MURIAE";"Falta de Atenção à Condução";"Saída de leito carroçável";"Com Vítimas Feridas";"Plena Noite";"Decrescente";"Nublado";"Simples";"Interseção de Vias";"Sim";2;0;2;0;0;0;2;1;-21,125526;-42,375477;"SPRF-MG";"DEL07-MG";"UOP02-DEL07-MG"
174453;2018-11-27;"terça-feira";"19:55:00";"PE";428;189;"PETROLINA";"Desobediência às normas de trânsito pelo condutor";"Colisão transversal";"Com Vítimas Feridas";"Plena Noite";"Crescente";"Céu Claro";"Dupla";"Retorno Regulamentado";"Sim";2;0;1;0;1;0;1;2;-9,372067;-40,486843;"SPRF-PE";"DEL06-PE";"UOP01-DEL06-PE"
174454;2018-11-27;"terça-feira";"18:20:00";"ES";259;99,5;"BAIXO GUANDU";"Falta de Atenção à Condução";"Colisão transversal";"Com Vítimas Feridas";"Pleno dia";"Crescente";"Céu Claro";"Simples";"Reta";"Sim";2;0;1;1;0;0;2;2;-19,51222709;-41,00887299;"SPRF-ES";"DEL02-ES";"UOP01-DEL02-ES"
174459;2018-11-27;"terça-feira";"21:40:00";"PE";423;74;"JUPI";"Falta de Atenção à Condução";"Colisão transversal";"Com Vítimas Fatais";"Plena Noite";"Decrescente";"Céu Claro";"Simples";"Aclive;Reta";"Sim";4;1;2;0;0;1;2;2;-8,717811;-36,422905;"SPRF-PE";"DEL03-PE";"UOP01-DEL03-PE"
174460;2018-11-27;"terça-feira";"22:10:00";"SC";280;55,3;"GUARAMIRIM";"Falta de Atenção à Condução";"Colisão traseira";"Com Vítimas Feridas";"Plena Noite";"Crescente";"Nublado";"Simples";"Reta";"Sim";2;0;1;0;1;0;1;2;-26,4786358;-49,00008023;"SPRF-SC";"DEL03-SC";"UOP03-DEL03-SC"
174461;2018-11-27;"terça-feira";"22:40:00";"SP";116;219,6;"GUARULHOS";"Falta de Atenção à Condução";"Colisão lateral";"Com Vítimas Feridas";"Plena Noite";"Crescente";"Nublado";"Múltipla";"Reta";"Não";2;0;1;0;0;1;1;2;-23,4641124;-46,49675846;"SPRF-SP";"DEL01-SP";"UOP01-DEL01-SP"
174462;2018-11-27;"terça-feira";"21:00:00";"SC";480;129,5;"CHAPECO";"Falta de Atenção à Condução";"Colisão lateral";"Com Vítimas Feridas";"Plena Noite";"Crescente";"Céu Claro";"Múltipla";"Curva";"Não";2;0;1;0;1;0;1;2;-27,05684703;-52,63590038;"SPRF-SC";"DEL07-SC";"UOP01-DEL07-SC"
174463;2018-11-27;"terça-feira";"23:00:00";"PR";277;66;"SAO JOSE DOS PINHAIS";"Falta de Atenção à Condução";"Saída de leito carroçável";"Sem Vítimas";"Plena Noite";"Decrescente";"Garoa/Chuvisco";"Simples";"Reta";"Não";1;0;0;0;1;0;0;1;-25,53276807;-49,08024877;"SPRF-PR";"DEL01-PR";"UOP07-DEL01-PR"
174465;2018-11-27;"terça-feira";"20:40:00";"AC";364;121;"RIO BRANCO";"Falta de Atenção do Pedestre";"Atropelamento de Pedestre";"Com Vítimas Feridas";"Plena Noite";"Decrescente";"Céu Claro";"Simples";"Reta";"Não";2;0;1;1;0;0;2;2;-10,012266;-67,755371;"SPRF-AC";"DEL01-AC";"UOP01-DEL01-AC"
174469;2018-11-27;"terça-feira";"23:15:00";"PR";277;705;"SAO MIGUEL DO IGUACU";"Falta de Atenção à Condução";"Colisão traseira";"Com Vítimas Feridas";"Plena Noite";"Crescente";"Céu Claro";"Dupla";"Declive";"Não";2;0;0;1;1;0;1;2;-25,430321;-54,369568;"SPRF-PR";"DEL05-PR";"UOP01-DEL05-PR"
174470;2018-11-27;"terça-feira";"21:10:00";"MG";262;801,2;"UBERABA";"Ingestão de Álcool";"Tombamento";"Com Vítimas Feridas";"Plena Noite";"Crescente";"Céu Claro";"Dupla";"Reta";"Sim";1;0;1;0;0;0;1;1;-19,775097;-47,972019;"SPRF-MG";"DEL13-MG";"UOP01-DEL13-MG"
174473;2018-11-27;"terça-feira";"23:45:00";"ES";101;143,5;"LINHARES";"Ingestão de Álcool";"Saída de leito carroçável";"Sem Vítimas";"Plena Noite";"Decrescente";"Céu Claro";"Dupla";"Reta";"Sim";1;0;0;0;1;0;0;1;-19,33576598;-40,06696701;"SPRF-ES";"DEL04-ES";"UOP01-DEL04-ES"
174474;2018-11-28;"quarta-feira";"00:00:00";"MS";163;477,7;"CAMPO GRANDE";"Mal Súbito";"Saída de leito carroçável";"Com Vítimas Fatais";"Plena Noite";"Decrescente";"Céu Claro";"Simples";"Curva";"Sim";1;1;0;0;0;0;0;1;-20,49906978;-54,55905145;"SPRF-MS";"DEL01-MS";"UOP01-DEL01-MS"
174475;2018-11-27;"terça-feira";"23:55:00";"RO";364;342;"JI-PARANA";"Não guardar distância de segurança";"Colisão traseira";"Com Vítimas Feridas";"Plena Noite";"Crescente";"Chuva";"Múltipla";"Reta";"Sim";2;0;1;0;1;0;1;2;-10,883874;-61,937317;"SPRF-RO";"DEL02-RO";"UOP01-DEL02-RO"
174478;2018-11-27;"terça-feira";"13:00:00";"SC";282;57,9;"RANCHO QUEIMADO";"Velocidade Incompatível";"Colisão lateral";"Com Vítimas Feridas";"Pleno dia";"Decrescente";"Céu Claro";"Simples";"Curva";"Sim";2;0;1;0;1;0;1;2;-27,688864;-48,998455;"SPRF-SC";"DEL01-SC";"UOP03-DEL01-SC"
174480;2018-11-28;"quarta-feira";"04:10:00";"SP";116;215;"GUARULHOS";"Defeito Mecânico no Veículo";"Tombamento";"Com Vítimas Feridas";"Plena Noite";"Crescente";"Nublado";"Dupla";"Reta";"Sim";1;0;1;0;0;0;1;1;-23,45112076;-46,46493673;"SPRF-SP";"DEL01-SP";"UOP01-DEL01-SP"
174481;2018-11-28;"quarta-feira";"03:00:00";"MT";163;832;"SINOP";"Sinalização da via insuficiente ou inadequada";"Colisão com objeto estático";"Com Vítimas Feridas";"Plena Noite";"Crescente";"Céu Claro";"Dupla";"Reta";"Sim";1;0;0;1;0;0;1;1;-11,882885;-55,50089305;"SPRF-MT";"DEL06-MT";"UOP01-DEL06-MT"
174482;2018-11-28;"quarta-feira";"04:50:00";"PR";487;178,8;"CAMPO MOURAO";"Velocidade Incompatível";"Saída de leito carroçável";"Com Vítimas Fatais";"Amanhecer";"Crescente";"Céu Claro";"Simples";"Declive";"Não";27;2;9;16;0;0;25;1;-24,030674;-52,426376;"SPRF-PR";"DEL04-PR";"UOP03-DEL09-PR"
174484;2018-11-03;"sábado";"18:45:00";"BA";101;745,3;"ITABELA";"Sinalização da via insuficiente ou inadequada";"Colisão frontal";"Sem Vítimas";"Plena Noite";"Decrescente";"Céu Claro";"Múltipla";"Interseção de Vias";"Sim";3;0;0;0;1;2;0;2;-16,5689;-39,5609;"SPRF-BA";"DEL09-BA";"UOP01-DEL09-BA"
174488;2018-11-28;"quarta-feira";"06:00:00";"DF";40;5,7;"BRASILIA";"Não guardar distância de segurança";"Colisão lateral";"Com Vítimas Feridas";"Pleno dia";"Decrescente";"Céu Claro";"Dupla";"Reta";"Sim";2;0;1;0;1;0;1;2;-16,020903;-47,980541;"SPRF-DF";"DEL01-DF";"UOP01-DEL01-DF"
174489;2018-11-28;"quarta-feira";"06:20:00";"SP";116;273;"TABOAO DA SERRA";"Falta de Atenção à Condução";"Colisão lateral";"Com Vítimas Feridas";"Amanhecer";"Decrescente";"Nublado";"Dupla";"Reta";"Sim";3;0;2;0;1;0;2;2;-23,61547539;-46,78684089;"SPRF-SP";"DEL04-SP";"UOP01-DEL04-SP"
174491;2018-11-28;"quarta-feira";"06:30:00";"DF";70;7;"BRASILIA";"Desobediência às normas de trânsito pelo condutor";"Colisão lateral";"Sem Vítimas";"Pleno dia";"Decrescente";"Céu Claro";"Dupla";"Reta";"Sim";3;0;0;0;0;3;0;2;-15,787601;-48,114429;"SPRF-DF";"DEL01-DF";"UOP02-DEL03-DF"
174492;2018-11-28;"quarta-feira";"06:30:00";"GO";40;9,2;"LUZIANIA";"Desobediência às normas de trânsito pelo condutor";"Colisão traseira";"Sem Vítimas";"Amanhecer";"Decrescente";"Céu Claro";"Dupla";"Reta";"Sim";2;0;0;0;2;0;0;2;-16,1250422;-47,96157902;"SPRF-DF";"DEL01-DF";"UOP01-DEL01-DF"
174493;2018-11-28;"quarta-feira";"06:15:00";"SP";116;272;"TABOAO DA SERRA";"Falta de Atenção à Condução";"Colisão traseira";"Com Vítimas Feridas";"Amanhecer";"Decrescente";"Nublado";"Dupla";"Reta";"Sim";2;0;1;0;1;0;1;1;-23,61520888;-46,78593814;"SPRF-SP";"DEL04-SP";"UOP01-DEL04-SP"
174496;2018-11-28;"quarta-feira";"07:10:00";"ES";101;67,7;"SAO MATEUS";"Falta de Atenção à Condução";"Colisão lateral";"Com Vítimas Feridas";"Pleno dia";"Crescente";"Céu Claro";"Simples";"Interseção de Vias";"Sim";2;0;0;2;0;0;2;2;-18,720545;-39,865883;"SPRF-ES";"DEL04-ES";"UOP02-DEL04-ES"
174499;2018-11-28;"quarta-feira";"07:20:00";"PR";376;678,1;"GUARATUBA";"Pista Escorregadia";"Queda de ocupante de veículo";"Com Vítimas Feridas";"Pleno dia";"Crescente";"Nublado";"Dupla";"Curva";"Não";1;0;1;0;0;0;1;1;-25,94617411;-48,90695393;"SPRF-PR";"DEL01-PR";"DEL7/1-UOP08/PR"
174500;2018-11-28;"quarta-feira";"05:50:00";"RJ";356;40;"ITAPERUNA";"Falta de Atenção do Pedestre";"Atropelamento de Pedestre";"Com Vítimas Feridas";"Pleno dia";"Crescente";"Céu Claro";"Simples";"Reta";"Não";2;0;1;0;1;0;1;2;-21,213997;-41,878155;"SPRF-RJ";"DEL08-RJ";"UOP03-DEL08-RJ"
174501;2018-11-28;"quarta-feira";"07:30:00";"PR";116;115;"CURITIBA";"Falta de Atenção à Condução";"Colisão lateral";"Com Vítimas Feridas";"Pleno dia";"Decrescente";"Nublado";"Múltipla";"Reta";"Sim";3;0;1;0;2;0;1;2;-25,54865604;-49,30424809;"SPRF-PR";"DEL01-PR";"UOP01-DEL01-PR"
174502;2018-11-28;"quarta-feira";"05:50:00";"SC";280;69,7;"JARAGUA DO SUL";"Falta de Atenção à Condução";"Colisão transversal";"Com Vítimas Feridas";"Amanhecer";"Decrescente";"Céu Claro";"Simples";"Reta";"Sim";2;0;1;0;1;0;1;2;-26,468018;-49,118355;"SPRF-SC";"DEL03-SC";"UOP03-DEL03-SC"
174503;2018-11-28;"quarta-feira";"06:30:00";"BA";116;441,6;"FEIRA DE SANTANA";"Velocidade Incompatível";"Saída de leito carroçável";"Com Vítimas Feridas";"Pleno dia";"Crescente";"Céu Claro";"Dupla";"Curva";"Não";1;0;1;0;0;0;1;1;-12,35160248;-39,09259863;"SPRF-BA";"DEL02-BA";"UOP01-DEL02-BA"
174504;2018-11-28;"quarta-feira";"07:40:00";"GO";40;92,7;"CRISTALINA";"Desobediência às normas de trânsito pelo condutor";"Colisão transversal";"Com Vítimas Feridas";"Pleno dia";"Crescente";"Céu Claro";"Simples";"Interseção de Vias;Reta";"Sim";3;0;0;1;2;0;1;2;-16,73432898;-47,6210798;"SPRF-DF";"DEL01-DF";"UOP02-DEL01-DF"
174505;2018-11-28;"quarta-feira";"06:00:00";"CE";116;5,5;"FORTALEZA";"Falta de Atenção à Condução";"Colisão transversal";"Com Vítimas Feridas";"Pleno dia";"Crescente";"Céu Claro";"Múltipla";"Reta";"Sim";2;0;1;0;1;0;1;2;-3,8038;-38,5032;"SPRF-CE";"DEL01-CE";"UOP02-DEL01-CE"
174506;2018-11-28;"quarta-feira";"07:45:00";"SC";282;5,1;"SAO JOSE";"Falta de Atenção à Condução";"Colisão lateral";"Com Vítimas Feridas";"Pleno dia";"Decrescente";"Céu Claro";"Dupla";"Reta";"Não";2;0;1;0;1;0;1;2;-27,588425;-48,612919;"SPRF-SC";"DEL01-SC";"UOP01-DEL01-SC"
174508;2018-11-28;"quarta-feira";"07:10:00";"BA";324;624;"SALVADOR";"Não guardar distância de segurança";"Colisão traseira";"Sem Vítimas";"Pleno dia";"Crescente";"Chuva";"Múltipla";"Reta";"Sim";2;0;0;0;2;0;0;2;-12,95328768;-38,47154617;"SPRF-BA";"DEL01-BA";"UOP01-DEL01-BA"
174511;2018-11-28;"quarta-feira";"07:30:00";"PR";277;80;"CURITIBA";"Não guardar distância de segurança";"Colisão traseira";"Com Vítimas Feridas";"Pleno dia";"Crescente";"Céu Claro";"Dupla";"Reta";"Sim";5;0;0;1;4;0;1;3;-25,46205868;-49,21873927;"SPRF-PR";"DEL01-PR";"UOP01-DEL01-PR"
174512;2018-11-28;"quarta-feira";"05:20:00";"PA";308;177,9;"TRACUATEUA";"Falta de Atenção à Condução";"Colisão traseira";"Com Vítimas Fatais";"Plena Noite";"Crescente";"Céu Claro";"Simples";"Curva";"Não";2;1;0;0;0;1;0;2;-1,1211088;-46,938417;"SPRF-PA";"DEL01-PA";"UOP03-DEL01-PA"
174513;2018-11-27;"terça-feira";"16:50:00";"PR";476;278,1;"SAO MATEUS DO SUL";"Falta de Atenção à Condução";"Colisão lateral";"Com Vítimas Feridas";"Pleno dia";"Decrescente";"Sol";"Simples";"Reta";"Sim";2;0;1;0;1;0;1;2;-25,868753;-50,396477;"SPRF-PR";"DEL02-PR";"UOP04-DEL02-PR"
174514;2018-11-16;"sexta-feira";"21:15:00";"RS";153;50;"ERECHIM";"Não guardar distância de segurança";"Colisão traseira";"Com Vítimas Feridas";"Plena Noite";"Decrescente";"Céu Claro";"Simples";"Declive;Reta";"Não";7;0;2;0;5;0;2;2;-27,65553551;-52,26980567;"SPRF-RS";"DEL08-RS";"UOP04-DEL08-RS"
174515;2018-11-28;"quarta-feira";"08:15:00";"RS";116;259;"CANOAS";"Falta de Atenção à Condução";"Tombamento";"Com Vítimas Feridas";"Pleno dia";"Crescente";"Nublado";"Dupla";"Curva;Viaduto";"Sim";2;0;2;0;0;0;2;1;-29,870504;-51,179878;"SPRF-RS";"DEL01-RS";"UOP02-DEL01-RS"
174519;2018-11-28;"quarta-feira";"08:00:00";"PE";101;14;"GOIANA";"Avarias e/ou desgaste excessivo no pneu";"Capotamento";"Com Vítimas Feridas";"Pleno dia";"Decrescente";"Céu Claro";"Múltipla";"Reta";"Não";4;0;0;1;0;3;1;1;-7,6261;-34,9666;"SPRF-PE";"DEL01-PE";"UOP02-DEL01-PE"
174520;2018-11-28;"quarta-feira";"07:25:00";"SE";101;92;"NOSSA SENHORA DO SOCORRO";"Falta de Atenção à Condução";"Colisão frontal";"Com Vítimas Feridas";"Pleno dia";"Decrescente";"Nublado";"Simples";"Reta";"Sim";3;0;1;0;2;0;1;2;-10,9061;-37,1503;"SPRF-SE";"DEL01-SE";"UOP01-DEL01-SE"
174521;2018-11-28;"quarta-feira";"06:15:00";"SC";280;105;"SAO BENTO DO SUL";"Falta de Atenção à Condução";"Capotamento";"Com Vítimas Feridas";"Pleno dia";"Decrescente";"Ignorado";"Simples";"Reta";"Não";1;0;1;0;0;0;1;1;-26,357031;-49,363445;"SPRF-SC";"DEL06-SC";"UOP03-DEL06-SC"
174524;2018-11-28;"quarta-feira";"08:40:00";"PB";230;21,9;"JOAO PESSOA";"Não guardar distância de segurança";"Engavetamento";"Sem Vítimas";"Pleno dia";"Decrescente";"Nublado";"Dupla";"Reta";"Sim";4;0;0;0;4;0;0;4;-7,1415;-34,8519;"SPRF-PB";"DEL01-PB";"UOP01-DEL01-PB"
174526;2018-11-28;"quarta-feira";"10:00:00";"SP";116;220;"GUARULHOS";"Não guardar distância de segurança";"Colisão lateral";"Com Vítimas Feridas";"Pleno dia";"Crescente";"Sol";"Múltipla";"Reta";"Sim";2;0;0;1;1;0;1;2;-23,46655311;-46,50375366;"SPRF-SP";"DEL01-SP";"UOP01-DEL01-SP"
174527;2018-11-28;"quarta-feira";"10:05:00";"RS";290;96,7;"PORTO ALEGRE";"Não guardar distância de segurança";"Colisão traseira";"Com Vítimas Feridas";"Pleno dia";"Crescente";"Nublado";"Dupla";"Reta";"Sim";2;0;1;0;1;0;1;2;-29,992107;-51,204525;"SPRF-RS";"DEL01-RS";"UOP01-DEL01-RS"
174529;2018-11-28;"quarta-feira";"10:15:00";"GO";60;296;"ACREUNA";"Falta de Atenção à Condução";"Saída de leito carroçável";"Com Vítimas Feridas";"Pleno dia";"Crescente";"Céu Claro";"Dupla";"Reta";"Não";2;0;2;0;0;0;2;1;-17,3374;-50,3116;"SPRF-GO";"DEL04-GO";"UOP01-DEL04-GO"
174530;2018-11-28;"quarta-feira";"07:30:00";"RJ";101;141;"MACAE";"Ultrapassagem Indevida";"Colisão lateral";"Com Vítimas Feridas";"Pleno dia";"Crescente";"Céu Claro";"Dupla";"Curva";"Não";2;0;1;0;1;0;1;2;-22,187813;-41,747787;"SPRF-RJ";"DEL02-RJ";"UOP04-DEL08-RJ"
174532;2018-11-28;"quarta-feira";"10:10:00";"SC";282;3;"FLORIANOPOLIS";"Falta de Atenção à Condução";"Colisão traseira";"Com Vítimas Feridas";"Pleno dia";"Decrescente";"Céu Claro";"Dupla";"Reta";"Sim";2;0;1;0;1;0;1;2;-27,600384;-48,599705;"SPRF-SC";"DEL01-SC";"UOP01-DEL01-SC"
174533;2018-11-28;"quarta-feira";"10:15:00";"SC";101;360;"SANGAO";"Falta de Atenção à Condução";"Tombamento";"Com Vítimas Feridas";"Pleno dia";"Crescente";"Nublado";"Simples";"Reta";"Sim";2;0;2;0;0;0;2;1;-28,66783822;-49,11691558;"SPRF-SC";"DEL02-SC";"UOP01-DEL02-SC"
174536;2018-09-07;"sexta-feira";"15:05:00";"SP";153;322,3;"RIBEIRAO DO SUL";"Velocidade Incompatível";"Saída de leito carroçável";"Com Vítimas Feridas";"Pleno dia";"Crescente";"Céu Claro";"Simples";"Reta";"Não";1;0;0;1;0;0;1;1;-22,7853612;-49,88994598;"SPRF-SP";"DEL07-SP";"UOP03-DEL07-SP"
174538;2018-11-28;"quarta-feira";"05:00:00";"MT";163;691,8;"LUCAS DO RIO VERDE";"Ingestão de Álcool";"Saída de leito carroçável";"Sem Vítimas";"Amanhecer";"Decrescente";"Nublado";"Simples";"Reta";"Não";1;0;0;0;1;0;0;1;-13,048055;-55,905555;"SPRF-MT";"DEL06-MT";"UOP01-DEL06-MT"
174539;2018-10-03;"quarta-feira";"23:30:00";"RR";174;657;"PACARAIMA";"Falta de Atenção à Condução";"Colisão com objeto estático";"Com Vítimas Fatais";"Plena Noite";"Crescente";"Nublado";"Simples";"Desvio Temporário;Reta;Em Obras";"Não";2;1;1;0;0;0;1;1;4,101657;-61,039333;"SPRF-RR";"DEL01-RR";"UOP02-DEL01-RR"
174540;2018-11-18;"domingo";"14:50:00";"PB";230;41,5;"SANTA RITA";"Velocidade Incompatível";"Saída de leito carroçável";"Sem Vítimas";"Pleno dia";"Decrescente";"Sol";"Dupla";"Curva";"Sim";1;0;0;0;0;1;0;1;-7,1432;-34,9869;"SPRF-PB";"DEL01-PB";"UOP01-DEL01-PB"
174541;2018-11-28;"quarta-feira";"10:50:00";"BA";324;561;"SAO SEBASTIAO DO PASSE";"Defeito Mecânico no Veículo";"Saída de leito carroçável";"Com Vítimas Feridas";"Pleno dia";"Crescente";"Céu Claro";"Dupla";"Aclive";"Não";1;0;1;0;0;0;1;1;-12,51736322;-38,62037659;"SPRF-BA";"DEL01-BA";"UOP01-DEL01-BA"
174542;2018-11-20;"terça-feira";"11:40:00";"SC";101;214;"PALHOCA";"Não guardar distância de segurança";"Engavetamento";"Com Vítimas Feridas";"Pleno dia";"Crescente";"Céu Claro";"Dupla";"Reta";"Sim";6;0;2;0;4;0;2;5;-27,652;-48,676;"SPRF-SC";"DEL01-SC";"UOP02-DEL01-SC"
174544;2018-11-28;"quarta-feira";"12:10:00";"SP";116;227;"GUARULHOS";"Falta de Atenção à Condução";"Colisão com objeto estático";"Com Vítimas Feridas";"Pleno dia";"Decrescente";"Céu Claro";"Múltipla";"Aclive";"Sim";1;0;1;0;0;0;1;1;-23,49907274;-46,55848414;"SPRF-SP";"DEL01-SP";"UOP01-DEL01-SP"
174545;2018-11-25;"domingo";"06:10:00";"RJ";101;407;"ITAGUAI";"Ingestão de Álcool";"Capotamento";"Com Vítimas Feridas";"Pleno dia";"Crescente";"Céu Claro";"Dupla";"Reta";"Sim";4;0;1;0;3;0;1;1;-22,87672;-43,816319;"SPRF-RJ";"DEL03-RJ";"UOP01-DEL03-RJ"
174546;2018-11-28;"quarta-feira";"12:25:00";"SP";116;139,4;"SAO JOSE DOS CAMPOS";"Não guardar distância de segurança";"Colisão traseira";"Com Vítimas Feridas";"Pleno dia";"Crescente";"Sol";"Dupla";"Reta";"Sim";4;0;1;0;3;0;1;4;-23,161556;-45,804054;"SPRF-SP";"DEL06-SP";"UOP02-DEL02-SP"
174547;2018-11-12;"segunda-feira";"16:30:00";"MG";262;444;"NOVA SERRANA";"Condutor Dormindo";"Capotamento";"Com Vítimas Feridas";"Pleno dia";"Crescente";"Céu Claro";"Dupla";"Curva";"Sim";3;0;2;1;0;0;3;1;-19,880623;-44,912323;"SPRF-MG";"DEL08-MG";"UOP03-DEL08-MG"
174549;2018-11-28;"quarta-feira";"05:00:00";"MS";267;319;"RIO BRILHANTE";"Falta de Atenção à Condução";"Saída de leito carroçável";"Sem Vítimas";"Amanhecer";"Crescente";"Céu Claro";"Simples";"Rotatória";"Não";1;0;0;0;0;1;0;1;-21,71534573;-54,64502513;"SPRF-MS";"DEL02-MS";"UOP02-DEL02-MS"
174555;2018-11-28;"quarta-feira";"11:25:00";"RO";319;62,1;"PORTO VELHO";"Desobediência às normas de trânsito pelo condutor";"Colisão transversal";"Com Vítimas Feridas";"Pleno dia";"Decrescente";"Nublado";"Dupla";"Interseção de Vias";"Sim";1;0;1;0;0;0;1;1;-8,746046;-63,888527;"SPRF-RO";"DEL01-RO";"UOP01-DEL01-RO"
174560;2018-11-28;"quarta-feira";"14:20:00";"SP";116;277;"EMBU DAS ARTES";"Velocidade Incompatível";"Colisão traseira";"Com Vítimas Feridas";"Pleno dia";"Decrescente";"Céu Claro";"Dupla";"Reta";"Sim";5;0;2;0;3;0;2;2;-23,66244627;-46,85232401;"SPRF-SP";"DEL04-SP";"UOP01-DEL04-SP"
174564;2018-11-28;"quarta-feira";"14:45:00";"MG";40;101,8;"LAGOA GRANDE";"Defeito na Via";"Saída de leito carroçável";"Com Vítimas Feridas";"Pleno dia";"Decrescente";"Céu Claro";"Simples";"Reta";"Não";1;0;1;0;0;0;1;1;-17,56806;-46,501122;"SPRF-MG";"DEL14-MG";"UOP01-DEL14-MG"
174565;2018-11-28;"quarta-feira";"10:00:00";"RJ";40;40,9;"AREAL";"Animais na Pista";"Colisão traseira";"Com Vítimas Feridas";"Pleno dia";"Decrescente";"Céu Claro";"Dupla";"Reta";"Não";3;0;1;0;1;1;1;3;-22,2493;-43,1059;"SPRF-RJ";"DEL06-RJ";"UOP02-DEL05-RJ"
174568;2018-11-28;"quarta-feira";"14:20:00";"PE";101;70;"RECIFE";"Desobediência às normas de trânsito pelo condutor";"Colisão transversal";"Com Vítimas Feridas";"Pleno dia";"Decrescente";"Nublado";"Simples";"Reta";"Sim";4;0;1;0;3;0;1;2;-8,0778;-34,9429;"SPRF-PE";"DEL01-PE";"UOP01-DEL01-PE"
174569;2018-11-28;"quarta-feira";"14:20:00";"GO";60;465;"JATAI";"Ingestão de Álcool";"Saída de leito carroçável";"Sem Vítimas";"Pleno dia";"Decrescente";"Céu Claro";"Dupla";"Curva";"Não";2;0;0;0;1;1;0;2;-17,8893;-51,6555;"SPRF-GO";"DEL05-GO";"UOP01-DEL05-GO"
174571;2018-11-28;"quarta-feira";"10:20:00";"PI";343;1;"LUIS CORREIA";"Falta de Atenção à Condução";"Colisão transversal";"Com Vítimas Feridas";"Pleno dia";"Crescente";"Céu Claro";"Simples";"Interseção de Vias";"Sim";2;0;1;0;1;0;1;2;-2,890292;-41,667423;"SPRF-PI";"DEL05-PI";"UOP01-DEL05-PI"
174572;2018-11-24;"sábado";"10:00:00";"SC";280;57,9;"GUARAMIRIM";"Falta de Atenção à Condução";"Colisão transversal";"Com Vítimas Feridas";"Pleno dia";"Decrescente";"Nublado";"Simples";"Rotatória";"Não";2;0;0;1;1;0;1;2;-26,47435696;-49,02022362;"SPRF-SC";"DEL03-SC";"UOP03-DEL03-SC"