"id";"data_inversa";"dia_semana";"horario";"uf";"br";"km";"municipio";"causa_acidente";"tipo_acidente";"classificacao_acidente";"fase_dia";"sentido_via";"condicao_metereologica";"tipo_pista";"tracado_via";"uso_solo";"pessoas";"mortos";"feridos_leves";"feridos_graves";"ilesos";"ignorados";"feridos";"veiculos";"latitude";"longitude";"regional";"delegacia";"uop"
174573;2018-11-13;"terça-feira";"01:40:00";"SP";116;223;"GUARULHOS";"Falta de Atenção à Condução";"Colisão com objeto estático";"Com Vítimas Feridas";"Plena Noite";"Decrescente";"Nublado";"Múltipla";"Reta";"Sim";1;0;1;0;0;0;1;1;-23,48044921;-46,53197408;"SPRF-SP";"DEL01-SP";"UOP01-DEL01-SP"
174578;2018-11-28;"quarta-feira";"16:10:00";"PR";476;136;"CURITIBA";"Falta de Atenção à Condução";"Colisão traseira";"Com Vítimas Feridas";"Pleno dia";"Decrescente";"Nublado";"Múltipla";"Reta";"Sim";2;0;1;0;1;0;1;2;-25,491047;-49,271679;"SPRF-PR";"DEL01-PR";"UOP07-DEL01-PR"
174579;2018-11-28;"quarta-feira";"16:45:00";"SC";101;123,7;"ITAJAI";"Desobediência às normas de trânsito pelo pedestre";"Atropelamento de Pedestre";"Com Vítimas Feridas";"Pleno dia";"Crescente";"Nublado";"Dupla";"Reta";"Sim";4;0;0;1;3;0;1;4;-26,9434;-48,6917;"SPRF-SC";"DEL04-SC";"UOP04-DEL04-SC"
174581;2018-11-28;"quarta-feira";"14:00:00";"RJ";101;319;"SAO GONCALO";"Falta de Atenção à Condução";"Queda de ocupante de veículo";"Com Vítimas Feridas";"Pleno dia";"Decrescente";"Céu Claro";"Dupla";"Reta";"Sim";1;0;1;0;0;0;1;1;-22,854151;-43,101822;"SPRF-RJ";"DEL02-RJ";"DEL5/2-UOP04/RJ"
174582;2018-11-28;"quarta-feira";"15:33:00";"MG";50;175,8;"UBERABA";"Defeito Mecânico no Veículo";"Queda de ocupante de veículo";"Com Vítimas Feridas";"Pleno dia";"Crescente";"Céu Claro";"Dupla";"Reta";"Sim";2;0;1;1;0;0;2;1;-19,7793;-47,9608;"SPRF-MG";"DEL13-MG";"UOP01-DEL13-MG"
174583;2018-11-28;"quarta-feira";"16:01:00";"RJ";101;327;"NITEROI";"Falta de Atenção à Condução";"Engavetamento";"Sem Vítimas";"Pleno dia";"Decrescente";"Céu Claro";"Dupla";"Reta";"Não";3;0;0;0;3;0;0;3;-22,871164;-43,156063;"SPRF-RJ";"DEL02-RJ";"UOP02-DEL02-RJ"
174584;2018-11-28;"quarta-feira";"16:40:00";"MG";40;521;"CONTAGEM";"Avarias e/ou desgaste excessivo no pneu";"Tombamento";"Com Vítimas Feridas";"Pleno dia";"Decrescente";"Céu Claro";"Dupla";"Reta";"Não";2;0;2;0;0;0;2;1;-19,8665;-44,064;"SPRF-MG";"DEL01-MG";"UOP03-DEL01-MG"
174585;2018-11-28;"quarta-feira";"17:15:00";"RS";392;353;"SANTA MARIA";"Falta de Atenção à Condução";"Colisão transversal";"Com Vítimas Feridas";"Pleno dia";"Decrescente";"Céu Claro";"Dupla";"Reta;Em Obras";"Sim";3;0;1;1;1;0;2;2;-29,713892;-53,808228;"SPRF-RS";"DEL09-RS";"UOP01-DEL09-RS"
174587;2018-11-28;"quarta-feira";"17:00:00";"MG";262;769,8;"UBERABA";"Condutor Dormindo";"Saída de leito carroçável";"Com Vítimas Feridas";"Pleno dia";"Crescente";"Céu Claro";"Simples";"Reta";"Não";4;0;3;1;0;0;4;1;-19,685202;-47,676212;"SPRF-MG";"DEL13-MG";"UOP01-DEL13-MG"
174590;2018-11-28;"quarta-feira";"16:40:00";"SP";116;423,8;"JUQUIA";"Falta de Atenção à Condução";"Colisão com objeto estático";"Com Vítimas Feridas";"Pleno dia";"Crescente";"Céu Claro";"Dupla";"Reta";"Não";1;0;1;0;0;0;1;1;-24,38823639;-47,7182579;"SPRF-SP";"DEL05-SP";"UOP01-DEL05-SP"
174592;2018-11-28;"quarta-feira";"15:30:00";"PA";10;337;"SAO MIGUEL DO GUAMA";"Defeito Mecânico no Veículo";"Capotamento";"Com Vítimas Feridas";"Pleno dia";"Decrescente";"Céu Claro";"Simples";"Reta";"Não";2;0;0;2;0;0;2;1;-1,619396;-47,479702;"SPRF-PA";"DEL01-PA";"UOP02-DEL01-PA"
174594;2018-11-28;"quarta-feira";"15:45:00";"RO";364;236,4;"CACOAL";"Desobediência às normas de trânsito pelo condutor";"Colisão transversal";"Com Vítimas Feridas";"Pleno dia";"Decrescente";"Nublado";"Simples";"Interseção de Vias";"Sim";2;0;1;0;1;0;1;2;-11,445874;-61,437862;"SPRF-RO";"DEL02-RO";"UOP02-DEL02-RO"
174595;2018-11-28;"quarta-feira";"17:40:00";"ES";262;20,7;"VIANA";"Defeito Mecânico no Veículo";"Saída de leito carroçável";"Com Vítimas Feridas";"Pleno dia";"Decrescente";"Céu Claro";"Simples";"Reta";"Sim";1;0;1;0;0;0;1;1;-20,3884;-40,4943;"SPRF-ES";"DEL01-ES";"UOP01-DEL01-ES"
174596;2018-11-28;"quarta-feira";"15:40:00";"PR";116;102;"SAO JOSE DOS PINHAIS";"Falta de Atenção à Condução";"Queda de ocupante de veículo";"Com Vítimas Feridas";"Pleno dia";"Decrescente";"Céu Claro";"Dupla";"Reta";"Sim";1;0;1;0;0;0;1;1;-25,56753009;-49,17171478;"SPRF-PR";"DEL01-PR";"UOP01-DEL01-PR"
174597;2018-11-28;"quarta-feira";"16:20:00";"MA";135;5,1;"SAO LUIS";"Restrição de Visibilidade";"Colisão traseira";"Sem Vítimas";"Pleno dia";"Decrescente";"Chuva";"Dupla";"Aclive";"Sim";2;0;0;0;2;0;0;2;-2,53073;-44,3068;"SPRF-MA";"DEL01-MA";"UOP01-DEL01-MA"
174598;2018-11-28;"quarta-feira";"14:10:00";"RO";364;605;"ITAPUA DO OESTE";"Falta de Atenção à Condução";"Colisão lateral";"Sem Vítimas";"Pleno dia";"Crescente";"Céu Claro";"Simples";"Reta;Interseção de Vias";"Sim";5;0;0;0;5;0;0;2;-9,18604;-63,194874;"SPRF-RO";"DEL03-RO";"UOP04-DEL01-RO"
174599;2018-11-28;"quarta-feira";"18:30:00";"SC";101;194;"BIGUACU";"Falta de Atenção à Condução";"Colisão lateral";"Com Vítimas Feridas";"Anoitecer";"Crescente";"Nublado";"Múltipla";"Interseção de Vias";"Não";3;0;2;0;1;0;2;2;-27,5055;-48,6491;"SPRF-SC";"DEL01-SC";"UOP01-DEL01-SC"
174600;2018-11-28;"quarta-feira";"17:40:00";"PB";230;16;"JOAO PESSOA";"Não guardar distância de segurança";"Colisão lateral";"Com Vítimas Feridas";"Anoitecer";"Crescente";"Nublado";"Dupla";"Reta";"Sim";3;0;0;1;1;1;1;3;-7,10694569;-34,8438496;"SPRF-PB";"DEL01-PB";"UOP01-DEL01-PB"
174602;2018-11-28;"quarta-feira";"17:55:00";"SC";101;211;"PALHOCA";"Não guardar distância de segurança";"Colisão traseira";"Com Vítimas Feridas";"Pleno dia";"Crescente";"Céu Claro";"Dupla";"Reta";"Sim";2;0;0;2;0;0;2;2;-27,6301;-48,659;"SPRF-SC";"DEL01-SC";"UOP02-DEL01-SC"
174603;2018-11-28;"quarta-feira";"18:10:00";"PR";476;129;"TUNAS DO PARANA";"Falta de Atenção à Condução";"Colisão lateral";"Com Vítimas Feridas";"Anoitecer";"Crescente";"Céu Claro";"Múltipla";"Interseção de Vias";"Sim";2;0;1;0;1;0;1;2;-24,99141182;-49,00020897;"SPRF-PR";"DEL01-PR";"UOP07-DEL01-PR"
174604;2018-11-28;"quarta-feira";"16:20:00";"MA";10;293;"CIDELANDIA";"Defeito Mecânico no Veículo";"Saída de leito carroçável";"Sem Vítimas";"Pleno dia";"Decrescente";"Céu Claro";"Simples";"Reta";"Não";3;0;0;0;3;0;0;1;-5,17295;-47,529198;"SPRF-MA";"DEL04-MA";"UOP01-DEL04-MA"
174605;2018-11-28;"quarta-feira";"18:50:00";"MG";381;478,3;"CONTAGEM";"Ingestão de álcool e/ou substâncias psicoativas pelo pedestre";"Colisão transversal";"Com Vítimas Feridas";"Anoitecer";"Crescente";"Céu Claro";"Múltipla";"Reta";"Sim";6;0;3;0;3;0;3;4;-19,9643;-44,044;"SPRF-MG";"DEL01-MG";"UOP03-DEL01-MG"
174606;2018-11-28;"quarta-feira";"18:50:00";"GO";70;7,8;"AGUAS LINDAS DE GOIAS";"Falta de Atenção à Condução";"Colisão traseira";"Com Vítimas Feridas";"Pleno dia";"Decrescente";"Céu Claro";"Dupla";"Reta";"Sim";2;0;1;0;1;0;1;2;-15,7423;-48,2696;"SPRF-DF";"DEL01-DF";"UOP02-DEL03-DF"
174607;2018-11-28;"quarta-feira";"18:30:00";"MG";262;362,4;"BETIM";"Velocidade Incompatível";"Colisão com objeto estático";"Com Vítimas Feridas";"Pleno dia";"Decrescente";"Sol";"Múltipla";"Reta";"Sim";2;0;1;0;1;0;1;1;-19,9723;-44,2986;"SPRF-MG";"DEL01-MG";"UOP03-DEL01-MG"
174611;2018-11-28;"quarta-feira";"18:50:00";"MG";381;5;"BETIM";"Velocidade Incompatível";"Capotamento";"Com Vítimas Feridas";"Anoitecer";"Crescente";"Céu Claro";"Dupla";"Reta";"Não";1;0;1;0;0;0;1;1;-19,96825;-44,198708;"SPRF-MG";"DEL01-MG";"UOP03-DEL01-MG"
174612;2018-11-28;"quarta-feira";"18:50:00";"PA";10;338;"SAO MIGUEL DO GUAMA";"Deficiência ou não Acionamento do Sistema de Iluminação/Sinalização do Veículo";"Colisão traseira";"Sem Vítimas";"Plena Noite";"Crescente";"Nublado";"Simples";"Reta";"Não";2;0;0;0;1;1;0;2;-1,49260992;-47,52656937;"SPRF-PA";"DEL01-PA";"UOP02-DEL01-PA"
174613;2018-11-28;"quarta-feira";"19:30:00";"GO";70;7;"AGUAS LINDAS DE GOIAS";"Ingestão de Álcool";"Atropelamento de Pedestre";"Com Vítimas Feridas";"Plena Noite";"Decrescente";"Nublado";"Dupla";"Reta";"Sim";2;0;0;1;1;0;1;2;-15,7423;-48,2696;"SPRF-DF";"DEL01-DF";"UOP02-DEL03-DF"
174614;2018-11-28;"quarta-feira";"18:20:00";"PE";101;7;"GOIANA";"Falta de Atenção à Condução";"Saída de leito carroçável";"Com Vítimas Feridas";"Plena Noite";"Decrescente";"Vento";"Dupla";"Reta";"Sim";2;0;1;1;0;0;2;1;-7,5688;-34,989;"SPRF-PE";"DEL01-PE";"UOP02-DEL01-PE"
174615;2018-11-28;"quarta-feira";"18:50:00";"AL";316;89,1;"SANTANA DO IPANEMA";"Falta de Atenção à Condução";"Colisão traseira";"Com Vítimas Feridas";"Plena Noite";"Crescente";"Céu Claro";"Simples";"Curva";"Não";4;0;1;0;3;0;1;2;-9,389359;-37,214355;"SPRF-AL";"DEL03-AL";"UOP02-DEL03-AL"
174616;2018-11-28;"quarta-feira";"19:20:00";"MT";163;1068;"GUARANTA DO NORTE";"Ingestão de Álcool";"Capotamento";"Com Vítimas Feridas";"Plena Noite";"Decrescente";"Chuva";"Simples";"Reta";"Não";2;0;2;0;0;0;2;1;-9,91443496;-54,90417036;"SPRF-MT";"DEL06-MT";"UOP02-DEL06-MT"
174618;2018-11-28;"quarta-feira";"18:30:00";"PR";277;381,9;"CANDOI";"Velocidade Incompatível";"Saída de leito carroçável";"Com Vítimas Fatais";"Pleno dia";"Decrescente";"Céu Claro";"Simples";"Reta";"Não";1;1;0;0;0;0;0;1;-25,42934;-51,799591;"SPRF-PR";"DEL03-PR";"UOP01-DEL08-PR"
174619;2018-11-28;"quarta-feira";"20:30:00";"PR";376;176,4;"MARINGA";"Desobediência às normas de trânsito pelo condutor";"Colisão lateral";"Com Vítimas Feridas";"Plena Noite";"Decrescente";"Céu Claro";"Dupla";"Reta";"Sim";4;0;1;1;0;2;2;4;-23,412691;-51,931583;"SPRF-PR";"DEL07-PR";"UOP01-DEL09-PR"
174620;2018-11-28;"quarta-feira";"17:55:00";"BA";101;671,4;"ITAPEBI";"Velocidade Incompatível";"Capotamento";"Com Vítimas Feridas";"Plena Noite";"Decrescente";"Céu Claro";"Simples";"Curva";"Não";2;0;2;0;0;0;2;1;-16,0022;-39,5868;"SPRF-BA";"DEL09-BA";"UOP01-DEL09-BA"
174621;2018-11-28;"quarta-feira";"20:00:00";"BA";324;597,9;"SIMOES FILHO";"Velocidade Incompatível";"Colisão com objeto estático";"Sem Vítimas";"Plena Noite";"Crescente";"Chuva";"Dupla";"Curva";"Não";1;0;0;0;0;1;0;1;-12,74416765;-38,43669891;"SPRF-BA";"DEL01-BA";"UOP01-DEL01-BA"
174622;2018-11-28;"quarta-feira";"20:00:00";"MG";116;413,5;"GOVERNADOR VALADARES";"Desobediência às normas de trânsito pelo condutor";"Colisão transversal";"Com Vítimas Feridas";"Plena Noite";"Decrescente";"Nublado";"Simples";"Retorno Regulamentado";"Sim";2;0;1;0;1;0;1;2;-18,877022;-41,963145;"SPRF-MG";"DEL06-MG";"UOP01-DEL06-MG"
174624;2018-11-28;"quarta-feira";"18:00:00";"RS";293;161,4;"HULHA NEGRA";"Pista Escorregadia";"Saída de leito carroçável";"Com Vítimas Feridas";"Pleno dia";"Crescente";"Chuva";"Simples";"Reta";"Não";2;0;1;0;1;0;1;1;-31,390142;-53,882118;"SPRF-RS";"DEL11-RS";"UOP03-DEL11-RS"
174627;2018-11-28;"quarta-feira";"20:40:00";"RN";101;102;"PARNAMIRIM";"Pista Escorregadia";"Tombamento";"Com Vítimas Feridas";"Plena Noite";"Crescente";"Céu Claro";"Simples";"Viaduto;Retorno Regulamentado";"Sim";1;0;1;0;0;0;1;1;-5,88861;-35,24033;"SPRF-RN";"DEL01-RN";"UOP01-DEL01-RN"
174630;2018-11-28;"quarta-feira";"19:40:00";"PE";116;27,3;"SALGUEIRO";"Falta de Atenção à Condução";"Atropelamento de Pedestre";"Com Vítimas Feridas";"Plena Noite";"Crescente";"Céu Claro";"Simples";"Reta";"Sim";2;0;1;1;0;0;2;2;-8,078546;-39,130867;"SPRF-PE";"DEL05-PE";"UOP01-DEL05-PE"
174632;2018-11-28;"quarta-feira";"20:30:00";"CE";20;417;"MARACANAU";"Desobediência às normas de trânsito pelo condutor";"Colisão lateral";"Com Vítimas Feridas";"Plena Noite";"Crescente";"Céu Claro";"Dupla";"Reta;Em Obras;Desvio Temporário";"Sim";2;0;0;1;1;0;1;2;-3,76999;-38,670063;"SPRF-CE";"DEL01-CE";"UOP02-DEL01-CE"
174633;2018-11-28;"quarta-feira";"18:20:00";"PI";343;602;"FLORIANO";"Falta de Atenção à Condução";"Colisão traseira";"Sem Vítimas";"Plena Noite";"Crescente";"Céu Claro";"Simples";"Reta";"Sim";2;0;0;0;2;0;0;2;-6,839867;-43,087479;"SPRF-PI";"DEL03-PI";"UOP01-DEL03-PI"
174636;2018-11-28;"quarta-feira";"22:50:00";"SP";116;270,3;"TABOAO DA SERRA";"Falta de Atenção à Condução";"Colisão lateral";"Com Vítimas Feridas";"Plena Noite";"Crescente";"Nublado";"Dupla";"Reta";"Sim";2;0;1;0;1;0;1;2;-23,60739304;-46,76523149;"SPRF-SP";"DEL04-SP";"UOP01-DEL04-SP"
174637;2018-11-28;"quarta-feira";"17:30:00";"GO";158;272;"JATAI";"Desobediência às normas de trânsito pelo condutor";"Colisão transversal";"Com Vítimas Feridas";"Pleno dia";"Crescente";"Céu Claro";"Simples";"Interseção de Vias";"Sim";2;0;0;1;1;0;1;2;-17,89722309;-51,73657363;"SPRF-GO";"DEL05-GO";"UOP01-DEL05-GO"
174639;2018-11-28;"quarta-feira";"19:40:00";"AC";364;136,8;"RIO BRANCO";"Defeito na Via";"Tombamento";"Com Vítimas Feridas";"Plena Noite";"Crescente";"Nublado";"Dupla";"Reta";"Sim";1;0;1;0;0;0;1;1;-9,97080547;-67,85205603;"SPRF-AC";"DEL01-AC";"UOP01-DEL01-AC"
174644;2018-11-28;"quarta-feira";"19:30:00";"BA";110;353;"ALAGOINHAS";"Falta de Atenção à Condução";"Colisão lateral";"Sem Vítimas";"Plena Noite";"Decrescente";"Chuva";"Simples";"Declive";"Não";2;0;0;0;2;0;0;2;-12,2592;-38,3853;"SPRF-BA";"DEL01-BA";"UOP04-DEL01-BA"
174645;2018-11-28;"quarta-feira";"23:20:00";"SC";101;83;"BARRA VELHA";"Defeito Mecânico no Veículo";"Saída de leito carroçável";"Com Vítimas Feridas";"Plena Noite";"Crescente";"Céu Claro";"Dupla";"Reta";"Não";2;0;1;0;1;0;1;1;-26,627;-48,7098;"SPRF-SC";"DEL03-SC";"UOP02-DEL03-SC"
174646;2018-11-28;"quarta-feira";"19:40:00";"SC";280;202;"MAFRA";"Falta de Atenção à Condução";"Colisão lateral";"Com Vítimas Feridas";"Plena Noite";"Decrescente";"Céu Claro";"Simples";"Reta";"Não";6;0;4;1;1;0;5;2;-26,169666;-50,092495;"SPRF-SC";"DEL06-SC";"UOP01-DEL06-SC"
174647;2018-11-28;"quarta-feira";"21:49:00";"RR";174;494,5;"BOA VISTA";"Animais na Pista";"Queda de ocupante de veículo";"Com Vítimas Feridas";"Plena Noite";"Decrescente";"Garoa/Chuvisco";"Dupla";"Reta";"Sim";3;0;2;0;0;1;2;3;2,750012;-60,742367;"SPRF-RR";"DEL01-RR";"UOP01-DEL01-RR"
174648;2018-11-28;"quarta-feira";"21:25:00";"PB";230;169,2;"CAMPINA GRANDE";"Animais na Pista";"Atropelamento de Animal";"Com Vítimas Feridas";"Plena Noite";"Crescente";"Céu Claro";"Simples";"Reta";"Não";1;0;0;1;0;0;1;1;-7,1853;-35,9764;"SPRF-PB";"DEL02-PB";"UOP02-DEL02-PB"
174649;2018-11-29;"quinta-feira";"00:00:00";"PR";277;662,4;"MATELANDIA";"Falta de Atenção à Condução";"Saída de leito carroçável";"Com Vítimas Feridas";"Plena Noite";"Decrescente";"Céu Claro";"Dupla";"Reta";"Não";1;0;1;0;0;0;1;1;-25,251236;-54,009113;"SPRF-PR";"DEL05-PR";"UOP02-DEL05-PR"
174650;2018-11-28;"quarta-feira";"23:40:00";"PE";101;45;"IGARASSU";"Falta de Atenção à Condução";"Colisão transversal";"Com Vítimas Feridas";"Plena Noite";"Crescente";"Céu Claro";"Múltipla";"Reta";"Sim";2;0;1;0;1;0;1;2;-7,8728;-34,9061;"SPRF-PE";"DEL01-PE";"UOP02-DEL01-PE"
174651;2018-11-28;"quarta-feira";"23:45:00";"PE";101;83,5;"JABOATAO DOS GUARARAPES";"Desobediência às normas de trânsito pelo condutor";"Colisão traseira";"Com Vítimas Feridas";"Plena Noite";"Decrescente";"Nublado";"Dupla";"Curva";"Sim";1;0;1;0;0;0;1;1;-8,1777;-34,9526;"SPRF-PE";"DEL01-PE";"UOP03-DEL01-PE"
174652;2018-11-29;"quinta-feira";"00:40:00";"MG";40;671,2;"CARANDAI";"Defeito Mecânico no Veículo";"Tombamento";"Com Vítimas Feridas";"Plena Noite";"Decrescente";"Nublado";"Simples";"Curva";"Não";2;0;2;0;0;0;2;1;-20,9948;-43,7775;"SPRF-MG";"DEL05-MG";"UOP02-DEL05-MG"
174653;2018-11-28;"quarta-feira";"23:30:00";"PI";343;600;"FLORIANO";"Falta de Atenção à Condução";"Colisão lateral";"Com Vítimas Feridas";"Plena Noite";"Crescente";"Céu Claro";"Simples";"Reta";"Sim";6;0;1;0;4;1;1;2;-6,797033;-43,046871;"SPRF-PI";"DEL03-PI";"UOP01-DEL03-PI"
174654;2018-11-28;"quarta-feira";"23:40:00";"PR";116;18,4;"ANTONINA";"Falta de Atenção à Condução";"Colisão com objeto estático";"Sem Vítimas";"Plena Noite";"Decrescente";"Garoa/Chuvisco";"Dupla";"Curva;Declive";"Não";1;0;0;0;1;0;0;1;-25,103985;-48,710857;"SPRF-PR";"DEL01-PR";"UOP02-DEL01-PR"
174655;2018-11-28;"quarta-feira";"23:15:00";"RS";287;377,4;"SANTIAGO";"Pista Escorregadia";"Saída de leito carroçável";"Com Vítimas Fatais";"Plena Noite";"Decrescente";"Chuva";"Simples";"Curva";"Não";1;1;0;0;0;0;0;1;-29,328861;-54,756416;"SPRF-RS";"DEL12-RS";"UOP02-DEL12-RS"
174656;2018-11-29;"quinta-feira";"02:40:00";"PR";277;596;"CASCAVEL";"Falta de Atenção à Condução";"Colisão com objeto estático";"Com Vítimas Feridas";"Plena Noite";"Decrescente";"Céu Claro";"Dupla";"Reta";"Não";1;0;1;0;0;0;1;1;-25,02817;-53,55983;"SPRF-PR";"DEL04-PR";"UOP01-DEL04-PR"
174658;2018-11-29;"quinta-feira";"05:40:00";"DF";70;5;"BRASILIA";"Desobediência às normas de trânsito pelo condutor";"Colisão traseira";"Com Vítimas Feridas";"Amanhecer";"Decrescente";"Céu Claro";"Dupla";"Reta";"Sim";4;0;0;1;3;0;1;4;-15,794656;-48,096779;"SPRF-DF";"DEL01-DF";"UOP02-DEL03-DF"
174659;2018-11-29;"quinta-feira";"05:45:00";"SC";101;269,6;"IMBITUBA";"Condutor Dormindo";"Saída de leito carroçável";"Com Vítimas Feridas";"Amanhecer";"Decrescente";"Chuva";"Dupla";"Reta";"Não";3;0;3;0;0;0;3;1;-28,10220311;-48,70380878;"SPRF-SC";"DEL02-SC";"UOP03-DEL02-SC"
174660;2018-11-29;"quinta-feira";"02:30:00";"BA";116;823;"VITORIA DA CONQUISTA";"Ingestão de Álcool";"Saída de leito carroçável";"Com Vítimas Feridas";"Plena Noite";"Crescente";"Céu Claro";"Simples";"Reta";"Sim";5;0;5;0;0;0;5;1;-14,85080046;-40,84888851;"SPRF-BA";"DEL08-BA";"UOP01-DEL08-BA"
174662;2018-11-29;"quinta-feira";"02:45:00";"MS";267;60,1;"BATAGUASSU";"Desobediência às normas de trânsito pelo condutor";"Colisão frontal";"Com Vítimas Feridas";"Plena Noite";"Decrescente";"Céu Claro";"Simples";"Reta";"Não";2;0;0;1;0;1;1;2;-21,8393;-52,6684;"SPRF-MS";"DEL02-MS";"DEL3/7-UOP01/MS"
174664;2018-11-29;"quinta-feira";"01:50:00";"SC";116;107;"MONTE CASTELO";"Falta de Atenção à Condução";"Capotamento";"Sem Vítimas";"Plena Noite";"Crescente";"Garoa/Chuvisco";"Simples";"Reta";"Não";1;0;0;0;1;0;0;1;-26,768562;-50,350533;"SPRF-SC";"DEL06-SC";"UOP02-DEL06-SC"
174665;2018-11-29;"quinta-feira";"05:50:00";"BA";101;479,8;"URUCUCA";"Velocidade Incompatível";"Saída de leito carroçável";"Com Vítimas Feridas";"Pleno dia";"Crescente";"Chuva";"Simples";"Curva";"Não";3;0;2;0;1;0;2;1;-14,5883;-39,3354;"SPRF-BA";"DEL05-BA";"UOP01-DEL05-BA"
174667;2018-11-28;"quarta-feira";"21:20:00";"MG";381;803,4;"SAO GONCALO DO SAPUCAI";"Falta de Atenção à Condução";"Saída de leito carroçável";"Sem Vítimas";"Plena Noite";"Decrescente";"Ignorado";"Dupla";"Curva";"Não";1;0;0;0;1;0;0;1;-21,9614;-45,626;"SPRF-MG";"DEL16-MG";"UOP02-DEL16-MG"
174668;2018-11-17;"sábado";"09:30:00";"RJ";101;406;"ITAGUAI";"Falta de Atenção à Condução";"Colisão com objeto estático";"Com Vítimas Feridas";"Pleno dia";"Decrescente";"Céu Claro";"Simples";"Aclive";"Sim";3;0;2;0;1;0;2;1;-22,87220137;-43,80892754;"SPRF-RJ";"DEL03-RJ";"UOP01-DEL03-RJ"
174670;2018-11-29;"quinta-feira";"07:00:00";"ES";101;269,9;"SERRA";"Falta de Atenção à Condução";"Colisão traseira";"Com Vítimas Feridas";"Pleno dia";"Crescente";"Céu Claro";"Dupla";"Reta";"Sim";2;0;1;0;1;0;1;2;-20,22412886;-40,27026437;"SPRF-ES";"DEL02-ES";"UOP01-DEL02-ES"
174671;2018-11-29;"quinta-feira";"07:05:00";"SC";101;191;"BIGUACU";"Defeito Mecânico no Veículo";"Queda de ocupante de veículo";"Com Vítimas Feridas";"Pleno dia";"Crescente";"Chuva";"Múltipla";"Curva";"Sim";2;0;2;0;0;0;2;1;-27,4847;-48,6476;"SPRF-SC";"DEL01-SC";"UOP01-DEL01-SC"
174672;2018-11-28;"quarta-feira";"21:25:00";"MG";381;803,4;"SAO GONCALO DO SAPUCAI";"Falta de Atenção do Pedestre";"Atropelamento de Pedestre";"Com Vítimas Fatais";"Plena Noite";"Decrescente";"Nublado";"Dupla";"Curva";"Não";2;1;0;0;1;0;0;2;-21,9614;-45,626;"SPRF-MG";"DEL16-MG";"UOP02-DEL16-MG"
174673;2018-11-29;"quinta-feira";"06:55:00";"SC";101;212;"PALHOCA";"Não guardar distância de segurança";"Colisão lateral";"Com Vítimas Feridas";"Pleno dia";"Decrescente";"Chuva";"Dupla";"Reta";"Sim";2;0;1;0;1;0;1;2;-27,6372;-48,6651;"SPRF-SC";"DEL01-SC";"UOP02-DEL01-SC"
174674;2018-11-29;"quinta-feira";"06:00:00";"RJ";493;7,3;"ITABORAI";"Agressão Externa";"Colisão transversal";"Com Vítimas Feridas";"Amanhecer";"Crescente";"Céu Claro";"Simples";"Reta";"Não";3;0;3;0;0;0;3;2;-22,713297;-42,953346;"SPRF-RJ";"DEL04-RJ";"UOP02-DEL04-RJ"
174675;2018-11-29;"quinta-feira";"07:00:00";"SC";282;80;"RANCHO QUEIMADO";"Velocidade Incompatível";"Saída de leito carroçável";"Com Vítimas Feridas";"Amanhecer";"Decrescente";"Garoa/Chuvisco";"Simples";"Curva";"Não";2;0;1;0;1;0;1;1;-27,66360335;-49,15937126;"SPRF-SC";"DEL01-SC";"UOP03-DEL01-SC"
174676;2018-11-29;"quinta-feira";"00:20:00";"MG";50;196,5;"DELTA";"Velocidade Incompatível";"Capotamento";"Com Vítimas Fatais";"Plena Noite";"Crescente";"Céu Claro";"Dupla";"Reta";"Não";4;1;1;1;0;1;2;2;-19,9078;-47,8345;"SPRF-MG";"DEL13-MG";"UOP01-DEL13-MG"
174677;2018-11-29;"quinta-feira";"07:30:00";"SC";101;202;"SAO JOSE";"Falta de Atenção à Condução";"Tombamento";"Com Vítimas Feridas";"Pleno dia";"Crescente";"Chuva";"Múltipla";"Reta";"Sim";1;0;1;0;0;0;1;1;-27,5651;-48,6144;"SPRF-SC";"DEL01-SC";"UOP01-DEL01-SC"
174678;2018-11-29;"quinta-feira";"07:45:00";"GO";40;14;"LUZIANIA";"Falta de Atenção à Condução";"Colisão transversal";"Com Vítimas Feridas";"Pleno dia";"Decrescente";"Céu Claro";"Dupla";"Declive";"Sim";1;0;1;0;0;0;1;1;-16,158753;-47,933136;"SPRF-DF";"DEL01-DF";"UOP01-DEL01-DF"
174681;2018-11-29;"quinta-feira";"06:59:00";"RJ";101;316;"SAO GONCALO";"Falta de Atenção à Condução";"Colisão lateral";"Com Vítimas Feridas";"Pleno dia";"Crescente";"Céu Claro";"Dupla";"Reta";"Não";2;0;1;0;0;1;1;2;-22,828388;-43,092102;"SPRF-RJ";"DEL02-RJ";"DEL5/2-UOP04/RJ"
174682;2018-11-29;"quinta-feira";"07:20:00";"RJ";101;321,5;"NITEROI";"Falta de Atenção à Condução";"Colisão traseira";"Com Vítimas Feridas";"Pleno dia";"Crescente";"Céu Claro";"Dupla";"Reta";"Sim";2;0;1;0;1;0;1;2;-22,869852;-43,110458;"SPRF-RJ";"DEL02-RJ";"UOP02-DEL02-RJ"
174683;2018-11-29;"quinta-feira";"05:30:00";"PE";407;124;"PETROLINA";"Condutor Dormindo";"Colisão com objeto estático";"Com Vítimas Feridas";"Amanhecer";"Decrescente";"Céu Claro";"Dupla";"Rotatória";"Sim";1;0;1;0;0;0;1;1;-9,37391245;-40,53875685;"SPRF-PE";"DEL06-PE";"UOP01-DEL06-PE"