"id";"data_inversa";"dia_semana";"horario";"uf";"br";"km";"municipio";"causa_acidente";"tipo_acidente";"classificacao_acidente";"fase_dia";"sentido_via";"condicao_metereologica";"tipo_pista";"tracado_via";"uso_solo";"pessoas";"mortos";"feridos_leves";"feridos_graves";"ilesos";"ignorados";"feridos";"veiculos";"latitude";"longitude";"regional";"delegacia";"uop"
174685;2018-11-29;"quinta-feira";"08:30:00";"SC";282;5;"SAO JOSE";"Desobediência às normas de trânsito pelo condutor";"Colisão lateral";"Com Vítimas Feridas";"Pleno dia";"Decrescente";"Garoa/Chuvisco";"Dupla";"Reta";"Sim";2;0;1;0;1;0;1;2;-27,588425;-48,612919;"SPRF-SC";"DEL01-SC";"UOP01-DEL01-SC"
174686;2018-11-01;"quinta-feira";"17:15:00";"SP";116;137;"SAO JOSE DOS CAMPOS";"Falta de Atenção à Condução";"Colisão lateral";"Com Vítimas Feridas";"Pleno dia";"Crescente";"Nublado";"Dupla";"Reta";"Sim";2;0;1;0;1;0;1;2;-23,153028;-45,787132;"SPRF-SP";"DEL06-SP";"UOP02-DEL02-SP"
174688;2018-11-29;"quinta-feira";"09:05:00";"SC";282;5,2;"SAO JOSE";"Falta de Atenção à Condução";"Tombamento";"Com Vítimas Feridas";"Pleno dia";"Decrescente";"Chuva";"Múltipla";"Reta";"Sim";1;0;1;0;0;0;1;1;-27,588425;-48,612919;"SPRF-SC";"DEL01-SC";"UOP01-DEL01-SC"
174689;2018-11-29;"quinta-feira";"07:30:00";"MA";10;262,4;"IMPERATRIZ";"Desobediência às normas de trânsito pelo condutor";"Colisão lateral";"Com Vítimas Feridas";"Pleno dia";"Crescente";"Nublado";"Simples";"Reta";"Não";3;0;2;0;1;0;2;2;-5,445326;-47,472542;"SPRF-MA";"DEL04-MA";"UOP01-DEL04-MA"
174690;2018-11-10;"sábado";"03:15:00";"SP";116;111;"TAUBATE";"Falta de Atenção à Condução";"Colisão traseira";"Com Vítimas Feridas";"Plena Noite";"Crescente";"Céu Claro";"Dupla";"Reta";"Não";2;0;1;0;1;0;1;2;-23,038872;-45,560974;"SPRF-SP";"DEL06-SP";"UOP02-DEL02-SP"
174691;2018-11-29;"quinta-feira";"14:30:00";"SC";101;162;"TIJUCAS";"Falta de Atenção à Condução";"Colisão com objeto estático";"Com Vítimas Feridas";"Pleno dia";"Crescente";"Céu Claro";"Dupla";"Reta";"Não";2;0;2;0;0;0;2;1;-27,2325;-48,6299;"SPRF-SC";"DEL04-SC";"UOP03-DEL04-SC"
174692;2018-11-29;"quinta-feira";"11:20:00";"SC";101;88;"BARRA VELHA";"Não guardar distância de segurança";"Colisão lateral";"Com Vítimas Feridas";"Pleno dia";"Decrescente";"Nublado";"Dupla";"Reta;Aclive";"Sim";3;0;2;0;1;0;2;3;-26,6597;-48,6883;"SPRF-SC";"DEL03-SC";"UOP02-DEL03-SC"
174693;2018-11-29;"quinta-feira";"09:50:00";"SP";116;80;"ROSEIRA";"Falta de Atenção à Condução";"Colisão traseira";"Sem Vítimas";"Pleno dia";"Decrescente";"Céu Claro";"Dupla";"Reta";"Não";3;0;0;0;3;0;0;3;-22,899584;-45,302456;"SPRF-SP";"DEL06-SP";"UOP01-DEL06-SP"
174694;2018-11-29;"quinta-feira";"08:30:00";"PE";407;129;"PETROLINA";"Desobediência às normas de trânsito pelo condutor";"Colisão transversal";"Com Vítimas Feridas";"Pleno dia";"Crescente";"Céu Claro";"Dupla";"Rotatória";"Sim";3;0;2;0;1;0;2;2;-9,399034;-40,505655;"SPRF-PE";"DEL06-PE";"UOP01-DEL06-PE"
174697;2018-11-29;"quinta-feira";"10:15:00";"PR";369;157,1;"LONDRINA";"Falta de Atenção à Condução";"Colisão lateral";"Com Vítimas Feridas";"Pleno dia";"Crescente";"Nublado";"Dupla";"Reta";"Sim";3;0;1;0;2;0;1;2;-23,28710764;-51,22680992;"SPRF-PR";"DEL07-PR";"UOP01-DEL07-PR"
174698;2018-11-29;"quinta-feira";"10:40:00";"RJ";101;312;"SAO GONCALO";"Falta de Atenção à Condução";"Colisão lateral";"Com Vítimas Feridas";"Pleno dia";"Crescente";"Céu Claro";"Simples";"Curva";"Sim";2;0;1;0;1;0;1;2;-22,805479;-43,061592;"SPRF-RJ";"DEL02-RJ";"DEL5/2-UOP04/RJ"
174699;2018-11-29;"quinta-feira";"11:00:00";"RS";116;38;"VACARIA";"Falta de Atenção à Condução";"Colisão transversal";"Com Vítimas Feridas";"Pleno dia";"Decrescente";"Nublado";"Simples";"Reta";"Sim";3;0;2;0;1;0;2;2;-28,50548;-50,925159;"SPRF-RS";"DEL05-RS";"UOP03-DEL05-RS"
174705;2018-11-29;"quinta-feira";"14:00:00";"MG";116;415,9;"GOVERNADOR VALADARES";"Falta de Atenção à Condução";"Colisão transversal";"Com Vítimas Feridas";"Pleno dia";"Crescente";"Céu Claro";"Simples";"Interseção de Vias";"Sim";2;0;1;0;1;0;1;2;-18,88552843;-41,94688439;"SPRF-MG";"DEL06-MG";"UOP01-DEL06-MG"
174706;2018-11-29;"quinta-feira";"08:35:00";"SC";470;135,2;"RIO DO SUL";"Falta de Atenção à Condução";"Colisão lateral";"Com Vítimas Feridas";"Pleno dia";"Decrescente";"Céu Claro";"Simples";"Reta";"Não";2;0;1;0;1;0;1;2;-27,188492;-49,61232;"SPRF-SC";"DEL04-SC";"UOP02-DEL04-SC"
174708;2018-11-29;"quinta-feira";"14:30:00";"PB";230;39;"SANTA RITA";"Não guardar distância de segurança";"Colisão lateral";"Com Vítimas Feridas";"Pleno dia";"Decrescente";"Céu Claro";"Dupla";"Aclive";"Não";3;0;1;0;2;0;1;2;-7,140044;-34,974519;"SPRF-PB";"DEL01-PB";"UOP01-DEL01-PB"
174710;2018-11-29;"quinta-feira";"13:30:00";"MG";381;949,2;"EXTREMA";"Não guardar distância de segurança";"Saída de leito carroçável";"Com Vítimas Feridas";"Pleno dia";"Crescente";"Sol";"Dupla";"Reta";"Sim";2;0;2;0;0;0;2;1;-22,875048;-46,366745;"SPRF-MG";"DEL16-MG";"UOP03-DEL16-MG"
174712;2018-11-29;"quinta-feira";"15:40:00";"PR";163;186,6;"SANTA TEREZA DO OESTE";"Velocidade Incompatível";"Capotamento";"Com Vítimas Feridas";"Pleno dia";"Crescente";"Céu Claro";"Dupla";"Curva";"Não";2;0;1;0;1;0;1;1;-25,1343;-53,5843;"SPRF-PR";"DEL04-PR";"UOP05-DEL05-PR"
174713;2018-11-29;"quinta-feira";"13:40:00";"CE";304;51;"ARACATI";"Desobediência às normas de trânsito pelo condutor";"Colisão lateral";"Com Vítimas Feridas";"Pleno dia";"Decrescente";"Céu Claro";"Simples";"Curva";"Não";3;0;1;1;1;0;2;2;-4,569423;-37,753418;"SPRF-CE";"DEL03-CE";"UOP03-DEL03-CE"
174716;2018-11-29;"quinta-feira";"15:40:00";"PR";376;528;"PONTA GROSSA";"Falta de Atenção à Condução";"Saída de leito carroçável";"Com Vítimas Feridas";"Pleno dia";"Crescente";"Nublado";"Dupla";"Reta";"Não";1;0;1;0;0;0;1;1;-25,28567947;-49,90814209;"SPRF-PR";"DEL03-PR";"UOP04-DEL03-PR"
174720;2018-11-29;"quinta-feira";"15:55:00";"SC";101;79,4;"ARAQUARI";"Falta de Atenção à Condução";"Colisão traseira";"Sem Vítimas";"Pleno dia";"Crescente";"Nublado";"Dupla";"Reta";"Não";2;0;0;0;2;0;0;2;-26,5972;-48,7233;"SPRF-SC";"DEL03-SC";"UOP02-DEL03-SC"
174721;2018-11-29;"quinta-feira";"09:20:00";"MG";40;827,5;"SIMAO PEREIRA";"Velocidade Incompatível";"Saída de leito carroçável";"Com Vítimas Feridas";"Pleno dia";"Crescente";"Céu Claro";"Dupla";"Reta";"Não";1;0;0;1;0;0;1;1;-22,0052;-43,2697;"SPRF-MG";"DEL05-MG";"UOP01-DEL05-MG"
174722;2018-11-29;"quinta-feira";"13:15:00";"MA";316;436,3;"PERITORO";"Falta de Atenção à Condução";"Saída de leito carroçável";"Com Vítimas Feridas";"Pleno dia";"Crescente";"Garoa/Chuvisco";"Simples";"Reta";"Não";2;0;1;0;1;0;1;1;-4,413616;-44,2411;"SPRF-MA";"DEL03-MA";"UOP01-DEL03-MA"
174725;2018-10-02;"terça-feira";"06:30:00";"MT";163;99;"RONDONOPOLIS";"Falta de Atenção à Condução";"Saída de leito carroçável";"Com Vítimas Feridas";"Pleno dia";"Crescente";"Céu Claro";"Dupla";"Reta";"Não";1;0;0;1;0;0;1;1;-16,66816608;-54,67655182;"SPRF-MT";"DEL02-MT";"DEL2/2-UOP02/MT"
174727;2018-11-29;"quinta-feira";"13:50:00";"PR";376;143;"NOVA ESPERANCA";"Falta de Atenção à Condução";"Colisão traseira";"Com Vítimas Feridas";"Pleno dia";"Decrescente";"Nublado";"Dupla";"Reta";"Não";2;0;1;0;1;0;1;2;-23,273064;-52,157608;"SPRF-PR";"DEL07-PR";"UOP02-DEL09-PR"
174728;2018-11-29;"quinta-feira";"07:10:00";"SC";101;185;"BIGUACU";"Falta de Atenção à Condução";"Colisão com objeto estático";"Sem Vítimas";"Pleno dia";"Decrescente";"Chuva";"Dupla";"Curva";"Sim";1;0;0;0;1;0;0;1;-27,4343;-48,6256;"SPRF-SC";"DEL01-SC";"UOP01-DEL01-SC"
174732;2018-11-29;"quinta-feira";"17:05:00";"MG";356;267,4;"MURIAE";"Desobediência às normas de trânsito pelo condutor";"Colisão transversal";"Com Vítimas Feridas";"Pleno dia";"Decrescente";"Sol";"Simples";"Rotatória";"Sim";3;0;1;0;1;1;1;3;-21,125526;-42,375477;"SPRF-MG";"DEL07-MG";"UOP02-DEL07-MG"
174735;2018-11-29;"quinta-feira";"11:30:00";"PA";308;61;"CASTANHAL";"Falta de Atenção do Pedestre";"Atropelamento de Pedestre";"Com Vítimas Feridas";"Pleno dia";"Crescente";"Céu Claro";"Dupla";"Reta";"Sim";3;0;2;0;0;1;2;2;-1,296296;-47,919842;"SPRF-PA";"DEL01-PA";"UOP01-DEL01-PA"
174736;2018-11-29;"quinta-feira";"17:00:00";"MG";50;4;"ARAGUARI";"Falta de Atenção à Condução";"Capotamento";"Com Vítimas Feridas";"Pleno dia";"Crescente";"Sol";"Dupla";"Retorno Regulamentado";"Não";1;0;0;1;0;0;1;1;-18,464;-48,0502;"SPRF-MG";"DEL15-MG";"UOP02-DEL15-MG"
174737;2018-11-29;"quinta-feira";"17:00:00";"MG";381;480,5;"CONTAGEM";"Falta de Atenção à Condução";"Tombamento";"Com Vítimas Feridas";"Pleno dia";"Decrescente";"Céu Claro";"Dupla";"Reta";"Sim";2;0;1;1;0;0;2;1;-19,9586;-44,0608;"SPRF-MG";"DEL01-MG";"UOP03-DEL01-MG"
174740;2018-11-09;"sexta-feira";"16:40:00";"MG";381;924;"CAMANDUCAIA";"Velocidade Incompatível";"Saída de leito carroçável";"Com Vítimas Feridas";"Pleno dia";"Crescente";"Nublado";"Dupla";"Curva";"Não";1;0;1;0;0;0;1;1;-22,77000366;-46,19411317;"SPRF-MG";"DEL16-MG";"UOP03-DEL16-MG"
174742;2018-11-29;"quinta-feira";"11:10:00";"BA";116;713;"MANOEL VITORINO";"Condutor Dormindo";"Saída de leito carroçável";"Com Vítimas Feridas";"Pleno dia";"Decrescente";"Céu Claro";"Simples";"Reta";"Não";1;0;1;0;0;0;1;1;-14,17606553;-40,25954962;"SPRF-BA";"DEL08-BA";"UOP02-DEL08-BA"
174743;2018-11-29;"quinta-feira";"10:53:00";"RJ";116;307;"RESENDE";"Objeto estático sobre o leito carroçável";"Danos eventuais";"Sem Vítimas";"Pleno dia";"Crescente";"Nublado";"Dupla";"Reta";"Não";1;0;0;0;1;0;0;1;-22,459236;-44,434776;"SPRF-RJ";"DEL07-RJ";"DEL5/7-UOP03/RJ"
174746;2018-11-29;"quinta-feira";"17:53:00";"PR";277;593;"CASCAVEL";"Desobediência às normas de trânsito pelo condutor";"Colisão transversal";"Com Vítimas Feridas";"Pleno dia";"Crescente";"Céu Claro";"Simples";"Reta";"Sim";3;0;0;1;1;1;1;3;-25,02817;-53,55983;"SPRF-PR";"DEL04-PR";"UOP01-DEL04-PR"
174750;2018-11-14;"quarta-feira";"01:45:00";"PR";277;595,6;"CASCAVEL";"Falta de Atenção à Condução";"Queda de ocupante de veículo";"Com Vítimas Feridas";"Plena Noite";"Crescente";"Ignorado";"Simples";"Reta";"Sim";1;0;0;1;0;0;1;1;-24,98130885;-53,50152049;"SPRF-PR";"DEL04-PR";"UOP01-DEL04-PR"
174752;2018-11-29;"quinta-feira";"13:25:00";"MA";316;436;"PERITORO";"Velocidade Incompatível";"Capotamento";"Sem Vítimas";"Pleno dia";"Decrescente";"Chuva";"Simples";"Reta";"Não";1;0;0;0;1;0;0;1;-4,413616;-44,2411;"SPRF-MA";"DEL03-MA";"UOP01-DEL03-MA"
174753;2018-11-29;"quinta-feira";"18:00:00";"ES";101;261;"SERRA";"Velocidade Incompatível";"Queda de ocupante de veículo";"Com Vítimas Feridas";"Anoitecer";"Crescente";"Céu Claro";"Múltipla";"Curva";"Sim";1;0;1;0;0;0;1;1;-20,0966556;-40,3392842;"SPRF-ES";"DEL02-ES";"UOP01-DEL02-ES"
174757;2018-11-29;"quinta-feira";"11:30:00";"RS";472;515;"URUGUAIANA";"Não guardar distância de segurança";"Colisão traseira";"Sem Vítimas";"Pleno dia";"Decrescente";"Céu Claro";"Simples";"Reta";"Não";4;0;0;0;4;0;0;2;-29,41324557;-56,68996811;"SPRF-RS";"DEL13-RS";"UOP01-DEL13-RS"
174758;2018-11-29;"quinta-feira";"17:40:00";"PR";153;23,5;"JACAREZINHO";"Ingestão de Álcool";"Saída de leito carroçável";"Sem Vítimas";"Pleno dia";"Crescente";"Garoa/Chuvisco";"Simples";"Rotatória";"Não";1;0;0;0;1;0;0;1;-23,183662;-49,982449;"SPRF-PR";"DEL07-PR";"UOP04-DEL07-PR"
174760;2018-11-29;"quinta-feira";"15:40:00";"MG";262;490;"BOM DESPACHO";"Falta de Atenção à Condução";"Colisão traseira";"Com Vítimas Feridas";"Pleno dia";"Decrescente";"Sol";"Simples";"Reta";"Não";3;0;1;0;2;0;1;3;-19,785557;-45,389137;"SPRF-MG";"DEL08-MG";"UOP03-DEL08-MG"
174761;2018-11-29;"quinta-feira";"19:00:00";"ES";101;204,5;"JOAO NEIVA";"Falta de Atenção à Condução";"Colisão transversal";"Com Vítimas Feridas";"Anoitecer";"Crescente";"Chuva";"Simples";"Interseção de Vias";"Não";2;0;1;0;1;0;1;2;-19,75607141;-40,3799057;"SPRF-ES";"DEL02-ES";"UOP01-DEL02-ES"
174762;2018-11-29;"quinta-feira";"19:12:00";"GO";60;167,9;"GOIANIA";"Ingestão de Álcool";"Queda de ocupante de veículo";"Com Vítimas Feridas";"Plena Noite";"Crescente";"Céu Claro";"Simples";"Viaduto";"Sim";1;0;1;0;0;0;1;1;-16,7175;-49,3663;"SPRF-GO";"DEL01-GO";"UOP02-DEL01-GO"
174765;2018-11-29;"quinta-feira";"18:15:00";"PB";230;508,3;"CAJAZEIRAS";"Defeito na Via";"Tombamento";"Com Vítimas Feridas";"Plena Noite";"Crescente";"Nublado";"Simples";"Reta";"Não";2;0;1;1;0;0;2;1;-6,8988;-38,5722;"SPRF-PB";"DEL03-PB";"UOP03-DEL03-PB"
174766;2018-11-29;"quinta-feira";"18:15:00";"CE";20;416;"MARACANAU";"Falta de Atenção à Condução";"Colisão traseira";"Com Vítimas Feridas";"Plena Noite";"Crescente";"Céu Claro";"Dupla";"Reta";"Não";2;0;1;0;1;0;1;2;-3,76999;-38,670063;"SPRF-CE";"DEL01-CE";"UOP02-DEL01-CE"
174768;2018-11-29;"quinta-feira";"18:25:00";"CE";222;3,8;"CAUCAIA";"Não guardar distância de segurança";"Colisão traseira";"Com Vítimas Feridas";"Plena Noite";"Crescente";"Nublado";"Múltipla";"Reta";"Sim";2;0;1;0;1;0;1;2;-3,740385;-38,595749;"SPRF-CE";"DEL01-CE";"UOP01-DEL01-CE"
174769;2018-11-29;"quinta-feira";"06:50:00";"RO";364;376,3;"OURO PRETO DO OESTE";"Velocidade Incompatível";"Saída de leito carroçável";"Com Vítimas Feridas";"Pleno dia";"Decrescente";"Chuva";"Simples";"Curva";"Não";3;0;2;0;1;0;2;1;-10,734672;-62,19315;"SPRF-RO";"DEL02-RO";"UOP01-DEL02-RO"
174771;2018-11-29;"quinta-feira";"19:10:00";"GO";60;95;"ANAPOLIS";"Falta de Atenção à Condução";"Colisão frontal";"Com Vítimas Feridas";"Plena Noite";"Crescente";"Chuva";"Simples";"Reta";"Sim";2;0;1;0;1;0;1;2;-16,37124477;-48,94306183;"SPRF-GO";"DEL02-GO";"UOP01-DEL02-GO"
174772;2018-11-29;"quinta-feira";"18:40:00";"SC";101;198;"SAO JOSE";"Não guardar distância de segurança";"Colisão traseira";"Com Vítimas Feridas";"Pleno dia";"Crescente";"Céu Claro";"Dupla";"Reta";"Sim";2;0;0;1;1;0;1;2;-27,5341;-48,6298;"SPRF-SC";"DEL01-SC";"UOP01-DEL01-SC"
174774;2018-11-29;"quinta-feira";"19:30:00";"MG";40;631;"CONSELHEIRO LAFAIETE";"Falta de Atenção do Pedestre";"Atropelamento de Pedestre";"Com Vítimas Feridas";"Plena Noite";"Decrescente";"Nublado";"Simples";"Reta";"Sim";3;0;1;0;0;2;1;2;-20,6809;-43,7943;"SPRF-MG";"DEL05-MG";"UOP02-DEL05-MG"
174775;2018-11-29;"quinta-feira";"18:30:00";"PB";230;345,1;"PATOS";"Desobediência às normas de trânsito pelo condutor";"Colisão frontal";"Com Vítimas Feridas";"Plena Noite";"Decrescente";"Céu Claro";"Simples";"Reta";"Não";6;0;4;1;1;0;5;2;-6,9738;-37,3462;"SPRF-PB";"DEL03-PB";"UOP01-DEL03-PB"
174776;2018-11-29;"quinta-feira";"10:20:00";"RS";116;153;"CAXIAS DO SUL";"Velocidade Incompatível";"Tombamento";"Com Vítimas Feridas";"Pleno dia";"Decrescente";"Nublado";"Dupla";"Reta";"Sim";2;0;0;1;0;1;1;2;-29,185799;-51,177132;"SPRF-RS";"DEL05-RS";"UOP01-DEL05-RS"
174778;2018-11-29;"quinta-feira";"19:20:00";"BA";116;475;"SANTO ESTEVAO";"Falta de Atenção do Pedestre";"Atropelamento de Pedestre";"Com Vítimas Fatais";"Plena Noite";"Crescente";"Nublado";"Dupla";"Reta";"Não";2;1;0;0;0;1;0;2;-12,508;-39,368;"SPRF-BA";"DEL02-BA";"UOP01-DEL02-BA"
174779;2018-11-29;"quinta-feira";"18:15:00";"SC";116;1,9;"MAFRA";"Desobediência às normas de trânsito pelo condutor";"Colisão frontal";"Com Vítimas Feridas";"Pleno dia";"Crescente";"Céu Claro";"Simples";"Rotatória";"Sim";2;0;1;0;1;0;1;2;-26,117163;-49,786995;"SPRF-SC";"DEL06-SC";"UOP01-DEL06-SC"
174782;2018-11-29;"quinta-feira";"13:30:00";"AM";174;891;"MANAUS";"Falta de Atenção à Condução";"Colisão frontal";"Com Vítimas Feridas";"Pleno dia";"Crescente";"Nublado";"Simples";"Reta";"Não";2;0;1;0;1;0;1;2;-2,91240051;-60,03806636;"SPRF-AM";"DEL01-AM";"UOP01-DEL01-AM"
174784;2018-11-29;"quinta-feira";"19:30:00";"RR";174;504,1;"BOA VISTA";"Não guardar distância de segurança";"Colisão traseira";"Com Vítimas Feridas";"Plena Noite";"Decrescente";"Céu Claro";"Dupla";"Reta";"Sim";2;0;1;0;1;0;1;2;2,801374;-60,694801;"SPRF-RR";"DEL01-RR";"UOP01-DEL01-RR"
174785;2018-11-29;"quinta-feira";"07:30:00";"SP";262;321;"CASTILHO";"Avarias e/ou desgaste excessivo no pneu";"Colisão com objeto estático";"Com Vítimas Feridas";"Pleno dia";"Decrescente";"Céu Claro";"Dupla";"Reta";"Não";1;0;1;0;0;0;1;1;-20,77922;-51,59421;"SPRF-MS";"DEL07-MS";"UOP01-DEL07-MS"
174786;2018-11-29;"quinta-feira";"19:30:00";"SP";381;61;"MAIRIPORA";"Pista Escorregadia";"Colisão lateral";"Com Vítimas Feridas";"Plena Noite";"Decrescente";"Chuva";"Dupla";"Curva";"Não";2;0;0;1;1;0;1;2;-23,2930719;-46,57791138;"SPRF-SP";"DEL03-SP";"UOP01-DEL03-SP"
174787;2018-11-29;"quinta-feira";"18:30:00";"SC";470;173,5;"POUSO REDONDO";"Falta de Atenção à Condução";"Colisão transversal";"Com Vítimas Feridas";"Pleno dia";"Crescente";"Céu Claro";"Simples";"Reta";"Não";2;0;0;1;1;0;1;2;-27,25984;-49,919285;"SPRF-SC";"DEL04-SC";"UOP02-DEL04-SC"
174789;2018-11-29;"quinta-feira";"20:00:00";"PR";476;127;"CURITIBA";"Velocidade Incompatível";"Tombamento";"Sem Vítimas";"Plena Noite";"Crescente";"Nublado";"Múltipla";"Reta";"Sim";1;0;0;0;0;1;0;1;-25,425167;-49,227158;"SPRF-PR";"DEL01-PR";"UOP07-DEL01-PR"
174792;2018-11-29;"quinta-feira";"19:30:00";"GO";60;97;"ANAPOLIS";"Falta de Atenção à Condução";"Colisão frontal";"Com Vítimas Feridas";"Plena Noite";"Crescente";"Chuva";"Simples";"Reta";"Sim";2;0;1;0;1;0;1;2;-16,3774;-48,9483;"SPRF-GO";"DEL02-GO";"UOP01-DEL02-GO"
174793;2018-11-29;"quinta-feira";"21:10:00";"ES";101;147;"LINHARES";"Falta de Atenção à Condução";"Colisão transversal";"Com Vítimas Feridas";"Plena Noite";"Crescente";"Céu Claro";"Simples";"Interseção de Vias";"Não";2;0;1;0;1;0;1;2;-19,37880614;-40,06670952;"SPRF-ES";"DEL04-ES";"UOP01-DEL04-ES"
174794;2018-11-29;"quinta-feira";"18:00:00";"AL";316;252;"PILAR";"Ingestão de Álcool";"Atropelamento de Pedestre";"Com Vítimas Feridas";"Plena Noite";"Decrescente";"Céu Claro";"Simples";"Reta";"Não";2;0;0;1;0;1;1;2;-9,57134;-35,966396;"SPRF-AL";"DEL01-AL";"UOP01-DEL01-AL"
174801;2018-11-29;"quinta-feira";"18:15:00";"RR";174;503,5;"BOA VISTA";"Não guardar distância de segurança";"Engavetamento";"Com Vítimas Feridas";"Plena Noite";"Decrescente";"Nublado";"Dupla";"Reta";"Sim";7;0;1;0;6;0;1;4;2,794901;-60,698441;"SPRF-RR";"DEL01-RR";"UOP01-DEL01-RR"
174804;2018-11-29;"quinta-feira";"18:15:00";"MG";40;44,1;"PARACATU";"Falta de Atenção à Condução";"Colisão frontal";"Sem Vítimas";"Pleno dia";"Decrescente";"Céu Claro";"Simples";"Rotatória";"Não";2;0;0;0;2;0;0;2;-17,231016;-46,853905;"SPRF-MG";"DEL14-MG";"UOP01-DEL14-MG"
174805;2018-11-29;"quinta-feira";"20:30:00";"PI";343;601;"FLORIANO";"Falta de Atenção à Condução";"Atropelamento de Pedestre";"Com Vítimas Feridas";"Plena Noite";"Crescente";"Céu Claro";"Simples";"Reta";"Sim";2;0;0;1;0;1;1;2;-6,837403;-43,07935;"SPRF-PI";"DEL03-PI";"UOP01-DEL03-PI"
174806;2018-11-29;"quinta-feira";"18:30:00";"SC";470;93;"APIUNA";"Defeito Mecânico no Veículo";"Saída de leito carroçável";"Com Vítimas Feridas";"Pleno dia";"Decrescente";"Céu Claro";"Simples";"Curva";"Não";3;0;2;0;1;0;2;1;-26,994484;-49,375908;"SPRF-SC";"DEL04-SC";"UOP01-DEL04-SC"
174811;2018-11-29;"quinta-feira";"22:30:00";"PR";476;120;"COLOMBO";"Falta de Atenção à Condução";"Colisão lateral";"Com Vítimas Feridas";"Plena Noite";"Decrescente";"Ignorado";"Dupla";"Reta";"Sim";1;0;1;0;0;0;1;1;-25,37191;-49,19146;"SPRF-PR";"DEL01-PR";"UOP01-DEL01-PR"
174813;2018-10-20;"sábado";"20:20:00";"RJ";116;316,6;"ITATIAIA";"Falta de Atenção à Condução";"Colisão com objeto estático";"Sem Vítimas";"Plena Noite";"Decrescente";"Nublado";"Simples";"Reta;Aclive";"Sim";1;0;0;0;1;0;0;1;-22,465601;-44,491028;"SPRF-RJ";"DEL07-RJ";"DEL5/7-UOP03/RJ"
174814;2018-11-29;"quinta-feira";"13:05:00";"GO";40;0,3;"VALPARAISO DE GOIAS";"Desobediência às normas de trânsito pelo pedestre";"Colisão com objeto em movimento";"Com Vítimas Feridas";"Pleno dia";"Decrescente";"Céu Claro";"Dupla";"Reta";"Sim";2;0;1;0;0;1;1;2;-16,058273;-47,982655;"SPRF-DF";"DEL01-DF";"UOP01-DEL01-DF"
174815;2018-11-29;"quinta-feira";"15:40:00";"DF";20;22;"BRASILIA";"Falta de Atenção à Condução";"Colisão com objeto estático";"Com Vítimas Feridas";"Pleno dia";"Decrescente";"Céu Claro";"Dupla";"Reta";"Sim";1;0;1;0;0;0;1;1;-15,59916748;-47,67745614;"SPRF-DF";"DEL02-DF";"UOP01-DEL02-DF"
174816;2018-11-29;"quinta-feira";"19:55:00";"GO";40;48,9;"LUZIANIA";"Condutor Dormindo";"Saída de leito carroçável";"Com Vítimas Feridas";"Plena Noite";"Decrescente";"Céu Claro";"Simples";"Aclive;Curva";"Não";2;0;1;0;1;0;1;1;-16,427776;-47,821183;"SPRF-DF";"DEL01-DF";"UOP02-DEL01-DF"
174818;2018-11-29;"quinta-feira";"18:30:00";"AC";364;135;"RIO BRANCO";"Desobediência às normas de trânsito pelo condutor";"Colisão lateral";"Com Vítimas Feridas";"Anoitecer";"Crescente";"Nublado";"Simples";"Rotatória";"Sim";2;0;1;0;1;0;1;2;-9,985886;-67,84523;"SPRF-AC";"DEL01-AC";"UOP01-DEL01-AC"
174820;2018-11-29;"quinta-feira";"22:15:00";"SP";153;39,7;"ONDA VERDE";"Ingestão de Substâncias Psicoativas";"Colisão transversal";"Com Vítimas Feridas";"Plena Noite";"Crescente";"Céu Claro";"Simples";"Curva";"Não";4;0;2;0;2;0;2;2;-20,611967;-49,329426;"SPRF-SP";"DEL09-SP";"UOP01-DEL09-SP"
174821;2018-11-29;"quinta-feira";"14:41:00";"PR";277;726,5;"FOZ DO IGUACU";"Desobediência às normas de trânsito pelo condutor";"Colisão transversal";"Com Vítimas Feridas";"Pleno dia";"Decrescente";"Céu Claro";"Dupla";"Rotatória";"Sim";2;0;1;0;1;0;1;2;-25,510586;-54,554813;"SPRF-PR";"DEL05-PR";"UOP03-DEL05-PR"
174822;2018-11-29;"quinta-feira";"19:48:00";"RS";470;256;"SALVADOR DO SUL";"Falta de Atenção à Condução";"Colisão transversal";"Com Vítimas Feridas";"Anoitecer";"Crescente";"Céu Claro";"Simples";"Retorno Regulamentado";"Não";2;0;1;0;1;0;1;2;-29,44085737;-51,50785625;"SPRF-RS";"DEL06-RS";"UOP01-DEL06-RS"
174823;2018-11-29;"quinta-feira";"21:40:00";"MS";267;464,7;"GUIA LOPES DA LAGUNA";"Falta de Atenção à Condução";"Saída de leito carroçável";"Com Vítimas Feridas";"Plena Noite";"Crescente";"Céu Claro";"Simples";"Reta";"Não";2;0;2;0;0;0;2;1;-21,41013;-56,01021;"SPRF-MS";"DEL05-MS";"UOP01-DEL05-MS"
174824;2018-11-29;"quinta-feira";"23:20:00";"AP";210;1;"MACAPA";"Ingestão de Álcool";"Colisão transversal";"Com Vítimas Feridas";"Plena Noite";"Crescente";"Nublado";"Simples";"Reta";"Sim";4;0;1;0;3;0;1;2;0,078212;-51,070091;"SPRF-AP";"DEL01-AP";"UOP01-DEL01-AP"