"id";"data_inversa";"dia_semana";"horario";"uf";"br";"km";"municipio";"causa_acidente";"tipo_acidente";"classificacao_acidente";"fase_dia";"sentido_via";"condicao_metereologica";"tipo_pista";"tracado_via";"uso_solo";"pessoas";"mortos";"feridos_leves";"feridos_graves";"ilesos";"ignorados";"feridos";"veiculos";"latitude";"longitude";"regional";"delegacia";"uop"
174825;2018-11-29;"quinta-feira";"22:55:00";"SC";101;202;"BIGUACU";"Falta de Atenção à Condução";"Saída de leito carroçável";"Sem Vítimas";"Plena Noite";"Crescente";"Céu Claro";"Múltipla";"Reta";"Sim";1;0;0;0;0;1;0;1;-27,5651;-48,6144;"SPRF-SC";"DEL01-SC";"UOP01-DEL01-SC"
174826;2018-11-29;"quinta-feira";"16:20:00";"BA";101;305,9;"PRESIDENTE TANCREDO NEVES";"Velocidade Incompatível";"Colisão com objeto estático";"Com Vítimas Fatais";"Pleno dia";"Crescente";"Sol";"Simples";"Reta";"Não";4;1;2;0;1;0;2;1;-13,297;-39,3388;"SPRF-BA";"DEL05-BA";"UOP03-DEL05-BA"
174828;2018-11-29;"quinta-feira";"22:30:00";"BA";116;394;"SANTA BARBARA";"Não guardar distância de segurança";"Colisão transversal";"Com Vítimas Fatais";"Plena Noite";"Crescente";"Céu Claro";"Simples";"Reta";"Sim";3;1;0;1;0;1;1;2;-11,98338773;-38,97213373;"SPRF-BA";"DEL02-BA";"DEL10/2-UOP02/BA"
174829;2018-11-30;"sexta-feira";"00:35:00";"PR";369;19,3;"CAMBARA";"Desobediência às normas de trânsito pelo pedestre";"Atropelamento de Pedestre";"Com Vítimas Feridas";"Plena Noite";"Decrescente";"Céu Claro";"Simples";"Reta";"Sim";2;0;1;0;1;0;1;2;-23,036189;-50,077028;"SPRF-PR";"DEL07-PR";"UOP05-DEL07-PR"
174831;2018-11-29;"quinta-feira";"09:30:00";"BA";324;357,5;"CAPIM GROSSO";"Falta de Atenção do Pedestre";"Atropelamento de Pedestre";"Com Vítimas Fatais";"Plena Noite";"Crescente";"Nublado";"Simples";"Declive";"Não";2;1;0;0;0;1;0;2;-11,372763;-40,011303;"SPRF-BA";"DEL04-BA";"UOP02-DEL04-BA"
174832;2018-11-29;"quinta-feira";"21:30:00";"RO";364;453;"JARU";"Defeito na Via";"Saída de leito carroçável";"Com Vítimas Feridas";"Plena Noite";"Crescente";"Nevoeiro/Neblina";"Simples";"Reta";"Não";1;0;1;0;0;0;1;1;-10,283412;-62,6758;"SPRF-RO";"DEL03-RO";"UOP02-DEL03-RO"
174833;2018-11-29;"quinta-feira";"21:15:00";"RO";319;63;"PORTO VELHO";"Ingestão de Álcool";"Colisão transversal";"Com Vítimas Feridas";"Plena Noite";"Decrescente";"Céu Claro";"Dupla";"Interseção de Vias";"Sim";2;0;1;0;1;0;1;2;-8,753036;-63,886997;"SPRF-RO";"DEL01-RO";"UOP01-DEL01-RO"
174836;2018-11-30;"sexta-feira";"00:20:00";"MT";364;1,4;"ALTO ARAGUAIA";"Ingestão de Álcool";"Saída de leito carroçável";"Com Vítimas Feridas";"Plena Noite";"Crescente";"Nublado";"Dupla";"Curva";"Sim";1;0;0;1;0;0;1;1;-17,312273;-53,218285;"SPRF-MT";"DEL02-MT";"UOP02-DEL02-MT"
174837;2018-11-30;"sexta-feira";"01:35:00";"RS";158;332;"SANTA MARIA";"Desobediência às normas de trânsito pelo condutor";"Colisão transversal";"Com Vítimas Feridas";"Plena Noite";"Crescente";"Céu Claro";"Simples";"Rotatória";"Não";4;0;3;0;1;0;3;2;-29,707563;-53,854141;"SPRF-RS";"DEL09-RS";"UOP01-DEL09-RS"
174838;2018-11-30;"sexta-feira";"01:40:00";"RS";285;464;"IJUI";"Condutor Dormindo";"Saída de leito carroçável";"Com Vítimas Feridas";"Plena Noite";"Decrescente";"Chuva";"Simples";"Reta";"Não";1;0;1;0;0;0;1;1;-28,405897;-53,945621;"SPRF-RS";"DEL10-RS";"UOP01-DEL10-RS"
174839;2018-11-30;"sexta-feira";"01:50:00";"RS";116;247;"SAO LEOPOLDO";"Ingestão de Álcool";"Saída de leito carroçável";"Sem Vítimas";"Plena Noite";"Crescente";"Céu Claro";"Múltipla";"Curva";"Sim";1;0;0;0;1;0;0;1;-29,76738;-51,153519;"SPRF-RS";"DEL01-RS";"UOP02-DEL01-RS"
174845;2018-11-30;"sexta-feira";"01:25:00";"MT";364;254,5;"JUSCIMEIRA";"Ingestão de Álcool";"Colisão lateral";"Sem Vítimas";"Plena Noite";"Decrescente";"Chuva";"Dupla";"Aclive";"Não";1;0;0;0;1;0;0;1;-16,089214;-54,869465;"SPRF-MT";"DEL02-MT";"UOP01-DEL02-MT"
174847;2018-11-29;"quinta-feira";"22:00:00";"PR";277;729;"FOZ DO IGUACU";"Falta de Atenção à Condução";"Saída de leito carroçável";"Com Vítimas Feridas";"Plena Noite";"Crescente";"Céu Claro";"Simples";"Curva";"Sim";2;0;2;0;0;0;2;1;-25,50735506;-54,58346844;"SPRF-PR";"DEL05-PR";"UOP03-DEL05-PR"
174848;2018-11-30;"sexta-feira";"04:25:00";"DF";40;1,5;"BRASILIA";"Ingestão de Álcool";"Colisão com objeto estático";"Com Vítimas Feridas";"Plena Noite";"Crescente";"Céu Claro";"Dupla";"Reta";"Sim";1;0;1;0;0;0;1;1;-15,985532;-47,987747;"SPRF-DF";"DEL01-DF";"UOP01-DEL01-DF"
174852;2018-11-30;"sexta-feira";"05:00:00";"RS";290;96;"PORTO ALEGRE";"Ingestão de Álcool";"Colisão com objeto estático";"Com Vítimas Feridas";"Plena Noite";"Decrescente";"Céu Claro";"Múltipla";"Reta";"Sim";2;0;1;0;0;1;1;1;-29,992107;-51,204525;"SPRF-RS";"DEL01-RS";"UOP01-DEL01-RS"
174853;2018-11-29;"quinta-feira";"12:30:00";"PR";476;4;"ADRIANOPOLIS";"Falta de Atenção à Condução";"Colisão com objeto estático";"Com Vítimas Feridas";"Pleno dia";"Decrescente";"Garoa/Chuvisco";"Simples";"Curva";"Não";3;0;2;0;1;0;2;1;-24,678366;-48,988503;"SPRF-PR";"DEL01-PR";"UOP01-DEL01-PR"
174855;2018-11-30;"sexta-feira";"05:45:00";"PE";101;68;"RECIFE";"Falta de Atenção à Condução";"Tombamento";"Com Vítimas Feridas";"Pleno dia";"Crescente";"Céu Claro";"Dupla";"Viaduto";"Sim";2;0;1;1;0;0;2;1;-8,0507;-34,9457;"SPRF-PE";"DEL01-PE";"UOP01-DEL01-PE"
174857;2018-11-30;"sexta-feira";"05:10:00";"MT";163;732;"SORRISO";"Defeito na Via";"Queda de ocupante de veículo";"Com Vítimas Feridas";"Plena Noite";"Decrescente";"Garoa/Chuvisco";"Simples";"Reta";"Não";1;0;1;0;0;0;1;1;-12,7055;-55,81756;"SPRF-MT";"DEL06-MT";"UOP01-DEL06-MT"
174858;2018-11-30;"sexta-feira";"07:20:00";"PR";277;94,2;"CURITIBA";"Falta de Atenção à Condução";"Colisão traseira";"Com Vítimas Feridas";"Pleno dia";"Crescente";"Céu Claro";"Múltipla";"Reta";"Sim";2;0;1;0;1;0;1;2;-25,4310248;-49,31667209;"SPRF-PR";"DEL01-PR";"UOP06-DEL01-PR"
174859;2018-11-30;"sexta-feira";"07:25:00";"DF";60;23,9;"BRASILIA";"Falta de Atenção à Condução";"Saída de leito carroçável";"Sem Vítimas";"Pleno dia";"Crescente";"Céu Claro";"Dupla";"Declive;Reta";"Não";1;0;0;0;0;1;0;1;-15,99136441;-48,23143993;"SPRF-DF";"DEL01-DF";"UOP01-DEL03-DF"
174860;2018-11-30;"sexta-feira";"06:25:00";"PE";101;69;"RECIFE";"Falta de Atenção à Condução";"Queda de ocupante de veículo";"Com Vítimas Feridas";"Pleno dia";"Crescente";"Céu Claro";"Dupla";"Reta";"Sim";1;0;1;0;0;0;1;1;-8,0678;-34,9427;"SPRF-PE";"DEL01-PE";"UOP01-DEL01-PE"
174861;2018-11-27;"terça-feira";"00:20:00";"PR";467;97;"CASCAVEL";"Falta de Atenção à Condução";"Colisão lateral";"Com Vítimas Feridas";"Plena Noite";"Decrescente";"Céu Claro";"Dupla";"Reta";"Não";2;0;1;0;1;0;1;2;-24,8822;-53,5588;"SPRF-PR";"DEL04-PR";"UOP01-DEL04-PR"
174864;2018-11-30;"sexta-feira";"08:05:00";"SC";101;111,7;"NAVEGANTES";"Falta de Atenção à Condução";"Colisão traseira";"Com Vítimas Feridas";"Pleno dia";"Decrescente";"Nublado";"Dupla";"Ponte";"Não";2;0;1;0;1;0;1;2;-26,846;-48,7213;"SPRF-SC";"DEL04-SC";"UOP04-DEL04-SC"
174866;2018-11-30;"sexta-feira";"07:15:00";"RS";116;260;"CANOAS";"Falta de Atenção à Condução";"Colisão traseira";"Com Vítimas Feridas";"Pleno dia";"Crescente";"Nublado";"Múltipla";"Reta";"Sim";1;0;1;0;0;0;1;1;-29,879332;-51,180458;"SPRF-RS";"DEL01-RS";"UOP01-DEL01-RS"
174870;2018-11-29;"quinta-feira";"14:50:00";"BA";110;355,1;"CATU";"Ingestão de Álcool";"Colisão frontal";"Com Vítimas Feridas";"Pleno dia";"Decrescente";"Céu Claro";"Simples";"Curva";"Não";3;0;3;0;0;0;3;2;-12,2716;-38,3721;"SPRF-BA";"DEL01-BA";"UOP04-DEL01-BA"
174871;2018-11-29;"quinta-feira";"20:40:00";"BA";110;293,1;"INHAMBUPE";"Falta de Atenção à Condução";"Colisão frontal";"Com Vítimas Fatais";"Plena Noite";"Decrescente";"Céu Claro";"Simples";"Reta";"Sim";4;1;0;3;0;0;3;2;-11,8007;-38,3508;"SPRF-BA";"DEL01-BA";"UOP04-DEL01-BA"
174873;2018-11-30;"sexta-feira";"06:55:00";"PI";343;338,6;"TERESINA";"Desobediência às normas de trânsito pelo condutor";"Colisão transversal";"Com Vítimas Feridas";"Pleno dia";"Crescente";"Céu Claro";"Dupla";"Em Obras";"Sim";2;0;0;1;1;0;1;2;-5,063362;-42,722912;"SPRF-PI";"DEL01-PI";"UOP01-DEL01-PI"
174876;2018-11-30;"sexta-feira";"08:40:00";"RJ";393;232;"VASSOURAS";"Falta de Atenção à Condução";"Colisão transversal";"Com Vítimas Feridas";"Pleno dia";"Crescente";"Nublado";"Simples";"Reta";"Sim";2;0;2;0;0;0;2;2;-22,400957;-43,664425;"SPRF-RJ";"DEL05-RJ";"UOP03-DEL05-RJ"
174877;2018-11-30;"sexta-feira";"07:45:00";"CE";116;4;"FORTALEZA";"Não guardar distância de segurança";"Colisão transversal";"Com Vítimas Feridas";"Pleno dia";"Crescente";"Nublado";"Múltipla";"Reta";"Sim";2;0;2;0;0;0;2;2;-3,78674022;-38,511554;"SPRF-CE";"DEL01-CE";"UOP02-DEL01-CE"
174881;2018-11-30;"sexta-feira";"08:50:00";"PR";376;658,6;"TIJUCAS DO SUL";"Falta de Atenção à Condução";"Saída de leito carroçável";"Com Vítimas Feridas";"Pleno dia";"Decrescente";"Céu Claro";"Dupla";"Reta;Declive";"Não";2;0;1;0;1;0;1;1;-25,84968;-49,01359;"SPRF-PR";"DEL01-PR";"DEL7/1-UOP08/PR"
174882;2018-11-30;"sexta-feira";"08:10:00";"PE";407;125;"PETROLINA";"Falta de Atenção à Condução";"Colisão traseira";"Com Vítimas Feridas";"Pleno dia";"Crescente";"Céu Claro";"Dupla";"Reta";"Sim";3;0;1;0;2;0;1;2;-9,38285714;-40,53047419;"SPRF-PE";"DEL06-PE";"UOP01-DEL06-PE"
174883;2018-11-30;"sexta-feira";"08:30:00";"SC";101;208,8;"SAO JOSE";"Não guardar distância de segurança";"Colisão traseira";"Com Vítimas Feridas";"Pleno dia";"Decrescente";"Céu Claro";"Múltipla";"Reta";"Sim";2;0;1;0;1;0;1;2;-27,6101;-48,6388;"SPRF-SC";"DEL01-SC";"UOP01-DEL01-SC"
174885;2018-04-29;"domingo";"16:50:00";"MG";381;448;"SANTA LUZIA";"Falta de Atenção à Condução";"Colisão frontal";"Com Vítimas Feridas";"Pleno dia";"Decrescente";"Céu Claro";"Simples";"Reta";"Não";8;0;3;5;0;0;8;2;-19,8219833;-43,81270409;"SPRF-MG";"DEL01-MG";"UOP01-DEL01-MG"
174888;2018-11-30;"sexta-feira";"09:00:00";"RS";158;566,2;"SANTANA DO LIVRAMENTO";"Desobediência às normas de trânsito pelo condutor";"Colisão transversal";"Com Vítimas Feridas";"Pleno dia";"Decrescente";"Céu Claro";"Simples";"Interseção de Vias";"Sim";3;0;0;1;1;1;1;3;-30,88023867;-55,50950646;"SPRF-RS";"DEL11-RS";"UOP01-DEL11-RS"
174889;2018-11-30;"sexta-feira";"07:45:00";"RJ";116;62,1;"TERESOPOLIS";"Não guardar distância de segurança";"Colisão traseira";"Com Vítimas Feridas";"Pleno dia";"Decrescente";"Céu Claro";"Simples";"Reta";"Não";4;0;1;0;3;0;1;2;-22,252539;-42,919277;"SPRF-RJ";"DEL04-RJ";"UOP01-DEL04-RJ"
174891;2018-11-30;"sexta-feira";"08:30:00";"BA";116;418;"FEIRA DE SANTANA";"Falta de Atenção do Pedestre";"Atropelamento de Pedestre";"Com Vítimas Feridas";"Pleno dia";"Decrescente";"Céu Claro";"Simples";"Reta";"Sim";3;0;1;1;1;0;2;3;-12,176006;-38,965117;"SPRF-BA";"DEL02-BA";"UOP01-DEL02-BA"
174893;2018-11-30;"sexta-feira";"13:40:00";"RO";364;973;"PORTO VELHO";"Falta de Atenção do Pedestre";"Atropelamento de Pedestre";"Com Vítimas Feridas";"Pleno dia";"Decrescente";"Chuva";"Simples";"Reta";"Sim";3;0;0;2;1;0;2;2;-9,674507;-65,44786;"SPRF-RO";"DEL01-RO";"UOP02-DEL01-RO"
174898;2018-11-30;"sexta-feira";"09:00:00";"RO";364;343,3;"JI-PARANA";"Não guardar distância de segurança";"Colisão traseira";"Sem Vítimas";"Pleno dia";"Decrescente";"Céu Claro";"Múltipla";"Reta";"Sim";2;0;0;0;2;0;0;2;-10,878848;-61,944893;"SPRF-RO";"DEL02-RO";"UOP01-DEL02-RO"
174901;2018-11-30;"sexta-feira";"11:00:00";"GO";70;7,9;"AGUAS LINDAS DE GOIAS";"Falta de Atenção do Pedestre";"Atropelamento de Pedestre";"Com Vítimas Feridas";"Pleno dia";"Decrescente";"Nublado";"Dupla";"Reta";"Sim";2;0;1;0;1;0;1;2;-15,7423;-48,2696;"SPRF-DF";"DEL01-DF";"UOP02-DEL03-DF"
174908;2018-11-30;"sexta-feira";"11:40:00";"ES";101;261,8;"SERRA";"Desobediência às normas de trânsito pelo condutor";"Colisão lateral";"Com Vítimas Feridas";"Pleno dia";"Crescente";"Céu Claro";"Dupla";"Curva";"Não";5;0;2;0;3;0;2;5;-20,14900811;-40,27961992;"SPRF-ES";"DEL02-ES";"UOP01-DEL02-ES"
174910;2018-11-30;"sexta-feira";"10:40:00";"BA";330;780;"IPIAU";"Não guardar distância de segurança";"Colisão traseira";"Com Vítimas Feridas";"Pleno dia";"Decrescente";"Céu Claro";"Simples";"Reta";"Não";6;0;4;0;2;0;4;2;-14,16083159;-39,69178838;"SPRF-BA";"DEL03-BA";"UOP01-DEL03-BA"
174911;2018-11-30;"sexta-feira";"11:58:00";"PR";369;197,4;"APUCARANA";"Falta de Atenção à Condução";"Colisão traseira";"Com Vítimas Feridas";"Pleno dia";"Decrescente";"Céu Claro";"Dupla";"Em Obras";"Não";3;0;1;0;1;1;1;3;-23,51972945;-51,43082142;"SPRF-PR";"DEL07-PR";"UOP03-DEL07-PR"
174912;2018-11-30;"sexta-feira";"11:00:00";"PB";230;502,9;"CAJAZEIRAS";"Desobediência às normas de trânsito pelo condutor";"Colisão frontal";"Com Vítimas Feridas";"Pleno dia";"Decrescente";"Céu Claro";"Simples";"Reta";"Sim";2;0;1;0;1;0;1;2;-6,89643399;-38,54484558;"SPRF-PB";"DEL03-PB";"UOP03-DEL03-PB"
174913;2018-11-30;"sexta-feira";"11:20:00";"PI";343;306,3;"ALTOS";"Não guardar distância de segurança";"Colisão lateral";"Com Vítimas Feridas";"Pleno dia";"Crescente";"Sol";"Simples";"Reta";"Sim";2;0;1;0;1;0;1;2;-5,038756;-42,450893;"SPRF-PI";"DEL01-PI";"UOP01-DEL01-PI"
174916;2018-11-30;"sexta-feira";"10:00:00";"MT";70;731,4;"CACERES";"Falta de Atenção à Condução";"Colisão transversal";"Com Vítimas Feridas";"Pleno dia";"Decrescente";"Chuva";"Simples";"Reta";"Sim";2;0;1;0;1;0;1;2;-16,09663946;-57,67865181;"SPRF-MT";"DEL03-MT";"UOP01-DEL03-MT"
174917;2018-11-23;"sexta-feira";"06:30:00";"PB";101;122,6;"CAAPORA";"Velocidade Incompatível";"Colisão com objeto estático";"Com Vítimas Feridas";"Pleno dia";"Crescente";"Nublado";"Dupla";"Curva";"Não";1;0;1;0;0;0;1;1;-7,4681;-34,9768;"SPRF-PB";"DEL01-PB";"UOP01-DEL01-PB"
174921;2018-11-30;"sexta-feira";"12:15:00";"RN";427;100,4;"CAICO";"Falta de Atenção à Condução";"Queda de ocupante de veículo";"Com Vítimas Feridas";"Pleno dia";"Decrescente";"Céu Claro";"Simples";"Curva";"Sim";1;0;0;1;0;0;1;1;-6,460837;-37,107288;"SPRF-RN";"DEL03-RN";"UOP01-DEL03-RN"
174922;2018-11-30;"sexta-feira";"07:00:00";"MA";222;286,2;"VITORIA DO MEARIM";"Velocidade Incompatível";"Colisão frontal";"Com Vítimas Feridas";"Pleno dia";"Decrescente";"Garoa/Chuvisco";"Simples";"Curva";"Não";5;0;2;2;1;0;4;2;-3,4487;-44,8381;"SPRF-MA";"DEL02-MA";"UI04-DEL02-MA"
174923;2018-11-29;"quinta-feira";"09:00:00";"RO";174;16;"VILHENA";"Falta de Atenção à Condução";"Colisão traseira";"Com Vítimas Feridas";"Pleno dia";"Crescente";"Garoa/Chuvisco";"Simples";"Reta";"Não";2;0;1;0;1;0;1;2;-12,714524;-60,126217;"SPRF-RO";"DEL04-RO";"UOP01-DEL04-RO"
174924;2018-11-19;"segunda-feira";"11:45:00";"RS";386;205,8;"VICTOR GRAEFF";"Condutor Dormindo";"Colisão frontal";"Com Vítimas Feridas";"Pleno dia";"Crescente";"Sol";"Simples";"Curva";"Não";6;0;1;4;1;0;5;2;-28,51881;-52,63192;"SPRF-RS";"DEL04-RS";"NPF/DEL04-RS"
174925;2018-11-30;"sexta-feira";"13:15:00";"RS";101;60,2;"MAQUINE";"Falta de Atenção à Condução";"Saída de leito carroçável";"Com Vítimas Feridas";"Pleno dia";"Crescente";"Chuva";"Dupla";"Curva";"Sim";3;0;3;0;0;0;3;1;-29,678116;-50,146141;"SPRF-RS";"DEL03-RS";"UOP01-DEL03-RS"
174927;2018-11-30;"sexta-feira";"12:15:00";"BA";116;911,1;"ENCRUZILHADA";"Falta de Atenção à Condução";"Colisão lateral";"Com Vítimas Feridas";"Pleno dia";"Crescente";"Céu Claro";"Simples";"Interseção de Vias";"Não";3;0;1;2;0;0;3;2;-15,52323;-41,2434;"SPRF-BA";"DEL08-BA";"UOP03-DEL08-BA"
174928;2018-04-21;"sábado";"06:45:00";"RS";392;2;"RIO GRANDE";"Desobediência às normas de trânsito pelo condutor";"Colisão frontal";"Com Vítimas Feridas";"Amanhecer";"Crescente";"Chuva";"Simples";"Reta";"Sim";4;0;0;3;1;0;3;2;-32,053669;-52,086472;"SPRF-RS";"DEL07-RS";"UOP02-DEL07-RS"
174931;2018-11-30;"sexta-feira";"13:30:00";"ES";101;146,7;"LINHARES";"Não guardar distância de segurança";"Colisão traseira";"Sem Vítimas";"Pleno dia";"Decrescente";"Céu Claro";"Dupla";"Reta";"Sim";2;0;0;0;2;0;0;2;-19,37514298;-40,06596208;"SPRF-ES";"DEL04-ES";"UOP01-DEL04-ES"
174934;2018-11-30;"sexta-feira";"14:25:00";"SP";116;285;"ITAPECERICA DA SERRA";"Falta de Atenção à Condução";"Incêndio";"Sem Vítimas";"Pleno dia";"Crescente";"Céu Claro";"Dupla";"Reta";"Não";1;0;0;0;1;0;0;1;-23,6895916;-46,8622203;"SPRF-SP";"DEL04-SP";"UOP01-DEL04-SP"
174935;2018-11-30;"sexta-feira";"14:40:00";"SP";153;62,5;"SAO JOSE DO RIO PRETO";"Falta de Atenção à Condução";"Colisão traseira";"Com Vítimas Feridas";"Pleno dia";"Crescente";"Nublado";"Dupla";"Reta";"Sim";2;0;1;0;1;0;1;2;-20,81328;-49,356758;"SPRF-SP";"DEL09-SP";"UOP01-DEL09-SP"
174936;2018-11-11;"domingo";"04:50:00";"CE";20;426;"FORTALEZA";"Sinalização da via insuficiente ou inadequada";"Saída de leito carroçável";"Com Vítimas Fatais";"Plena Noite";"Decrescente";"Céu Claro";"Dupla";"Curva;Declive";"Não";1;1;0;0;0;0;0;1;-3,86006917;-38,5385263;"SPRF-CE";"DEL01-CE";"UOP02-DEL01-CE"
174940;2018-11-30;"sexta-feira";"15:00:00";"RS";116;150,5;"CAXIAS DO SUL";"Mal Súbito";"Saída de leito carroçável";"Com Vítimas Feridas";"Pleno dia";"Crescente";"Nublado";"Dupla";"Reta";"Sim";1;0;0;1;0;0;1;1;-29,168428;-51,158337;"SPRF-RS";"DEL05-RS";"UOP01-DEL05-RS"
174942;2018-11-30;"sexta-feira";"15:25:00";"RJ";40;14;"TRES RIOS";"Falta de Atenção à Condução";"Colisão com objeto estático";"Com Vítimas Feridas";"Pleno dia";"Crescente";"Céu Claro";"Dupla";"Reta";"Não";4;0;2;0;2;0;2;1;-22,0731;-43,1871;"SPRF-RJ";"DEL06-RJ";"UOP02-DEL05-RJ"
174945;2018-11-30;"sexta-feira";"15:00:00";"PR";277;644;"CEU AZUL";"Falta de Atenção à Condução";"Colisão transversal";"Com Vítimas Feridas";"Pleno dia";"Crescente";"Céu Claro";"Simples";"Reta";"Não";2;0;1;0;1;0;1;2;-25,173632;-53,886024;"SPRF-PR";"DEL05-PR";"UOP02-DEL05-PR"
174948;2018-11-30;"sexta-feira";"14:20:00";"MG";262;36,6;"MANHUACU";"Falta de Atenção à Condução";"Colisão transversal";"Com Vítimas Feridas";"Pleno dia";"Crescente";"Sol";"Simples";"Reta";"Sim";2;0;1;0;1;0;1;2;-20,259321;-42,022984;"SPRF-MG";"DEL06-MG";"UOP03-DEL06-MG"
174950;2018-11-30;"sexta-feira";"13:50:00";"RO";174;15,9;"VILHENA";"Falta de Atenção à Condução";"Colisão transversal";"Com Vítimas Feridas";"Pleno dia";"Decrescente";"Nublado";"Simples";"Reta";"Sim";2;0;1;0;1;0;1;2;-12,723321;-60,12801;"SPRF-RO";"DEL04-RO";"UOP01-DEL04-RO"
174953;2018-11-30;"sexta-feira";"14:30:00";"MT";163;820;"SINOP";"Falta de Atenção à Condução";"Queda de ocupante de veículo";"Com Vítimas Feridas";"Pleno dia";"Crescente";"Chuva";"Simples";"Reta";"Sim";1;0;1;0;0;0;1;1;-11,99365179;-55,51734924;"SPRF-MT";"DEL06-MT";"UOP01-DEL06-MT"
174954;2018-11-30;"sexta-feira";"12:39:00";"RJ";40;121;"DUQUE DE CAXIAS";"Falta de Atenção à Condução";"Colisão traseira";"Com Vítimas Feridas";"Pleno dia";"Crescente";"Céu Claro";"Múltipla";"Reta";"Não";2;0;1;0;1;0;1;2;-22,7884;-43,2853;"SPRF-RJ";"DEL01-RJ";"UOP01-DEL01-RJ"
174955;2018-11-30;"sexta-feira";"15:50:00";"PR";277;111;"CAMPO LARGO";"Falta de Atenção à Condução";"Colisão traseira";"Com Vítimas Feridas";"Pleno dia";"Crescente";"Nublado";"Dupla";"Reta";"Não";2;0;1;0;1;0;1;2;-25,44389466;-49,46182251;"SPRF-PR";"DEL01-PR";"UOP06-DEL01-PR"
174956;2018-11-30;"sexta-feira";"15:40:00";"SP";116;45;"CANAS";"Falta de Atenção à Condução";"Colisão traseira";"Com Vítimas Feridas";"Pleno dia";"Decrescente";"Céu Claro";"Dupla";"Reta";"Sim";2;0;1;0;1;0;1;2;-22,70845;-45,045616;"SPRF-SP";"DEL08-SP";"UOP02-DEL08-SP"
174957;2018-11-30;"sexta-feira";"16:00:00";"SC";470;162,3;"TROMBUDO CENTRAL";"Velocidade Incompatível";"Capotamento";"Com Vítimas Feridas";"Pleno dia";"Decrescente";"Nublado";"Simples";"Curva";"Não";3;0;3;0;0;0;3;1;-27,282606;-49,817101;"SPRF-SC";"DEL04-SC";"UOP02-DEL04-SC"
174958;2018-11-12;"segunda-feira";"12:10:00";"PB";101;99,2;"ALHANDRA";"Falta de Atenção à Condução";"Colisão traseira";"Com Vítimas Feridas";"Pleno dia";"Decrescente";"Céu Claro";"Dupla";"Reta";"Sim";3;0;0;2;1;0;2;2;-7,25875;-34,935425;"SPRF-PB";"DEL01-PB";"UOP01-DEL01-PB"
174959;2018-11-30;"sexta-feira";"13:45:00";"RR";174;503;"BOA VISTA";"Falta de Atenção à Condução";"Colisão traseira";"Com Vítimas Feridas";"Pleno dia";"Decrescente";"Céu Claro";"Dupla";"Reta";"Sim";2;0;1;0;1;0;1;2;2,794901;-60,698441;"SPRF-RR";"DEL01-RR";"UOP01-DEL01-RR"
174962;2018-11-30;"sexta-feira";"16:18:00";"PR";163;168;"LINDOESTE";"Ultrapassagem Indevida";"Colisão transversal";"Sem Vítimas";"Pleno dia";"Decrescente";"Nublado";"Simples";"Reta";"Sim";2;0;0;0;2;0;0;2;-25,2775;-53,5672;"SPRF-PR";"DEL04-PR";"UOP05-DEL05-PR"
174964;2018-11-30;"sexta-feira";"16:10:00";"SP";116;145;"SAO JOSE DOS CAMPOS";"Falta de Atenção à Condução";"Colisão lateral";"Com Vítimas Feridas";"Pleno dia";"Crescente";"Céu Claro";"Dupla";"Reta";"Não";2;0;1;0;1;0;1;2;-23,187023;-45,854885;"SPRF-SP";"DEL02-SP";"UOP01-DEL02-SP"
174966;2018-11-30;"sexta-feira";"17:10:00";"ES";101;280;"SERRA";"Defeito Mecânico no Veículo";"Tombamento";"Com Vítimas Feridas";"Anoitecer";"Crescente";"Céu Claro";"Dupla";"Reta";"Não";2;0;2;0;0;0;2;1;-20,21808831;-40,35051607;"SPRF-ES";"DEL02-ES";"UOP01-DEL02-ES"
174967;2018-11-30;"sexta-feira";"15:40:00";"ES";101;148,6;"LINHARES";"Desobediência às normas de trânsito pelo pedestre";"Atropelamento de Pedestre";"Com Vítimas Feridas";"Pleno dia";"Crescente";"Sol";"Múltipla";"Reta";"Sim";3;0;2;0;1;0;2;3;-19,39412862;-40,06565809;"SPRF-ES";"DEL04-ES";"UOP01-DEL04-ES"
174968;2018-09-19;"quarta-feira";"16:20:00";"RO";364;645;"CANDEIAS DO JAMARI";"Falta de Atenção à Condução";"Saída de leito carroçável";"Com Vítimas Feridas";"Pleno dia";"Decrescente";"Céu Claro";"Simples";"Reta";"Não";2;0;1;1;0;0;2;1;-8,96616;-63,426777;"SPRF-RO";"DEL03-RO";"UOP04-DEL01-RO"
174969;2018-11-30;"sexta-feira";"15:50:00";"PA";230;118;"MARABA";"Desobediência às normas de trânsito pelo condutor";"Colisão traseira";"Com Vítimas Feridas";"Pleno dia";"Crescente";"Nublado";"Múltipla";"Reta";"Sim";3;0;2;0;1;0;2;2;-5,35016235;-49,11339819;"SPRF-PA";"DEL03-PA";"UOP01-DEL03-PA"
174970;2018-11-30;"sexta-feira";"15:30:00";"CE";222;3,8;"FORTALEZA";"Falta de Atenção à Condução";"Colisão transversal";"Com Vítimas Feridas";"Pleno dia";"Decrescente";"Chuva";"Múltipla";"Interseção de Vias";"Sim";3;0;0;1;2;0;1;2;-3,740385;-38,595749;"SPRF-CE";"DEL01-CE";"UOP01-DEL01-CE"
174972;2018-11-30;"sexta-feira";"09:40:00";"MG";459;99;"POUSO ALEGRE";"Defeito Mecânico no Veículo";"Tombamento";"Com Vítimas Feridas";"Pleno dia";"Decrescente";"Ignorado";"Simples";"Reta";"Sim";2;0;0;2;0;0;2;1;-22,2079972;-45,9316818;"SPRF-MG";"DEL16-MG";"UOP01-DEL16-MG"