"id";"data_inversa";"dia_semana";"horario";"uf";"br";"km";"municipio";"causa_acidente";"tipo_acidente";"classificacao_acidente";"fase_dia";"sentido_via";"condicao_metereologica";"tipo_pista";"tracado_via";"uso_solo";"pessoas";"mortos";"feridos_leves";"feridos_graves";"ilesos";"ignorados";"feridos";"veiculos";"latitude";"longitude";"regional";"delegacia";"uop"
175333;2018-12-02;"domingo";"00:15:00";"GO";40;7,8;"VALPARAISO DE GOIAS";"Falta de Atenção à Condução";"Colisão traseira";"Sem Vítimas";"Plena Noite";"Decrescente";"Garoa/Chuvisco";"Dupla";"Reta";"Sim";2;0;0;0;1;1;0;2;-16,108482;-47,972524;"SPRF-DF";"DEL01-DF";"UOP01-DEL01-DF"
175335;2018-12-02;"domingo";"00:55:00";"PR";376;652;"TIJUCAS DO SUL";"Condutor Dormindo";"Colisão com objeto estático";"Com Vítimas Feridas";"Plena Noite";"Decrescente";"Chuva";"Dupla";"Curva";"Não";2;0;2;0;0;0;2;1;-25,84215309;-49,05811787;"SPRF-PR";"DEL01-PR";"DEL7/1-UOP08/PR"
175336;2018-12-02;"domingo";"00:40:00";"DF";70;13,7;"BRASILIA";"Ingestão de Álcool";"Colisão lateral";"Sem Vítimas";"Plena Noite";"Crescente";"Chuva";"Dupla";"Rotatória";"Não";2;0;0;0;1;1;0;2;-15,794558;-48,166584;"SPRF-DF";"DEL01-DF";"UOP02-DEL03-DF"
175337;2018-12-02;"domingo";"00:45:00";"MG";381;454,6;"SABARA";"Falta de Atenção à Condução";"Saída de leito carroçável";"Com Vítimas Fatais";"Plena Noite";"Crescente";"Garoa/Chuvisco";"Simples";"Reta";"Não";2;1;0;0;0;1;0;2;-19,83445796;-43,8591814;"SPRF-MG";"DEL01-MG";"UOP01-DEL01-MG"
175339;2018-12-02;"domingo";"01:05:00";"ES";101;213,4;"IBIRACU";"Falta de Atenção à Condução";"Queda de ocupante de veículo";"Com Vítimas Feridas";"Plena Noite";"Crescente";"Nublado";"Simples";"Reta";"Sim";1;0;0;1;0;0;1;1;-19,82601594;-40,36918944;"SPRF-ES";"DEL02-ES";"UOP01-DEL02-ES"
175340;2018-12-01;"sábado";"23:45:00";"SC";101;300,2;"LAGUNA";"Falta de Atenção à Condução";"Colisão com objeto estático";"Sem Vítimas";"Plena Noite";"Decrescente";"Nublado";"Dupla";"Reta";"Sim";1;0;0;0;1;0;0;1;-28,3714;-48,7591;"SPRF-SC";"DEL02-SC";"UOP03-DEL02-SC"
175342;2018-12-01;"sábado";"17:20:00";"CE";222;1,6;"FORTALEZA";"Desobediência às normas de trânsito pelo condutor";"Colisão lateral";"Com Vítimas Feridas";"Anoitecer";"Decrescente";"Céu Claro";"Múltipla";"Reta";"Não";4;0;2;0;1;1;2;3;-3,73735474;-38,57463598;"SPRF-CE";"DEL01-CE";"UOP01-DEL01-CE"
175343;2018-12-01;"sábado";"20:15:00";"CE";222;6,5;"CAUCAIA";"Pista Escorregadia";"Queda de ocupante de veículo";"Com Vítimas Feridas";"Plena Noite";"Crescente";"Nublado";"Simples";"Curva";"Sim";1;0;1;0;0;0;1;1;-3,745392;-38,62188;"SPRF-CE";"DEL01-CE";"UOP01-DEL01-CE"
175344;2018-12-01;"sábado";"18:40:00";"CE";116;499,8;"BREJO SANTO";"Falta de Atenção à Condução";"Colisão transversal";"Com Vítimas Feridas";"Plena Noite";"Decrescente";"Céu Claro";"Simples";"Reta";"Não";3;0;0;2;0;1;2;2;-7,401674;-38,962387;"SPRF-CE";"DEL05-CE";"UOP03-DEL05-CE"
175346;2018-12-01;"sábado";"23:00:00";"SP";153;321;"RIBEIRAO DO SUL";"Ingestão de Álcool";"Saída de leito carroçável";"Sem Vítimas";"Plena Noite";"Crescente";"Nublado";"Simples";"Interseção de Vias";"Não";3;0;0;0;3;0;0;1;-22,668179;-49,889572;"SPRF-SP";"DEL07-SP";"UOP03-DEL07-SP"
175347;2018-12-01;"sábado";"23:40:00";"MG";40;553,8;"NOVA LIMA";"Condutor Dormindo";"Saída de leito carroçável";"Com Vítimas Feridas";"Plena Noite";"Decrescente";"Chuva";"Dupla";"Curva";"Sim";1;0;1;0;0;0;1;1;-20,077;-43,9823;"SPRF-MG";"DEL01-MG";"UOP02-DEL01-MG"
175348;2018-12-02;"domingo";"02:20:00";"RJ";116;78,9;"TERESOPOLIS";"Falta de Atenção à Condução";"Queda de ocupante de veículo";"Com Vítimas Feridas";"Plena Noite";"Decrescente";"Nevoeiro/Neblina";"Simples";"Curva";"Sim";1;0;0;1;0;0;1;1;-22,3999772;-42,95483887;"SPRF-RJ";"DEL04-RJ";"UOP01-DEL04-RJ"
175351;2018-12-02;"domingo";"02:20:00";"PE";101;46;"IGARASSU";"Desobediência às normas de trânsito pelo pedestre";"Atropelamento de Pedestre";"Sem Vítimas";"Plena Noite";"Crescente";"Nublado";"Dupla";"Reta";"Sim";2;0;0;0;1;1;0;2;-7,8802;-34,905;"SPRF-PE";"DEL01-PE";"UOP02-DEL01-PE"
175352;2018-12-02;"domingo";"02:40:00";"ES";101;440,8;"MIMOSO DO SUL";"Falta de Atenção à Condução";"Queda de ocupante de veículo";"Com Vítimas Feridas";"Plena Noite";"Crescente";"Nublado";"Simples";"Reta";"Não";1;0;1;0;0;0;1;1;-21,08206296;-41,23993456;"SPRF-ES";"DEL03-ES";"UOP02-DEL03-ES"
175353;2018-12-02;"domingo";"03:00:00";"PR";467;93,5;"CASCAVEL";"Falta de Atenção à Condução";"Colisão lateral";"Com Vítimas Feridas";"Plena Noite";"Crescente";"Céu Claro";"Dupla";"Aclive;Curva";"Não";2;0;0;1;0;1;1;2;-24,8599;-53,5868;"SPRF-PR";"DEL04-PR";"UOP01-DEL04-PR"
175354;2018-12-02;"domingo";"01:00:00";"PA";316;46;"SANTA IZABEL DO PARA";"Pista Escorregadia";"Saída de leito carroçável";"Sem Vítimas";"Plena Noite";"Decrescente";"Chuva";"Dupla";"Reta";"Não";1;0;0;0;0;1;0;1;-1,28537;-48,062698;"SPRF-PA";"DEL01-PA";"UOP01-DEL01-PA"
175355;2018-12-02;"domingo";"03:20:00";"MG";40;552;"NOVA LIMA";"Falta de Atenção à Condução";"Atropelamento de Pedestre";"Com Vítimas Fatais";"Plena Noite";"Crescente";"Nublado";"Dupla";"Reta";"Sim";2;1;0;0;0;1;0;2;-20,07;-43,9828;"SPRF-MG";"DEL01-MG";"UOP02-DEL01-MG"
175358;2018-12-02;"domingo";"00:20:00";"RO";364;700,9;"PORTO VELHO";"Falta de Atenção do Pedestre";"Atropelamento de Pedestre";"Com Vítimas Feridas";"Plena Noite";"Decrescente";"Céu Claro";"Dupla";"Reta";"Sim";3;0;2;0;1;0;2;3;-9,674507;-65,44786;"SPRF-RO";"DEL01-RO";"UOP01-DEL01-RO"
175359;2018-12-02;"domingo";"03:50:00";"GO";364;60;"CACHOEIRA ALTA";"Falta de Atenção à Condução";"Colisão com objeto estático";"Com Vítimas Fatais";"Plena Noite";"Crescente";"Nublado";"Simples";"Curva";"Não";2;1;0;0;0;1;0;2;-18,7332;-50,947502;"SPRF-GO";"DEL05-GO";"UOP02-DEL05-GO"
175360;2018-12-02;"domingo";"02:45:00";"PE";101;59;"RECIFE";"Ingestão de Álcool";"Colisão traseira";"Sem Vítimas";"Plena Noite";"Crescente";"Céu Claro";"Dupla";"Declive";"Sim";5;0;0;0;4;1;0;3;-7,97796302;-34,92732169;"SPRF-PE";"DEL01-PE";"UOP02-DEL01-PE"
175361;2018-12-02;"domingo";"03:30:00";"SC";470;4;"NAVEGANTES";"Falta de Atenção à Condução";"Queda de ocupante de veículo";"Com Vítimas Feridas";"Plena Noite";"Crescente";"Céu Claro";"Simples";"Reta";"Não";1;0;1;0;0;0;1;1;-26,858473;-48,690788;"SPRF-SC";"DEL04-SC";"UOP04-DEL04-SC"
175362;2018-12-01;"sábado";"21:50:00";"MG";146;585;"BOTELHOS";"Velocidade Incompatível";"Colisão frontal";"Com Vítimas Fatais";"Plena Noite";"Crescente";"Chuva";"Simples";"Aclive;Curva";"Não";6;2;0;2;0;2;2;3;-21,669995;-46,413361;"SPRF-MG";"DEL13-MG";"UOP01-DEL13-MG"
175363;2018-12-01;"sábado";"21:15:00";"BA";367;37;"PORTO SEGURO";"Ingestão de Álcool";"Colisão frontal";"Com Vítimas Feridas";"Plena Noite";"Decrescente";"Nublado";"Simples";"Curva";"Não";5;0;5;0;0;0;5;2;-16,396082;-39,183807;"SPRF-BA";"DEL09-BA";"UOP01-DEL09-BA"
175364;2018-12-02;"domingo";"02:00:00";"PR";476;258,4;"SAO MATEUS DO SUL";"Ingestão de Álcool";"Colisão lateral";"Com Vítimas Feridas";"Plena Noite";"Crescente";"Nublado";"Simples";"Reta";"Não";4;0;0;1;3;0;1;2;-25,889473;-50,226524;"SPRF-PR";"DEL02-PR";"UOP04-DEL02-PR"
175365;2018-12-01;"sábado";"17:25:00";"PR";476;125;"CURITIBA";"Falta de Atenção à Condução";"Engavetamento";"Sem Vítimas";"Pleno dia";"Decrescente";"Céu Claro";"Dupla";"Reta";"Não";5;0;0;0;5;0;0;5;-25,4083;-49,219658;"SPRF-PR";"DEL01-PR";"UOP07-DEL01-PR"
175366;2018-12-02;"domingo";"04:15:00";"PR";476;126;"CURITIBA";"Falta de Atenção à Condução";"Colisão traseira";"Sem Vítimas";"Amanhecer";"Crescente";"Nublado";"Dupla";"Reta";"Não";2;0;0;0;1;1;0;2;-25,416758;-49,223446;"SPRF-PR";"DEL01-PR";"UOP07-DEL01-PR"
175367;2018-12-02;"domingo";"02:15:00";"PB";230;385;"CONDADO";"Ingestão de Álcool";"Saída de leito carroçável";"Com Vítimas Feridas";"Plena Noite";"Decrescente";"Céu Claro";"Simples";"Reta";"Não";1;0;1;0;0;0;1;1;-6,9074;-37,6767;"SPRF-PB";"DEL03-PB";"UOP02-DEL03-PB"
175369;2018-12-02;"domingo";"03:15:00";"PB";101;92,5;"CONDE";"Agressão Externa";"Queda de ocupante de veículo";"Com Vítimas Fatais";"Plena Noite";"Decrescente";"Nublado";"Dupla";"Aclive";"Sim";1;1;0;0;0;0;0;1;-7,20451974;-34,9083066;"SPRF-PB";"DEL01-PB";"UOP01-DEL01-PB"
175371;2018-12-02;"domingo";"04:45:00";"GO";40;20;"LUZIANIA";"Ingestão de Álcool";"Saída de leito carroçável";"Com Vítimas Feridas";"Plena Noite";"Decrescente";"Chuva";"Dupla";"Reta";"Não";5;0;4;1;0;0;5;1;-16,21849;-47,915478;"SPRF-DF";"DEL01-DF";"UOP01-DEL01-DF"
175372;2018-12-02;"domingo";"01:45:00";"MA";222;410;"SANTA LUZIA";"Ingestão de Álcool";"Saída de leito carroçável";"Com Vítimas Fatais";"Plena Noite";"Decrescente";"Céu Claro";"Simples";"Reta";"Não";2;1;0;0;1;0;0;1;-4,00026496;-45,7166326;"SPRF-MA";"DEL02-MA";"UI04-DEL02-MA"
175373;2018-12-02;"domingo";"04:40:00";"SC";101;138,1;"BALNEARIO CAMBORIU";"Não guardar distância de segurança";"Colisão traseira";"Com Vítimas Feridas";"Plena Noite";"Crescente";"Nublado";"Simples";"Reta";"Não";2;0;0;1;1;0;1;2;-27,032;-48,6051;"SPRF-SC";"DEL04-SC";"UOP03-DEL04-SC"
175376;2018-12-02;"domingo";"03:30:00";"RJ";116;86;"TERESOPOLIS";"Pista Escorregadia";"Colisão frontal";"Com Vítimas Feridas";"Plena Noite";"Crescente";"Nevoeiro/Neblina";"Simples";"Curva";"Não";4;0;2;0;2;0;2;2;-22,43675;-42,949753;"SPRF-RJ";"DEL04-RJ";"UOP01-DEL04-RJ"
175377;2018-12-02;"domingo";"05:45:00";"SP";381;47;"ATIBAIA";"Velocidade Incompatível";"Colisão traseira";"Com Vítimas Feridas";"Amanhecer";"Decrescente";"Nevoeiro/Neblina";"Dupla";"Reta";"Sim";3;0;1;0;2;0;1;2;-23,1871643;-46,58293796;"SPRF-SP";"DEL03-SP";"UOP01-DEL03-SP"
175378;2018-12-02;"domingo";"06:00:00";"ES";101;273,9;"SERRA";"Objeto estático sobre o leito carroçável";"Colisão com objeto estático";"Com Vítimas Feridas";"Amanhecer";"Decrescente";"Céu Claro";"Simples";"Reta";"Sim";1;0;0;1;0;0;1;1;-20,2128017;-40,29633176;"SPRF-ES";"DEL02-ES";"UOP01-DEL02-ES"
175379;2018-12-02;"domingo";"04:45:00";"CE";20;415,5;"MARACANAU";"Ingestão de Álcool";"Colisão lateral";"Com Vítimas Feridas";"Amanhecer";"Crescente";"Nublado";"Simples";"Ponte;Reta;Em Obras";"Não";6;0;2;0;2;2;2;2;-3,83197525;-38,61707395;"SPRF-CE";"DEL01-CE";"UOP02-DEL01-CE"
175382;2018-12-02;"domingo";"06:00:00";"GO";153;500,5;"GOIANIA";"Ingestão de Álcool";"Queda de ocupante de veículo";"Com Vítimas Feridas";"Plena Noite";"Crescente";"Chuva";"Dupla";"Reta";"Não";1;0;1;0;0;0;1;1;-16,7118;-49,2324;"SPRF-GO";"DEL01-GO";"UOP01-DEL01-GO"
175385;2018-12-02;"domingo";"06:15:00";"MG";381;487,3;"BETIM";"Velocidade Incompatível";"Colisão traseira";"Com Vítimas Feridas";"Pleno dia";"Decrescente";"Chuva";"Múltipla";"Curva";"Sim";2;0;1;0;1;0;1;2;-19,9572;-44,1243;"SPRF-MG";"DEL01-MG";"UOP03-DEL01-MG"
175386;2018-12-01;"sábado";"22:55:00";"MG";365;434;"PATOS DE MINAS";"Fenômenos da Natureza";"Colisão com objeto em movimento";"Com Vítimas Feridas";"Plena Noite";"Crescente";"Chuva";"Simples";"Reta";"Não";2;0;2;0;0;0;2;2;-18,77;-46,68;"SPRF-MG";"DEL10-MG";"UOP01-DEL10-MG"
175387;2018-12-02;"domingo";"01:35:00";"PI";222;3,9;"SAO JOAO DA FRONTEIRA";"Falta de Atenção à Condução";"Colisão frontal";"Com Vítimas Fatais";"Plena Noite";"Crescente";"Céu Claro";"Simples";"Reta";"Sim";2;1;0;0;1;0;0;2;-3,929534;-41,254421;"SPRF-PI";"DEL02-PI";"UOP01-DEL02-PI"
175389;2018-12-02;"domingo";"07:05:00";"RS";158;320;"SANTA MARIA";"Ingestão de Álcool";"Saída de leito carroçável";"Sem Vítimas";"Pleno dia";"Crescente";"Sol";"Simples";"Reta";"Não";2;0;0;0;2;0;0;1;-29,676121;-53,77816;"SPRF-RS";"DEL09-RS";"UOP01-DEL09-RS"
175390;2018-12-02;"domingo";"05:50:00";"PE";428;120;"LAGOA GRANDE";"Condutor Dormindo";"Saída de leito carroçável";"Com Vítimas Feridas";"Amanhecer";"Decrescente";"Céu Claro";"Simples";"Reta";"Não";1;0;1;0;0;0;1;1;-8,927176;-40,106709;"SPRF-PE";"DEL06-PE";"UOP03-DEL06-PE"
175391;2018-12-02;"domingo";"07:40:00";"GO";60;136,5;"GOIANIA";"Falta de Atenção à Condução";"Saída de leito carroçável";"Sem Vítimas";"Amanhecer";"Crescente";"Nublado";"Simples";"Reta";"Sim";1;0;0;0;0;1;0;1;-16,5959;-49,1965;"SPRF-GO";"DEL01-GO";"UOP01-DEL01-GO"
175393;2018-12-02;"domingo";"08:45:00";"SP";381;68;"MAIRIPORA";"Condutor Dormindo";"Colisão com objeto estático";"Com Vítimas Feridas";"Pleno dia";"Decrescente";"Nublado";"Dupla";"Curva;Declive";"Não";2;0;2;0;0;0;2;1;-23,34296509;-46,5732102;"SPRF-SP";"DEL03-SP";"DEL6/3-UOP03/SP"
175396;2018-12-02;"domingo";"06:30:00";"RS";470;204;"BENTO GONCALVES";"Animais na Pista";"Atropelamento de Animal";"Sem Vítimas";"Pleno dia";"Crescente";"Garoa/Chuvisco";"Simples";"Curva";"Não";2;0;0;0;2;0;0;2;-29,08045303;-51,56227296;"SPRF-RS";"DEL06-RS";"UOP01-DEL06-RS"
175398;2018-12-02;"domingo";"09:00:00";"MG";267;63,1;"BICAS";"Velocidade Incompatível";"Saída de leito carroçável";"Com Vítimas Feridas";"Pleno dia";"Decrescente";"Nublado";"Simples";"Curva";"Não";5;0;5;0;0;0;5;1;-21,7397;-43,1022;"SPRF-MG";"DEL05-MG";"UOP01-DEL05-MG"
175399;2018-12-02;"domingo";"08:00:00";"MG";40;634;"CONSELHEIRO LAFAIETE";"Defeito Mecânico no Veículo";"Saída de leito carroçável";"Com Vítimas Feridas";"Pleno dia";"Crescente";"Nublado";"Simples";"Reta";"Não";1;0;1;0;0;0;1;1;-20,7037;-43,7926;"SPRF-MG";"DEL05-MG";"UOP02-DEL05-MG"
175400;2018-12-02;"domingo";"06:00:00";"PR";476;58;"TUNAS DO PARANA";"Falta de Atenção à Condução";"Capotamento";"Sem Vítimas";"Pleno dia";"Crescente";"Nublado";"Simples";"Curva";"Não";2;0;0;0;2;0;0;1;-24,990709;-49,086781;"SPRF-PR";"DEL01-PR";"UOP01-DEL01-PR"
175401;2018-12-02;"domingo";"08:00:00";"MS";267;432,2;"MARACAJU";"Condutor Dormindo";"Saída de leito carroçável";"Com Vítimas Feridas";"Pleno dia";"Crescente";"Céu Claro";"Simples";"Reta";"Não";3;0;2;0;1;0;2;1;-21,63317558;-55,58258057;"SPRF-MS";"DEL05-MS";"UOP01-DEL05-MS"
175402;2018-12-02;"domingo";"08:25:00";"PR";163;350;"GUAIRA";"Falta de Atenção à Condução";"Colisão traseira";"Com Vítimas Feridas";"Pleno dia";"Crescente";"Céu Claro";"Simples";"Ponte";"Não";2;0;1;0;1;0;1;2;-24,0742;-54,2446;"SPRF-PR";"DEL06-PR";"UOP01-DEL06-PR"
175404;2018-11-21;"quarta-feira";"06:20:00";"PE";101;69,8;"RECIFE";"Falta de Atenção à Condução";"Colisão transversal";"Com Vítimas Feridas";"Pleno dia";"Crescente";"Céu Claro";"Dupla";"Reta";"Sim";2;0;0;1;1;0;1;2;-8,06577097;-34,94372797;"SPRF-PE";"DEL01-PE";"UOP01-DEL01-PE"
175405;2018-12-02;"domingo";"09:25:00";"GO";153;276;"NOVA GLORIA";"Pista Escorregadia";"Capotamento";"Com Vítimas Feridas";"Pleno dia";"Crescente";"Chuva";"Simples";"Reta";"Não";3;0;3;0;0;0;3;1;-15,112444;-49,489918;"SPRF-GO";"DEL07-GO";"UOP02-DEL07-GO"
175408;2018-11-18;"domingo";"05:45:00";"PB";230;338,7;"PATOS";"Desobediência às normas de trânsito pelo condutor";"Colisão lateral";"Com Vítimas Feridas";"Amanhecer";"Decrescente";"Céu Claro";"Simples";"Interseção de Vias";"Sim";2;0;1;0;1;0;1;2;-7,0068954;-37,29771495;"SPRF-PB";"DEL03-PB";"UOP01-DEL03-PB"
175411;2018-12-02;"domingo";"06:40:00";"RO";364;257,6;"CACOAL";"Pista Escorregadia";"Saída de leito carroçável";"Com Vítimas Feridas";"Pleno dia";"Decrescente";"Chuva";"Simples";"Curva";"Não";1;0;1;0;0;0;1;1;-11,43468379;-61,63038254;"SPRF-RO";"DEL02-RO";"UOP02-DEL02-RO"
175412;2018-12-02;"domingo";"09:10:00";"PR";373;198,4;"IPIRANGA";"Falta de Atenção à Condução";"Colisão lateral";"Com Vítimas Feridas";"Pleno dia";"Crescente";"Céu Claro";"Simples";"Reta";"Não";3;0;1;0;2;0;1;2;-25,07940471;-50,40279692;"SPRF-PR";"DEL03-PR";"UOP01-DEL03-PR"
175413;2018-12-02;"domingo";"08:40:00";"AL";316;156,4;"PALMEIRA DOS INDIOS";"Desobediência às normas de trânsito pelo condutor";"Colisão transversal";"Com Vítimas Feridas";"Pleno dia";"Crescente";"Céu Claro";"Simples";"Reta";"Sim";2;0;1;0;1;0;1;2;-9,42366105;-36,62140131;"SPRF-AL";"DEL03-AL";"UOP01-DEL03-AL"
175414;2018-12-02;"domingo";"10:17:00";"GO";60;185;"GUAPO";"Avarias e/ou desgaste excessivo no pneu";"Saída de leito carroçável";"Com Vítimas Feridas";"Pleno dia";"Crescente";"Chuva";"Dupla";"Curva";"Não";2;0;2;0;0;0;2;1;-16,7956;-49,51;"SPRF-GO";"DEL01-GO";"UOP02-DEL01-GO"
175415;2018-12-02;"domingo";"10:30:00";"SC";470;56;"BLUMENAU";"Não guardar distância de segurança";"Colisão traseira";"Com Vítimas Feridas";"Pleno dia";"Crescente";"Céu Claro";"Simples";"Reta";"Não";2;0;1;0;1;0;1;2;-26,87674;-49,127743;"SPRF-SC";"DEL04-SC";"UOP01-DEL04-SC"
175416;2018-12-02;"domingo";"09:00:00";"GO";60;115,6;"TEREZOPOLIS DE GOIAS";"Desobediência às normas de trânsito pelo condutor";"Colisão com objeto estático";"Sem Vítimas";"Pleno dia";"Crescente";"Chuva";"Dupla";"Declive;Reta";"Não";1;0;0;0;1;0;0;1;-16,4691;-49,0705;"SPRF-GO";"DEL01-GO";"UOP01-DEL01-GO"
175417;2018-12-02;"domingo";"10:45:00";"PR";369;188;"ARAPONGAS";"Ingestão de Álcool";"Colisão traseira";"Sem Vítimas";"Pleno dia";"Crescente";"Céu Claro";"Simples";"Reta";"Sim";2;0;0;0;2;0;0;2;-23,43452996;-51,42213643;"SPRF-PR";"DEL07-PR";"UOP03-DEL07-PR"
175418;2018-12-02;"domingo";"10:30:00";"RJ";356;9,8;"ITAPERUNA";"Falta de Atenção à Condução";"Colisão transversal";"Com Vítimas Feridas";"Pleno dia";"Crescente";"Céu Claro";"Simples";"Reta";"Não";3;0;1;0;2;0;1;3;-21,173063;-42,106487;"SPRF-RJ";"DEL08-RJ";"UOP03-DEL08-RJ"
175419;2018-12-02;"domingo";"11:00:00";"SC";101;116,8;"ITAJAI";"Falta de Atenção à Condução";"Colisão traseira";"Com Vítimas Feridas";"Pleno dia";"Crescente";"Céu Claro";"Dupla";"Reta";"Não";2;0;1;0;1;0;1;2;-26,8877;-48,7222;"SPRF-SC";"DEL04-SC";"UOP04-DEL04-SC"
175421;2018-12-02;"domingo";"05:00:00";"TO";153;134;"ARAGUAINA";"Falta de Atenção à Condução";"Atropelamento de Pedestre";"Com Vítimas Fatais";"Plena Noite";"Crescente";"Chuva";"Simples";"Reta";"Sim";2;1;0;0;0;1;0;2;-7,121829;-48,192974;"SPRF-TO";"DEL02-TO";"UOP01-DEL02-TO"
175422;2018-11-30;"sexta-feira";"05:44:00";"PR";277;212,6;"TEIXEIRA SOARES";"Ingestão de Álcool";"Colisão com objeto estático";"Com Vítimas Feridas";"Amanhecer";"Decrescente";"Nublado";"Simples";"Curva";"Não";1;0;1;0;0;0;1;1;-25,47241336;-50,30570984;"SPRF-PR";"DEL03-PR";"UOP02-DEL08-PR"
175423;2018-12-02;"domingo";"08:40:00";"MG";365;642,8;"UBERLANDIA";"Pista Escorregadia";"Saída de leito carroçável";"Com Vítimas Feridas";"Pleno dia";"Decrescente";"Chuva";"Dupla";"Reta";"Não";1;0;1;0;0;0;1;1;-18,8901;-48,4364;"SPRF-MG";"DEL15-MG";"UOP01-DEL15-MG"
175426;2018-12-02;"domingo";"07:40:00";"RJ";101;144;"MACAE";"Defeito Mecânico no Veículo";"Capotamento";"Com Vítimas Feridas";"Pleno dia";"Decrescente";"Céu Claro";"Dupla";"Curva";"Não";2;0;1;0;1;0;1;1;-22,21328;-41,754265;"SPRF-RJ";"DEL02-RJ";"UOP04-DEL08-RJ"
175428;2018-12-02;"domingo";"07:45:00";"CE";20;416;"MARACANAU";"Condutor Dormindo";"Saída de leito carroçável";"Sem Vítimas";"Pleno dia";"Decrescente";"Céu Claro";"Dupla";"Retorno Regulamentado;Reta";"Sim";1;0;0;0;0;1;0;1;-3,83757733;-38,60455552;"SPRF-CE";"DEL01-CE";"UOP02-DEL01-CE"
175429;2018-12-02;"domingo";"05:00:00";"CE";20;415,5;"MARACANAU";"Sinalização da via insuficiente ou inadequada";"Saída de leito carroçável";"Sem Vítimas";"Amanhecer";"Crescente";"Céu Claro";"Dupla";"Desvio Temporário";"Sim";1;0;0;0;0;1;0;1;-3,83226913;-38,61614943;"SPRF-CE";"DEL01-CE";"UOP02-DEL01-CE"
175430;2018-12-02;"domingo";"11:40:00";"GO";153;494;"GOIANIA";"Velocidade Incompatível";"Saída de leito carroçável";"Com Vítimas Feridas";"Pleno dia";"Decrescente";"Chuva";"Dupla";"Reta";"Sim";1;0;1;0;0;0;1;1;-16,6614;-49,2218;"SPRF-GO";"DEL01-GO";"UOP01-DEL01-GO"
175431;2018-12-02;"domingo";"12:40:00";"RJ";101;60;"CAMPOS DOS GOYTACAZES";"Falta de Atenção à Condução";"Colisão com objeto em movimento";"Sem Vítimas";"Pleno dia";"Decrescente";"Céu Claro";"Dupla";"Reta";"Sim";2;0;0;0;0;2;0;2;-21,720467;-41,314461;"SPRF-RJ";"DEL08-RJ";"UOP01-DEL08-RJ"
175432;2018-12-02;"domingo";"05:35:00";"AM";230;612,1;"HUMAITA";"Ingestão de Álcool";"Colisão com objeto estático";"Com Vítimas Feridas";"Amanhecer";"Crescente";"Garoa/Chuvisco";"Dupla";"Curva";"Sim";3;0;2;0;1;0;2;1;-7,51474202;-63,02929554;"SPRF-RO";"DEL01-RO";"UOP05-DEL01-AM"
175434;2018-12-02;"domingo";"10:20:00";"PE";232;408,5;"SERRA TALHADA";"Falta de Atenção à Condução";"Colisão transversal";"Com Vítimas Feridas";"Pleno dia";"Crescente";"Nublado";"Simples";"Reta";"Sim";3;0;2;0;1;0;2;2;-7,981944;-38,289467;"SPRF-PE";"DEL04-PE";"UOP01-DEL04-PE"
175437;2018-12-02;"domingo";"13:00:00";"RJ";40;93,8;"DUQUE DE CAXIAS";"Velocidade Incompatível";"Colisão com objeto estático";"Com Vítimas Feridas";"Pleno dia";"Crescente";"Chuva";"Simples";"Curva";"Não";3;0;2;0;1;0;2;1;-22,5699;-43,2515;"SPRF-RJ";"DEL06-RJ";"UOP01-DEL06-RJ"
175438;2018-12-02;"domingo";"13:00:00";"GO";60;364;"RIO VERDE";"Pista Escorregadia";"Saída de leito carroçável";"Com Vítimas Feridas";"Pleno dia";"Decrescente";"Chuva";"Dupla";"Curva";"Não";2;0;1;0;1;0;1;1;-17,6495;-50,7985;"SPRF-GO";"DEL04-GO";"UOP01-DEL04-GO"
175440;2018-12-02;"domingo";"12:00:00";"MG";365;15,8;"MONTES CLAROS";"Velocidade Incompatível";"Colisão traseira";"Com Vítimas Feridas";"Pleno dia";"Decrescente";"Chuva";"Simples";"Reta";"Não";2;0;2;0;0;0;2;1;-16,865944;-43,983631;"SPRF-MG";"DEL12-MG";"UOP01-DEL12-MG"
175444;2018-11-12;"segunda-feira";"17:20:00";"RS";116;150;"CAXIAS DO SUL";"Não guardar distância de segurança";"Tombamento";"Com Vítimas Feridas";"Pleno dia";"Crescente";"Céu Claro";"Dupla";"Reta";"Sim";2;0;1;0;1;0;1;2;-29,16782998;-51,15862165;"SPRF-RS";"DEL05-RS";"UOP01-DEL05-RS"
175446;2018-12-02;"domingo";"11:00:00";"SP";116;153;"SAO JOSE DOS CAMPOS";"Ingestão de Álcool";"Colisão com objeto estático";"Sem Vítimas";"Pleno dia";"Decrescente";"Sol";"Dupla";"Reta";"Sim";2;0;0;0;2;0;0;1;-23,219809;-45,899918;"SPRF-SP";"DEL02-SP";"UOP01-DEL02-SP"
175448;2018-12-02;"domingo";"11:30:00";"MG";381;617;"OLIVEIRA";"Velocidade Incompatível";"Queda de ocupante de veículo";"Com Vítimas Feridas";"Pleno dia";"Crescente";"Nublado";"Simples";"Viaduto";"Não";1;0;1;0;0;0;1;1;-20,7373;-44,7714;"SPRF-MG";"DEL04-MG";"UOP01-DEL04-MG"
175449;2018-12-02;"domingo";"13:30:00";"CE";116;3,6;"FORTALEZA";"Desobediência às normas de trânsito pelo condutor";"Colisão traseira";"Sem Vítimas";"Pleno dia";"Decrescente";"Céu Claro";"Múltipla";"Reta";"Sim";3;0;0;0;3;0;0;2;-3,7874;-38,5109;"SPRF-CE";"DEL01-CE";"UOP02-DEL01-CE"