"id";"data_inversa";"dia_semana";"horario";"uf";"br";"km";"municipio";"causa_acidente";"tipo_acidente";"classificacao_acidente";"fase_dia";"sentido_via";"condicao_metereologica";"tipo_pista";"tracado_via";"uso_solo";"pessoas";"mortos";"feridos_leves";"feridos_graves";"ilesos";"ignorados";"feridos";"veiculos";"latitude";"longitude";"regional";"delegacia";"uop"
175450;2018-08-21;"terça-feira";"17:00:00";"MG";116;410,8;"GOVERNADOR VALADARES";"Falta de Atenção à Condução";"Colisão lateral";"Com Vítimas Feridas";"Anoitecer";"Crescente";"Céu Claro";"Dupla";"Interseção de Vias";"Sim";1;0;0;1;0;0;1;1;-18,85509283;-41,97608757;"SPRF-MG";"DEL06-MG";"UOP01-DEL06-MG"
175453;2018-12-02;"domingo";"12:10:00";"MA";222;670;"ACAILANDIA";"Falta de Atenção à Condução";"Colisão transversal";"Com Vítimas Feridas";"Pleno dia";"Decrescente";"Garoa/Chuvisco";"Simples";"Reta";"Não";2;0;2;0;0;0;2;2;-4,92461227;-47,34861379;"SPRF-MA";"DEL04-MA";"UOP03-DEL04-MA"
175456;2018-12-02;"domingo";"15:10:00";"PE";101;25;"ITAPISSUMA";"Velocidade Incompatível";"Saída de leito carroçável";"Com Vítimas Feridas";"Pleno dia";"Decrescente";"Nublado";"Múltipla";"Curva";"Não";3;0;3;0;0;0;3;1;-7,7087;-34,9284;"SPRF-PE";"DEL01-PE";"UOP02-DEL01-PE"
175457;2018-12-02;"domingo";"14:30:00";"MG";262;412,7;"IGARATINGA";"Não guardar distância de segurança";"Colisão traseira";"Com Vítimas Feridas";"Pleno dia";"Decrescente";"Chuva";"Dupla";"Reta";"Não";8;0;3;0;5;0;3;2;-19,89649371;-44,70126629;"SPRF-MG";"DEL08-MG";"UOP03-DEL08-MG"
175460;2018-12-02;"domingo";"12:10:00";"PA";163;1002;"SANTAREM";"Falta de Atenção à Condução";"Colisão transversal";"Com Vítimas Feridas";"Pleno dia";"Decrescente";"Sol";"Simples";"Interseção de Vias";"Sim";2;0;1;0;1;0;1;2;-2,45580626;-54,7286587;"SPRF-PA";"DEL05-PA";"UOP01-DEL05-PA"
175462;2018-12-02;"domingo";"13:55:00";"MG";50;135,6;"UBERABA";"Fenômenos da Natureza";"Colisão lateral";"Sem Vítimas";"Pleno dia";"Crescente";"Chuva";"Dupla";"Curva";"Não";2;0;0;0;2;0;0;2;-19,4428;-48,0639;"SPRF-MG";"DEL13-MG";"UOP01-DEL13-MG"
175463;2018-12-02;"domingo";"15:45:00";"SC";282;32;"AGUAS MORNAS";"Desobediência às normas de trânsito pelo condutor";"Colisão transversal";"Com Vítimas Feridas";"Pleno dia";"Decrescente";"Céu Claro";"Simples";"Rotatória";"Sim";2;0;1;0;1;0;1;2;-27,70443277;-48,80481541;"SPRF-SC";"DEL01-SC";"UOP03-DEL01-SC"
175464;2018-12-02;"domingo";"15:40:00";"GO";20;74;"VILA BOA";"Falta de Atenção à Condução";"Colisão transversal";"Com Vítimas Feridas";"Pleno dia";"Decrescente";"Céu Claro";"Simples";"Interseção de Vias";"Não";4;0;2;0;2;0;2;2;-15,136623;-47,130238;"SPRF-DF";"DEL02-DF";"UOP03-DEL02-DF"
175465;2018-12-02;"domingo";"16:00:00";"MG";40;702;"BARBACENA";"Desobediência às normas de trânsito pelo condutor";"Colisão transversal";"Com Vítimas Feridas";"Pleno dia";"Crescente";"Nublado";"Simples";"Rotatória";"Sim";3;0;2;0;1;0;2;2;-21,21950594;-43,7410301;"SPRF-MG";"DEL05-MG";"UOP02-DEL05-MG"
175466;2018-12-02;"domingo";"16:00:00";"RS";287;272;"SAO PEDRO DO SUL";"Velocidade Incompatível";"Engavetamento";"Com Vítimas Feridas";"Pleno dia";"Crescente";"Céu Claro";"Simples";"Declive";"Não";3;0;0;1;2;0;1;3;-29,665981;-54,094555;"SPRF-RS";"DEL09-RS";"UOP01-DEL09-RS"
175467;2018-12-02;"domingo";"16:00:00";"SC";470;195;"POUSO REDONDO";"Pista Escorregadia";"Tombamento";"Com Vítimas Feridas";"Pleno dia";"Decrescente";"Nublado";"Múltipla";"Curva";"Não";1;0;1;0;0;0;1;1;-27,303724;-50,088837;"SPRF-SC";"DEL04-SC";"UOP02-DEL04-SC"
175468;2018-12-02;"domingo";"13:00:00";"RJ";116;34;"SAPUCAIA";"Falta de Atenção à Condução";"Tombamento";"Com Vítimas Feridas";"Pleno dia";"Crescente";"Nublado";"Simples";"Reta";"Não";1;0;0;1;0;0;1;1;-22,09392;-42,806892;"SPRF-RJ";"DEL04-RJ";"UOP01-DEL04-RJ"
175469;2018-12-02;"domingo";"12:20:00";"MA";316;407,8;"ALTO ALEGRE DO MARANHAO";"Ultrapassagem Indevida";"Colisão frontal";"Com Vítimas Fatais";"Pleno dia";"Crescente";"Céu Claro";"Simples";"Reta";"Sim";2;1;0;0;1;0;0;2;-4,25641;-44,432236;"SPRF-MA";"DEL03-MA";"UOP01-DEL03-MA"
175472;2018-12-02;"domingo";"13:45:00";"BA";101;911;"NOVA VICOSA";"Animais na Pista";"Saída de leito carroçável";"Com Vítimas Feridas";"Pleno dia";"Decrescente";"Sol";"Simples";"Curva";"Não";1;0;1;0;0;0;1;1;-17,8147;-39,7887;"SPRF-BA";"DEL09-BA";"UOP02-DEL09-BA"
175473;2018-12-02;"domingo";"16:00:00";"MG";381;533,5;"ITATIAIUCU";"Velocidade Incompatível";"Capotamento";"Com Vítimas Feridas";"Pleno dia";"Crescente";"Chuva";"Dupla";"Curva";"Não";4;0;3;0;1;0;3;1;-20,1781;-44,3771;"SPRF-MG";"DEL04-MG";"UOP03-DEL04-MG"
175474;2018-12-02;"domingo";"16:20:00";"GO";20;174,5;"ALVORADA DO NORTE";"Falta de Atenção à Condução";"Colisão com objeto estático";"Sem Vítimas";"Pleno dia";"Crescente";"Nublado";"Simples";"Reta";"Não";1;0;0;0;1;0;0;1;-14,519481;-46,528156;"SPRF-DF";"DEL02-DF";"UOP03-DEL02-DF"
175477;2018-12-02;"domingo";"16:10:00";"PR";277;313;"GUARAPUAVA";"Velocidade Incompatível";"Tombamento";"Com Vítimas Feridas";"Pleno dia";"Decrescente";"Sol";"Simples";"Aclive;Curva";"Não";1;0;1;0;0;0;1;1;-25,339249;-51,215783;"SPRF-PR";"DEL03-PR";"UOP01-DEL08-PR"
175480;2018-12-02;"domingo";"17:20:00";"ES";101;273;"SERRA";"Pista Escorregadia";"Colisão com objeto estático";"Com Vítimas Feridas";"Pleno dia";"Decrescente";"Chuva";"Dupla";"Reta";"Não";2;0;2;0;0;0;2;1;-20,22604731;-40,28689474;"SPRF-ES";"DEL02-ES";"UOP01-DEL02-ES"
175483;2018-12-02;"domingo";"16:35:00";"MG";381;608,3;"OLIVEIRA";"Velocidade Incompatível";"Saída de leito carroçável";"Com Vítimas Feridas";"Pleno dia";"Crescente";"Chuva";"Dupla";"Reta";"Não";2;0;1;0;1;0;1;1;-20,66287315;-44,73747611;"SPRF-MG";"DEL04-MG";"UOP01-DEL04-MG"
175484;2018-12-02;"domingo";"17:15:00";"MG";50;59,4;"UBERLANDIA";"Velocidade Incompatível";"Saída de leito carroçável";"Com Vítimas Feridas";"Pleno dia";"Crescente";"Chuva";"Dupla";"Reta;Aclive";"Não";2;0;2;0;0;0;2;1;-18,8114;-48,2469;"SPRF-MG";"DEL15-MG";"UOP02-DEL15-MG"
175486;2018-12-02;"domingo";"15:15:00";"PR";373;172;"PONTA GROSSA";"Falta de Atenção à Condução";"Tombamento";"Com Vítimas Feridas";"Pleno dia";"Decrescente";"Céu Claro";"Múltipla";"Reta";"Sim";2;0;1;0;1;0;1;1;-25,0806839;-50,20169042;"SPRF-PR";"DEL03-PR";"UOP01-DEL03-PR"
175487;2018-12-02;"domingo";"17:50:00";"PR";373;179;"PONTA GROSSA";"Avarias e/ou desgaste excessivo no pneu";"Queda de ocupante de veículo";"Com Vítimas Feridas";"Pleno dia";"Decrescente";"Céu Claro";"Simples";"Reta";"Não";1;0;1;0;0;0;1;1;-25,04297872;-50,23912853;"SPRF-PR";"DEL03-PR";"UOP01-DEL03-PR"
175488;2018-12-02;"domingo";"17:35:00";"MG";381;654;"SANTO ANTONIO DO AMPARO";"Velocidade Incompatível";"Saída de leito carroçável";"Com Vítimas Feridas";"Pleno dia";"Decrescente";"Nublado";"Dupla";"Curva";"Não";1;0;1;0;0;0;1;1;-20,9821;-44,9433;"SPRF-MG";"DEL04-MG";"UOP02-DEL04-MG"
175489;2018-12-02;"domingo";"16:20:00";"MA";135;15,5;"SAO LUIS";"Falta de Atenção à Condução";"Colisão lateral";"Com Vítimas Feridas";"Pleno dia";"Decrescente";"Céu Claro";"Dupla";"Curva";"Não";2;0;0;1;1;0;1;2;-2,56586575;-44,36141968;"SPRF-MA";"DEL01-MA";"UOP01-DEL01-MA"
175490;2018-12-02;"domingo";"16:10:00";"MG";262;611,2;"CAMPOS ALTOS";"Velocidade Incompatível";"Tombamento";"Com Vítimas Feridas";"Pleno dia";"Decrescente";"Chuva";"Simples";"Curva";"Não";2;0;1;0;1;0;1;1;-19,666414;-46,16032;"SPRF-MG";"DEL08-MG";"UOP02-DEL08-MG"
175491;2018-12-02;"domingo";"18:15:00";"ES";262;163,8;"IBATIBA";"Ingestão de Álcool";"Colisão com objeto estático";"Com Vítimas Feridas";"Anoitecer";"Crescente";"Nublado";"Simples";"Curva";"Não";4;0;2;2;0;0;4;1;-20,2391;-41,5452;"SPRF-ES";"DEL01-ES";"UOP02-DEL01-ES"
175492;2018-12-02;"domingo";"18:00:00";"PR";277;114;"CAMPO LARGO";"Falta de Atenção à Condução";"Capotamento";"Com Vítimas Feridas";"Pleno dia";"Decrescente";"Nublado";"Dupla";"Reta";"Não";2;0;2;0;0;0;2;1;-25,46534774;-49,54924886;"SPRF-PR";"DEL01-PR";"UOP06-DEL01-PR"
175493;2018-12-02;"domingo";"18:00:00";"RS";392;627,9;"SETE DE SETEMBRO";"Defeito Mecânico no Veículo";"Tombamento";"Com Vítimas Feridas";"Pleno dia";"Crescente";"Sol";"Simples";"Reta";"Não";3;0;1;0;1;1;1;2;-28,167362;-54,419083;"SPRF-RS";"DEL10-RS";"UOP01-DEL10-RS"
175494;2018-12-02;"domingo";"17:30:00";"CE";116;4,5;"FORTALEZA";"Desobediência às normas de trânsito pelo condutor";"Colisão traseira";"Com Vítimas Feridas";"Plena Noite";"Decrescente";"Nublado";"Múltipla";"Reta";"Sim";2;0;1;0;1;0;1;2;-3,7956;-38,507;"SPRF-CE";"DEL01-CE";"UOP02-DEL01-CE"
175495;2018-12-02;"domingo";"17:00:00";"ES";262;28;"VIANA";"Pista Escorregadia";"Saída de leito carroçável";"Sem Vítimas";"Pleno dia";"Decrescente";"Chuva";"Dupla";"Curva";"Não";1;0;0;0;1;0;0;1;-20,3852;-40,5545;"SPRF-ES";"DEL01-ES";"UOP01-DEL01-ES"
175496;2018-12-02;"domingo";"17:40:00";"GO";60;95,8;"ANAPOLIS";"Desobediência às normas de trânsito pelo condutor";"Colisão com objeto estático";"Sem Vítimas";"Pleno dia";"Decrescente";"Nublado";"Dupla";"Reta";"Sim";2;0;0;0;2;0;0;2;-16,3679;-48,939;"SPRF-GO";"DEL02-GO";"UOP01-DEL02-GO"
175497;2018-12-02;"domingo";"18:20:00";"SP";116;91,1;"PINDAMONHANGABA";"Falta de Atenção à Condução";"Colisão traseira";"Com Vítimas Feridas";"Pleno dia";"Crescente";"Céu Claro";"Dupla";"Reta";"Sim";3;0;2;0;0;1;2;2;-22,948011;-45,396046;"SPRF-SP";"DEL06-SP";"UOP01-DEL06-SP"
175498;2018-12-02;"domingo";"15:00:00";"SC";116;241,8;"LAGES";"Falta de Atenção à Condução";"Saída de leito carroçável";"Com Vítimas Feridas";"Pleno dia";"Decrescente";"Céu Claro";"Simples";"Reta";"Não";1;0;1;0;0;0;1;1;-27,795443;-50,361874;"SPRF-SC";"DEL05-SC";"UOP01-DEL05-SC"
175499;2018-12-02;"domingo";"18:30:00";"GO";452;6,5;"RIO VERDE";"Ultrapassagem Indevida";"Colisão frontal";"Com Vítimas Fatais";"Anoitecer";"Crescente";"Garoa/Chuvisco";"Simples";"Reta";"Não";4;2;2;0;0;0;2;2;-17,8148;-50,853065;"SPRF-GO";"DEL04-GO";"UOP01-DEL04-GO"
175500;2018-10-07;"domingo";"20:12:00";"PR";376;173,1;"MARINGA";"Falta de Atenção à Condução";"Queda de ocupante de veículo";"Com Vítimas Feridas";"Anoitecer";"Decrescente";"Céu Claro";"Dupla";"Reta";"Não";1;0;1;0;0;0;1;1;-23,41937569;-51,96560428;"SPRF-PR";"DEL07-PR";"UOP01-DEL09-PR"
175501;2018-12-02;"domingo";"17:10:00";"SC";101;156;"PORTO BELO";"Falta de Atenção à Condução";"Colisão traseira";"Com Vítimas Feridas";"Pleno dia";"Crescente";"Céu Claro";"Dupla";"Reta";"Não";3;0;2;0;1;0;2;2;-27,1812;-48,612;"SPRF-SC";"DEL04-SC";"UOP03-DEL04-SC"
175502;2018-12-02;"domingo";"18:00:00";"SP";116;401;"MIRACATU";"Falta de Atenção à Condução";"Saída de leito carroçável";"Com Vítimas Feridas";"Pleno dia";"Decrescente";"Nublado";"Dupla";"Reta";"Não";2;0;2;0;0;0;2;1;-24,31331089;-47,51243591;"SPRF-SP";"DEL04-SP";"UOP02-DEL04-SP"
175503;2018-12-02;"domingo";"17:50:00";"RN";304;297,2;"MACAIBA";"Animais na Pista";"Atropelamento de Animal";"Com Vítimas Feridas";"Anoitecer";"Decrescente";"Céu Claro";"Simples";"Reta";"Sim";2;0;2;0;0;0;2;1;-5,865341;-35,340694;"SPRF-RN";"DEL01-RN";"UOP02-DEL01-RN"
175504;2018-12-02;"domingo";"15:40:00";"MT";163;117;"RONDONOPOLIS";"Falta de Atenção do Pedestre";"Capotamento";"Com Vítimas Feridas";"Pleno dia";"Decrescente";"Nublado";"Simples";"Reta";"Sim";1;0;1;0;0;0;1;1;-16,521769;-54,658798;"SPRF-MT";"DEL02-MT";"UOP01-DEL02-MT"
175505;2018-12-02;"domingo";"18:55:00";"SC";470;54,5;"BLUMENAU";"Ingestão de Álcool";"Colisão transversal";"Sem Vítimas";"Pleno dia";"Crescente";"Nublado";"Simples";"Interseção de Vias";"Sim";3;0;0;0;2;1;0;3;-26,871065;-49,110374;"SPRF-SC";"DEL04-SC";"UOP01-DEL04-SC"
175507;2018-12-02;"domingo";"18:30:00";"MG";50;73;"UBERLANDIA";"Defeito Mecânico no Veículo";"Colisão traseira";"Com Vítimas Feridas";"Pleno dia";"Decrescente";"Chuva";"Dupla";"Reta";"Sim";2;0;1;0;1;0;1;2;-18,90340387;-48,23474407;"SPRF-MG";"DEL15-MG";"UOP01-DEL15-MG"
175508;2018-12-02;"domingo";"16:50:00";"MG";153;50,1;"MONTE ALEGRE DE MINAS";"Defeito Mecânico no Veículo";"Saída de leito carroçável";"Com Vítimas Feridas";"Pleno dia";"Crescente";"Chuva";"Dupla";"Reta";"Não";3;0;2;0;1;0;2;1;-18,829;-49,0884;"SPRF-MG";"DEL15-MG";"UOP03-DEL15-MG"
175509;2018-12-02;"domingo";"18:00:00";"PE";408;100;"SAO LOURENCO DA MATA";"Condutor Dormindo";"Colisão traseira";"Com Vítimas Feridas";"Plena Noite";"Crescente";"Céu Claro";"Dupla";"Reta";"Não";2;0;1;0;1;0;1;2;-8,043588;-35,018357;"SPRF-PE";"DEL01-PE";"UOP01-DEL01-PE"
175510;2018-12-02;"domingo";"17:30:00";"BA";407;1,8;"JUAZEIRO";"Falta de Atenção à Condução";"Colisão traseira";"Com Vítimas Feridas";"Anoitecer";"Crescente";"Garoa/Chuvisco";"Simples";"Rotatória";"Sim";2;0;1;0;1;0;1;2;-9,418476;-40,507263;"SPRF-PE";"DEL06-PE";"UOP01-DEL06-PE"
175512;2018-12-02;"domingo";"17:35:00";"RN";110;49,2;"MOSSORO";"Não guardar distância de segurança";"Colisão traseira";"Com Vítimas Feridas";"Plena Noite";"Decrescente";"Céu Claro";"Dupla";"Retorno Regulamentado";"Sim";3;0;1;1;1;0;2;2;-5,21646;-37,329269;"SPRF-RN";"DEL04-RN";"UOP01-DEL04-RN"
175513;2018-12-02;"domingo";"19:00:00";"PR";277;594;"CASCAVEL";"Falta de Atenção à Condução";"Capotamento";"Com Vítimas Feridas";"Anoitecer";"Crescente";"Céu Claro";"Simples";"Reta";"Não";1;0;0;1;0;0;1;1;-25,02817;-53,55983;"SPRF-PR";"DEL04-PR";"UOP01-DEL04-PR"
175514;2018-12-02;"domingo";"19:50:00";"GO";40;21,5;"LUZIANIA";"Falta de Atenção do Pedestre";"Atropelamento de Pedestre";"Com Vítimas Feridas";"Plena Noite";"Crescente";"Garoa/Chuvisco";"Dupla";"Reta";"Sim";2;0;1;0;1;0;1;2;-16,218542;-47,915731;"SPRF-DF";"DEL01-DF";"UOP01-DEL01-DF"
175515;2018-12-02;"domingo";"19:50:00";"SC";470;141,9;"RIO DO SUL";"Falta de Atenção à Condução";"Colisão transversal";"Com Vítimas Feridas";"Anoitecer";"Crescente";"Nublado";"Simples";"Interseção de Vias";"Sim";2;0;1;0;1;0;1;2;-27,226065;-49,666161;"SPRF-SC";"DEL04-SC";"UOP02-DEL04-SC"
175516;2018-12-02;"domingo";"19:45:00";"SC";101;182,1;"BIGUACU";"Ingestão de Álcool";"Colisão traseira";"Com Vítimas Feridas";"Anoitecer";"Crescente";"Nublado";"Dupla";"Reta";"Sim";4;0;1;1;1;1;2;3;-27,4071;-48,6284;"SPRF-SC";"DEL01-SC";"UOP01-DEL01-SC"
175518;2018-12-02;"domingo";"18:40:00";"RN";101;158;"CANGUARETAMA";"Ingestão de álcool e/ou substâncias psicoativas pelo pedestre";"Capotamento";"Com Vítimas Feridas";"Plena Noite";"Decrescente";"Céu Claro";"Dupla";"Reta";"Sim";5;0;2;3;0;0;5;1;-6,355525;-35,16148;"SPRF-RN";"DEL01-RN";"UOP01-DEL01-RN"
175519;2018-12-02;"domingo";"20:05:00";"ES";101;296,9;"CARIACICA";"Falta de Atenção à Condução";"Colisão traseira";"Com Vítimas Feridas";"Plena Noite";"Crescente";"Chuva";"Múltipla";"Interseção de Vias";"Sim";2;0;1;1;0;0;2;2;-20,34398313;-40,40857315;"SPRF-ES";"DEL01-ES";"UOP01-DEL01-ES"
175521;2018-12-02;"domingo";"15:40:00";"SP";116;3;"QUELUZ";"Avarias e/ou desgaste excessivo no pneu";"Queda de ocupante de veículo";"Com Vítimas Feridas";"Pleno dia";"Decrescente";"Céu Claro";"Dupla";"Reta";"Não";2;0;2;0;0;0;2;1;-22,523844;-44,72633;"SPRF-SP";"DEL08-SP";"UOP02-DEL08-SP"
175522;2018-12-02;"domingo";"19:20:00";"MG";381;429;"CAETE";"Falta de Atenção à Condução";"Colisão traseira";"Com Vítimas Feridas";"Plena Noite";"Crescente";"Nublado";"Simples";"Reta";"Não";3;0;1;0;2;0;1;2;-19,77494222;-43,65211487;"SPRF-MG";"DEL01-MG";"UOP01-DEL01-MG"
175523;2018-12-02;"domingo";"20:20:00";"RJ";40;109;"DUQUE DE CAXIAS";"Falta de Atenção à Condução";"Colisão com objeto estático";"Com Vítimas Feridas";"Plena Noite";"Decrescente";"Nublado";"Múltipla";"Retorno Regulamentado";"Sim";1;0;1;0;0;0;1;1;-22,67288908;-43,28502439;"SPRF-RJ";"DEL01-RJ";"UOP01-DEL01-RJ"
175524;2018-12-02;"domingo";"20:25:00";"ES";101;280;"SERRA";"Fenômenos da Natureza";"Tombamento";"Com Vítimas Feridas";"Plena Noite";"Crescente";"Chuva";"Dupla";"Reta";"Não";1;0;1;0;0;0;1;1;-20,22386522;-40,35999298;"SPRF-ES";"DEL02-ES";"UOP01-DEL02-ES"
175526;2018-12-02;"domingo";"21:00:00";"MG";381;486,3;"BETIM";"Ingestão de Álcool";"Atropelamento de Pedestre";"Com Vítimas Feridas";"Plena Noite";"Crescente";"Céu Claro";"Múltipla";"Reta";"Sim";4;0;1;1;2;0;2;3;-19,9554;-44,1157;"SPRF-MG";"DEL01-MG";"UOP03-DEL01-MG"
175527;2018-12-02;"domingo";"19:30:00";"PA";155;317;"MARABA";"Animais na Pista";"Atropelamento de Animal";"Com Vítimas Feridas";"Plena Noite";"Decrescente";"Nublado";"Simples";"Reta";"Não";2;0;2;0;0;0;2;1;-5,60029;-49,081516;"SPRF-PA";"DEL03-PA";"UOP01-DEL03-PA"
175528;2018-12-02;"domingo";"19:30:00";"RJ";393;161;"TRES RIOS";"Desobediência às normas de trânsito pelo condutor";"Colisão com objeto estático";"Sem Vítimas";"Plena Noite";"Decrescente";"Céu Claro";"Simples";"Curva";"Não";2;0;0;0;2;0;0;1;-22,127502;-43,147022;"SPRF-RJ";"DEL06-RJ";"UOP01-DEL05-RJ"
175529;2018-12-02;"domingo";"08:50:00";"SC";282;54,4;"AGUAS MORNAS";"Ingestão de Álcool";"Tombamento";"Com Vítimas Feridas";"Plena Noite";"Decrescente";"Sol";"Simples";"Curva";"Não";1;0;0;1;0;0;1;1;-27,68809623;-48,97715271;"SPRF-SC";"DEL01-SC";"UOP03-DEL01-SC"
175530;2018-12-02;"domingo";"17:00:00";"PE";424;98;"GARANHUNS";"Ultrapassagem Indevida";"Saída de leito carroçável";"Sem Vítimas";"Pleno dia";"Crescente";"Ignorado";"Simples";"Curva";"Não";2;0;0;0;2;0;0;1;-8,942529;-36,508846;"SPRF-PE";"DEL03-PE";"UOP01-DEL03-PE"
175531;2018-12-02;"domingo";"18:00:00";"PE";424;88,1;"GARANHUNS";"Ingestão de Álcool";"Colisão com objeto estático";"Com Vítimas Feridas";"Plena Noite";"Crescente";"Nublado";"Simples";"Declive;Curva";"Não";1;0;0;1;0;0;1;1;-8,88290924;-36,50855541;"SPRF-PE";"DEL03-PE";"UOP01-DEL03-PE"
175532;2018-12-02;"domingo";"15:30:00";"SC";163;84,7;"GUARACIABA";"Condutor Dormindo";"Saída de leito carroçável";"Sem Vítimas";"Pleno dia";"Crescente";"Céu Claro";"Dupla";"Curva;Rotatória";"Sim";1;0;0;0;0;1;0;1;-26,59428135;-53,51424068;"SPRF-SC";"DEL07-SC";"UOP03-DEL07-SC"
175533;2018-12-02;"domingo";"19:30:00";"BA";116;8,8;"VITORIA DA CONQUISTA";"Falta de Atenção à Condução";"Colisão transversal";"Com Vítimas Feridas";"Plena Noite";"Crescente";"Céu Claro";"Simples";"Reta";"Não";3;0;1;0;2;0;1;2;-14,85091867;-40,88311374;"SPRF-BA";"DEL08-BA";"UOP01-DEL08-BA"
175534;2018-12-02;"domingo";"06:30:00";"RS";293;193,5;"BAGE";"Condutor Dormindo";"Saída de leito carroçável";"Com Vítimas Feridas";"Pleno dia";"Decrescente";"Céu Claro";"Simples";"Reta";"Não";1;0;1;0;0;0;1;1;-31,259039;-54,178856;"SPRF-RS";"DEL11-RS";"UOP03-DEL11-RS"
175535;2018-12-02;"domingo";"20:30:00";"MS";163;484,5;"CAMPO GRANDE";"Falta de Atenção à Condução";"Colisão transversal";"Com Vítimas Feridas";"Plena Noite";"Crescente";"Céu Claro";"Simples";"Reta";"Sim";4;0;2;0;2;0;2;2;-20,44792409;-54,54093933;"SPRF-MS";"DEL01-MS";"UOP02-DEL01-MS"
175536;2018-12-02;"domingo";"18:00:00";"RS";471;483,9;"RIO GRANDE";"Condutor Dormindo";"Saída de leito carroçável";"Com Vítimas Feridas";"Pleno dia";"Decrescente";"Sol";"Simples";"Reta";"Não";1;0;0;1;0;0;1;1;-32,219711;-52,464478;"SPRF-RS";"DEL07-RS";"UOP02-DEL07-RS"
175537;2018-12-02;"domingo";"19:15:00";"MT";163;1050;"MATUPA";"Falta de Atenção à Condução";"Colisão traseira";"Com Vítimas Feridas";"Plena Noite";"Crescente";"Nublado";"Simples";"Reta";"Não";6;0;0;2;4;0;2;2;-10,10662895;-54,92689312;"SPRF-MT";"DEL06-MT";"UOP02-DEL06-MT"
175539;2018-12-02;"domingo";"21:45:00";"ES";101;227;"FUNDAO";"Pista Escorregadia";"Saída de leito carroçável";"Com Vítimas Feridas";"Plena Noite";"Decrescente";"Chuva";"Simples";"Reta";"Não";6;0;6;0;0;0;6;1;-19,91156004;-40,40743053;"SPRF-ES";"DEL02-ES";"UOP01-DEL02-ES"
175540;2018-12-02;"domingo";"20:00:00";"CE";116;9;"FORTALEZA";"Ingestão de Álcool";"Atropelamento de Pedestre";"Com Vítimas Feridas";"Plena Noite";"Crescente";"Céu Claro";"Dupla";"Curva";"Não";2;0;1;0;0;1;1;2;-3,8384;-38,5013;"SPRF-CE";"DEL01-CE";"UOP02-DEL01-CE"
175541;2018-12-02;"domingo";"21:00:00";"PR";467;83,2;"CASCAVEL";"Ingestão de Álcool";"Colisão lateral";"Com Vítimas Feridas";"Plena Noite";"Decrescente";"Céu Claro";"Dupla";"Reta";"Não";2;0;1;0;1;0;1;2;-24,8125;-53,6653;"SPRF-PR";"DEL04-PR";"UOP01-DEL04-PR"
175542;2018-12-02;"domingo";"21:00:00";"GO";60;175;"ABADIA DE GOIAS";"Velocidade Incompatível";"Saída de leito carroçável";"Com Vítimas Feridas";"Plena Noite";"Crescente";"Nublado";"Dupla";"Reta";"Sim";1;0;1;0;0;0;1;1;-16,7519;-49,4317;"SPRF-GO";"DEL01-GO";"UOP02-DEL01-GO"
175543;2018-12-02;"domingo";"19:00:00";"BA";101;280;"LAJE";"Desobediência às normas de trânsito pelo condutor";"Engavetamento";"Sem Vítimas";"Plena Noite";"Crescente";"Chuva";"Simples";"Aclive";"Não";4;0;0;0;2;2;0;4;-13,1098;-39,2857;"SPRF-BA";"DEL01-BA";"UOP02-DEL01-BA"
175545;2018-12-02;"domingo";"22:00:00";"MG";354;757;"ITAMONTE";"Falta de Atenção à Condução";"Saída de leito carroçável";"Com Vítimas Feridas";"Plena Noite";"Crescente";"Ignorado";"Simples";"Curva";"Não";1;0;0;1;0;0;1;1;-22,31600051;-44,85406495;"SPRF-MG";"DEL16-MG";"UOP02-DEL16-MG"
175546;2018-12-02;"domingo";"20:00:00";"MG";381;319;"NOVA ERA";"Ingestão de Álcool";"Colisão frontal";"Sem Vítimas";"Plena Noite";"Decrescente";"Chuva";"Simples";"Curva";"Não";2;0;0;0;2;0;0;2;-19,7609;-43,0306;"SPRF-MG";"DEL03-MG";"UOP02-DEL03-MG"
175548;2018-12-02;"domingo";"21:50:00";"RS";470;228;"GARIBALDI";"Ingestão de Álcool";"Saída de leito carroçável";"Com Vítimas Feridas";"Plena Noite";"Decrescente";"Nublado";"Simples";"Reta";"Não";3;0;1;0;1;1;1;2;-29,26321765;-51,50407791;"SPRF-RS";"DEL06-RS";"UOP01-DEL06-RS"
175549;2018-12-02;"domingo";"22:00:00";"ES";101;159;"LINHARES";"Falta de Atenção à Condução";"Queda de ocupante de veículo";"Com Vítimas Feridas";"Plena Noite";"Crescente";"Chuva";"Simples";"Interseção de Vias";"Sim";2;0;2;0;0;0;2;1;-19,47006735;-40,11127895;"SPRF-ES";"DEL04-ES";"UOP01-DEL04-ES"
175550;2018-12-02;"domingo";"21:30:00";"RN";304;47,6;"MOSSORO";"Desobediência às normas de trânsito pelo condutor";"Colisão frontal";"Com Vítimas Feridas";"Plena Noite";"Decrescente";"Céu Claro";"Dupla";"Curva";"Sim";2;0;0;1;1;0;1;2;-5,225972;-37,330868;"SPRF-RN";"DEL04-RN";"UOP01-DEL04-RN"
175552;2018-12-02;"domingo";"17:40:00";"MG";381;331;"NOVA ERA";"Velocidade Incompatível";"Saída de leito carroçável";"Com Vítimas Feridas";"Pleno dia";"Decrescente";"Chuva";"Dupla";"Curva";"Sim";3;0;2;0;1;0;2;1;-19,76022325;-43,03452753;"SPRF-MG";"DEL03-MG";"UOP01-DEL03-MG"