"id";"data_inversa";"dia_semana";"horario";"uf";"br";"km";"municipio";"causa_acidente";"tipo_acidente";"classificacao_acidente";"fase_dia";"sentido_via";"condicao_metereologica";"tipo_pista";"tracado_via";"uso_solo";"pessoas";"mortos";"feridos_leves";"feridos_graves";"ilesos";"ignorados";"feridos";"veiculos";"latitude";"longitude";"regional";"delegacia";"uop"
175554;2018-12-02;"domingo";"21:00:00";"BA";101;878;"TEIXEIRA DE FREITAS";"Ingestão de Álcool";"Colisão traseira";"Com Vítimas Feridas";"Plena Noite";"Crescente";"Garoa/Chuvisco";"Simples";"Reta";"Sim";1;0;0;1;0;0;1;1;-17,5466;-39,7192;"SPRF-BA";"DEL09-BA";"UOP02-DEL09-BA"
175557;2018-12-02;"domingo";"22:00:00";"SP";459;30,5;"LORENA";"Falta de Atenção à Condução";"Colisão traseira";"Sem Vítimas";"Plena Noite";"Decrescente";"Garoa/Chuvisco";"Simples";"Reta";"Sim";3;0;0;0;3;0;0;2;-22,725021;-45,103531;"SPRF-SP";"DEL08-SP";"UOP03-DEL08-SP"
175558;2018-12-02;"domingo";"19:40:00";"MG";262;719;"ARAXA";"Falta de Atenção à Condução";"Colisão traseira";"Com Vítimas Feridas";"Plena Noite";"Decrescente";"Chuva";"Simples";"Reta";"Não";2;0;1;0;1;0;1;2;-19,61172037;-47,19560802;"SPRF-MG";"DEL08-MG";"UOP01-DEL08-MG"
175559;2018-12-02;"domingo";"18:30:00";"MG";40;714,5;"BARBACENA";"Falta de Atenção à Condução";"Colisão lateral";"Sem Vítimas";"Plena Noite";"Decrescente";"Chuva";"Simples";"Reta";"Não";3;0;0;0;3;0;0;3;-21,2669;-43,6529;"SPRF-MG";"DEL05-MG";"UOP01-DEL05-MG"
175560;2018-12-02;"domingo";"21:40:00";"MT";364;401;"CUIABA";"Restrição de Visibilidade";"Colisão frontal";"Sem Vítimas";"Plena Noite";"Decrescente";"Céu Claro";"Simples";"Reta";"Sim";3;0;0;0;3;0;0;2;-15,65440375;-55,98942876;"SPRF-MT";"DEL02-MT";"UOP02-DEL01-MT"
175561;2018-12-02;"domingo";"22:00:00";"SC";280;236,1;"CANOINHAS";"Falta de Atenção do Pedestre";"Atropelamento de Pedestre";"Com Vítimas Fatais";"Plena Noite";"Decrescente";"Céu Claro";"Simples";"Reta";"Sim";3;1;0;0;1;1;0;2;-26,194757;-50,422932;"SPRF-SC";"DEL06-SC";"UOP04-DEL06-SC"
175562;2018-12-02;"domingo";"12:30:00";"MA";316;356;"BACABAL";"Falta de Atenção à Condução";"Colisão lateral";"Com Vítimas Fatais";"Pleno dia";"Crescente";"Céu Claro";"Simples";"Rotatória";"Sim";2;1;0;0;1;0;0;2;-4,230882;-44,828148;"SPRF-MA";"DEL02-MA";"DEL18/2-UOP03/MA"
175564;2018-12-02;"domingo";"22:15:00";"MS";60;544,5;"NIOAQUE";"Ingestão de Álcool";"Saída de leito carroçável";"Com Vítimas Feridas";"Plena Noite";"Crescente";"Céu Claro";"Simples";"Reta";"Não";3;0;2;1;0;0;3;1;-21,15678;-55,849758;"SPRF-MS";"DEL05-MS";"UOP01-DEL05-MS"
175565;2018-12-02;"domingo";"23:25:00";"PR";376;167,9;"MARINGA";"Falta de Atenção à Condução";"Colisão traseira";"Com Vítimas Feridas";"Plena Noite";"Decrescente";"Céu Claro";"Dupla";"Reta";"Não";2;0;2;0;0;0;2;2;-23,409788;-51,987453;"SPRF-PR";"DEL07-PR";"UOP01-DEL09-PR"
175567;2018-12-02;"domingo";"23:00:00";"PR";277;13;"PARANAGUA";"Ingestão de álcool e/ou substâncias psicoativas pelo pedestre";"Saída de leito carroçável";"Sem Vítimas";"Plena Noite";"Decrescente";"Céu Claro";"Dupla";"Reta";"Não";1;0;0;0;1;0;0;1;-25,56226501;-48,63853455;"SPRF-PR";"DEL01-PR";"UOP05-DEL01-PR"
175570;2018-12-02;"domingo";"18:00:00";"MG";116;555;"DIVISA ALEGRE";"Pista Escorregadia";"Saída de leito carroçável";"Com Vítimas Feridas";"Anoitecer";"Decrescente";"Chuva";"Simples";"Curva";"Não";2;0;1;1;0;0;2;1;-15,761115;-41,332664;"SPRF-MG";"DEL06-MG";"UOP02-DEL06-MG"
175575;2018-12-02;"domingo";"20:20:00";"RJ";40;119;"DUQUE DE CAXIAS";"Falta de Atenção à Condução";"Queda de ocupante de veículo";"Com Vítimas Feridas";"Plena Noite";"Decrescente";"Céu Claro";"Simples";"Curva";"Sim";1;0;0;1;0;0;1;1;-22,7713;-43,2862;"SPRF-RJ";"DEL01-RJ";"UOP01-DEL01-RJ"
175577;2018-12-02;"domingo";"21:00:00";"PE";428;159,5;"PETROLINA";"Deficiência ou não Acionamento do Sistema de Iluminação/Sinalização do Veículo";"Colisão traseira";"Sem Vítimas";"Plena Noite";"Crescente";"Nublado";"Simples";"Reta";"Não";2;0;0;0;1;1;0;2;-9,13954;-40,352463;"SPRF-PE";"DEL06-PE";"UOP01-DEL06-PE"
175578;2018-12-02;"domingo";"23:30:00";"PR";376;168;"MARINGA";"Falta de Atenção à Condução";"Colisão traseira";"Sem Vítimas";"Plena Noite";"Decrescente";"Céu Claro";"Dupla";"Reta";"Não";2;0;0;0;2;0;0;2;-23,409788;-51,987453;"SPRF-PR";"DEL07-PR";"UOP01-DEL09-PR"
175580;2018-12-03;"segunda-feira";"00:50:00";"SP";116;217,3;"GUARULHOS";"Falta de Atenção à Condução";"Colisão traseira";"Com Vítimas Feridas";"Plena Noite";"Decrescente";"Chuva";"Múltipla";"Reta";"Não";2;0;1;0;0;1;1;2;-23,45560893;-46,47491455;"SPRF-SP";"DEL01-SP";"UOP01-DEL01-SP"
175581;2018-12-03;"segunda-feira";"01:30:00";"SP";381;61;"MAIRIPORA";"Velocidade Incompatível";"Tombamento";"Com Vítimas Feridas";"Plena Noite";"Decrescente";"Chuva";"Dupla";"Curva";"Não";1;0;1;0;0;0;1;1;-23,29312923;-46,57602701;"SPRF-SP";"DEL03-SP";"UOP01-DEL03-SP"
175583;2018-12-03;"segunda-feira";"01:40:00";"SC";101;188,9;"BIGUACU";"Falta de Atenção à Condução";"Colisão com objeto estático";"Com Vítimas Feridas";"Plena Noite";"Crescente";"Nublado";"Dupla";"Reta";"Não";2;0;1;0;1;0;1;2;-27,4596;-48,6389;"SPRF-SC";"DEL01-SC";"UOP01-DEL01-SC"
175584;2018-12-03;"segunda-feira";"01:50:00";"SP";116;271,7;"TABOAO DA SERRA";"Falta de Atenção à Condução";"Saída de leito carroçável";"Com Vítimas Feridas";"Plena Noite";"Crescente";"Nublado";"Dupla";"Reta";"Sim";1;0;1;0;0;0;1;1;-23,60763482;-46,76633488;"SPRF-SP";"DEL04-SP";"UOP01-DEL04-SP"
175585;2018-12-03;"segunda-feira";"01:50:00";"MG";381;578,6;"CARMOPOLIS DE MINAS";"Ingestão de Álcool";"Saída de leito carroçável";"Com Vítimas Feridas";"Plena Noite";"Decrescente";"Chuva";"Dupla";"Curva";"Não";3;0;3;0;0;0;3;1;-20,4778;-44,5849;"SPRF-MG";"DEL04-MG";"UOP01-DEL04-MG"
175586;2018-12-03;"segunda-feira";"01:00:00";"CE";116;378,2;"ICO";"Ingestão de Álcool";"Colisão lateral";"Com Vítimas Fatais";"Plena Noite";"Crescente";"Céu Claro";"Simples";"Viaduto";"Sim";2;1;0;0;0;1;0;2;-6,41925407;-38,8614428;"SPRF-CE";"DEL05-CE";"UOP01-DEL05-CE"
175587;2018-12-02;"domingo";"16:20:00";"ES";259;49,8;"COLATINA";"Falta de Atenção à Condução";"Colisão lateral";"Sem Vítimas";"Pleno dia";"Crescente";"Ignorado";"Simples";"Interseção de Vias";"Sim";3;0;0;0;0;3;0;2;-19,518734;-40,600407;"SPRF-ES";"DEL02-ES";"UOP01-DEL02-ES"
175589;2018-12-03;"segunda-feira";"01:44:00";"SP";116;222;"GUARULHOS";"Defeito Mecânico no Veículo";"Colisão traseira";"Com Vítimas Feridas";"Plena Noite";"Decrescente";"Nublado";"Múltipla";"Reta";"Sim";3;0;2;0;1;0;2;3;-23,47332388;-46,52057648;"SPRF-SP";"DEL01-SP";"UOP01-DEL01-SP"
175590;2018-12-02;"domingo";"19:15:00";"PB";230;224;"SOLEDADE";"Ingestão de Álcool";"Colisão frontal";"Com Vítimas Feridas";"Plena Noite";"Crescente";"Céu Claro";"Simples";"Reta";"Não";2;0;1;0;1;0;1;2;-7,0379;-36,4329;"SPRF-PB";"DEL02-PB";"UOP02-DEL02-PB"
175593;2018-12-03;"segunda-feira";"01:10:00";"PI";343;596;"FLORIANO";"Falta de Atenção à Condução";"Colisão com objeto estático";"Com Vítimas Feridas";"Plena Noite";"Decrescente";"Céu Claro";"Dupla";"Reta";"Sim";1;0;1;0;0;0;1;1;-6,805063;-43,0508;"SPRF-PI";"DEL03-PI";"UOP01-DEL03-PI"
175594;2018-12-03;"segunda-feira";"01:30:00";"ES";101;209;"IBIRACU";"Velocidade Incompatível";"Saída de leito carroçável";"Com Vítimas Feridas";"Plena Noite";"Decrescente";"Chuva";"Simples";"Reta";"Não";1;0;0;1;0;0;1;1;-19,791643;-40,371393;"SPRF-ES";"DEL02-ES";"UOP01-DEL02-ES"
175595;2018-12-03;"segunda-feira";"04:25:00";"ES";101;368;"ANCHIETA";"Velocidade Incompatível";"Capotamento";"Com Vítimas Feridas";"Plena Noite";"Crescente";"Céu Claro";"Simples";"Curva";"Não";1;0;1;0;0;0;1;1;-20,69349808;-40,68992615;"SPRF-ES";"DEL03-ES";"UOP01-DEL03-ES"
175597;2018-12-03;"segunda-feira";"06:15:00";"DF";70;12,8;"BRASILIA";"Falta de Atenção à Condução";"Colisão lateral";"Com Vítimas Feridas";"Amanhecer";"Decrescente";"Chuva";"Dupla";"Reta";"Não";2;0;1;0;1;0;1;2;-15,792243;-48,158543;"SPRF-DF";"DEL01-DF";"UOP02-DEL03-DF"
175598;2018-12-03;"segunda-feira";"04:40:00";"MG";381;483,5;"BETIM";"Defeito Mecânico no Veículo";"Tombamento";"Com Vítimas Feridas";"Amanhecer";"Decrescente";"Chuva";"Múltipla";"Reta";"Sim";2;0;1;0;1;0;1;1;-19,9596;-44,0877;"SPRF-MG";"DEL01-MG";"UOP03-DEL01-MG"
175601;2018-12-03;"segunda-feira";"04:40:00";"PE";101;3,3;"GOIANA";"Velocidade Incompatível";"Capotamento";"Sem Vítimas";"Amanhecer";"Crescente";"Nublado";"Dupla";"Declive;Curva";"Não";1;0;0;0;0;1;0;1;-7,5328;-34,9909;"SPRF-PE";"DEL01-PE";"UOP02-DEL01-PE"
175602;2018-12-03;"segunda-feira";"06:10:00";"RJ";101;333;"RIO DE JANEIRO";"Falta de Atenção à Condução";"Queda de ocupante de veículo";"Com Vítimas Feridas";"Pleno dia";"Crescente";"Nublado";"Dupla";"Reta";"Sim";2;0;2;0;0;0;2;1;-22,878471;-43,21072;"SPRF-RJ";"DEL02-RJ";"UOP02-DEL02-RJ"
175605;2018-12-03;"segunda-feira";"05:10:00";"MG";381;534,6;"ITATIAIUCU";"Velocidade Incompatível";"Saída de leito carroçável";"Com Vítimas Feridas";"Amanhecer";"Crescente";"Chuva";"Dupla";"Curva";"Não";2;0;1;0;1;0;1;1;-20,1868;-44,3809;"SPRF-MG";"DEL04-MG";"UOP03-DEL04-MG"
175608;2018-12-03;"segunda-feira";"07:00:00";"RS";116;266;"CANOAS";"Não guardar distância de segurança";"Colisão traseira";"Com Vítimas Feridas";"Amanhecer";"Decrescente";"Céu Claro";"Dupla";"Reta";"Sim";2;0;1;0;1;0;1;2;-29,932402;-51,177425;"SPRF-RS";"DEL01-RS";"UOP01-DEL01-RS"
175609;2018-12-03;"segunda-feira";"06:45:00";"PE";101;65,3;"RECIFE";"Falta de Atenção à Condução";"Colisão traseira";"Com Vítimas Feridas";"Pleno dia";"Crescente";"Céu Claro";"Dupla";"Reta";"Sim";2;0;1;0;1;0;1;2;-8,0349;-34,9415;"SPRF-PE";"DEL01-PE";"UOP01-DEL01-PE"
175610;2018-12-03;"segunda-feira";"07:40:00";"SC";101;207;"SAO JOSE";"Falta de Atenção à Condução";"Colisão lateral";"Com Vítimas Feridas";"Pleno dia";"Crescente";"Nublado";"Múltipla";"Interseção de Vias";"Não";2;0;1;0;1;0;1;2;-27,6034;-48,632;"SPRF-SC";"DEL01-SC";"UOP01-DEL01-SC"
175611;2018-12-03;"segunda-feira";"07:50:00";"GO";153;504,9;"GOIANIA";"Velocidade Incompatível";"Colisão traseira";"Com Vítimas Feridas";"Pleno dia";"Decrescente";"Chuva";"Múltipla";"Reta";"Sim";3;0;1;0;2;0;1;2;-16,743131;-49,241137;"SPRF-GO";"DEL01-GO";"UOP01-DEL01-GO"
175612;2018-12-03;"segunda-feira";"07:45:00";"ES";101;1,2;"SERRA";"Falta de Atenção à Condução";"Colisão com objeto estático";"Sem Vítimas";"Pleno dia";"Decrescente";"Garoa/Chuvisco";"Dupla";"Reta";"Sim";2;0;0;0;2;0;0;2;-20,129093;-40,308125;"SPRF-ES";"DEL02-ES";"UOP01-DEL02-ES"
175616;2018-12-03;"segunda-feira";"08:30:00";"DF";60;14;"BRASILIA";"Velocidade Incompatível";"Saída de leito carroçável";"Com Vítimas Feridas";"Pleno dia";"Decrescente";"Chuva";"Simples";"Reta";"Sim";2;0;1;0;1;0;1;1;-15,935141;-48,169449;"SPRF-DF";"DEL01-DF";"UOP01-DEL03-DF"
175617;2018-12-03;"segunda-feira";"07:45:00";"BA";324;617;"SALVADOR";"Falta de Atenção à Condução";"Colisão traseira";"Com Vítimas Feridas";"Pleno dia";"Crescente";"Céu Claro";"Dupla";"Reta";"Não";4;0;1;0;3;0;1;3;-12,86033905;-38,42227936;"SPRF-BA";"DEL01-BA";"UOP01-DEL01-BA"
175618;2018-12-03;"segunda-feira";"07:00:00";"RJ";101;309;"SAO GONCALO";"Defeito Mecânico no Veículo";"Colisão traseira";"Com Vítimas Feridas";"Pleno dia";"Crescente";"Céu Claro";"Dupla";"Reta";"Sim";3;0;1;0;2;0;1;2;-22,794992;-43,034481;"SPRF-RJ";"DEL02-RJ";"DEL5/2-UOP04/RJ"
175620;2018-12-03;"segunda-feira";"08:40:00";"RS";285;467;"IJUI";"Falta de Atenção à Condução";"Tombamento";"Com Vítimas Feridas";"Pleno dia";"Decrescente";"Céu Claro";"Simples";"Reta";"Não";1;0;1;0;0;0;1;1;-28,393915;-53,97274;"SPRF-RS";"DEL10-RS";"UOP01-DEL10-RS"
175621;2018-12-03;"segunda-feira";"07:55:00";"PR";376;271;"MARILANDIA DO SUL";"Desobediência às normas de trânsito pelo condutor";"Colisão transversal";"Com Vítimas Feridas";"Pleno dia";"Crescente";"Céu Claro";"Simples";"Reta";"Não";3;0;2;0;1;0;2;2;-23,742303;-51,274797;"SPRF-PR";"DEL07-PR";"UOP02-DEL07-PR"
175622;2018-12-03;"segunda-feira";"09:00:00";"SP";116;417;"JUQUIA";"Velocidade Incompatível";"Colisão com objeto estático";"Com Vítimas Feridas";"Pleno dia";"Crescente";"Nublado";"Dupla";"Curva";"Não";3;0;1;0;2;0;1;1;-24,35460335;-47,66418457;"SPRF-SP";"DEL05-SP";"UOP01-DEL05-SP"
175623;2018-10-12;"sexta-feira";"08:50:00";"MG";251;513,8;"MONTES CLAROS";"Ingestão de Álcool";"Atropelamento de Animal";"Com Vítimas Feridas";"Pleno dia";"Decrescente";"Sol";"Simples";"Reta";"Não";1;0;1;0;0;0;1;1;-16,6556;-43,7194;"SPRF-MG";"DEL12-MG";"UOP01-DEL12-MG"
175627;2018-12-03;"segunda-feira";"07:00:00";"MG";381;946;"EXTREMA";"Desobediência às normas de trânsito pelo condutor";"Colisão traseira";"Sem Vítimas";"Pleno dia";"Crescente";"Sol";"Simples";"Viaduto";"Não";3;0;0;0;3;0;0;3;-22,8661;-46,3491;"SPRF-MG";"DEL16-MG";"UOP03-DEL16-MG"
175629;2018-12-03;"segunda-feira";"08:40:00";"MG";381;345,5;"BELA VISTA DE MINAS";"Velocidade Incompatível";"Saída de leito carroçável";"Com Vítimas Feridas";"Pleno dia";"Decrescente";"Chuva";"Simples";"Declive;Curva";"Não";2;0;2;0;0;0;2;1;-19,7784;-43,0437;"SPRF-MG";"DEL03-MG";"UOP01-DEL03-MG"
175634;2018-12-03;"segunda-feira";"10:00:00";"ES";101;297,5;"VIANA";"Falta de Atenção à Condução";"Colisão lateral";"Com Vítimas Feridas";"Pleno dia";"Decrescente";"Céu Claro";"Dupla";"Reta";"Sim";2;0;1;0;1;0;1;2;-20,35069046;-40,41292998;"SPRF-ES";"DEL01-ES";"UOP01-DEL01-ES"
175636;2018-09-27;"quinta-feira";"07:00:00";"PE";232;32,3;"MORENO";"Falta de Atenção à Condução";"Colisão com objeto estático";"Com Vítimas Feridas";"Pleno dia";"Decrescente";"Céu Claro";"Dupla";"Reta";"Não";4;0;3;1;0;0;4;1;-8,105405;-35,166607;"SPRF-PE";"DEL01-PE";"UOP02-DEL02PE"
175637;2018-12-03;"segunda-feira";"10:09:00";"RJ";101;289,2;"ITABORAI";"Pista Escorregadia";"Colisão traseira";"Com Vítimas Fatais";"Pleno dia";"Crescente";"Chuva";"Dupla";"Reta";"Não";2;1;0;0;1;0;0;2;-22,76385521;-42,8516686;"SPRF-RJ";"DEL02-RJ";"UOP03-DEL02-RJ"
175638;2018-12-03;"segunda-feira";"08:10:00";"PI";402;41;"PARNAIBA";"Animais na Pista";"Atropelamento de Animal";"Com Vítimas Feridas";"Pleno dia";"Decrescente";"Céu Claro";"Simples";"Reta";"Não";2;0;0;2;0;0;2;1;-2,98808453;-41,70629025;"SPRF-PI";"DEL05-PI";"UOP01-DEL05-PI"
175639;2018-12-03;"segunda-feira";"09:45:00";"PR";376;176,4;"MARINGA";"Não guardar distância de segurança";"Colisão traseira";"Com Vítimas Feridas";"Pleno dia";"Crescente";"Sol";"Dupla";"Reta";"Sim";2;0;1;0;1;0;1;2;-23,412691;-51,931583;"SPRF-PR";"DEL07-PR";"UOP01-DEL09-PR"
175640;2018-12-03;"segunda-feira";"10:15:00";"RJ";393;278,8;"BARRA DO PIRAI";"Falta de Atenção à Condução";"Colisão transversal";"Sem Vítimas";"Pleno dia";"Crescente";"Garoa/Chuvisco";"Simples";"Reta";"Sim";5;0;0;0;2;3;0;3;-22,478477;-43,951252;"SPRF-RJ";"DEL05-RJ";"UOP04-DEL05-RJ"
175645;2018-12-03;"segunda-feira";"10:40:00";"GO";60;36;"GOIANIA";"Falta de Atenção à Condução";"Colisão lateral";"Com Vítimas Feridas";"Pleno dia";"Crescente";"Nublado";"Dupla";"Rotatória";"Sim";2;0;0;1;1;0;1;2;-16,6777;-49,2676;"SPRF-GO";"DEL01-GO";"UOP02-DEL01-GO"
175646;2018-12-03;"segunda-feira";"11:00:00";"SP";116;157,2;"SAO JOSE DOS CAMPOS";"Não guardar distância de segurança";"Colisão traseira";"Sem Vítimas";"Pleno dia";"Decrescente";"Sol";"Dupla";"Reta";"Sim";2;0;0;0;2;0;0;2;-23,219809;-45,899918;"SPRF-SP";"DEL02-SP";"UOP01-DEL02-SP"
175647;2018-11-01;"quinta-feira";"18:00:00";"SC";101;208,6;"SAO JOSE";"Falta de Atenção à Condução";"Colisão lateral";"Com Vítimas Feridas";"Pleno dia";"Decrescente";"Céu Claro";"Dupla";"Curva";"Sim";2;0;1;0;1;0;1;2;-27,6101;-48,6388;"SPRF-SC";"DEL01-SC";"UOP01-DEL01-SC"
175648;2018-12-03;"segunda-feira";"10:00:00";"BA";101;366;"GANDU";"Desobediência às normas de trânsito pelo condutor";"Colisão transversal";"Com Vítimas Feridas";"Pleno dia";"Decrescente";"Céu Claro";"Simples";"Rotatória";"Sim";3;0;2;0;1;0;2;2;-13,74702;-39,484628;"SPRF-BA";"DEL05-BA";"UOP03-DEL05-BA"
175650;2018-12-03;"segunda-feira";"09:30:00";"PR";469;15;"FOZ DO IGUACU";"Falta de Atenção à Condução";"Colisão transversal";"Com Vítimas Feridas";"Pleno dia";"Decrescente";"Céu Claro";"Simples";"Interseção de Vias";"Não";2;0;0;1;1;0;1;2;-25,5813;-54,5315;"SPRF-PR";"DEL05-PR";"UOP04-DEL05-PR"
175651;2018-12-03;"segunda-feira";"11:25:00";"MG";381;343;"JOAO MONLEVADE";"Falta de Atenção à Condução";"Saída de leito carroçável";"Com Vítimas Feridas";"Pleno dia";"Decrescente";"Chuva";"Múltipla";"Curva";"Não";1;0;1;0;0;0;1;1;-19,8515081;-43,15538585;"SPRF-MG";"DEL03-MG";"UOP01-DEL03-MG"
175652;2018-12-03;"segunda-feira";"07:45:00";"MG";40;100,9;"LAGOA GRANDE";"Defeito na Via";"Saída de leito carroçável";"Com Vítimas Feridas";"Pleno dia";"Decrescente";"Nublado";"Simples";"Reta";"Não";2;0;1;0;1;0;1;1;-17,561813;-46,507927;"SPRF-MG";"DEL14-MG";"UOP01-DEL14-MG"
175653;2018-12-03;"segunda-feira";"07:30:00";"PB";230;170;"CAMPINA GRANDE";"Não guardar distância de segurança";"Colisão traseira";"Com Vítimas Feridas";"Pleno dia";"Decrescente";"Garoa/Chuvisco";"Simples";"Reta";"Sim";2;0;1;0;1;0;1;2;-7,1806;-35,9873;"SPRF-PB";"DEL02-PB";"UOP02-DEL02-PB"
175654;2018-12-03;"segunda-feira";"11:29:00";"GO";153;580,2;"PROFESSOR JAMIL";"Pista Escorregadia";"Capotamento";"Com Vítimas Feridas";"Pleno dia";"Crescente";"Chuva";"Dupla";"Declive";"Não";3;0;2;0;1;0;2;1;-17,3851;-49,2343;"SPRF-GO";"DEL03-GO";"UOP01-DEL03-GO"
175655;2018-12-03;"segunda-feira";"10:30:00";"RJ";116;109;"GUAPIMIRIM";"Pista Escorregadia";"Saída de leito carroçável";"Sem Vítimas";"Pleno dia";"Crescente";"Chuva";"Dupla";"Curva";"Não";1;0;0;0;1;0;0;1;-22,542807;-42,985188;"SPRF-RJ";"DEL04-RJ";"UOP02-DEL04-RJ"
175656;2018-11-16;"sexta-feira";"16:30:00";"RN";101;104,3;"PARNAMIRIM";"Falta de Atenção à Condução";"Colisão lateral";"Com Vítimas Feridas";"Pleno dia";"Decrescente";"Céu Claro";"Múltipla";"Reta";"Sim";2;0;1;0;1;0;1;2;-5,892745;-35,257225;"SPRF-RN";"DEL01-RN";"UOP01-DEL01-RN"
175657;2018-12-03;"segunda-feira";"11:10:00";"BA";324;537;"AMELIA RODRIGUES";"Defeito Mecânico no Veículo";"Saída de leito carroçável";"Com Vítimas Feridas";"Pleno dia";"Crescente";"Céu Claro";"Dupla";"Reta";"Não";4;0;4;0;0;0;4;1;-12,37031103;-38,81195068;"SPRF-BA";"DEL01-BA";"UOP01-DEL01-BA"
175658;2018-12-03;"segunda-feira";"12:00:00";"ES";101;274,3;"SERRA";"Falta de Atenção à Condução";"Colisão com objeto estático";"Com Vítimas Feridas";"Pleno dia";"Decrescente";"Nublado";"Dupla";"Curva";"Sim";1;0;1;0;0;0;1;1;-20,2074298;-40,30775612;"SPRF-ES";"DEL02-ES";"UOP01-DEL02-ES"
175660;2018-12-03;"segunda-feira";"05:40:00";"PE";101;95;"CABO DE SANTO AGOSTINHO";"Defeito Mecânico no Veículo";"Incêndio";"Sem Vítimas";"Pleno dia";"Decrescente";"Céu Claro";"Dupla";"Reta";"Não";1;0;0;0;1;0;0;1;-8,3201;-35,1109;"SPRF-PE";"DEL01-PE";"UOP03-DEL01-PE"
175661;2018-12-03;"segunda-feira";"12:00:00";"MG";365;347,8;"VARJAO DE MINAS";"Pista Escorregadia";"Saída de leito carroçável";"Com Vítimas Feridas";"Pleno dia";"Crescente";"Chuva";"Simples";"Reta";"Não";2;0;2;0;0;0;2;1;-18,405556;-46,058613;"SPRF-MG";"DEL10-MG";"UOP01-DEL10-MG"
175662;2018-12-03;"segunda-feira";"12:30:00";"ES";101;192;"JOAO NEIVA";"Fenômenos da Natureza";"Saída de leito carroçável";"Com Vítimas Feridas";"Pleno dia";"Decrescente";"Chuva";"Simples";"Aclive";"Não";2;0;1;1;0;0;2;1;-19,7207186;-40,35124563;"SPRF-ES";"DEL04-ES";"UOP01-DEL04-ES"
175663;2018-12-03;"segunda-feira";"12:10:00";"RN";405;0,5;"MOSSORO";"Não guardar distância de segurança";"Colisão lateral";"Com Vítimas Feridas";"Pleno dia";"Crescente";"Sol";"Simples";"Interseção de Vias";"Sim";2;0;1;0;1;0;1;2;-5,191467;-37,351887;"SPRF-RN";"DEL04-RN";"UOP02-DEL04-RN"
175665;2018-12-03;"segunda-feira";"11:50:00";"PR";469;16,2;"FOZ DO IGUACU";"Defeito Mecânico no Veículo";"Incêndio";"Sem Vítimas";"Pleno dia";"Crescente";"Céu Claro";"Simples";"Reta";"Não";1;0;0;0;1;0;0;1;-25,5844;-54,5245;"SPRF-PR";"DEL05-PR";"UOP04-DEL05-PR"
175667;2018-12-03;"segunda-feira";"13:30:00";"SP";116;431,1;"REGISTRO";"Defeito Mecânico no Veículo";"Incêndio";"Sem Vítimas";"Pleno dia";"Crescente";"Nublado";"Dupla";"Reta";"Não";1;0;0;0;1;0;0;1;-24,47329738;-47,82629045;"SPRF-SP";"DEL05-SP";"UOP01-DEL05-SP"
175668;2018-12-03;"segunda-feira";"07:30:00";"SC";470;176;"POUSO REDONDO";"Falta de Atenção à Condução";"Colisão frontal";"Com Vítimas Feridas";"Pleno dia";"Crescente";"Nublado";"Simples";"Reta";"Não";2;0;1;0;1;0;1;2;-27,254238;-49,948658;"SPRF-SC";"DEL04-SC";"UOP02-DEL04-SC"
175670;2018-12-03;"segunda-feira";"14:50:00";"MG";116;703,8;"MURIAE";"Falta de Atenção à Condução";"Colisão traseira";"Com Vítimas Feridas";"Pleno dia";"Decrescente";"Céu Claro";"Simples";"Reta";"Não";2;0;1;0;1;0;1;2;-21,12037356;-42,38010406;"SPRF-MG";"DEL07-MG";"UOP02-DEL07-MG"
175672;2018-11-23;"sexta-feira";"22:30:00";"MT";70;56;"BARRA DO GARCAS";"Fenômenos da Natureza";"Capotamento";"Com Vítimas Feridas";"Plena Noite";"Crescente";"Chuva";"Simples";"Reta";"Não";2;0;2;0;0;0;2;1;-15,715224;-52,664345;"SPRF-MT";"DEL07-MT";"UOP01-DEL07-MT"
175674;2018-12-03;"segunda-feira";"12:00:00";"ES";259;103,1;"BAIXO GUANDU";"Pista Escorregadia";"Saída de leito carroçável";"Com Vítimas Feridas";"Pleno dia";"Decrescente";"Chuva";"Simples";"Reta";"Não";1;0;1;0;0;0;1;1;-19,51753;-41,019676;"SPRF-ES";"DEL02-ES";"UOP01-DEL02-ES"
175676;2018-12-03;"segunda-feira";"15:50:00";"GO";40;3;"VALPARAISO DE GOIAS";"Velocidade Incompatível";"Colisão traseira";"Com Vítimas Feridas";"Pleno dia";"Crescente";"Céu Claro";"Dupla";"Aclive";"Sim";3;0;1;0;2;0;1;3;-16,100814;-47,977351;"SPRF-DF";"DEL01-DF";"UOP01-DEL01-DF"
175677;2018-12-03;"segunda-feira";"11:20:00";"MG";381;494;"BETIM";"Objeto estático sobre o leito carroçável";"Tombamento";"Com Vítimas Feridas";"Pleno dia";"Crescente";"Sol";"Dupla";"Reta";"Sim";1;0;1;0;0;0;1;1;-19,9731;-44,1843;"SPRF-MG";"DEL01-MG";"UOP03-DEL01-MG"
175678;2018-12-03;"segunda-feira";"16:20:00";"RJ";40;41;"PETROPOLIS";"Condutor Dormindo";"Colisão traseira";"Com Vítimas Feridas";"Pleno dia";"Crescente";"Céu Claro";"Dupla";"Reta";"Não";2;0;1;0;1;0;1;2;-22,2578;-43,1086;"SPRF-RJ";"DEL06-RJ";"UOP02-DEL05-RJ"