"id";"data_inversa";"dia_semana";"horario";"uf";"br";"km";"municipio";"causa_acidente";"tipo_acidente";"classificacao_acidente";"fase_dia";"sentido_via";"condicao_metereologica";"tipo_pista";"tracado_via";"uso_solo";"pessoas";"mortos";"feridos_leves";"feridos_graves";"ilesos";"ignorados";"feridos";"veiculos";"latitude";"longitude";"regional";"delegacia";"uop"
175806;2018-12-04;"terça-feira";"08:30:00";"CE";116;5;"FORTALEZA";"Falta de Atenção à Condução";"Colisão traseira";"Sem Vítimas";"Pleno dia";"Crescente";"Céu Claro";"Múltipla";"Viaduto";"Sim";3;0;0;0;3;0;0;2;-3,79899783;-38,50596428;"SPRF-CE";"DEL01-CE";"UOP02-DEL01-CE"
175807;2018-12-04;"terça-feira";"06:00:00";"MT";70;375,5;"CAMPO VERDE";"Falta de Atenção à Condução";"Saída de leito carroçável";"Com Vítimas Fatais";"Amanhecer";"Crescente";"Nublado";"Simples";"Reta";"Não";2;1;0;0;1;0;0;2;-15,493846;-55,081169;"SPRF-MT";"DEL05-MT";"UOP01-DEL05-MT"
175809;2018-12-04;"terça-feira";"10:00:00";"RS";290;92;"PORTO ALEGRE";"Defeito Mecânico no Veículo";"Tombamento";"Com Vítimas Feridas";"Pleno dia";"Crescente";"Céu Claro";"Múltipla";"Reta";"Não";1;0;1;0;0;0;1;1;-29,971916;-51,176838;"SPRF-RS";"DEL01-RS";"UOP01-DEL01-RS"
175810;2018-12-04;"terça-feira";"03:00:00";"MA";10;150;"PORTO FRANCO";"Falta de Atenção do Pedestre";"Atropelamento de Pedestre";"Com Vítimas Fatais";"Plena Noite";"Decrescente";"Chuva";"Simples";"Reta";"Não";2;1;0;0;0;1;0;2;-6,402057;-47,388421;"SPRF-MA";"DEL04-MA";"UOP02-DEL04-MA"
175813;2018-12-04;"terça-feira";"07:25:00";"PE";101;96;"CABO DE SANTO AGOSTINHO";"Condutor Dormindo";"Saída de leito carroçável";"Com Vítimas Fatais";"Pleno dia";"Crescente";"Céu Claro";"Simples";"Reta";"Não";1;1;0;0;0;0;0;1;-8,252492;-35,01785;"SPRF-PE";"DEL01-PE";"UOP03-DEL01-PE"
175814;2018-12-04;"terça-feira";"10:00:00";"MG";116;276,3;"TEOFILO OTONI";"Falta de Atenção à Condução";"Tombamento";"Com Vítimas Feridas";"Pleno dia";"Crescente";"Nublado";"Simples";"Reta";"Sim";3;0;1;0;2;0;1;3;-17,8769566;-41,5162663;"SPRF-MG";"DEL11-MG";"UOP01-DEL11-MG"
175815;2018-12-04;"terça-feira";"08:30:00";"BA";101;467,9;"URUCUCA";"Velocidade Incompatível";"Saída de leito carroçável";"Com Vítimas Feridas";"Pleno dia";"Decrescente";"Chuva";"Simples";"Curva";"Não";1;0;1;0;0;0;1;1;-14,4933;-39,3294;"SPRF-BA";"DEL05-BA";"UOP01-DEL05-BA"
175817;2018-12-04;"terça-feira";"12:00:00";"SC";101;127,7;"ITAJAI";"Não guardar distância de segurança";"Colisão lateral";"Com Vítimas Feridas";"Pleno dia";"Crescente";"Céu Claro";"Dupla";"Reta";"Não";2;0;0;1;1;0;1;2;-26,973;-48,6828;"SPRF-SC";"DEL04-SC";"UOP04-DEL04-SC"
175818;2018-12-04;"terça-feira";"12:00:00";"GO";60;109;"ANAPOLIS";"Avarias e/ou desgaste excessivo no pneu";"Saída de leito carroçável";"Com Vítimas Feridas";"Pleno dia";"Decrescente";"Céu Claro";"Dupla";"Reta";"Não";1;0;1;0;0;0;1;1;-16,4478;-49,0224;"SPRF-GO";"DEL01-GO";"UOP01-DEL01-GO"
175819;2018-11-23;"sexta-feira";"15:12:00";"SP";116;147;"SAO JOSE DOS CAMPOS";"Falta de Atenção à Condução";"Colisão transversal";"Com Vítimas Feridas";"Pleno dia";"Decrescente";"Chuva";"Múltipla";"Reta";"Sim";2;0;1;0;1;0;1;2;-23,195473;-45,871849;"SPRF-SP";"DEL02-SP";"UOP01-DEL02-SP"
175822;2018-12-04;"terça-feira";"10:45:00";"RN";101;106,2;"PARNAMIRIM";"Não guardar distância de segurança";"Colisão traseira";"Com Vítimas Feridas";"Pleno dia";"Decrescente";"Nublado";"Dupla";"Reta";"Sim";3;0;1;0;2;0;1;2;-5,910553;-35,261307;"SPRF-RN";"DEL01-RN";"UOP01-DEL01-RN"
175823;2018-11-23;"sexta-feira";"08:15:00";"PR";369;39,5;"ANDIRA";"Desobediência às normas de trânsito pelo condutor";"Colisão lateral";"Com Vítimas Feridas";"Pleno dia";"Decrescente";"Céu Claro";"Simples";"Reta";"Não";2;0;1;0;1;0;1;2;-23,06273437;-50,25764465;"SPRF-PR";"DEL07-PR";"UOP05-DEL07-PR"
175824;2018-12-04;"terça-feira";"11:00:00";"CE";222;1,9;"FORTALEZA";"Desobediência às normas de trânsito pelo condutor";"Colisão transversal";"Sem Vítimas";"Pleno dia";"Decrescente";"Céu Claro";"Múltipla";"Reta";"Sim";2;0;0;0;2;0;0;2;-3,737807;-38,578083;"SPRF-CE";"DEL01-CE";"UOP01-DEL01-CE"
175825;2018-12-04;"terça-feira";"12:09:00";"RJ";116;168,7;"SAO JOAO DE MERITI";"Falta de Atenção à Condução";"Engavetamento";"Com Vítimas Feridas";"Pleno dia";"Decrescente";"Céu Claro";"Múltipla";"Reta";"Sim";12;0;3;0;8;1;3;9;-22,819967;-43,314999;"SPRF-RJ";"DEL01-RJ";"UOP02-DEL01-RJ"
175826;2018-11-30;"sexta-feira";"20:35:00";"RO";364;389,5;"OURO PRETO DO OESTE";"Falta de Atenção do Pedestre";"Atropelamento de Pedestre";"Com Vítimas Feridas";"Plena Noite";"Decrescente";"Chuva";"Simples";"Declive";"Não";2;0;1;1;0;0;2;2;-10,680047;-62,279797;"SPRF-RO";"DEL03-RO";"UOP02-DEL03-RO"
175827;2018-12-04;"terça-feira";"13:15:00";"SC";280;26;"ARAQUARI";"Falta de Atenção do Pedestre";"Atropelamento de Pedestre";"Com Vítimas Feridas";"Pleno dia";"Crescente";"Céu Claro";"Simples";"Reta";"Sim";2;0;2;0;0;0;2;2;-26,389757;-48,734154;"SPRF-SC";"DEL03-SC";"UOP03-DEL03-SC"
175828;2018-12-04;"terça-feira";"13:20:00";"GO";153;619,9;"MORRINHOS";"Falta de Atenção à Condução";"Saída de leito carroçável";"Com Vítimas Feridas";"Pleno dia";"Decrescente";"Nublado";"Dupla";"Reta";"Não";1;0;1;0;0;0;1;1;-17,7129;-49,1549;"SPRF-GO";"DEL03-GO";"UOP01-DEL03-GO"
175829;2018-12-04;"terça-feira";"12:10:00";"PE";232;139,2;"SAO CAITANO";"Avarias e/ou desgaste excessivo no pneu";"Capotamento";"Com Vítimas Feridas";"Pleno dia";"Crescente";"Céu Claro";"Dupla";"Reta;Declive";"Não";2;0;2;0;0;0;2;1;-8,3196;-36,06982;"SPRF-PE";"DEL02-PE";"UOP03-DEL02-PE"
175830;2018-12-04;"terça-feira";"13:45:00";"SC";470;172,1;"POUSO REDONDO";"Falta de Atenção à Condução";"Colisão transversal";"Sem Vítimas";"Pleno dia";"Crescente";"Céu Claro";"Simples";"Rotatória";"Sim";2;0;0;0;2;0;0;2;-27,257526;-49,909592;"SPRF-SC";"DEL04-SC";"UOP02-DEL04-SC"
175831;2018-12-04;"terça-feira";"13:50:00";"SC";101;203,2;"SAO JOSE";"Falta de Atenção à Condução";"Colisão lateral";"Com Vítimas Feridas";"Pleno dia";"Crescente";"Céu Claro";"Dupla";"Retorno Regulamentado";"Sim";2;0;1;0;1;0;1;2;-27,5742;-48,6134;"SPRF-SC";"DEL01-SC";"UOP01-DEL01-SC"
175832;2018-12-04;"terça-feira";"10:40:00";"RJ";465;20;"NOVA IGUACU";"Falta de Atenção do Pedestre";"Atropelamento de Pedestre";"Com Vítimas Feridas";"Pleno dia";"Decrescente";"Sol";"Simples";"Reta";"Sim";2;0;1;0;1;0;1;2;-22,846828;-43,605339;"SPRF-RJ";"DEL01-RJ";"UOP03-DEL01-RJ"
175835;2018-12-04;"terça-feira";"13:25:00";"DF";80;25,1;"BRASILIA";"Falta de Atenção à Condução";"Colisão frontal";"Com Vítimas Feridas";"Pleno dia";"Decrescente";"Chuva";"Simples";"Reta;Declive";"Não";5;0;3;0;2;0;3;2;-15,62121;-48,198963;"SPRF-DF";"DEL01-DF";"UOP02-DEL03-DF"
175836;2018-12-04;"terça-feira";"14:10:00";"SC";101;118;"ITAJAI";"Falta de Atenção à Condução";"Colisão transversal";"Com Vítimas Feridas";"Pleno dia";"Crescente";"Céu Claro";"Dupla";"Interseção de Vias";"Não";2;0;1;0;1;0;1;2;-26,9045;-48,7153;"SPRF-SC";"DEL04-SC";"UOP04-DEL04-SC"
175837;2018-12-04;"terça-feira";"14:00:00";"MG";116;303,3;"ITAMBACURI";"Falta de Atenção à Condução";"Colisão transversal";"Com Vítimas Feridas";"Pleno dia";"Decrescente";"Nublado";"Simples";"Aclive";"Não";3;0;0;1;2;0;1;2;-18,02199682;-41,64728165;"SPRF-MG";"DEL11-MG";"UOP01-DEL11-MG"
175838;2018-11-18;"domingo";"16:00:00";"MS";267;308;"RIO BRILHANTE";"Falta de Atenção à Condução";"Colisão traseira";"Sem Vítimas";"Pleno dia";"Decrescente";"Chuva";"Simples";"Reta";"Não";2;0;0;0;2;0;0;2;-21,779008;-54,526354;"SPRF-MS";"DEL02-MS";"UOP02-DEL02-MS"
175839;2018-12-04;"terça-feira";"10:00:00";"BA";324;622;"SALVADOR";"Falta de Atenção à Condução";"Colisão traseira";"Com Vítimas Feridas";"Pleno dia";"Decrescente";"Nublado";"Simples";"Reta";"Sim";2;0;0;1;1;0;1;2;-12,92088871;-38,46645182;"SPRF-BA";"DEL01-BA";"UOP01-DEL01-BA"
175842;2018-12-04;"terça-feira";"15:00:00";"PE";232;5,7;"RECIFE";"Não guardar distância de segurança";"Colisão traseira";"Sem Vítimas";"Pleno dia";"Decrescente";"Céu Claro";"Dupla";"Reta";"Sim";2;0;0;0;2;0;0;2;-8,067958;-34,945354;"SPRF-PE";"DEL01-PE";"UOP01-DEL01-PE"
175844;2018-12-01;"sábado";"17:30:00";"PR";476;122;"CURITIBA";"Falta de Atenção à Condução";"Colisão lateral";"Com Vítimas Feridas";"Pleno dia";"Decrescente";"Céu Claro";"Dupla";"Reta";"Sim";2;0;1;0;1;0;1;2;-25,379221;-49,197685;"SPRF-PR";"DEL01-PR";"UOP01-DEL01-PR"
175847;2018-12-04;"terça-feira";"15:55:00";"SC";101;204;"SAO JOSE";"Falta de Atenção à Condução";"Colisão transversal";"Com Vítimas Feridas";"Pleno dia";"Crescente";"Céu Claro";"Dupla";"Interseção de Vias";"Sim";2;0;1;0;1;0;1;2;-27,5832;-48,6151;"SPRF-SC";"DEL01-SC";"UOP01-DEL01-SC"
175848;2018-12-04;"terça-feira";"08:10:00";"SC";280;22,5;"ARAQUARI";"Falta de Atenção à Condução";"Colisão transversal";"Com Vítimas Feridas";"Pleno dia";"Decrescente";"Céu Claro";"Simples";"Reta";"Sim";2;0;1;0;1;0;1;2;-26,370924;-48,702;"SPRF-SC";"DEL03-SC";"UOP03-DEL03-SC"
175850;2018-12-04;"terça-feira";"14:20:00";"SC";153;6,5;"AGUA DOCE";"Defeito Mecânico no Veículo";"Capotamento";"Com Vítimas Feridas";"Pleno dia";"Decrescente";"Céu Claro";"Simples";"Reta";"Não";2;0;1;0;1;0;1;1;-26,647917;-51,520252;"SPRF-SC";"DEL07-SC";"UOP07-DEL07-SC"
175852;2018-12-04;"terça-feira";"17:00:00";"SP";116;157,5;"SAO JOSE DOS CAMPOS";"Velocidade Incompatível";"Engavetamento";"Sem Vítimas";"Pleno dia";"Decrescente";"Sol";"Dupla";"Aclive;Reta";"Não";5;0;0;0;5;0;0;3;-23,2570054;-45,94578445;"SPRF-SP";"DEL02-SP";"UOP01-DEL02-SP"
175853;2018-12-04;"terça-feira";"15:40:00";"CE";222;192,4;"FORQUILHA";"Ultrapassagem Indevida";"Saída de leito carroçável";"Com Vítimas Feridas";"Pleno dia";"Crescente";"Chuva";"Simples";"Curva";"Não";1;0;1;0;0;0;1;1;-3,793604;-40,135704;"SPRF-CE";"DEL04-CE";"UOP03-DEL04-CE"
175854;2018-12-04;"terça-feira";"17:00:00";"ES";101;267;"SERRA";"Carga excessiva e/ou mal acondicionada";"Tombamento";"Com Vítimas Feridas";"Pleno dia";"Crescente";"Nublado";"Dupla";"Reta";"Sim";1;0;1;0;0;0;1;1;-20,20015503;-40,2691859;"SPRF-ES";"DEL02-ES";"UOP01-DEL02-ES"
175855;2018-12-04;"terça-feira";"17:00:00";"SC";282;5;"SAO JOSE";"Defeito Mecânico no Veículo";"Tombamento";"Com Vítimas Feridas";"Pleno dia";"Crescente";"Céu Claro";"Múltipla";"Reta";"Sim";2;0;2;0;0;0;2;1;-27,588425;-48,612919;"SPRF-SC";"DEL01-SC";"UOP01-DEL01-SC"
175857;2018-12-04;"terça-feira";"15:50:00";"RN";101;108,1;"PARNAMIRIM";"Falta de Atenção à Condução";"Colisão traseira";"Com Vítimas Feridas";"Pleno dia";"Crescente";"Céu Claro";"Dupla";"Reta";"Sim";2;0;1;0;1;0;1;2;-5,92823;-35,264656;"SPRF-RN";"DEL01-RN";"UOP01-DEL01-RN"
175858;2018-12-04;"terça-feira";"16:00:00";"SC";101;149,7;"ITAPEMA";"Falta de Atenção do Pedestre";"Atropelamento de Pedestre";"Com Vítimas Feridas";"Pleno dia";"Crescente";"Céu Claro";"Dupla";"Reta";"Sim";2;0;1;0;1;0;1;2;-27,1175;-48,6092;"SPRF-SC";"DEL04-SC";"UOP03-DEL04-SC"
175861;2018-12-04;"terça-feira";"16:20:00";"RJ";101;331;"RIO DE JANEIRO";"Não guardar distância de segurança";"Colisão traseira";"Com Vítimas Feridas";"Pleno dia";"Decrescente";"Céu Claro";"Dupla";"Reta";"Não";2;0;1;0;1;0;1;2;-22,867664;-43,19556;"SPRF-RJ";"DEL02-RJ";"UOP02-DEL02-RJ"
175863;2018-11-10;"sábado";"19:00:00";"MT";70;683,7;"CACERES";"Falta de Atenção à Condução";"Queda de ocupante de veículo";"Com Vítimas Feridas";"Plena Noite";"Crescente";"Nublado";"Simples";"Reta";"Não";1;0;0;1;0;0;1;1;-16,139818;-57,331184;"SPRF-MT";"DEL03-MT";"UOP02-DEL03-MT"
175864;2018-12-04;"terça-feira";"16:40:00";"AL";316;148;"PALMEIRA DOS INDIOS";"Falta de Atenção à Condução";"Colisão frontal";"Com Vítimas Feridas";"Pleno dia";"Decrescente";"Nublado";"Simples";"Interseção de Vias";"Não";2;0;1;0;1;0;1;2;-9,407182;-36,689068;"SPRF-AL";"DEL03-AL";"UOP01-DEL03-AL"
175865;2018-12-04;"terça-feira";"11:30:00";"PR";369;148,5;"LONDRINA";"Desobediência às normas de trânsito pelo condutor";"Colisão com objeto estático";"Sem Vítimas";"Pleno dia";"Crescente";"Sol";"Dupla";"Declive;Reta";"Sim";3;0;0;0;2;1;0;3;-23,29283316;-51,14706784;"SPRF-PR";"DEL07-PR";"UOP01-DEL07-PR"
175866;2018-12-04;"terça-feira";"18:00:00";"PR";369;173,6;"ROLANDIA";"Falta de Atenção à Condução";"Colisão lateral";"Com Vítimas Feridas";"Pleno dia";"Crescente";"Céu Claro";"Simples";"Reta";"Sim";2;0;1;0;1;0;1;2;-23,31922468;-51,38076067;"SPRF-PR";"DEL07-PR";"UOP01-DEL07-PR"
175867;2018-12-04;"terça-feira";"18:10:00";"SC";101;210,5;"SAO JOSE";"Falta de Atenção à Condução";"Colisão lateral";"Com Vítimas Feridas";"Pleno dia";"Decrescente";"Céu Claro";"Dupla";"Reta";"Não";2;0;0;1;1;0;1;2;-27,6235;-48,6524;"SPRF-SC";"DEL01-SC";"UOP01-DEL01-SC"
175869;2018-12-04;"terça-feira";"16:45:00";"RN";101;76;"NATAL";"Falta de Atenção à Condução";"Colisão lateral";"Com Vítimas Feridas";"Anoitecer";"Crescente";"Céu Claro";"Dupla";"Reta";"Sim";3;0;1;0;2;0;1;2;-5,72603;-35,284615;"SPRF-RN";"DEL02-RN";"UOP01-DEL02-RN"
175870;2018-12-04;"terça-feira";"13:30:00";"MA";222;285,6;"ARARI";"Falta de Atenção à Condução";"Engavetamento";"Com Vítimas Feridas";"Pleno dia";"Crescente";"Garoa/Chuvisco";"Simples";"Curva";"Não";5;0;2;0;1;2;2;4;-3,44849213;-44,8361975;"SPRF-MA";"DEL02-MA";"UI04-DEL02-MA"
175871;2018-12-04;"terça-feira";"18:00:00";"RS";116;525;"PELOTAS";"Falta de Atenção do Pedestre";"Saída de leito carroçável";"Com Vítimas Feridas";"Pleno dia";"Decrescente";"Céu Claro";"Simples";"Desvio Temporário";"Sim";1;0;1;0;0;0;1;1;-31,62400568;-52,31655121;"SPRF-RS";"DEL07-RS";"UOP01-DEL07-RS"
175873;2018-12-04;"terça-feira";"18:40:00";"SC";470;142,6;"RIO DO SUL";"Falta de Atenção à Condução";"Colisão transversal";"Com Vítimas Feridas";"Anoitecer";"Crescente";"Céu Claro";"Simples";"Curva";"Sim";3;0;1;0;2;0;1;2;-27,229801;-49,6693;"SPRF-SC";"DEL04-SC";"UOP02-DEL04-SC"
175874;2018-12-04;"terça-feira";"18:40:00";"MG";262;443;"NOVA SERRANA";"Ultrapassagem Indevida";"Colisão lateral";"Com Vítimas Feridas";"Pleno dia";"Decrescente";"Céu Claro";"Simples";"Reta";"Sim";3;0;0;1;1;1;1;3;-19,880623;-44,912323;"SPRF-MG";"DEL08-MG";"UOP03-DEL08-MG"
175877;2018-12-04;"terça-feira";"18:50:00";"RS";116;229;"DOIS IRMAOS";"Desobediência às normas de trânsito pelo condutor";"Colisão transversal";"Com Vítimas Feridas";"Pleno dia";"Decrescente";"Céu Claro";"Simples";"Interseção de Vias";"Sim";2;0;0;1;1;0;1;2;-29,618446;-51,121532;"SPRF-RS";"DEL05-RS";"UOP02-DEL05-RS"
175878;2018-12-04;"terça-feira";"17:40:00";"MG";40;523;"CONTAGEM";"Falta de Atenção à Condução";"Saída de leito carroçável";"Com Vítimas Feridas";"Anoitecer";"Decrescente";"Céu Claro";"Dupla";"Reta";"Sim";1;0;1;0;0;0;1;1;-19,879;-44,051;"SPRF-MG";"DEL01-MG";"UOP03-DEL01-MG"
175880;2018-12-04;"terça-feira";"18:30:00";"SP";381;14,7;"BRAGANCA PAULISTA";"Defeito na Via";"Queda de ocupante de veículo";"Com Vítimas Feridas";"Pleno dia";"Crescente";"Céu Claro";"Dupla";"Aclive";"Não";1;0;1;0;0;0;1;1;-22,941181;-46,474529;"SPRF-SP";"DEL03-SP";"UOP02-DEL03-SP"
175883;2018-12-01;"sábado";"21:45:00";"PR";376;623,3;"SAO JOSE DOS PINHAIS";"Velocidade Incompatível";"Capotamento";"Com Vítimas Feridas";"Plena Noite";"Crescente";"Ignorado";"Dupla";"Reta";"Não";1;0;1;0;0;0;1;1;-25,64673174;-49,15854715;"SPRF-PR";"DEL01-PR";"DEL7/1-UOP08/PR"
175886;2018-12-03;"segunda-feira";"23:00:00";"MT";158;201;"CANABRAVA DO NORTE";"Defeito Mecânico no Veículo";"Incêndio";"Sem Vítimas";"Plena Noite";"Crescente";"Céu Claro";"Simples";"Reta";"Não";1;0;0;0;1;0;0;1;-11,128852;-51,702858;"SPRF-MT";"DEL07-MT";"UOP02-DEL07-MT"
175887;2018-12-04;"terça-feira";"14:30:00";"BA";242;726,8;"CRISTOPOLIS";"Pista Escorregadia";"Saída de leito carroçável";"Com Vítimas Feridas";"Pleno dia";"Decrescente";"Garoa/Chuvisco";"Simples";"Reta";"Não";3;0;1;0;2;0;1;1;-12,2186035;-44,4443346;"SPRF-BA";"DEL10-BA";"UOP01-DEL10-BA"
175888;2018-12-04;"terça-feira";"19:10:00";"PB";230;29;"JOAO PESSOA";"Desobediência às normas de trânsito pelo condutor";"Colisão transversal";"Com Vítimas Feridas";"Plena Noite";"Decrescente";"Céu Claro";"Dupla";"Curva";"Sim";2;0;0;1;1;0;1;2;-7,1622;-34,9031;"SPRF-PB";"DEL01-PB";"UOP01-DEL01-PB"
175889;2018-12-04;"terça-feira";"20:35:00";"RS";290;721;"URUGUAIANA";"Agressão Externa";"Queda de ocupante de veículo";"Com Vítimas Feridas";"Pleno dia";"Decrescente";"Céu Claro";"Simples";"Curva";"Sim";1;0;1;0;0;0;1;1;-29,758587;-57,060295;"SPRF-RS";"DEL13-RS";"UOP01-DEL13-RS"
175890;2018-12-04;"terça-feira";"21:00:00";"PR";376;1,8;"APUCARANA";"Falta de Atenção do Pedestre";"Atropelamento de Pedestre";"Com Vítimas Feridas";"Plena Noite";"Crescente";"Nublado";"Simples";"Interseção de Vias";"Sim";2;0;1;0;1;0;1;2;-23,5513;-51,461266;"SPRF-PR";"DEL07-PR";"UOP03-DEL07-PR"
175891;2018-12-04;"terça-feira";"20:30:00";"RJ";116;275,7;"BARRA MANSA";"Desobediência às normas de trânsito pelo condutor";"Colisão frontal";"Com Vítimas Feridas";"Plena Noite";"Crescente";"Céu Claro";"Simples";"Reta;Declive";"Sim";2;0;1;1;0;0;2;2;-22,561834;-44,165886;"SPRF-RJ";"DEL07-RJ";"UOP02-DEL07-RJ"
175892;2018-11-11;"domingo";"00:40:00";"PR";376;488,3;"PONTA GROSSA";"Falta de Atenção do Pedestre";"Atropelamento de Pedestre";"Com Vítimas Fatais";"Plena Noite";"Decrescente";"Céu Claro";"Dupla";"Reta";"Sim";2;1;0;0;1;0;0;2;-25,09446034;-50,19670486;"SPRF-PR";"DEL03-PR";"UOP04-DEL03-PR"
175895;2018-12-04;"terça-feira";"21:20:00";"SC";116;253;"LAGES";"Falta de Atenção à Condução";"Tombamento";"Com Vítimas Fatais";"Plena Noite";"Crescente";"Céu Claro";"Simples";"Declive;Reta";"Não";2;1;0;0;1;0;0;2;-27,85866046;-50,38743138;"SPRF-SC";"DEL05-SC";"UOP02-DEL05-SC"
175896;2018-12-04;"terça-feira";"21:00:00";"MG";40;500;"ESMERALDAS";"Pista Escorregadia";"Saída de leito carroçável";"Com Vítimas Feridas";"Plena Noite";"Decrescente";"Céu Claro";"Dupla";"Reta";"Não";1;0;1;0;0;0;1;1;-19,7116;-44,1633;"SPRF-MG";"DEL02-MG";"UOP01-DEL02-MG"
175897;2018-11-30;"sexta-feira";"23:10:00";"GO";60;165,9;"GOIANIA";"Desobediência às normas de trânsito pelo condutor";"Saída de leito carroçável";"Sem Vítimas";"Plena Noite";"Decrescente";"Nublado";"Dupla";"Declive";"Sim";1;0;0;0;1;0;0;1;-16,7084;-49,3503;"SPRF-GO";"DEL01-GO";"UOP02-DEL01-GO"
175899;2018-12-04;"terça-feira";"21:40:00";"SP";116;165;"JACAREI";"Falta de Atenção à Condução";"Colisão lateral";"Sem Vítimas";"Plena Noite";"Crescente";"Céu Claro";"Dupla";"Reta";"Não";2;0;0;0;2;0;0;2;-23,29572809;-46,00650966;"SPRF-SP";"DEL02-SP";"UOP01-DEL02-SP"
175900;2018-12-04;"terça-feira";"18:40:00";"PE";424;91,3;"GARANHUNS";"Falta de Atenção do Pedestre";"Atropelamento de Pedestre";"Com Vítimas Feridas";"Plena Noite";"Decrescente";"Céu Claro";"Simples";"Reta";"Sim";2;0;0;1;0;1;1;2;-8,90609104;-36,49826646;"SPRF-PE";"DEL03-PE";"UOP01-DEL03-PE"
175901;2018-12-04;"terça-feira";"20:40:00";"PA";316;48;"SANTA IZABEL DO PARA";"Falta de Atenção à Condução";"Queda de ocupante de veículo";"Com Vítimas Feridas";"Plena Noite";"Crescente";"Chuva";"Dupla";"Reta";"Não";1;0;1;0;0;0;1;1;-1,291553;-48,056141;"SPRF-PA";"DEL01-PA";"UOP01-DEL01-PA"
175902;2018-12-04;"terça-feira";"18:40:00";"BA";324;518;"FEIRA DE SANTANA";"Falta de Atenção do Pedestre";"Atropelamento de Pedestre";"Com Vítimas Fatais";"Plena Noite";"Decrescente";"Chuva";"Dupla";"Reta";"Sim";2;1;0;0;0;1;0;2;-12,28700473;-38,91803741;"SPRF-BA";"DEL01-BA";"UOP01-DEL01-BA"
175903;2018-12-04;"terça-feira";"17:00:00";"SC";480;129,1;"CHAPECO";"Falta de Atenção à Condução";"Colisão com objeto estático";"Com Vítimas Feridas";"Pleno dia";"Decrescente";"Sol";"Dupla";"Reta";"Sim";2;0;1;0;1;0;1;1;-27,04752394;-52,63551682;"SPRF-SC";"DEL07-SC";"UOP01-DEL07-SC"
175904;2018-12-04;"terça-feira";"20:50:00";"RS";285;198,6;"LAGOA VERMELHA";"Desobediência às normas de trânsito pelo condutor";"Colisão transversal";"Com Vítimas Feridas";"Plena Noite";"Decrescente";"Céu Claro";"Simples";"Reta";"Sim";2;0;1;1;0;0;2;2;-28,20537727;-51,52006388;"SPRF-RS";"DEL08-RS";"UOP05-DEL08-RS"
175905;2018-12-04;"terça-feira";"21:00:00";"SP";116;134;"CACAPAVA";"Falta de Atenção à Condução";"Colisão traseira";"Com Vítimas Feridas";"Plena Noite";"Crescente";"Céu Claro";"Dupla";"Reta";"Sim";2;0;1;0;1;0;1;2;-23,140236;-45,761753;"SPRF-SP";"DEL06-SP";"UOP02-DEL02-SP"
175906;2018-12-04;"terça-feira";"21:28:00";"PR";116;125;"FAZENDA RIO GRANDE";"Falta de Atenção à Condução";"Colisão lateral";"Sem Vítimas";"Plena Noite";"Decrescente";"Céu Claro";"Dupla";"Reta";"Sim";3;0;0;0;3;0;0;2;-25,621508;-49,316216;"SPRF-PR";"DEL01-PR";"UOP03-DEL01-PR"
175908;2018-12-04;"terça-feira";"22:15:00";"GO";50;233;"CATALAO";"Ingestão de Álcool";"Saída de leito carroçável";"Sem Vítimas";"Plena Noite";"Decrescente";"Céu Claro";"Simples";"Aclive";"Não";1;0;0;0;1;0;0;1;-17,8272;-47,7732;"SPRF-GO";"DEL06-GO";"UOP01-DEL06-GO"
175909;2018-12-04;"terça-feira";"21:40:00";"RS";101;2;"TORRES";"Velocidade Incompatível";"Saída de leito carroçável";"Com Vítimas Feridas";"Plena Noite";"Decrescente";"Céu Claro";"Dupla";"Reta";"Sim";3;0;2;1;0;0;3;1;-29,316784;-49,774467;"SPRF-RS";"DEL03-RS";"DEL9/3-UOP03/RS"
175911;2018-12-04;"terça-feira";"22:00:00";"PE";101;65,4;"RECIFE";"Não guardar distância de segurança";"Colisão traseira";"Sem Vítimas";"Plena Noite";"Crescente";"Céu Claro";"Múltipla";"Reta";"Sim";2;0;0;0;2;0;0;2;-8,0349;-34,9415;"SPRF-PE";"DEL01-PE";"UOP01-DEL01-PE"
175912;2018-12-04;"terça-feira";"22:35:00";"MG";381;482,5;"BETIM";"Defeito Mecânico no Veículo";"Queda de ocupante de veículo";"Com Vítimas Feridas";"Plena Noite";"Decrescente";"Céu Claro";"Múltipla";"Reta";"Sim";1;0;1;0;0;0;1;1;-19,9578;-44,0795;"SPRF-MG";"DEL01-MG";"UOP03-DEL01-MG"
175913;2018-12-04;"terça-feira";"22:20:00";"SP";153;49,8;"SAO JOSE DO RIO PRETO";"Desobediência às normas de trânsito pelo condutor";"Colisão transversal";"Com Vítimas Fatais";"Plena Noite";"Crescente";"Céu Claro";"Simples";"Reta";"Não";2;1;1;0;0;0;1;2;-20,7050307;-49,33926702;"SPRF-SP";"DEL09-SP";"UOP01-DEL09-SP"
175914;2018-12-04;"terça-feira";"23:10:00";"RJ";116;185,6;"NOVA IGUACU";"Ingestão de Álcool";"Colisão traseira";"Sem Vítimas";"Plena Noite";"Decrescente";"Céu Claro";"Dupla";"Reta";"Não";3;0;0;0;3;0;0;2;-22,74151;-43,453518;"SPRF-RJ";"DEL01-RJ";"UOP03-DEL01-RJ"