"id";"data_inversa";"dia_semana";"horario";"uf";"br";"km";"municipio";"causa_acidente";"tipo_acidente";"classificacao_acidente";"fase_dia";"sentido_via";"condicao_metereologica";"tipo_pista";"tracado_via";"uso_solo";"pessoas";"mortos";"feridos_leves";"feridos_graves";"ilesos";"ignorados";"feridos";"veiculos";"latitude";"longitude";"regional";"delegacia";"uop"
176041;2018-12-05;"quarta-feira";"15:30:00";"CE";222;312,4;"TIANGUA";"Falta de Atenção à Condução";"Colisão transversal";"Com Vítimas Feridas";"Pleno dia";"Crescente";"Céu Claro";"Simples";"Reta";"Sim";2;0;0;1;1;0;1;2;-3,716993;-40,991425;"SPRF-CE";"DEL04-CE";"UOP02-DEL04-CE"
176042;2018-12-05;"quarta-feira";"16:00:00";"SC";282;42,6;"AGUAS MORNAS";"Não guardar distância de segurança";"Colisão traseira";"Com Vítimas Feridas";"Pleno dia";"Crescente";"Céu Claro";"Simples";"Curva";"Não";3;0;1;0;2;0;1;2;-27,72077;-48,887478;"SPRF-SC";"DEL01-SC";"UOP03-DEL01-SC"
176043;2018-12-05;"quarta-feira";"11:40:00";"RJ";101;272;"TANGUA";"Não guardar distância de segurança";"Colisão traseira";"Com Vítimas Feridas";"Pleno dia";"Crescente";"Sol";"Dupla";"Reta";"Não";2;0;1;0;0;1;1;2;-22,729362;-42,701134;"SPRF-RJ";"DEL02-RJ";"UOP03-DEL02-RJ"
176045;2018-12-05;"quarta-feira";"15:00:00";"PE";232;388;"SERRA TALHADA";"Desobediência às normas de trânsito pelo condutor";"Colisão lateral";"Com Vítimas Feridas";"Pleno dia";"Decrescente";"Sol";"Simples";"Reta";"Não";2;0;1;0;1;0;1;2;-8,010047;-38,242943;"SPRF-PE";"DEL04-PE";"UOP01-DEL04-PE"
176046;2018-12-05;"quarta-feira";"13:15:00";"RO";174;15,5;"VILHENA";"Falta de Atenção à Condução";"Colisão transversal";"Com Vítimas Feridas";"Pleno dia";"Decrescente";"Céu Claro";"Simples";"Reta";"Não";2;0;2;0;0;0;2;2;-12,723321;-60,12801;"SPRF-RO";"DEL04-RO";"UOP01-DEL04-RO"
176047;2018-12-05;"quarta-feira";"17:40:00";"PR";376;626;"SAO JOSE DOS PINHAIS";"Desobediência às normas de trânsito pelo condutor";"Colisão transversal";"Sem Vítimas";"Pleno dia";"Decrescente";"Céu Claro";"Simples";"Rotatória";"Não";2;0;0;0;2;0;0;2;-25,56278766;-49,1809845;"SPRF-PR";"DEL01-PR";"DEL7/1-UOP08/PR"
176049;2018-12-05;"quarta-feira";"17:30:00";"RS";470;213;"BENTO GONCALVES";"Falta de Atenção à Condução";"Colisão transversal";"Com Vítimas Feridas";"Pleno dia";"Decrescente";"Céu Claro";"Dupla";"Reta";"Sim";2;0;1;0;1;0;1;2;-29,15017999;-51,53015083;"SPRF-RS";"DEL06-RS";"UOP01-DEL06-RS"
176051;2018-12-05;"quarta-feira";"16:40:00";"PE";407;129;"AFRANIO";"Desobediência às normas de trânsito pelo condutor";"Colisão transversal";"Com Vítimas Feridas";"Pleno dia";"Decrescente";"Céu Claro";"Dupla";"Declive";"Não";2;0;1;0;1;0;1;2;-8,509351;-41,008175;"SPRF-PE";"DEL06-PE";"UOP01-DEL06-PE"
176052;2018-12-05;"quarta-feira";"16:45:00";"SC";470;71,7;"INDAIAL";"Falta de Atenção à Condução";"Colisão traseira";"Com Vítimas Feridas";"Pleno dia";"Decrescente";"Sol";"Simples";"Reta";"Não";2;0;0;1;1;0;1;2;-26,895243;-49,262104;"SPRF-SC";"DEL04-SC";"UOP01-DEL04-SC"
176053;2018-12-05;"quarta-feira";"17:10:00";"RJ";40;124;"DUQUE DE CAXIAS";"Falta de Atenção à Condução";"Colisão traseira";"Com Vítimas Feridas";"Pleno dia";"Crescente";"Chuva";"Múltipla";"Reta";"Sim";3;0;1;0;2;0;1;2;-22,8147;-43,2881;"SPRF-RJ";"DEL01-RJ";"UOP01-DEL01-RJ"
176054;2018-12-05;"quarta-feira";"17:00:00";"RJ";116;75;"TERESOPOLIS";"Animais na Pista";"Atropelamento de Pedestre";"Sem Vítimas";"Pleno dia";"Crescente";"Chuva";"Simples";"Declive";"Não";1;0;0;0;1;0;0;1;-22,361746;-42,941517;"SPRF-RJ";"DEL04-RJ";"UOP01-DEL04-RJ"
176055;2018-12-05;"quarta-feira";"18:35:00";"SC";470;43,7;"GASPAR";"Falta de Atenção à Condução";"Colisão transversal";"Com Vítimas Feridas";"Pleno dia";"Decrescente";"Sol";"Simples";"Reta";"Não";3;0;0;2;1;0;2;2;-26,874519;-49,013454;"SPRF-SC";"DEL04-SC";"UOP01-DEL04-SC"
176058;2018-12-05;"quarta-feira";"15:30:00";"RS";116;32,9;"VACARIA";"Ingestão de Álcool";"Colisão traseira";"Sem Vítimas";"Pleno dia";"Crescente";"Céu Claro";"Simples";"Reta";"Sim";2;0;0;0;2;0;0;2;-28,46898625;-50,89297506;"SPRF-RS";"DEL05-RS";"UOP03-DEL05-RS"
176059;2018-12-05;"quarta-feira";"18:20:00";"GO";60;39;"APARECIDA DE GOIANIA";"Falta de Atenção à Condução";"Colisão lateral";"Com Vítimas Feridas";"Pleno dia";"Decrescente";"Nublado";"Dupla";"Reta";"Sim";3;0;1;0;2;0;1;2;-16,8101;-49,2397;"SPRF-GO";"DEL01-GO";"UOP03-DEL01-GO"
176060;2018-12-05;"quarta-feira";"18:30:00";"SP";116;285;"ITAPECERICA DA SERRA";"Velocidade Incompatível";"Colisão lateral";"Com Vítimas Feridas";"Pleno dia";"Crescente";"Céu Claro";"Simples";"Curva";"Sim";2;0;1;0;1;0;1;2;-23,68368848;-46,85709178;"SPRF-SP";"DEL04-SP";"UOP01-DEL04-SP"
176061;2018-12-05;"quarta-feira";"18:40:00";"DF";70;7;"BRASILIA";"Falta de Atenção à Condução";"Colisão traseira";"Com Vítimas Feridas";"Anoitecer";"Crescente";"Nublado";"Dupla";"Reta";"Não";3;0;1;0;2;0;1;3;-15,787601;-48,114429;"SPRF-DF";"DEL01-DF";"UOP02-DEL03-DF"
176063;2018-12-05;"quarta-feira";"18:50:00";"MG";40;479;"SETE LAGOAS";"Velocidade Incompatível";"Tombamento";"Com Vítimas Feridas";"Plena Noite";"Crescente";"Céu Claro";"Dupla";"Curva";"Não";1;0;0;1;0;0;1;1;-19,546;-44,2473;"SPRF-MG";"DEL02-MG";"UOP01-DEL02-MG"
176064;2018-12-05;"quarta-feira";"18:30:00";"SP";116;149,5;"SAO JOSE DOS CAMPOS";"Não guardar distância de segurança";"Colisão transversal";"Com Vítimas Feridas";"Anoitecer";"Decrescente";"Céu Claro";"Múltipla";"Reta";"Sim";4;0;2;0;2;0;2;3;-23,207001;-45,886269;"SPRF-SP";"DEL02-SP";"UOP01-DEL02-SP"
176066;2018-12-05;"quarta-feira";"19:15:00";"MG";40;43,9;"PARACATU";"Objeto estático sobre o leito carroçável";"Colisão com objeto estático";"Com Vítimas Feridas";"Anoitecer";"Decrescente";"Céu Claro";"Simples";"Reta";"Sim";2;0;1;0;1;0;1;2;-17,225937;-46,861691;"SPRF-MG";"DEL14-MG";"UOP01-DEL14-MG"
176067;2018-12-05;"quarta-feira";"17:55:00";"RS";290;86;"PORTO ALEGRE";"Falta de Atenção à Condução";"Colisão com objeto em movimento";"Com Vítimas Feridas";"Pleno dia";"Decrescente";"Céu Claro";"Simples";"Declive";"Sim";2;0;1;0;1;0;1;2;-29,968412;-51,117138;"SPRF-RS";"DEL01-RS";"UOP01-DEL01-RS"
176068;2018-12-05;"quarta-feira";"19:15:00";"RS";101;34,5;"TRES FORQUILHAS";"Condutor Dormindo";"Colisão com objeto estático";"Com Vítimas Feridas";"Pleno dia";"Decrescente";"Céu Claro";"Dupla";"Curva";"Sim";1;0;0;1;0;0;1;1;-29,50881;-49,986858;"SPRF-RS";"DEL03-RS";"DEL9/3-UOP03/RS"
176069;2018-11-14;"quarta-feira";"23:30:00";"PI";343;597;"FLORIANO";"Falta de Atenção à Condução";"Colisão com objeto estático";"Com Vítimas Fatais";"Plena Noite";"Decrescente";"Céu Claro";"Dupla";"Reta";"Sim";2;2;0;0;0;0;0;1;-6,812184;-43,056244;"SPRF-PI";"DEL03-PI";"UOP01-DEL03-PI"
176070;2018-12-05;"quarta-feira";"18:40:00";"RJ";101;71;"CAMPOS DOS GOYTACAZES";"Falta de Atenção à Condução";"Colisão traseira";"Com Vítimas Feridas";"Anoitecer";"Decrescente";"Céu Claro";"Simples";"Reta";"Não";2;0;1;0;1;0;1;2;-21,785795;-41,381424;"SPRF-RJ";"DEL08-RJ";"UOP02-DEL08-RJ"
176071;2018-12-05;"quarta-feira";"18:15:00";"PE";116;26,1;"SALGUEIRO";"Falta de Atenção à Condução";"Colisão lateral";"Com Vítimas Feridas";"Plena Noite";"Crescente";"Chuva";"Simples";"Interseção de Vias";"Sim";2;0;1;0;1;0;1;2;-8,07118018;-39,13366556;"SPRF-PE";"DEL05-PE";"UOP01-DEL05-PE"
176072;2018-12-05;"quarta-feira";"19:00:00";"MG";50;20,2;"UBERLANDIA";"Falta de Atenção à Condução";"Colisão lateral";"Com Vítimas Feridas";"Anoitecer";"Crescente";"Céu Claro";"Dupla";"Reta";"Não";3;0;1;0;2;0;1;2;-18,93778917;-48,20972443;"SPRF-MG";"DEL15-MG";"UOP02-DEL15-MG"
176073;2018-12-05;"quarta-feira";"19:30:00";"SC";282;17;"PALHOCA";"Falta de Atenção à Condução";"Colisão transversal";"Com Vítimas Feridas";"Pleno dia";"Crescente";"Céu Claro";"Simples";"Reta";"Sim";2;0;0;1;1;0;1;2;-27,665707;-48,688065;"SPRF-SC";"DEL01-SC";"UOP02-DEL01-SC"
176074;2018-12-05;"quarta-feira";"19:15:00";"RS";386;343,4;"LAJEADO";"Falta de Atenção à Condução";"Colisão lateral";"Com Vítimas Feridas";"Pleno dia";"Crescente";"Céu Claro";"Simples";"Reta;Declive";"Não";2;0;1;0;1;0;1;2;-29,434835;-52,002365;"SPRF-RS";"DEL04-RS";"UOP01-DEL04-RS"
176075;2018-12-05;"quarta-feira";"19:00:00";"MG";356;266,1;"MURIAE";"Falta de Atenção à Condução";"Atropelamento de Pedestre";"Com Vítimas Feridas";"Plena Noite";"Crescente";"Nublado";"Simples";"Reta";"Sim";2;0;1;0;1;0;1;2;-21,125526;-42,375477;"SPRF-MG";"DEL07-MG";"UOP02-DEL07-MG"
176078;2018-12-05;"quarta-feira";"20:00:00";"SC";101;213,4;"PALHOCA";"Falta de Atenção à Condução";"Queda de ocupante de veículo";"Com Vítimas Feridas";"Plena Noite";"Decrescente";"Céu Claro";"Múltipla";"Reta";"Não";1;0;1;0;0;0;1;1;-27,6446;-48,6705;"SPRF-SC";"DEL01-SC";"UOP02-DEL01-SC"
176079;2018-12-05;"quarta-feira";"20:00:00";"GO";364;213,3;"JATAI";"Pista Escorregadia";"Danos eventuais";"Com Vítimas Feridas";"Plena Noite";"Decrescente";"Chuva";"Simples";"Reta";"Não";1;0;1;0;0;0;1;1;-17,884045;-51,866974;"SPRF-GO";"DEL05-GO";"UOP01-DEL05-GO"
176080;2018-12-05;"quarta-feira";"18:20:00";"RS";392;0,4;"RIO GRANDE";"Desobediência às normas de trânsito pelo condutor";"Colisão traseira";"Com Vítimas Feridas";"Pleno dia";"Decrescente";"Céu Claro";"Simples";"Reta";"Não";3;0;0;1;2;0;1;2;-32,03548;-52,09908;"SPRF-RS";"DEL07-RS";"UOP02-DEL07-RS"
176082;2018-12-05;"quarta-feira";"15:55:00";"SC";282;623,5;"IRACEMINHA";"Agressão Externa";"Tombamento";"Com Vítimas Feridas";"Pleno dia";"Decrescente";"Céu Claro";"Simples";"Curva";"Não";1;0;1;0;0;0;1;1;-26,799004;-53,332302;"SPRF-SC";"DEL07-SC";"UOP02-DEL07-SC"
176083;2018-12-05;"quarta-feira";"20:25:00";"SC";101;218,8;"PALHOCA";"Defeito Mecânico no Veículo";"Tombamento";"Com Vítimas Feridas";"Plena Noite";"Decrescente";"Céu Claro";"Dupla";"Reta";"Sim";2;0;1;1;0;0;2;1;-27,6854;-48,6664;"SPRF-SC";"DEL01-SC";"UOP02-DEL01-SC"
176084;2018-12-05;"quarta-feira";"19:40:00";"SP";116;448,4;"REGISTRO";"Desobediência às normas de trânsito pelo condutor";"Colisão traseira";"Com Vítimas Feridas";"Pleno dia";"Decrescente";"Céu Claro";"Dupla";"Reta";"Sim";4;0;1;1;2;0;2;2;-24,52578133;-47,85198212;"SPRF-SP";"DEL05-SP";"UOP01-DEL05-SP"
176085;2018-12-05;"quarta-feira";"20:35:00";"MG";40;466;"SETE LAGOAS";"Defeito na Via";"Tombamento";"Com Vítimas Feridas";"Plena Noite";"Crescente";"Céu Claro";"Dupla";"Reta";"Não";1;0;1;0;0;0;1;1;-19,4548;-44,3112;"SPRF-MG";"DEL02-MG";"UOP01-DEL02-MG"
176089;2018-12-05;"quarta-feira";"20:50:00";"SP";116;440,4;"REGISTRO";"Falta de Atenção do Pedestre";"Atropelamento de Pedestre";"Com Vítimas Feridas";"Plena Noite";"Decrescente";"Nublado";"Dupla";"Declive";"Sim";3;0;1;0;2;0;1;2;-24,45617391;-47,81395912;"SPRF-SP";"DEL05-SP";"UOP01-DEL05-SP"
176090;2018-12-05;"quarta-feira";"18:50:00";"RR";174;522;"BOA VISTA";"Animais na Pista";"Atropelamento de Animal";"Com Vítimas Feridas";"Plena Noite";"Crescente";"Céu Claro";"Simples";"Reta";"Não";2;0;1;0;1;0;1;2;2,952105;-60,727798;"SPRF-RR";"DEL01-RR";"UOP01-DEL01-RR"
176091;2018-12-05;"quarta-feira";"19:10:00";"RJ";393;151;"SAPUCAIA";"Falta de Atenção à Condução";"Queda de ocupante de veículo";"Com Vítimas Feridas";"Plena Noite";"Crescente";"Chuva";"Simples";"Curva";"Não";2;0;1;0;1;0;1;1;-21,994415;-42,913506;"SPRF-RJ";"DEL06-RJ";"UOP01-DEL05-RJ"
176092;2018-12-05;"quarta-feira";"21:30:00";"PR";376;391,9;"IMBAU";"Objeto estático sobre o leito carroçável";"Colisão com objeto estático";"Com Vítimas Feridas";"Plena Noite";"Decrescente";"Céu Claro";"Simples";"Curva";"Não";2;0;2;0;0;0;2;1;-24,49162215;-50,73053621;"SPRF-PR";"DEL03-PR";"UOP02-DEL03-PR"
176093;2018-12-05;"quarta-feira";"21:45:00";"PR";369;155;"LONDRINA";"Desobediência às normas de trânsito pelo condutor";"Queda de ocupante de veículo";"Com Vítimas Feridas";"Plena Noite";"Decrescente";"Céu Claro";"Dupla";"Reta";"Sim";1;0;0;1;0;0;1;1;-23,295758;-51,208471;"SPRF-PR";"DEL07-PR";"UOP01-DEL07-PR"
176095;2018-12-05;"quarta-feira";"14:50:00";"RJ";40;83;"PETROPOLIS";"Falta de Atenção à Condução";"Colisão com objeto estático";"Com Vítimas Feridas";"Pleno dia";"Crescente";"Garoa/Chuvisco";"Simples";"Declive;Curva";"Não";4;0;2;0;2;0;2;1;-22,5472;-43,2266;"SPRF-RJ";"DEL06-RJ";"UOP01-DEL06-RJ"
176097;2018-12-05;"quarta-feira";"22:25:00";"SC";470;174,3;"POUSO REDONDO";"Ingestão de Álcool";"Atropelamento de Pedestre";"Com Vítimas Feridas";"Plena Noite";"Crescente";"Céu Claro";"Simples";"Curva";"Sim";2;0;0;1;1;0;1;2;-27,258179;-49,929146;"SPRF-SC";"DEL04-SC";"UOP02-DEL04-SC"
176100;2018-12-05;"quarta-feira";"22:30:00";"GO";153;517,1;"APARECIDA DE GOIANIA";"Velocidade Incompatível";"Saída de leito carroçável";"Sem Vítimas";"Plena Noite";"Decrescente";"Nublado";"Dupla";"Aclive";"Não";2;0;0;0;0;2;0;2;-16,8581;-49,2488;"SPRF-GO";"DEL01-GO";"UOP03-DEL01-GO"
176101;2018-12-05;"quarta-feira";"20:55:00";"SC";116;11;"MAFRA";"Desobediência às normas de trânsito pelo condutor";"Colisão traseira";"Com Vítimas Feridas";"Plena Noite";"Decrescente";"Céu Claro";"Simples";"Curva";"Não";2;0;1;0;1;0;1;2;-26,176352;-49,85812;"SPRF-SC";"DEL06-SC";"UOP01-DEL06-SC"
176102;2018-12-05;"quarta-feira";"18:40:00";"PE";101;42,6;"IGARASSU";"Falta de Atenção à Condução";"Colisão transversal";"Sem Vítimas";"Plena Noite";"Crescente";"Céu Claro";"Múltipla";"Reta";"Sim";2;0;0;0;1;1;0;2;-7,8457;-34,9102;"SPRF-PE";"DEL01-PE";"UOP02-DEL01-PE"
176105;2018-12-06;"quinta-feira";"00:10:00";"ES";101;69,5;"SAO MATEUS";"Falta de Atenção à Condução";"Colisão transversal";"Com Vítimas Feridas";"Plena Noite";"Crescente";"Céu Claro";"Simples";"Declive";"Não";3;0;2;0;1;0;2;3;-18,74173042;-39,86143654;"SPRF-ES";"DEL04-ES";"UOP02-DEL04-ES"
176106;2018-12-05;"quarta-feira";"23:15:00";"ES";101;147;"LINHARES";"Animais na Pista";"Tombamento";"Com Vítimas Feridas";"Plena Noite";"Decrescente";"Nublado";"Múltipla";"Reta";"Sim";1;0;1;0;0;0;1;1;-19,37947919;-40,06646812;"SPRF-ES";"DEL04-ES";"UOP01-DEL04-ES"
176107;2018-12-05;"quarta-feira";"21:30:00";"RJ";101;274;"TANGUA";"Desobediência às normas de trânsito pelo condutor";"Colisão transversal";"Com Vítimas Feridas";"Plena Noite";"Crescente";"Céu Claro";"Dupla";"Declive";"Sim";3;0;1;0;2;0;1;2;-22,735075;-42,719509;"SPRF-RJ";"DEL02-RJ";"UOP03-DEL02-RJ"
176109;2018-12-06;"quinta-feira";"00:15:00";"BA";116;13;"VITORIA DA CONQUISTA";"Ingestão de Álcool";"Colisão transversal";"Com Vítimas Feridas";"Plena Noite";"Decrescente";"Garoa/Chuvisco";"Simples";"Reta";"Sim";2;0;1;0;1;0;1;2;-14,88119085;-40,8708787;"SPRF-BA";"DEL08-BA";"UOP01-DEL08-BA"
176111;2018-12-06;"quinta-feira";"01:30:00";"MG";459;102,7;"POUSO ALEGRE";"Velocidade Incompatível";"Tombamento";"Sem Vítimas";"Plena Noite";"Decrescente";"Céu Claro";"Dupla";"Rotatória";"Sim";1;0;0;0;0;1;0;1;-22,211775;-45,924671;"SPRF-MG";"DEL16-MG";"UOP01-DEL16-MG"
176112;2018-12-06;"quinta-feira";"00:40:00";"SE";235;4;"NOSSA SENHORA DO SOCORRO";"Falta de Atenção à Condução";"Colisão lateral";"Com Vítimas Feridas";"Plena Noite";"Crescente";"Céu Claro";"Dupla";"Reta";"Sim";2;0;1;0;0;1;1;2;-10,9064;-37,1197;"SPRF-SE";"DEL01-SE";"UOP01-DEL01-SE"
176113;2018-12-05;"quarta-feira";"23:20:00";"RO";364;425;"JARU";"Pista Escorregadia";"Colisão com objeto estático";"Sem Vítimas";"Plena Noite";"Decrescente";"Chuva";"Dupla";"Curva";"Sim";1;0;0;0;1;0;0;1;-10,437518;-62,471706;"SPRF-RO";"DEL03-RO";"UOP02-DEL03-RO"
176116;2018-12-06;"quinta-feira";"03:00:00";"MG";116;277;"TEOFILO OTONI";"Ingestão de Álcool";"Colisão com objeto estático";"Sem Vítimas";"Plena Noite";"Crescente";"Céu Claro";"Múltipla";"Reta";"Sim";2;0;0;0;1;1;0;2;-17,8632681;-41,51471984;"SPRF-MG";"DEL11-MG";"UOP01-DEL11-MG"
176121;2018-12-06;"quinta-feira";"03:00:00";"PR";376;2,4;"APUCARANA";"Condutor Dormindo";"Colisão com objeto estático";"Sem Vítimas";"Plena Noite";"Crescente";"Céu Claro";"Dupla";"Curva;Aclive";"Sim";1;0;0;0;1;0;0;1;-23,566038;-51,4333266;"SPRF-PR";"DEL07-PR";"UOP03-DEL07-PR"
176122;2018-12-06;"quinta-feira";"04:00:00";"MG";40;707,1;"BARBACENA";"Velocidade Incompatível";"Saída de leito carroçável";"Com Vítimas Feridas";"Plena Noite";"Decrescente";"Nublado";"Dupla";"Curva";"Não";1;0;1;0;0;0;1;1;-21,23785015;-43,70918247;"SPRF-MG";"DEL05-MG";"UOP02-DEL05-MG"
176123;2018-12-06;"quinta-feira";"04:00:00";"PE";101;59;"RECIFE";"Velocidade Incompatível";"Capotamento";"Com Vítimas Feridas";"Amanhecer";"Decrescente";"Nublado";"Dupla";"Curva";"Não";1;0;1;0;0;0;1;1;-7,9841;-34,9316;"SPRF-PE";"DEL01-PE";"UOP02-DEL01-PE"
176125;2018-12-06;"quinta-feira";"05:35:00";"RS";448;18;"CANOAS";"Defeito Mecânico no Veículo";"Tombamento";"Com Vítimas Feridas";"Amanhecer";"Crescente";"Céu Claro";"Dupla";"Reta";"Não";1;0;1;0;0;0;1;1;-29,944614;-51,204464;"SPRF-RS";"DEL01-RS";"UOP01-DEL01-RS"
176126;2018-09-30;"domingo";"22:15:00";"MG";381;297;"ANTONIO DIAS";"Ingestão de Álcool";"Colisão traseira";"Com Vítimas Feridas";"Plena Noite";"Crescente";"Céu Claro";"Simples";"Reta";"Não";2;0;0;1;1;0;1;2;-19,5966053;-42,7454412;"SPRF-MG";"DEL03-MG";"UOP02-DEL03-MG"
176127;2018-12-06;"quinta-feira";"04:30:00";"RS";285;277,4;"MATO CASTELHANO";"Desobediência às normas de trânsito pelo condutor";"Colisão frontal";"Com Vítimas Fatais";"Plena Noite";"Crescente";"Céu Claro";"Simples";"Curva";"Não";6;1;2;2;0;1;4;2;-28,255644;-52,2484;"SPRF-RS";"DEL08-RS";"UOP03-DEL08-RS"
176128;2018-12-06;"quinta-feira";"06:40:00";"MG";381;506,8;"BETIM";"Falta de Atenção do Pedestre";"Atropelamento de Pedestre";"Com Vítimas Feridas";"Pleno dia";"Decrescente";"Céu Claro";"Múltipla";"Reta";"Sim";2;0;0;1;1;0;1;2;-20,03863609;-44,25458193;"SPRF-MG";"DEL01-MG";"UOP03-DEL01-MG"
176129;2018-12-06;"quinta-feira";"06:45:00";"SC";470;144;"RIO DO SUL";"Velocidade Incompatível";"Colisão com objeto estático";"Com Vítimas Feridas";"Pleno dia";"Crescente";"Céu Claro";"Simples";"Curva";"Sim";2;0;1;0;1;0;1;1;-27,21600725;-49,65363893;"SPRF-SC";"DEL04-SC";"UOP02-DEL04-SC"
176131;2018-12-06;"quinta-feira";"06:45:00";"RJ";356;46,3;"ITAPERUNA";"Falta de Atenção à Condução";"Colisão traseira";"Com Vítimas Fatais";"Pleno dia";"Crescente";"Céu Claro";"Simples";"Curva";"Não";2;1;0;0;1;0;0;2;-21,23598;-41,79712;"SPRF-RJ";"DEL08-RJ";"UOP03-DEL08-RJ"
176133;2018-12-06;"quinta-feira";"07:20:00";"RS";290;101;"PORTO ALEGRE";"Falta de Atenção à Condução";"Capotamento";"Com Vítimas Feridas";"Amanhecer";"Crescente";"Céu Claro";"Dupla";"Curva";"Sim";1;0;1;0;0;0;1;1;-29,985779;-51,246201;"SPRF-RS";"DEL01-RS";"UOP01-DEL01-RS"
176135;2018-11-11;"domingo";"11:10:00";"RJ";101;308;"SAO GONCALO";"Defeito Mecânico no Veículo";"Colisão lateral";"Sem Vítimas";"Pleno dia";"Crescente";"Sol";"Dupla";"Reta";"Sim";2;0;0;0;2;0;0;2;-22,793098;-43,024815;"SPRF-RJ";"DEL02-RJ";"DEL5/2-UOP04/RJ"
176136;2018-12-06;"quinta-feira";"06:45:00";"PE";101;67;"RECIFE";"Pista Escorregadia";"Colisão traseira";"Com Vítimas Feridas";"Pleno dia";"Crescente";"Chuva";"Dupla";"Reta";"Sim";3;0;1;0;2;0;1;3;-8,0507;-34,9457;"SPRF-PE";"DEL01-PE";"UOP01-DEL01-PE"
176138;2018-12-06;"quinta-feira";"08:00:00";"SC";470;67,4;"INDAIAL";"Desobediência às normas de trânsito pelo condutor";"Colisão frontal";"Com Vítimas Feridas";"Pleno dia";"Decrescente";"Nublado";"Simples";"Reta";"Sim";2;0;1;0;1;0;1;2;-26,8742581;-49,23481643;"SPRF-SC";"DEL04-SC";"UOP01-DEL04-SC"
176139;2018-11-30;"sexta-feira";"09:30:00";"SC";282;2,9;"FLORIANOPOLIS";"Falta de Atenção à Condução";"Colisão traseira";"Com Vítimas Feridas";"Pleno dia";"Crescente";"Nublado";"Dupla";"Curva";"Sim";4;0;2;0;2;0;2;3;-27,603289;-48,590416;"SPRF-SC";"DEL01-SC";"UOP01-DEL01-SC"
176141;2018-12-06;"quinta-feira";"07:55:00";"SC";282;5;"SAO JOSE";"Falta de Atenção à Condução";"Colisão traseira";"Com Vítimas Feridas";"Pleno dia";"Decrescente";"Céu Claro";"Dupla";"Reta";"Não";2;0;1;0;1;0;1;2;-27,59081058;-48,60824704;"SPRF-SC";"DEL01-SC";"UOP01-DEL01-SC"
176143;2018-12-06;"quinta-feira";"07:55:00";"SC";101;214;"PALHOCA";"Desobediência às normas de trânsito pelo condutor";"Colisão traseira";"Com Vítimas Feridas";"Pleno dia";"Decrescente";"Céu Claro";"Dupla";"Reta";"Sim";2;0;1;0;1;0;1;2;-27,652;-48,676;"SPRF-SC";"DEL01-SC";"UOP02-DEL01-SC"
176147;2018-12-06;"quinta-feira";"07:55:00";"DF";40;6,3;"BRASILIA";"Falta de Atenção à Condução";"Colisão lateral";"Com Vítimas Feridas";"Pleno dia";"Decrescente";"Céu Claro";"Dupla";"Reta";"Não";3;0;2;0;1;0;2;2;-16,029741;-47,978867;"SPRF-DF";"DEL01-DF";"UOP01-DEL01-DF"
176149;2018-12-06;"quinta-feira";"08:30:00";"PR";376;370,9;"ORTIGUEIRA";"Desobediência às normas de trânsito pelo condutor";"Saída de leito carroçável";"Com Vítimas Feridas";"Pleno dia";"Decrescente";"Céu Claro";"Simples";"Curva";"Não";1;0;1;0;0;0;1;1;-24,34353861;-50,82824707;"SPRF-PR";"DEL03-PR";"UOP02-DEL03-PR"
176150;2018-12-06;"quinta-feira";"08:00:00";"SC";101;423,4;"ARARANGUA";"Falta de Atenção à Condução";"Colisão traseira";"Com Vítimas Feridas";"Pleno dia";"Crescente";"Sol";"Dupla";"Reta";"Não";3;0;2;0;1;0;2;2;-29,0146;-49,5799;"SPRF-SC";"DEL02-SC";"UOP02-DEL02-SC"
176151;2018-12-06;"quinta-feira";"06:50:00";"RO";364;695;"PORTO VELHO";"Falta de Atenção à Condução";"Tombamento";"Com Vítimas Feridas";"Pleno dia";"Crescente";"Céu Claro";"Dupla";"Reta";"Não";2;0;2;0;0;0;2;1;-8,80142942;-63,75530027;"SPRF-RO";"DEL01-RO";"UOP01-DEL01-RO"
176153;2018-12-06;"quinta-feira";"07:55:00";"PA";163;1001,5;"SANTAREM";"Falta de Atenção à Condução";"Colisão transversal";"Com Vítimas Feridas";"Pleno dia";"Crescente";"Garoa/Chuvisco";"Simples";"Reta";"Não";3;0;0;3;0;0;3;2;-2,458107;-54,728141;"SPRF-PA";"DEL05-PA";"UOP01-DEL05-PA"
176154;2018-11-28;"quarta-feira";"17:42:00";"MS";163;256;"DOURADOS";"Desobediência às normas de trânsito pelo condutor";"Colisão com objeto em movimento";"Com Vítimas Feridas";"Pleno dia";"Decrescente";"Chuva";"Dupla";"Rotatória";"Sim";2;0;1;0;1;0;1;2;-22,25877097;-54,80425179;"SPRF-MS";"DEL04-MS";"UOP01-DEL04-MS"
176158;2018-12-06;"quinta-feira";"08:10:00";"PI";343;1,3;"TERESINA";"Falta de Atenção à Condução";"Colisão traseira";"Sem Vítimas";"Pleno dia";"Crescente";"Céu Claro";"Simples";"Reta";"Sim";3;0;0;0;3;0;0;2;-5,089569;-42,802288;"SPRF-PI";"DEL01-PI";"UOP01-DEL01-PI"