"id";"data_inversa";"dia_semana";"horario";"uf";"br";"km";"municipio";"causa_acidente";"tipo_acidente";"classificacao_acidente";"fase_dia";"sentido_via";"condicao_metereologica";"tipo_pista";"tracado_via";"uso_solo";"pessoas";"mortos";"feridos_leves";"feridos_graves";"ilesos";"ignorados";"feridos";"veiculos";"latitude";"longitude";"regional";"delegacia";"uop"
176159;2018-12-06;"quinta-feira";"09:40:00";"SC";470;63;"INDAIAL";"Não guardar distância de segurança";"Colisão traseira";"Com Vítimas Feridas";"Pleno dia";"Decrescente";"Céu Claro";"Simples";"Reta";"Não";4;0;2;0;2;0;2;2;-26,872396;-49,19228;"SPRF-SC";"DEL04-SC";"UOP01-DEL04-SC"
176161;2018-12-06;"quinta-feira";"08:10:00";"RJ";101;315;"SAO GONCALO";"Falta de Atenção à Condução";"Colisão lateral";"Com Vítimas Feridas";"Pleno dia";"Crescente";"Sol";"Dupla";"Reta";"Sim";2;0;1;0;1;0;1;2;-22,822636;-43,084637;"SPRF-RJ";"DEL02-RJ";"DEL5/2-UOP04/RJ"
176164;2018-12-06;"quinta-feira";"09:35:00";"ES";101;299;"VIANA";"Velocidade Incompatível";"Colisão com objeto estático";"Sem Vítimas";"Pleno dia";"Decrescente";"Céu Claro";"Múltipla";"Reta";"Sim";1;0;0;0;0;1;0;1;-20,3586443;-40,41773021;"SPRF-ES";"DEL01-ES";"UOP01-DEL01-ES"
176167;2018-12-06;"quinta-feira";"09:45:00";"SP";116;96,2;"PINDAMONHANGABA";"Falta de Atenção à Condução";"Saída de leito carroçável";"Com Vítimas Feridas";"Pleno dia";"Decrescente";"Céu Claro";"Dupla";"Reta";"Sim";2;0;2;0;0;0;2;1;-22,96958;-45,438957;"SPRF-SP";"DEL06-SP";"UOP01-DEL06-SP"
176168;2018-12-06;"quinta-feira";"10:30:00";"RJ";40;124;"RIO DE JANEIRO";"Falta de Atenção à Condução";"Colisão traseira";"Com Vítimas Feridas";"Pleno dia";"Crescente";"Sol";"Múltipla";"Reta";"Sim";2;0;1;0;1;0;1;2;-22,8147;-43,2881;"SPRF-RJ";"DEL01-RJ";"UOP01-DEL01-RJ"
176170;2018-12-06;"quinta-feira";"10:10:00";"SC";282;4;"FLORIANOPOLIS";"Falta de Atenção à Condução";"Colisão traseira";"Com Vítimas Feridas";"Pleno dia";"Crescente";"Céu Claro";"Múltipla";"Reta";"Sim";2;0;2;0;0;0;2;2;-27,592646;-48,604034;"SPRF-SC";"DEL01-SC";"UOP01-DEL01-SC"
176171;2018-12-06;"quinta-feira";"10:35:00";"RS";116;240;"SAO LEOPOLDO";"Falta de Atenção à Condução";"Colisão traseira";"Sem Vítimas";"Pleno dia";"Decrescente";"Céu Claro";"Dupla";"Reta";"Sim";2;0;0;0;2;0;0;2;-29,705002;-51,14677;"SPRF-RS";"DEL01-RS";"UOP02-DEL01-RS"
176173;2018-12-06;"quinta-feira";"10:00:00";"PR";476;124;"CURITIBA";"Falta de Atenção à Condução";"Colisão traseira";"Com Vítimas Feridas";"Pleno dia";"Crescente";"Céu Claro";"Dupla";"Reta";"Não";1;0;1;0;0;0;1;1;-25,399845;-49,215855;"SPRF-PR";"DEL01-PR";"UOP07-DEL01-PR"
176176;2018-10-18;"quinta-feira";"18:50:00";"PR";376;107;"PARANAVAI";"Pista Escorregadia";"Tombamento";"Com Vítimas Feridas";"Pleno dia";"Crescente";"Chuva";"Simples";"Reta";"Sim";1;0;0;1;0;0;1;1;-23,0259961;-52,48591234;"SPRF-PR";"DEL07-PR";"UOP02-DEL09-PR"
176178;2018-12-06;"quinta-feira";"09:15:00";"PA";222;240;"MARABA";"Não guardar distância de segurança";"Colisão traseira";"Com Vítimas Feridas";"Pleno dia";"Crescente";"Nublado";"Simples";"Reta";"Não";3;0;2;0;1;0;2;2;-5,322347;-49,084007;"SPRF-PA";"DEL03-PA";"UOP01-DEL03-PA"
176179;2018-12-06;"quinta-feira";"08:30:00";"RO";421;1;"ARIQUEMES";"Falta de Atenção à Condução";"Colisão traseira";"Com Vítimas Feridas";"Pleno dia";"Decrescente";"Sol";"Simples";"Rotatória";"Sim";5;0;2;0;2;1;2;3;-9,920987;-63,063728;"SPRF-RO";"DEL03-RO";"DEL21/3-UOP04/RO"
176181;2018-12-06;"quinta-feira";"10:30:00";"SP";116;230;"SAO PAULO";"Desobediência às normas de trânsito pelo condutor";"Colisão transversal";"Com Vítimas Feridas";"Pleno dia";"Crescente";"Céu Claro";"Múltipla";"Reta";"Sim";2;0;2;0;0;0;2;2;-23,51882609;-46,58246225;"SPRF-SP";"DEL01-SP";"UOP01-DEL01-SP"
176183;2018-12-06;"quinta-feira";"11:00:00";"MS";163;581,3;"BANDEIRANTES";"Falta de Atenção à Condução";"Atropelamento de Pedestre";"Com Vítimas Feridas";"Pleno dia";"Crescente";"Céu Claro";"Dupla";"Reta";"Não";3;0;0;1;1;1;1;2;-19,6324;-54,3721;"SPRF-MS";"DEL06-MS";"UOP02-DEL06-MS"
176184;2018-12-06;"quinta-feira";"10:45:00";"PR";376;597;"CURITIBA";"Falta de Atenção à Condução";"Colisão traseira";"Com Vítimas Feridas";"Pleno dia";"Crescente";"Sol";"Dupla";"Reta";"Sim";3;0;0;2;1;0;2;2;-25,47799232;-49,35127258;"SPRF-PR";"DEL01-PR";"UOP06-DEL01-PR"
176185;2018-12-06;"quinta-feira";"11:20:00";"PE";232;102,5;"BEZERROS";"Falta de Atenção à Condução";"Colisão lateral";"Com Vítimas Feridas";"Pleno dia";"Crescente";"Céu Claro";"Dupla";"Reta";"Sim";2;0;1;0;1;0;1;2;-8,25084686;-35,76377107;"SPRF-PE";"DEL02-PE";"UOP03-DEL02-PE"
176186;2018-12-06;"quinta-feira";"12:15:00";"ES";101;262;"SERRA";"Não guardar distância de segurança";"Colisão traseira";"Com Vítimas Feridas";"Pleno dia";"Crescente";"Céu Claro";"Dupla";"Reta";"Sim";2;0;1;0;1;0;1;2;-20,15928735;-40,27624461;"SPRF-ES";"DEL02-ES";"UOP01-DEL02-ES"
176195;2018-12-06;"quinta-feira";"12:30:00";"MG";153;109;"PRATA";"Falta de Atenção à Condução";"Colisão transversal";"Com Vítimas Feridas";"Pleno dia";"Decrescente";"Céu Claro";"Simples";"Reta";"Sim";5;0;1;0;4;0;1;2;-19,30795389;-48,9071095;"SPRF-MG";"DEL15-MG";"UOP03-DEL15-MG"
176196;2018-12-06;"quinta-feira";"12:45:00";"RJ";101;310,8;"SAO GONCALO";"Falta de Atenção à Condução";"Colisão lateral";"Com Vítimas Feridas";"Pleno dia";"Decrescente";"Céu Claro";"Dupla";"Reta";"Sim";2;0;1;0;1;0;1;2;-22,797176;-43,044071;"SPRF-RJ";"DEL02-RJ";"DEL5/2-UOP04/RJ"
176197;2018-12-06;"quinta-feira";"10:55:00";"PR";376;178,9;"MARINGA";"Falta de Atenção à Condução";"Colisão lateral";"Com Vítimas Feridas";"Pleno dia";"Decrescente";"Céu Claro";"Múltipla";"Reta";"Sim";2;0;1;0;0;1;1;2;-23,412691;-51,931583;"SPRF-PR";"DEL07-PR";"UOP01-DEL09-PR"
176199;2018-12-06;"quinta-feira";"12:45:00";"SC";101;211,7;"SAO JOSE";"Falta de Atenção à Condução";"Colisão traseira";"Com Vítimas Feridas";"Pleno dia";"Decrescente";"Nublado";"Dupla";"Reta";"Sim";2;0;1;0;1;0;1;2;-27,6301;-48,659;"SPRF-SC";"DEL01-SC";"UOP02-DEL01-SC"
176200;2018-11-19;"segunda-feira";"19:15:00";"BA";101;263,6;"SANTO ANTONIO DE JESUS";"Deficiência ou não Acionamento do Sistema de Iluminação/Sinalização do Veículo";"Colisão traseira";"Com Vítimas Feridas";"Anoitecer";"Decrescente";"Céu Claro";"Simples";"Reta";"Sim";2;0;0;1;0;1;1;2;-12,98330739;-39,28934726;"SPRF-BA";"DEL01-BA";"UOP02-DEL01-BA"
176203;2018-11-20;"terça-feira";"06:45:00";"PR";476;124;"CURITIBA";"Falta de Atenção à Condução";"Colisão lateral";"Com Vítimas Feridas";"Pleno dia";"Crescente";"Céu Claro";"Dupla";"Reta";"Sim";2;0;1;1;0;0;2;2;-25,399845;-49,215855;"SPRF-PR";"DEL01-PR";"UOP07-DEL01-PR"
176206;2018-12-06;"quinta-feira";"11:40:00";"PR";277;726;"FOZ DO IGUACU";"Falta de Atenção à Condução";"Colisão lateral";"Com Vítimas Feridas";"Pleno dia";"Crescente";"Céu Claro";"Dupla";"Interseção de Vias";"Sim";3;0;2;0;0;1;2;2;-25,51029868;-54,55982208;"SPRF-PR";"DEL05-PR";"UOP03-DEL05-PR"
176207;2018-12-06;"quinta-feira";"13:05:00";"MG";116;422,9;"ALPERCATA";"Falta de Atenção à Condução";"Colisão transversal";"Com Vítimas Feridas";"Pleno dia";"Crescente";"Céu Claro";"Simples";"Interseção de Vias";"Não";4;0;2;0;2;0;2;2;-18,945076;-41,950001;"SPRF-MG";"DEL06-MG";"UOP01-DEL06-MG"
176208;2018-12-06;"quinta-feira";"12:30:00";"BA";324;376;"SAO JOSE DO JACUIPE";"Avarias e/ou desgaste excessivo no pneu";"Queda de ocupante de veículo";"Com Vítimas Feridas";"Pleno dia";"Decrescente";"Céu Claro";"Simples";"Reta";"Não";2;0;0;2;0;0;2;1;-11,4480036;-39,82309342;"SPRF-BA";"DEL04-BA";"UOP02-DEL04-BA"
176209;2018-12-06;"quinta-feira";"14:20:00";"ES";101;281,8;"SERRA";"Objeto estático sobre o leito carroçável";"Queda de ocupante de veículo";"Com Vítimas Feridas";"Pleno dia";"Decrescente";"Sol";"Dupla";"Reta";"Não";1;0;1;0;0;0;1;1;-20,22758507;-40,36314189;"SPRF-ES";"DEL02-ES";"UOP01-DEL02-ES"
176210;2018-12-06;"quinta-feira";"11:40:00";"RJ";101;280;"TANGUA";"Mal Súbito";"Colisão com objeto estático";"Com Vítimas Feridas";"Pleno dia";"Crescente";"Céu Claro";"Dupla";"Reta";"Sim";1;0;0;1;0;0;1;1;-22,738398;-42,777275;"SPRF-RJ";"DEL02-RJ";"UOP03-DEL02-RJ"
176211;2018-12-06;"quinta-feira";"14:00:00";"GO";20;24,4;"FORMOSA";"Velocidade Incompatível";"Saída de leito carroçável";"Sem Vítimas";"Pleno dia";"Decrescente";"Céu Claro";"Simples";"Reta";"Não";1;0;0;0;1;0;0;1;-15,54017;-47,142769;"SPRF-DF";"DEL02-DF";"UOP01-DEL02-DF"
176212;2018-12-06;"quinta-feira";"13:00:00";"TO";153;148,5;"ARAGUAINA";"Falta de Atenção à Condução";"Colisão traseira";"Sem Vítimas";"Pleno dia";"Decrescente";"Céu Claro";"Dupla";"Reta";"Sim";2;0;0;0;2;0;0;2;-7,230276;-48,252102;"SPRF-TO";"DEL02-TO";"UOP01-DEL02-TO"
176215;2018-12-06;"quinta-feira";"13:10:00";"CE";222;9,5;"CAUCAIA";"Falta de Atenção à Condução";"Colisão transversal";"Com Vítimas Feridas";"Pleno dia";"Crescente";"Céu Claro";"Dupla";"Reta";"Sim";2;0;2;0;0;0;2;2;-3,73595811;-38,65199631;"SPRF-CE";"DEL01-CE";"UOP01-DEL01-CE"
176217;2018-12-06;"quinta-feira";"14:50:00";"GO";60;214,2;"GUAPO";"Pista Escorregadia";"Colisão com objeto estático";"Sem Vítimas";"Pleno dia";"Crescente";"Chuva";"Dupla";"Aclive";"Não";1;0;0;0;1;0;0;1;-16,9515;-49,7014;"SPRF-GO";"DEL01-GO";"UOP02-DEL01-GO"
176218;2018-12-06;"quinta-feira";"13:40:00";"PR";476;131,8;"CURITIBA";"Falta de Atenção à Condução";"Colisão transversal";"Sem Vítimas";"Pleno dia";"Crescente";"Céu Claro";"Múltipla";"Interseção de Vias";"Sim";2;0;0;0;2;0;0;2;-25,45930761;-49,25031424;"SPRF-PR";"DEL01-PR";"UOP07-DEL01-PR"
176219;2018-12-06;"quinta-feira";"14:40:00";"PR";277;654,3;"MATELANDIA";"Não guardar distância de segurança";"Queda de ocupante de veículo";"Com Vítimas Feridas";"Pleno dia";"Crescente";"Sol";"Dupla";"Reta";"Não";1;0;1;0;0;0;1;1;-25,222408;-53,951351;"SPRF-PR";"DEL05-PR";"UOP02-DEL05-PR"
176220;2018-12-06;"quinta-feira";"15:10:00";"RS";158;326,7;"SANTA MARIA";"Falta de Atenção à Condução";"Colisão transversal";"Com Vítimas Feridas";"Pleno dia";"Crescente";"Sol";"Simples";"Reta;Em Obras";"Sim";3;0;1;0;2;0;1;2;-29,71446361;-53,81396413;"SPRF-RS";"DEL09-RS";"UOP01-DEL09-RS"
176221;2018-12-06;"quinta-feira";"14:10:00";"SC";101;162,7;"TIJUCAS";"Falta de Atenção à Condução";"Tombamento";"Com Vítimas Feridas";"Pleno dia";"Decrescente";"Céu Claro";"Dupla";"Reta";"Não";1;0;1;0;0;0;1;1;-27,2325;-48,6299;"SPRF-SC";"DEL04-SC";"UOP03-DEL04-SC"
176223;2018-11-24;"sábado";"14:00:00";"PR";277;70;"SAO JOSE DOS PINHAIS";"Falta de Atenção à Condução";"Colisão com objeto estático";"Com Vítimas Feridas";"Pleno dia";"Decrescente";"Sol";"Dupla";"Reta;Interseção de Vias";"Sim";1;0;1;0;0;0;1;1;-25,51239016;-49,12699699;"SPRF-PR";"DEL01-PR";"UOP07-DEL01-PR"
176225;2018-11-24;"sábado";"18:30:00";"MA";222;665;"ACAILANDIA";"Animais na Pista";"Atropelamento de Animal";"Com Vítimas Feridas";"Plena Noite";"Decrescente";"Chuva";"Simples";"Reta";"Não";1;0;0;1;0;0;1;1;-4,91372799;-47,41828334;"SPRF-MA";"DEL04-MA";"UOP03-DEL04-MA"
176226;2018-12-05;"quarta-feira";"14:00:00";"RN";101;93,9;"NATAL";"Falta de Atenção à Condução";"Colisão lateral";"Sem Vítimas";"Pleno dia";"Crescente";"Céu Claro";"Simples";"Interseção de Vias";"Sim";2;0;0;0;2;0;0;2;-5,83109398;-35,21219015;"SPRF-RN";"DEL01-RN";"UOP01-DEL01-RN"
176228;2018-12-06;"quinta-feira";"15:30:00";"RS";285;120,5;"VACARIA";"Desobediência às normas de trânsito pelo condutor";"Colisão transversal";"Sem Vítimas";"Pleno dia";"Crescente";"Céu Claro";"Simples";"Reta";"Sim";2;0;0;0;2;0;0;2;-28,50980455;-50,93223095;"SPRF-RS";"DEL05-RS";"UOP03-DEL05-RS"
176229;2018-12-06;"quinta-feira";"15:50:00";"RS";158;326,3;"SANTA MARIA";"Não guardar distância de segurança";"Colisão traseira";"Com Vítimas Feridas";"Pleno dia";"Crescente";"Céu Claro";"Simples";"Rotatória;Em Obras";"Sim";2;0;1;0;1;0;1;2;-29,709742;-53,80283;"SPRF-RS";"DEL09-RS";"UOP01-DEL09-RS"
176230;2018-12-06;"quinta-feira";"15:10:00";"RN";101;159;"CANGUARETAMA";"Falta de Atenção do Pedestre";"Atropelamento de Pedestre";"Com Vítimas Fatais";"Pleno dia";"Crescente";"Céu Claro";"Dupla";"Reta";"Sim";2;1;0;0;1;0;0;2;-6,36313;-35,157143;"SPRF-RN";"DEL01-RN";"UOP01-DEL01-RN"
176233;2018-12-06;"quinta-feira";"13:00:00";"BA";135;46;"FORMOSA DO RIO PRETO";"Falta de Atenção à Condução";"Saída de leito carroçável";"Com Vítimas Feridas";"Pleno dia";"Crescente";"Chuva";"Simples";"Reta";"Não";3;0;1;0;2;0;1;1;-11,15347691;-45,06802082;"SPRF-BA";"DEL10-BA";"UOP01-DEL10-BA"
176234;2018-12-06;"quinta-feira";"15:40:00";"PR";376;176,4;"MARINGA";"Desobediência às normas de trânsito pelo condutor";"Colisão transversal";"Com Vítimas Feridas";"Pleno dia";"Crescente";"Sol";"Dupla";"Interseção de Vias";"Sim";4;0;2;0;2;0;2;2;-23,41127178;-51,93653584;"SPRF-PR";"DEL07-PR";"UOP01-DEL09-PR"
176236;2018-12-06;"quinta-feira";"14:10:00";"MG";116;278,8;"TEOFILO OTONI";"Falta de Atenção à Condução";"Colisão transversal";"Com Vítimas Feridas";"Pleno dia";"Decrescente";"Céu Claro";"Simples";"Reta";"Sim";2;0;1;0;1;0;1;2;-17,86799505;-41,51699066;"SPRF-MG";"DEL11-MG";"UOP01-DEL11-MG"
176238;2018-12-06;"quinta-feira";"15:00:00";"SC";282;454,9;"PONTE SERRADA";"Ultrapassagem Indevida";"Capotamento";"Sem Vítimas";"Pleno dia";"Decrescente";"Céu Claro";"Simples";"Curva";"Não";1;0;0;0;1;0;0;1;-26,891756;-51,98447;"SPRF-SC";"DEL07-SC";"UOP04-DEL07-SC"
176239;2018-12-06;"quinta-feira";"17:15:00";"GO";60;171,2;"GOIANIA";"Não guardar distância de segurança";"Colisão traseira";"Com Vítimas Feridas";"Pleno dia";"Decrescente";"Nublado";"Múltipla";"Reta";"Não";2;0;0;1;1;0;1;2;-16,7333;-49,3996;"SPRF-GO";"DEL01-GO";"UOP02-DEL01-GO"
176240;2018-12-06;"quinta-feira";"16:50:00";"SC";282;3,5;"FLORIANOPOLIS";"Falta de Atenção à Condução";"Colisão traseira";"Com Vítimas Feridas";"Pleno dia";"Crescente";"Nublado";"Dupla";"Reta";"Sim";2;0;1;0;1;0;1;2;-27,59704275;-48,60038991;"SPRF-SC";"DEL01-SC";"UOP01-DEL01-SC"
176241;2018-12-06;"quinta-feira";"17:00:00";"ES";101;413,1;"ITAPEMIRIM";"Avarias e/ou desgaste excessivo no pneu";"Colisão com objeto estático";"Sem Vítimas";"Pleno dia";"Crescente";"Céu Claro";"Simples";"Reta";"Não";1;0;0;0;1;0;0;1;-20,91526579;-41,0710144;"SPRF-ES";"DEL03-ES";"UOP02-DEL03-ES"
176242;2018-11-28;"quarta-feira";"13:25:00";"MG";381;873,3;"ESTIVA";"Falta de Atenção à Condução";"Capotamento";"Com Vítimas Feridas";"Pleno dia";"Decrescente";"Sol";"Dupla";"Curva";"Não";1;0;1;0;0;0;1;1;-22,41882133;-45,96472968;"SPRF-MG";"DEL16-MG";"UOP01-DEL16-MG"
176243;2018-12-06;"quinta-feira";"16:40:00";"CE";20;308,7;"CANINDE";"Desobediência às normas de trânsito pelo condutor";"Colisão frontal";"Com Vítimas Feridas";"Pleno dia";"Crescente";"Nublado";"Simples";"Reta";"Sim";2;0;2;0;0;0;2;2;-4,34944;-39,299339;"SPRF-CE";"DEL02-CE";"UOP01-DEL02-CE"
176244;2018-12-06;"quinta-feira";"17:15:00";"SP";116;145,3;"SAO JOSE DOS CAMPOS";"Velocidade Incompatível";"Engavetamento";"Sem Vítimas";"Pleno dia";"Decrescente";"Céu Claro";"Múltipla";"Reta";"Sim";5;0;0;0;5;0;0;5;-23,187023;-45,854885;"SPRF-SP";"DEL02-SP";"UOP01-DEL02-SP"
176245;2018-12-06;"quinta-feira";"16:40:00";"MT";163;890;"CLAUDIA";"Falta de Atenção à Condução";"Saída de leito carroçável";"Sem Vítimas";"Pleno dia";"Crescente";"Chuva";"Simples";"Reta";"Não";1;0;0;0;1;0;0;1;-11,38041665;-55,34088135;"SPRF-MT";"DEL06-MT";"UOP02-DEL06-MT"
176246;2018-12-06;"quinta-feira";"16:30:00";"PE";101;82,7;"CABO DE SANTO AGOSTINHO";"Falta de Atenção à Condução";"Colisão lateral";"Sem Vítimas";"Anoitecer";"Decrescente";"Céu Claro";"Dupla";"Reta";"Não";2;0;0;0;2;0;0;2;-8,1768;-34,9443;"SPRF-PE";"DEL01-PE";"UOP03-DEL01-PE"
176249;2018-12-06;"quinta-feira";"17:10:00";"RN";101;95,1;"NATAL";"Não guardar distância de segurança";"Colisão traseira";"Com Vítimas Feridas";"Pleno dia";"Crescente";"Céu Claro";"Dupla";"Reta";"Sim";2;0;1;0;1;0;1;2;-5,84172451;-35,2102375;"SPRF-RN";"DEL01-RN";"UOP01-DEL01-RN"
176250;2018-12-06;"quinta-feira";"17:20:00";"PE";101;69;"RECIFE";"Falta de Atenção à Condução";"Colisão traseira";"Sem Vítimas";"Anoitecer";"Crescente";"Céu Claro";"Dupla";"Viaduto";"Sim";2;0;0;0;2;0;0;2;-8,062092;-34,945788;"SPRF-PE";"DEL01-PE";"UOP01-DEL01-PE"
176252;2018-12-06;"quinta-feira";"13:17:00";"RN";405;46;"APODI";"Falta de Atenção à Condução";"Colisão traseira";"Com Vítimas Feridas";"Pleno dia";"Crescente";"Sol";"Simples";"Reta";"Não";4;0;0;1;3;0;1;2;-5,430671;-37,653923;"SPRF-RN";"DEL04-RN";"UOP02-DEL04-RN"
176253;2018-12-06;"quinta-feira";"18:05:00";"RS";392;0,5;"PELOTAS";"Falta de Atenção à Condução";"Engavetamento";"Com Vítimas Feridas";"Pleno dia";"Decrescente";"Céu Claro";"Simples";"Reta";"Não";5;0;1;0;4;0;1;5;-31,7596993;-52,4023819;"SPRF-RS";"DEL07-RS";"UOP01-DEL07-RS"
176254;2018-12-06;"quinta-feira";"17:50:00";"SP";116;131,1;"CACAPAVA";"Desobediência às normas de trânsito pelo condutor";"Colisão traseira";"Com Vítimas Feridas";"Pleno dia";"Crescente";"Céu Claro";"Dupla";"Reta";"Sim";2;0;1;0;1;0;1;2;-23,127428;-45,736378;"SPRF-SP";"DEL06-SP";"UOP02-DEL02-SP"
176256;2018-12-06;"quinta-feira";"18:10:00";"ES";101;284,5;"CARIACICA";"Ingestão de Álcool";"Colisão lateral";"Com Vítimas Feridas";"Anoitecer";"Decrescente";"Nublado";"Múltipla";"Curva";"Sim";3;0;2;1;0;0;3;2;-20,24669639;-40,36994934;"SPRF-ES";"DEL01-ES";"UOP01-DEL01-ES"
176257;2018-12-06;"quinta-feira";"13:45:00";"PE";104;83,6;"AGRESTINA";"Mal Súbito";"Colisão frontal";"Com Vítimas Feridas";"Pleno dia";"Crescente";"Céu Claro";"Simples";"Reta";"Não";3;0;1;0;2;0;1;2;-8,422589;-35,963135;"SPRF-PE";"DEL02-PE";"UOP01-DEL02-PE"
176258;2018-12-06;"quinta-feira";"16:20:00";"SC";101;134,7;"BALNEARIO CAMBORIU";"Desobediência às normas de trânsito pelo condutor";"Colisão frontal";"Com Vítimas Feridas";"Pleno dia";"Decrescente";"Céu Claro";"Simples";"Reta";"Sim";2;0;0;1;1;0;1;2;-27,0049;-48,6266;"SPRF-SC";"DEL04-SC";"UOP03-DEL04-SC"
176261;2018-12-06;"quinta-feira";"18:30:00";"MG";381;821;"CAREACU";"Falta de Atenção à Condução";"Tombamento";"Com Vítimas Feridas";"Pleno dia";"Crescente";"Céu Claro";"Dupla";"Reta";"Não";1;0;1;0;0;0;1;1;-22,0854;-45,7026;"SPRF-MG";"DEL16-MG";"UOP02-DEL16-MG"
176264;2018-12-06;"quinta-feira";"17:55:00";"MS";163;681,8;"RIO VERDE DE MATO GROSSO";"Não guardar distância de segurança";"Colisão traseira";"Com Vítimas Feridas";"Anoitecer";"Crescente";"Ignorado";"Simples";"Reta";"Sim";2;0;1;0;1;0;1;2;-18,9131;-54,8387;"SPRF-MS";"DEL06-MS";"UOP02-DEL06-MS"
176265;2018-12-06;"quinta-feira";"19:20:00";"RS";158;324,4;"SANTA MARIA";"Defeito na Via";"Tombamento";"Com Vítimas Feridas";"Pleno dia";"Crescente";"Céu Claro";"Dupla";"Declive;Em Obras;Reta";"Sim";1;0;1;0;0;0;1;1;-29,697626;-53,788464;"SPRF-RS";"DEL09-RS";"UOP01-DEL09-RS"
176269;2018-12-06;"quinta-feira";"17:45:00";"SC";101;148;"ITAPEMA";"Defeito Mecânico no Veículo";"Tombamento";"Com Vítimas Feridas";"Pleno dia";"Decrescente";"Céu Claro";"Dupla";"Reta";"Sim";2;0;2;0;0;0;2;1;-27,109;-48,6126;"SPRF-SC";"DEL04-SC";"UOP03-DEL04-SC"
176270;2018-12-06;"quinta-feira";"19:35:00";"ES";262;159,2;"IBATIBA";"Falta de Atenção do Pedestre";"Atropelamento de Pedestre";"Com Vítimas Feridas";"Anoitecer";"Decrescente";"Nublado";"Múltipla";"Interseção de Vias";"Sim";2;0;0;1;1;0;1;2;-20,23433495;-41,50619745;"SPRF-ES";"DEL01-ES";"UOP02-DEL01-ES"
176273;2018-12-06;"quinta-feira";"19:30:00";"RS";116;269;"CANOAS";"Falta de Atenção à Condução";"Colisão com objeto estático";"Com Vítimas Feridas";"Pleno dia";"Crescente";"Céu Claro";"Dupla";"Reta";"Sim";2;0;1;0;1;0;1;2;-29,968391;-51,176239;"SPRF-RS";"DEL01-RS";"UOP01-DEL01-RS"
176277;2018-12-02;"domingo";"18:00:00";"SP";381;86;"SAO PAULO";"Agressão Externa";"Colisão traseira";"Sem Vítimas";"Pleno dia";"Crescente";"Céu Claro";"Dupla";"Reta";"Sim";1;0;0;0;1;0;0;1;-23,47535647;-46,5622941;"SPRF-SP";"DEL03-SP";"UOP01-DEL03-SP"
176278;2018-12-06;"quinta-feira";"17:40:00";"RJ";116;297;"PORTO REAL";"Objeto estático sobre o leito carroçável";"Queda de ocupante de veículo";"Com Vítimas Feridas";"Pleno dia";"Decrescente";"Nublado";"Dupla";"Reta";"Não";1;0;1;0;0;0;1;1;-22,450125;-44,330193;"SPRF-RJ";"DEL07-RJ";"DEL5/7-UOP03/RJ"
176280;2018-12-06;"quinta-feira";"19:00:00";"BA";101;918,7;"NOVA VICOSA";"Animais na Pista";"Atropelamento de Animal";"Com Vítimas Feridas";"Plena Noite";"Decrescente";"Nublado";"Simples";"Declive";"Não";2;0;1;1;0;0;2;2;-17,8728;-39,8079;"SPRF-BA";"DEL09-BA";"UOP02-DEL09-BA"
176281;2018-12-06;"quinta-feira";"19:15:00";"PA";163;994;"SANTAREM";"Não guardar distância de segurança";"Colisão traseira";"Com Vítimas Feridas";"Pleno dia";"Decrescente";"Nublado";"Simples";"Reta";"Não";2;0;1;0;1;0;1;2;-2,52689422;-54,722718;"SPRF-PA";"DEL05-PA";"UOP01-DEL05-PA"
176282;2018-12-06;"quinta-feira";"20:35:00";"PR";277;67,9;"SAO JOSE DOS PINHAIS";"Falta de Atenção à Condução";"Saída de leito carroçável";"Com Vítimas Feridas";"Plena Noite";"Crescente";"Céu Claro";"Dupla";"Reta";"Sim";2;0;0;2;0;0;2;1;-25,5549507;-49,0305432;"SPRF-PR";"DEL01-PR";"UOP07-DEL01-PR"
176284;2018-12-06;"quinta-feira";"16:50:00";"MG";116;581,5;"MANHUACU";"Ingestão de Álcool";"Tombamento";"Com Vítimas Feridas";"Pleno dia";"Decrescente";"Chuva";"Simples";"Curva";"Não";1;0;0;1;0;0;1;1;-20,2802324;-42,14904785;"SPRF-MG";"DEL06-MG";"UOP03-DEL06-MG"
176285;2018-12-06;"quinta-feira";"19:30:00";"MA";226;524,7;"LAJEADO NOVO";"Velocidade Incompatível";"Colisão frontal";"Com Vítimas Fatais";"Plena Noite";"Crescente";"Céu Claro";"Simples";"Curva";"Não";3;1;0;1;1;0;1;2;-6,16942549;-47,01142257;"SPRF-MA";"DEL04-MA";"UOP02-DEL04-MA"
176286;2018-12-06;"quinta-feira";"18:05:00";"GO";60;351;"SANTO ANTONIO DA BARRA";"Velocidade Incompatível";"Saída de leito carroçável";"Com Vítimas Feridas";"Pleno dia";"Decrescente";"Céu Claro";"Dupla";"Declive";"Não";1;0;0;1;0;0;1;1;-17,5856;-50,7002;"SPRF-GO";"DEL04-GO";"UOP01-DEL04-GO"
176287;2018-12-06;"quinta-feira";"19:50:00";"PA";163;1001;"SANTAREM";"Desobediência às normas de trânsito pelo condutor";"Colisão transversal";"Com Vítimas Feridas";"Plena Noite";"Decrescente";"Ignorado";"Simples";"Curva";"Sim";3;0;2;0;1;0;2;2;-2,46224537;-54,72734178;"SPRF-PA";"DEL05-PA";"UOP01-DEL05-PA"