"id";"data_inversa";"dia_semana";"horario";"uf";"br";"km";"municipio";"causa_acidente";"tipo_acidente";"classificacao_acidente";"fase_dia";"sentido_via";"condicao_metereologica";"tipo_pista";"tracado_via";"uso_solo";"pessoas";"mortos";"feridos_leves";"feridos_graves";"ilesos";"ignorados";"feridos";"veiculos";"latitude";"longitude";"regional";"delegacia";"uop"
176288;2018-12-06;"quinta-feira";"19:15:00";"PR";116;104;"SAO JOSE DOS PINHAIS";"Desobediência às normas de trânsito pelo condutor";"Colisão transversal";"Com Vítimas Feridas";"Anoitecer";"Crescente";"Nublado";"Dupla";"Interseção de Vias";"Sim";2;0;1;0;1;0;1;2;-25,564745;-49,158703;"SPRF-PR";"DEL01-PR";"UOP01-DEL01-PR"
176289;2018-12-06;"quinta-feira";"19:40:00";"PB";230;502;"CAJAZEIRAS";"Ingestão de Álcool";"Colisão transversal";"Com Vítimas Feridas";"Plena Noite";"Decrescente";"Céu Claro";"Simples";"Reta";"Sim";3;0;0;1;2;0;1;2;-6,8979;-38,5233;"SPRF-PB";"DEL03-PB";"UOP03-DEL03-PB"
176290;2018-12-06;"quinta-feira";"18:00:00";"PR";116;14;"COLOMBO";"Falta de Atenção à Condução";"Queda de ocupante de veículo";"Com Vítimas Feridas";"Pleno dia";"Crescente";"Sol";"Dupla";"Reta";"Sim";1;0;1;0;0;0;1;1;-25,38303994;-49,16626453;"SPRF-PR";"DEL01-PR";"UOP02-DEL01-PR"
176292;2018-12-06;"quinta-feira";"21:00:00";"DF";80;30;"BRASILIA";"Ingestão de Álcool";"Colisão lateral";"Sem Vítimas";"Plena Noite";"Crescente";"Céu Claro";"Simples";"Curva";"Não";2;0;0;0;2;0;0;2;-15,586337;-48,188095;"SPRF-DF";"DEL01-DF";"UOP02-DEL03-DF"
176295;2018-12-06;"quinta-feira";"21:45:00";"SC";280;51;"GUARAMIRIM";"Falta de Atenção à Condução";"Saída de leito carroçável";"Com Vítimas Feridas";"Plena Noite";"Crescente";"Nublado";"Simples";"Interseção de Vias";"Não";1;0;1;0;0;0;1;1;-26,465389;-48,955444;"SPRF-SC";"DEL03-SC";"UOP03-DEL03-SC"
176299;2018-12-06;"quinta-feira";"21:45:00";"RS";116;241,6;"SAO LEOPOLDO";"Ingestão de Álcool";"Colisão com objeto estático";"Com Vítimas Feridas";"Plena Noite";"Decrescente";"Céu Claro";"Dupla";"Reta";"Sim";1;0;1;0;0;0;1;1;-29,714012;-51,147678;"SPRF-RS";"DEL01-RS";"UOP02-DEL01-RS"
176300;2018-12-06;"quinta-feira";"19:15:00";"BA";418;87,7;"CARAVELAS";"Ingestão de Álcool";"Colisão transversal";"Com Vítimas Feridas";"Plena Noite";"Crescente";"Céu Claro";"Simples";"Reta";"Sim";2;0;1;1;0;0;2;2;-17,734264;-39,553185;"SPRF-BA";"DEL09-BA";"UOP02-DEL09-BA"
176301;2018-12-06;"quinta-feira";"20:20:00";"PI";316;311;"PICOS";"Falta de Atenção à Condução";"Colisão lateral";"Com Vítimas Feridas";"Plena Noite";"Decrescente";"Nublado";"Simples";"Curva";"Sim";3;0;2;0;1;0;2;2;-7,08097;-41,4583;"SPRF-PI";"DEL04-PI";"UOP01-DEL04-PI"
176302;2018-12-06;"quinta-feira";"20:35:00";"MS";262;326;"CAMPO GRANDE";"Desobediência às normas de trânsito pelo condutor";"Colisão transversal";"Com Vítimas Feridas";"Plena Noite";"Decrescente";"Céu Claro";"Dupla";"Interseção de Vias";"Sim";3;0;1;0;2;0;1;2;-20,468537;-54,534632;"SPRF-MS";"DEL01-MS";"UOP01-DEL01-MS"
176303;2018-12-06;"quinta-feira";"20:05:00";"MT";163;117,7;"RONDONOPOLIS";"Ingestão de Álcool";"Colisão traseira";"Com Vítimas Feridas";"Plena Noite";"Decrescente";"Nublado";"Simples";"Reta";"Sim";1;0;1;0;0;0;1;1;-16,521769;-54,658798;"SPRF-MT";"DEL02-MT";"UOP01-DEL02-MT"
176304;2018-12-06;"quinta-feira";"22:00:00";"MG";116;417,5;"GOVERNADOR VALADARES";"Falta de Atenção à Condução";"Colisão transversal";"Com Vítimas Feridas";"Pleno dia";"Crescente";"Céu Claro";"Simples";"Interseção de Vias";"Sim";2;0;0;1;1;0;1;2;-18,90192748;-41,94464391;"SPRF-MG";"DEL06-MG";"UOP01-DEL06-MG"
176305;2018-12-06;"quinta-feira";"22:30:00";"PR";277;610;"SANTA TEREZA DO OESTE";"Desobediência às normas de trânsito pelo condutor";"Colisão transversal";"Com Vítimas Feridas";"Plena Noite";"Decrescente";"Céu Claro";"Simples";"Interseção de Vias;Reta";"Sim";3;0;1;0;1;1;1;2;-25,051109;-53,622143;"SPRF-PR";"DEL05-PR";"UOP02-DEL05-PR"
176308;2018-12-06;"quinta-feira";"21:30:00";"PR";376;539;"PALMEIRA";"Falta de Atenção à Condução";"Saída de leito carroçável";"Sem Vítimas";"Plena Noite";"Decrescente";"Céu Claro";"Dupla";"Reta";"Não";1;0;0;0;0;1;0;1;-25,36636407;-49,82299805;"SPRF-PR";"DEL01-PR";"UOP06-DEL01-PR"
176309;2018-12-06;"quinta-feira";"22:00:00";"PR";277;71;"SAO JOSE DOS PINHAIS";"Falta de Atenção à Condução";"Queda de ocupante de veículo";"Com Vítimas Feridas";"Plena Noite";"Crescente";"Garoa/Chuvisco";"Dupla";"Reta";"Não";1;0;0;1;0;0;1;1;-25,51080582;-49,12975833;"SPRF-PR";"DEL01-PR";"UOP01-DEL01-PR"
176310;2018-11-29;"quinta-feira";"19:00:00";"SC";282;451,2;"PONTE SERRADA";"Pista Escorregadia";"Capotamento";"Sem Vítimas";"Anoitecer";"Crescente";"Garoa/Chuvisco";"Simples";"Declive";"Não";1;0;0;0;1;0;0;1;-26,912806;-51,962536;"SPRF-SC";"DEL07-SC";"UOP04-DEL07-SC"
176311;2018-12-06;"quinta-feira";"23:20:00";"SC";101;145;"ITAPEMA";"Falta de Atenção à Condução";"Tombamento";"Com Vítimas Feridas";"Plena Noite";"Crescente";"Céu Claro";"Dupla";"Interseção de Vias";"Não";1;0;1;0;0;0;1;1;-27,0868;-48,6095;"SPRF-SC";"DEL04-SC";"UOP03-DEL04-SC"
176313;2018-12-06;"quinta-feira";"19:30:00";"BA";324;476;"FEIRA DE SANTANA";"Falta de Atenção à Condução";"Queda de ocupante de veículo";"Com Vítimas Feridas";"Plena Noite";"Decrescente";"Céu Claro";"Simples";"Curva";"Sim";1;0;0;1;0;0;1;1;-11,97814833;-39,10069738;"SPRF-BA";"DEL02-BA";"UOP01-DEL02-BA"
176314;2018-12-06;"quinta-feira";"22:50:00";"SC";101;416;"ARARANGUA";"Desobediência às normas de trânsito pelo condutor";"Colisão transversal";"Com Vítimas Feridas";"Plena Noite";"Crescente";"Nublado";"Simples";"Reta";"Sim";2;0;0;1;1;0;1;2;-28,9716;-49,5279;"SPRF-SC";"DEL02-SC";"UOP02-DEL02-SC"
176316;2018-12-06;"quinta-feira";"09:00:00";"MT";163;834;"SINOP";"Falta de Atenção à Condução";"Colisão transversal";"Com Vítimas Feridas";"Plena Noite";"Crescente";"Céu Claro";"Dupla";"Reta";"Sim";2;0;1;0;1;0;1;2;-11,8505131;-55,4924731;"SPRF-MT";"DEL06-MT";"UOP01-DEL06-MT"
176318;2018-12-06;"quinta-feira";"22:00:00";"PR";376;619;"SAO JOSE DOS PINHAIS";"Falta de Atenção à Condução";"Colisão traseira";"Com Vítimas Feridas";"Plena Noite";"Decrescente";"Céu Claro";"Dupla";"Reta";"Sim";2;0;0;1;0;1;1;2;-25,61408627;-49,17040586;"SPRF-PR";"DEL01-PR";"DEL7/1-UOP08/PR"
176319;2018-12-07;"sexta-feira";"00:10:00";"PR";277;663;"MEDIANEIRA";"Desobediência às normas de trânsito pelo condutor";"Colisão transversal";"Sem Vítimas";"Plena Noite";"Crescente";"Céu Claro";"Dupla";"Reta;Retorno Regulamentado";"Não";2;0;0;0;1;1;0;2;-25,251606;-54,018887;"SPRF-PR";"DEL05-PR";"UOP02-DEL05-PR"
176320;2018-12-06;"quinta-feira";"20:20:00";"MT";364;468;"VARZEA GRANDE";"Animais na Pista";"Atropelamento de Animal";"Sem Vítimas";"Pleno dia";"Decrescente";"Céu Claro";"Simples";"Reta";"Não";2;0;0;0;2;0;0;1;-15,472934;-56,305405;"SPRF-MT";"DEL01-MT";"DEL2/4-UOP02/MT"
176322;2018-12-06;"quinta-feira";"21:50:00";"RO";364;424;"JARU";"Desobediência às normas de trânsito pelo condutor";"Colisão traseira";"Com Vítimas Feridas";"Plena Noite";"Decrescente";"Nublado";"Dupla";"Reta";"Sim";3;0;1;0;2;0;1;2;-10,444572;-62,465683;"SPRF-RO";"DEL03-RO";"UOP02-DEL03-RO"
176323;2018-08-05;"domingo";"02:00:00";"MS";262;107,5;"AGUA CLARA";"Defeito Mecânico no Veículo";"Incêndio";"Com Vítimas Feridas";"Plena Noite";"Crescente";"Céu Claro";"Simples";"Reta";"Não";2;0;1;0;1;0;1;1;-20,49391887;-52,74227142;"SPRF-MS";"DEL07-MS";"UOP02-DEL07-MS"
176324;2018-12-07;"sexta-feira";"01:00:00";"TO";153;667,6;"GURUPI";"Falta de Atenção à Condução";"Capotamento";"Com Vítimas Feridas";"Plena Noite";"Crescente";"Céu Claro";"Simples";"Ponte";"Sim";3;0;0;1;2;0;1;1;-11,683364;-49,068008;"SPRF-TO";"DEL02-TO";"UOP02-DEL01-TO"
176326;2018-12-06;"quinta-feira";"22:05:00";"RS";392;4,1;"RIO GRANDE";"Velocidade Incompatível";"Colisão traseira";"Com Vítimas Feridas";"Plena Noite";"Decrescente";"Nublado";"Simples";"Reta";"Sim";2;0;2;0;0;0;2;2;-32,069656;-52,095535;"SPRF-RS";"DEL07-RS";"UOP02-DEL07-RS"
176327;2018-12-06;"quinta-feira";"22:40:00";"GO";153;136;"ESTRELA DO NORTE";"Defeito na Via";"Colisão com objeto estático";"Com Vítimas Feridas";"Plena Noite";"Decrescente";"Céu Claro";"Simples";"Ponte;Reta";"Não";3;0;1;0;2;0;1;1;-13,958405;-49,087955;"SPRF-GO";"DEL07-GO";"UOP01-DEL07-GO"
176329;2018-12-07;"sexta-feira";"01:30:00";"RJ";101;154;"MACAE";"Condutor Dormindo";"Capotamento";"Com Vítimas Feridas";"Plena Noite";"Decrescente";"Céu Claro";"Dupla";"Reta";"Não";1;0;0;1;0;0;1;1;-22,256035;-41,83289;"SPRF-RJ";"DEL02-RJ";"UOP04-DEL08-RJ"
176331;2018-12-07;"sexta-feira";"00:30:00";"BA";110;151;"CICERO DANTAS";"Ingestão de álcool e/ou substâncias psicoativas pelo pedestre";"Colisão frontal";"Sem Vítimas";"Plena Noite";"Crescente";"Nublado";"Simples";"Aclive";"Não";27;0;0;0;27;0;0;2;-10,6734;-38,4238;"SPRF-BA";"DEL07-BA";"UOP02-DEL07-BA"
176332;2018-12-07;"sexta-feira";"03:00:00";"PR";376;169;"MARINGA";"Ingestão de Álcool";"Colisão traseira";"Com Vítimas Feridas";"Plena Noite";"Crescente";"Céu Claro";"Dupla";"Reta";"Sim";2;0;0;1;1;0;1;2;-23,409788;-51,987453;"SPRF-PR";"DEL07-PR";"UOP01-DEL09-PR"
176333;2018-12-07;"sexta-feira";"03:50:00";"GO";40;9,5;"LUZIANIA";"Animais na Pista";"Capotamento";"Sem Vítimas";"Plena Noite";"Crescente";"Céu Claro";"Dupla";"Reta";"Sim";5;0;0;0;5;0;0;1;-16,131158;-47,957739;"SPRF-DF";"DEL01-DF";"UOP01-DEL01-DF"
176334;2018-12-07;"sexta-feira";"01:00:00";"SP";116;451;"REGISTRO";"Ingestão de Álcool";"Capotamento";"Sem Vítimas";"Plena Noite";"Decrescente";"Nublado";"Dupla";"Reta";"Não";2;0;0;0;2;0;0;1;-24,54429299;-47,86135912;"SPRF-SP";"DEL05-SP";"UOP01-DEL05-SP"
176336;2018-12-07;"sexta-feira";"03:30:00";"PI";343;142,5;"PIRACURUCA";"Desobediência às normas de trânsito pelo condutor";"Capotamento";"Com Vítimas Fatais";"Plena Noite";"Crescente";"Céu Claro";"Simples";"Reta";"Sim";1;1;0;0;0;0;0;1;-3,937132;-41,717117;"SPRF-PI";"DEL02-PI";"UOP01-DEL02-PI"
176340;2018-12-07;"sexta-feira";"04:00:00";"BA";116;534;"ITATIM";"Falta de Atenção à Condução";"Tombamento";"Com Vítimas Feridas";"Amanhecer";"Crescente";"Céu Claro";"Simples";"Declive";"Não";1;0;0;1;0;0;1;1;-12,768;-39,809;"SPRF-BA";"DEL03-BA";"UOP02-DEL03-BA"
176341;2018-12-07;"sexta-feira";"05:30:00";"SP";116;269;"TABOAO DA SERRA";"Ingestão de Álcool";"Colisão traseira";"Com Vítimas Feridas";"Pleno dia";"Crescente";"Nublado";"Dupla";"Reta";"Sim";2;0;1;0;1;0;1;2;-23,60882613;-46,75748083;"SPRF-SP";"DEL04-SP";"UOP01-DEL04-SP"
176342;2018-12-07;"sexta-feira";"00:00:00";"PE";232;267;"SERTANIA";"Ingestão de Álcool";"Capotamento";"Sem Vítimas";"Plena Noite";"Decrescente";"Céu Claro";"Simples";"Reta";"Não";1;0;0;0;1;0;0;1;-8,40878142;-37,17945099;"SPRF-PE";"DEL03-PE";"UOP02-DEL03-PE"
176345;2018-12-07;"sexta-feira";"03:30:00";"PR";376;169;"MARINGA";"Ingestão de Álcool";"Colisão com objeto estático";"Com Vítimas Feridas";"Plena Noite";"Crescente";"Céu Claro";"Dupla";"Reta";"Sim";3;0;1;1;1;0;2;3;-23,40560059;-51,99374199;"SPRF-PR";"DEL07-PR";"UOP01-DEL09-PR"
176346;2018-12-06;"quinta-feira";"23:45:00";"SC";480;129,6;"CHAPECO";"Falta de Atenção à Condução";"Tombamento";"Com Vítimas Feridas";"Plena Noite";"Decrescente";"Céu Claro";"Simples";"Declive;Curva";"Sim";2;0;0;1;1;0;1;2;-27,05201706;-52,63534784;"SPRF-SC";"DEL07-SC";"UOP01-DEL07-SC"
176347;2018-12-07;"sexta-feira";"05:50:00";"SP";116;228;"SAO PAULO";"Não guardar distância de segurança";"Colisão lateral";"Com Vítimas Feridas";"Amanhecer";"Crescente";"Nublado";"Múltipla";"Reta";"Não";2;0;1;0;1;0;1;2;-23,50426028;-46,56821251;"SPRF-SP";"DEL01-SP";"UOP01-DEL01-SP"
176348;2018-12-07;"sexta-feira";"06:00:00";"MS";163;487,4;"CAMPO GRANDE";"Ingestão de Álcool";"Colisão lateral";"Com Vítimas Feridas";"Pleno dia";"Crescente";"Céu Claro";"Simples";"Reta";"Sim";2;0;2;0;0;0;2;2;-20,42158;-54,546134;"SPRF-MS";"DEL01-MS";"UOP02-DEL01-MS"
176349;2018-12-07;"sexta-feira";"07:00:00";"ES";262;2;"CARIACICA";"Falta de Atenção à Condução";"Colisão traseira";"Com Vítimas Feridas";"Pleno dia";"Decrescente";"Céu Claro";"Dupla";"Reta";"Sim";2;0;0;1;0;1;1;2;-20,3323817;-40,36189291;"SPRF-ES";"DEL01-ES";"UOP01-DEL01-ES"
176350;2018-12-07;"sexta-feira";"01:00:00";"SC";101;162;"TIJUCAS";"Ingestão de Álcool";"Saída de leito carroçável";"Sem Vítimas";"Plena Noite";"Crescente";"Céu Claro";"Dupla";"Reta";"Não";1;0;0;0;0;1;0;1;-27,2325;-48,6299;"SPRF-SC";"DEL04-SC";"UOP03-DEL04-SC"
176353;2018-12-07;"sexta-feira";"07:45:00";"DF";40;6;"BRASILIA";"Falta de Atenção à Condução";"Colisão lateral";"Com Vítimas Feridas";"Pleno dia";"Decrescente";"Céu Claro";"Dupla";"Reta";"Sim";2;0;1;0;1;0;1;2;-16,029741;-47,978867;"SPRF-DF";"DEL01-DF";"UOP01-DEL01-DF"
176355;2018-12-07;"sexta-feira";"07:30:00";"PR";376;166,8;"MARINGA";"Objeto estático sobre o leito carroçável";"Colisão traseira";"Com Vítimas Feridas";"Pleno dia";"Crescente";"Céu Claro";"Dupla";"Reta";"Não";3;0;1;0;2;0;1;3;-23,409788;-51,987453;"SPRF-PR";"DEL07-PR";"UOP01-DEL09-PR"
176356;2018-12-07;"sexta-feira";"07:45:00";"RS";386;435,9;"NOVA SANTA RITA";"Defeito Mecânico no Veículo";"Incêndio";"Sem Vítimas";"Pleno dia";"Decrescente";"Céu Claro";"Dupla";"Curva";"Sim";1;0;0;0;1;0;0;1;-29,85060118;-51,26652002;"SPRF-RS";"DEL04-RS";"UOP02-DEL04-RS"
176357;2018-12-07;"sexta-feira";"07:23:00";"PR";277;123;"CAMPO LARGO";"Falta de Atenção à Condução";"Saída de leito carroçável";"Com Vítimas Feridas";"Pleno dia";"Decrescente";"Chuva";"Dupla";"Reta;Declive";"Não";1;0;1;0;0;0;1;1;-25,462715;-49,586161;"SPRF-PR";"DEL01-PR";"UOP06-DEL01-PR"
176358;2018-12-07;"sexta-feira";"05:30:00";"GO";40;2,4;"VALPARAISO DE GOIAS";"Falta de Atenção à Condução";"Colisão lateral";"Com Vítimas Feridas";"Amanhecer";"Decrescente";"Céu Claro";"Dupla";"Reta";"Sim";3;0;1;0;1;1;1;2;-16,067129;-47,984235;"SPRF-DF";"DEL01-DF";"UOP01-DEL01-DF"
176360;2018-12-07;"sexta-feira";"07:30:00";"ES";262;35,3;"DOMINGOS MARTINS";"Pista Escorregadia";"Tombamento";"Com Vítimas Feridas";"Pleno dia";"Decrescente";"Céu Claro";"Múltipla";"Declive;Curva";"Não";1;0;1;0;0;0;1;1;-20,37975091;-40,59446096;"SPRF-ES";"DEL01-ES";"UOP01-DEL01-ES"
176361;2018-12-07;"sexta-feira";"08:10:00";"PR";116;16;"ANTONINA";"Desobediência às normas de trânsito pelo condutor";"Colisão com objeto estático";"Com Vítimas Feridas";"Pleno dia";"Decrescente";"Garoa/Chuvisco";"Dupla";"Curva";"Não";3;0;1;0;2;0;1;1;-25,099701;-48,692299;"SPRF-PR";"DEL01-PR";"UOP02-DEL01-PR"
176362;2018-12-07;"sexta-feira";"08:45:00";"PR";116;115,2;"CURITIBA";"Não guardar distância de segurança";"Saída de leito carroçável";"Com Vítimas Feridas";"Pleno dia";"Crescente";"Nublado";"Dupla";"Reta";"Sim";1;0;1;0;0;0;1;1;-25,5484871;-49,30437148;"SPRF-PR";"DEL01-PR";"UOP01-DEL01-PR"
176363;2018-11-13;"terça-feira";"14:35:00";"PR";476;191,9;"LAPA";"Avarias e/ou desgaste excessivo no pneu";"Danos eventuais";"Com Vítimas Feridas";"Pleno dia";"Crescente";"Céu Claro";"Simples";"Reta";"Não";3;0;2;0;1;0;2;1;-25,7261296;-49,7022725;"SPRF-PR";"DEL01-PR";"UOP06-DEL01-PR"
176366;2018-12-07;"sexta-feira";"09:25:00";"GO";153;518;"HIDROLANDIA";"Defeito Mecânico no Veículo";"Tombamento";"Com Vítimas Feridas";"Pleno dia";"Crescente";"Céu Claro";"Dupla";"Reta";"Sim";1;0;1;0;0;0;1;1;-16,867;-49,2505;"SPRF-GO";"DEL01-GO";"UOP03-DEL01-GO"
176367;2018-12-06;"quinta-feira";"23:30:00";"PR";476;278;"SAO MATEUS DO SUL";"Ingestão de Álcool";"Queda de ocupante de veículo";"Com Vítimas Feridas";"Plena Noite";"Decrescente";"Nublado";"Dupla";"Curva";"Sim";1;0;1;0;0;0;1;1;-25,868753;-50,396477;"SPRF-PR";"DEL02-PR";"UOP04-DEL02-PR"
176368;2018-12-07;"sexta-feira";"09:30:00";"SP";116;325,5;"JUQUITIBA";"Falta de Atenção à Condução";"Queda de ocupante de veículo";"Com Vítimas Feridas";"Pleno dia";"Decrescente";"Sol";"Dupla";"Reta";"Não";1;0;1;0;0;0;1;1;-23,94250229;-47,05381572;"SPRF-SP";"DEL04-SP";"UOP03-DEL04-SP"
176369;2018-11-11;"domingo";"05:00:00";"MA";316;372,7;"BACABAL";"Falta de Atenção à Condução";"Colisão frontal";"Sem Vítimas";"Amanhecer";"Crescente";"Céu Claro";"Simples";"Reta";"Não";4;0;0;0;3;1;0;2;-4,21073;-44,690235;"SPRF-MA";"DEL02-MA";"DEL18/2-UOP03/MA"
176373;2018-12-07;"sexta-feira";"08:20:00";"PR";116;68,4;"CAMPINA GRANDE DO SUL";"Falta de Atenção à Condução";"Queda de ocupante de veículo";"Com Vítimas Feridas";"Pleno dia";"Crescente";"Céu Claro";"Dupla";"Reta";"Não";1;0;1;0;0;0;1;1;-25,323656;-49,025318;"SPRF-PR";"DEL01-PR";"UOP02-DEL01-PR"
176374;2018-12-07;"sexta-feira";"09:42:00";"PR";116;97;"SAO JOSE DOS PINHAIS";"Falta de Atenção do Pedestre";"Atropelamento de Pedestre";"Com Vítimas Feridas";"Pleno dia";"Crescente";"Nublado";"Múltipla";"Reta";"Sim";2;0;0;1;1;0;1;2;-25,512325;-49,128712;"SPRF-PR";"DEL01-PR";"UOP01-DEL01-PR"
176376;2018-12-07;"sexta-feira";"08:20:00";"SP";116;353;"MIRACATU";"Defeito Mecânico no Veículo";"Saída de leito carroçável";"Com Vítimas Feridas";"Pleno dia";"Decrescente";"Nublado";"Dupla";"Aclive;Curva";"Não";2;0;2;0;0;0;2;1;-24,07163728;-47,24582618;"SPRF-SP";"DEL04-SP";"UOP03-DEL04-SP"
176377;2018-12-07;"sexta-feira";"08:15:00";"MT";70;513;"VARZEA GRANDE";"Defeito na Via";"Saída de leito carroçável";"Com Vítimas Feridas";"Pleno dia";"Decrescente";"Céu Claro";"Simples";"Curva";"Não";1;0;1;0;0;0;1;1;-15,70353697;-56,11767769;"SPRF-MT";"DEL01-MT";"DEL2/4-UOP02/MT"
176379;2018-12-07;"sexta-feira";"09:45:00";"MG";381;684,7;"PERDOES";"Velocidade Incompatível";"Colisão traseira";"Sem Vítimas";"Pleno dia";"Decrescente";"Nublado";"Dupla";"Curva";"Não";2;0;0;0;2;0;0;2;-21,164;-45,1237;"SPRF-MG";"DEL04-MG";"UOP02-DEL04-MG"
176380;2018-12-07;"sexta-feira";"00:30:00";"SC";101;73;"ARAQUARI";"Defeito Mecânico no Veículo";"Tombamento";"Com Vítimas Feridas";"Plena Noite";"Crescente";"Céu Claro";"Dupla";"Reta";"Não";1;0;1;0;0;0;1;1;-26,5467;-48,7127;"SPRF-SC";"DEL03-SC";"UOP02-DEL03-SC"
176382;2018-12-07;"sexta-feira";"10:20:00";"ES";262;5,6;"CARIACICA";"Desobediência às normas de trânsito pelo condutor";"Colisão lateral";"Com Vítimas Feridas";"Pleno dia";"Decrescente";"Nublado";"Dupla";"Reta";"Sim";2;0;1;0;1;0;1;2;-20,33908151;-40,38233846;"SPRF-ES";"DEL01-ES";"UOP01-DEL01-ES"
176384;2018-12-07;"sexta-feira";"09:30:00";"RN";101;98;"NATAL";"Desobediência às normas de trânsito pelo condutor";"Colisão lateral";"Com Vítimas Feridas";"Pleno dia";"Crescente";"Céu Claro";"Dupla";"Interseção de Vias";"Sim";2;0;1;0;1;0;1;2;-5,865723;-35,216537;"SPRF-RN";"DEL01-RN";"UOP01-DEL01-RN"
176385;2018-12-07;"sexta-feira";"09:50:00";"BA";324;622;"SALVADOR";"Não guardar distância de segurança";"Engavetamento";"Com Vítimas Feridas";"Pleno dia";"Decrescente";"Céu Claro";"Múltipla";"Reta";"Sim";4;0;1;0;3;0;1;4;-12,93322216;-38,47150326;"SPRF-BA";"DEL01-BA";"UOP01-DEL01-BA"
176386;2018-12-06;"quinta-feira";"17:05:00";"MT";163;833;"SINOP";"Desobediência às normas de trânsito pelo condutor";"Colisão lateral";"Com Vítimas Feridas";"Pleno dia";"Crescente";"Nublado";"Dupla";"Curva";"Sim";2;0;1;0;1;0;1;2;-11,877624;-55,499377;"SPRF-MT";"DEL06-MT";"UOP01-DEL06-MT"
176388;2018-12-07;"sexta-feira";"09:30:00";"PI";343;4,1;"TERESINA";"Falta de Atenção do Pedestre";"Atropelamento de Pedestre";"Com Vítimas Feridas";"Pleno dia";"Crescente";"Nublado";"Dupla";"Reta";"Sim";2;0;0;1;1;0;1;2;-5,089569;-42,802288;"SPRF-PI";"DEL01-PI";"UOP01-DEL01-PI"
176389;2018-11-29;"quinta-feira";"19:00:00";"SP";381;77;"SAO PAULO";"Defeito Mecânico no Veículo";"Colisão traseira";"Com Vítimas Feridas";"Plena Noite";"Decrescente";"Céu Claro";"Dupla";"Reta";"Sim";1;0;1;0;0;0;1;1;-23,40244983;-46,57791138;"SPRF-SP";"DEL03-SP";"DEL6/3-UOP03/SP"
176391;2018-12-07;"sexta-feira";"11:35:00";"GO";40;5,8;"VALPARAISO DE GOIAS";"Falta de Atenção à Condução";"Colisão lateral";"Com Vítimas Feridas";"Pleno dia";"Crescente";"Sol";"Dupla";"Reta";"Sim";3;0;2;0;1;0;2;2;-16,093134;-47,982236;"SPRF-DF";"DEL01-DF";"UOP01-DEL01-DF"
176392;2018-09-28;"sexta-feira";"14:00:00";"AC";317;350;"BRASILEIA";"Pista Escorregadia";"Tombamento";"Com Vítimas Feridas";"Pleno dia";"Decrescente";"Céu Claro";"Simples";"Reta";"Não";2;0;0;1;1;0;1;1;-10,95004796;-68,81913185;"SPRF-AC";"DEL01-AC";"UOP02-DEL01-AC"
176394;2018-12-07;"sexta-feira";"11:00:00";"MG";40;524,2;"CONTAGEM";"Falta de Atenção do Pedestre";"Atropelamento de Pedestre";"Com Vítimas Feridas";"Pleno dia";"Decrescente";"Nublado";"Dupla";"Reta";"Sim";2;0;0;1;1;0;1;2;-19,8881;-44,0502;"SPRF-MG";"DEL01-MG";"UOP03-DEL01-MG"
176397;2018-12-07;"sexta-feira";"12:50:00";"SP";153;54,5;"SAO JOSE DO RIO PRETO";"Falta de Atenção à Condução";"Colisão transversal";"Sem Vítimas";"Pleno dia";"Crescente";"Céu Claro";"Simples";"Reta";"Não";4;0;0;0;4;0;0;2;-20,744841;-49,338924;"SPRF-SP";"DEL09-SP";"UOP01-DEL09-SP"
176400;2018-12-07;"sexta-feira";"11:25:00";"MG";40;517,8;"CONTAGEM";"Velocidade Incompatível";"Engavetamento";"Com Vítimas Feridas";"Pleno dia";"Crescente";"Céu Claro";"Dupla";"Reta";"Sim";4;0;1;0;3;0;1;3;-19,8351;-44,08;"SPRF-MG";"DEL01-MG";"UOP03-DEL01-MG"
176402;2018-12-07;"sexta-feira";"13:10:00";"RS";290;92;"PORTO ALEGRE";"Desobediência às normas de trânsito pelo pedestre";"Atropelamento de Pedestre";"Com Vítimas Feridas";"Pleno dia";"Crescente";"Céu Claro";"Dupla";"Reta";"Não";2;0;1;0;1;0;1;2;-29,96987155;-51,17953062;"SPRF-RS";"DEL01-RS";"UOP01-DEL01-RS"
176403;2018-12-07;"sexta-feira";"13:15:00";"RS";386;341,3;"LAJEADO";"Desobediência às normas de trânsito pelo condutor";"Colisão frontal";"Com Vítimas Feridas";"Pleno dia";"Decrescente";"Céu Claro";"Simples";"Reta";"Sim";3;0;1;0;2;0;1;2;-29,43448975;-52,00452794;"SPRF-RS";"DEL04-RS";"UOP01-DEL04-RS"
176406;2018-12-07;"sexta-feira";"12:00:00";"PR";116;13;"CAMPINA GRANDE DO SUL";"Velocidade Incompatível";"Capotamento";"Sem Vítimas";"Pleno dia";"Crescente";"Garoa/Chuvisco";"Dupla";"Curva";"Não";1;0;0;0;1;0;0;1;-25,096464;-48,664642;"SPRF-PR";"DEL01-PR";"UOP02-DEL01-PR"
176407;2018-12-07;"sexta-feira";"12:15:00";"RJ";101;65;"CAMPOS DOS GOYTACAZES";"Desobediência às normas de trânsito pelo condutor";"Colisão transversal";"Com Vítimas Feridas";"Pleno dia";"Crescente";"Céu Claro";"Simples";"Reta";"Sim";2;0;1;0;1;0;1;2;-21,753717;-41,34436;"SPRF-RJ";"DEL08-RJ";"UOP02-DEL08-RJ"