"id";"data_inversa";"dia_semana";"horario";"uf";"br";"km";"municipio";"causa_acidente";"tipo_acidente";"classificacao_acidente";"fase_dia";"sentido_via";"condicao_metereologica";"tipo_pista";"tracado_via";"uso_solo";"pessoas";"mortos";"feridos_leves";"feridos_graves";"ilesos";"ignorados";"feridos";"veiculos";"latitude";"longitude";"regional";"delegacia";"uop"
176408;2018-12-07;"sexta-feira";"11:15:00";"RS";153;47,3;"ERECHIM";"Falta de Atenção à Condução";"Colisão traseira";"Com Vítimas Feridas";"Pleno dia";"Decrescente";"Céu Claro";"Múltipla";"Reta";"Sim";2;0;1;0;1;0;1;2;-27,645304;-52,249981;"SPRF-RS";"DEL08-RS";"UOP04-DEL08-RS"
176410;2018-12-07;"sexta-feira";"14:25:00";"SC";101;97;"BALNEARIO PICARRAS";"Agressão Externa";"Saída de leito carroçável";"Com Vítimas Feridas";"Pleno dia";"Decrescente";"Nublado";"Dupla";"Reta";"Não";1;0;1;0;0;0;1;1;-26,7409;-48,6983;"SPRF-SC";"DEL03-SC";"UOP02-DEL03-SC"
176412;2018-12-07;"sexta-feira";"14:25:00";"RJ";40;82;"PETROPOLIS";"Pista Escorregadia";"Tombamento";"Com Vítimas Feridas";"Pleno dia";"Decrescente";"Nevoeiro/Neblina";"Simples";"Curva";"Não";1;0;1;0;0;0;1;1;-22,5399;-43,2241;"SPRF-RJ";"DEL06-RJ";"UOP01-DEL06-RJ"
176413;2018-12-07;"sexta-feira";"12:20:00";"GO";153;512;"APARECIDA DE GOIANIA";"Defeito Mecânico no Veículo";"Tombamento";"Com Vítimas Feridas";"Pleno dia";"Decrescente";"Sol";"Múltipla";"Reta";"Sim";1;0;0;1;0;0;1;1;-16,8156;-49,2402;"SPRF-GO";"DEL01-GO";"UOP03-DEL01-GO"
176415;2018-11-26;"segunda-feira";"11:45:00";"BA";110;13;"PAULO AFONSO";"Velocidade Incompatível";"Capotamento";"Com Vítimas Feridas";"Pleno dia";"Crescente";"Chuva";"Simples";"Reta";"Não";1;0;1;0;0;0;1;1;-9,5358;-38,2215;"SPRF-BA";"DEL07-BA";"UOP01-DEL07-BA"
176416;2018-12-07;"sexta-feira";"14:50:00";"PE";408;105,2;"JABOATAO DOS GUARARAPES";"Desobediência às normas de trânsito pelo condutor";"Colisão transversal";"Com Vítimas Fatais";"Pleno dia";"Crescente";"Céu Claro";"Dupla";"Reta";"Não";2;1;0;0;1;0;0;2;-8,079466;-34,991443;"SPRF-PE";"DEL01-PE";"UOP01-DEL01-PE"
176417;2018-12-07;"sexta-feira";"15:40:00";"ES";101;297,7;"VIANA";"Falta de Atenção à Condução";"Colisão traseira";"Com Vítimas Feridas";"Pleno dia";"Decrescente";"Céu Claro";"Dupla";"Curva";"Sim";3;0;2;0;1;0;2;2;-20,3501651;-40,41268414;"SPRF-ES";"DEL01-ES";"UOP01-DEL01-ES"
176419;2018-11-16;"sexta-feira";"05:00:00";"PA";230;135;"MARABA";"Falta de Atenção à Condução";"Atropelamento de Animal";"Com Vítimas Fatais";"Amanhecer";"Decrescente";"Céu Claro";"Simples";"Reta";"Não";1;1;0;0;0;0;0;1;-5,347898;-49,214157;"SPRF-PA";"DEL03-PA";"UOP01-DEL03-PA"
176420;2018-12-07;"sexta-feira";"15:45:00";"MG";381;345;"BELA VISTA DE MINAS";"Velocidade Incompatível";"Saída de leito carroçável";"Com Vítimas Feridas";"Pleno dia";"Decrescente";"Chuva";"Simples";"Curva";"Não";2;0;1;0;1;0;1;1;-19,83527638;-43,09640776;"SPRF-MG";"DEL03-MG";"UOP01-DEL03-MG"
176421;2018-12-07;"sexta-feira";"16:10:00";"RS";290;62;"GRAVATAI";"Falta de Atenção à Condução";"Colisão traseira";"Sem Vítimas";"Pleno dia";"Crescente";"Céu Claro";"Dupla";"Reta";"Não";3;0;0;0;3;0;0;3;-29,932089;-50,877304;"SPRF-RS";"DEL03-RS";"UOP02-DEL03-RS"
176422;2018-12-07;"sexta-feira";"14:45:00";"CE";116;51;"PACAJUS";"Falta de Atenção à Condução";"Queda de ocupante de veículo";"Com Vítimas Feridas";"Pleno dia";"Crescente";"Céu Claro";"Dupla";"Reta";"Não";2;0;1;1;0;0;2;1;-4,1909;-38,4776;"SPRF-CE";"DEL03-CE";"UOP02-DEL03-CE"
176423;2018-12-07;"sexta-feira";"15:45:00";"RS";290;62,4;"GRAVATAI";"Ingestão de Álcool";"Colisão transversal";"Sem Vítimas";"Pleno dia";"Decrescente";"Céu Claro";"Dupla";"Reta";"Não";2;0;0;0;2;0;0;2;-29,924509;-50,858528;"SPRF-RS";"DEL03-RS";"UOP02-DEL03-RS"
176424;2018-12-07;"sexta-feira";"07:21:00";"MG";40;692,5;"ALFREDO VASCONCELOS";"Desobediência às normas de trânsito pelo condutor";"Colisão lateral";"Sem Vítimas";"Amanhecer";"Crescente";"Nublado";"Dupla";"Reta";"Não";2;0;0;0;1;1;0;2;-21,1563;-43,7624;"SPRF-MG";"DEL05-MG";"UOP02-DEL05-MG"
176425;2018-12-07;"sexta-feira";"16:00:00";"PR";476;353,9;"UNIAO DA VITORIA";"Desobediência às normas de trânsito pelo condutor";"Colisão traseira";"Com Vítimas Feridas";"Pleno dia";"Decrescente";"Céu Claro";"Simples";"Aclive";"Não";2;0;2;0;0;0;2;2;-26,198172;-51,002659;"SPRF-PR";"DEL02-PR";"UOP03-DEL02-PR"
176426;2018-12-07;"sexta-feira";"15:50:00";"SP";116;442,1;"REGISTRO";"Falta de Atenção à Condução";"Saída de leito carroçável";"Com Vítimas Feridas";"Pleno dia";"Crescente";"Nublado";"Dupla";"Reta";"Sim";2;0;1;0;1;0;1;1;-24,4570532;-47,8143987;"SPRF-SP";"DEL05-SP";"UOP01-DEL05-SP"
176429;2018-12-07;"sexta-feira";"16:20:00";"ES";101;395;"RIO NOVO DO SUL";"Falta de Atenção à Condução";"Colisão transversal";"Com Vítimas Feridas";"Pleno dia";"Decrescente";"Nublado";"Simples";"Interseção de Vias";"Sim";2;0;1;0;1;0;1;2;-20,866034;-40,9329178;"SPRF-ES";"DEL03-ES";"UOP02-DEL03-ES"
176430;2018-12-07;"sexta-feira";"17:05:00";"RJ";116;76;"TERESOPOLIS";"Falta de Atenção à Condução";"Colisão frontal";"Com Vítimas Feridas";"Pleno dia";"Decrescente";"Chuva";"Simples";"Curva";"Não";3;0;0;3;0;0;3;2;-22,361216;-42,948738;"SPRF-RJ";"DEL04-RJ";"UOP01-DEL04-RJ"
176433;2018-12-07;"sexta-feira";"16:50:00";"SC";280;53,8;"GUARAMIRIM";"Desobediência às normas de trânsito pelo condutor";"Colisão transversal";"Sem Vítimas";"Pleno dia";"Crescente";"Céu Claro";"Simples";"Reta";"Sim";2;0;0;0;2;0;0;2;-26,472363;-48,974255;"SPRF-SC";"DEL03-SC";"UOP03-DEL03-SC"
176434;2018-12-07;"sexta-feira";"17:30:00";"SC";280;24,5;"ARAQUARI";"Falta de Atenção à Condução";"Colisão transversal";"Com Vítimas Feridas";"Pleno dia";"Crescente";"Nublado";"Simples";"Reta";"Sim";3;0;2;1;0;0;3;2;-26,38049014;-48,7234211;"SPRF-SC";"DEL03-SC";"UOP03-DEL03-SC"
176435;2018-12-07;"sexta-feira";"07:00:00";"PB";230;29;"JOAO PESSOA";"Falta de Atenção à Condução";"Colisão traseira";"Com Vítimas Feridas";"Pleno dia";"Crescente";"Céu Claro";"Dupla";"Reta";"Sim";2;0;1;0;0;1;1;2;-7,1622;-34,9031;"SPRF-PB";"DEL01-PB";"UOP01-DEL01-PB"
176438;2018-12-07;"sexta-feira";"14:00:00";"PR";116;16;"CAMPINA GRANDE DO SUL";"Velocidade Incompatível";"Saída de leito carroçável";"Com Vítimas Feridas";"Pleno dia";"Crescente";"Garoa/Chuvisco";"Dupla";"Curva;Aclive";"Sim";5;0;1;0;4;0;1;1;-25,099701;-48,692299;"SPRF-PR";"DEL01-PR";"UOP02-DEL01-PR"
176439;2018-12-07;"sexta-feira";"17:30:00";"RS";116;246;"SAO LEOPOLDO";"Falta de Atenção à Condução";"Colisão lateral";"Com Vítimas Feridas";"Pleno dia";"Crescente";"Céu Claro";"Dupla";"Reta";"Não";1;0;1;0;0;0;1;1;-29,758787;-51,151871;"SPRF-RS";"DEL01-RS";"UOP02-DEL01-RS"
176440;2018-12-07;"sexta-feira";"17:30:00";"SP";116;210;"GUARULHOS";"Não guardar distância de segurança";"Colisão traseira";"Com Vítimas Feridas";"Pleno dia";"Decrescente";"Céu Claro";"Simples";"Reta";"Não";2;0;1;0;1;0;1;1;-23,42762767;-46,40823831;"SPRF-SP";"DEL01-SP";"UOP01-DEL01-SP"
176441;2018-12-07;"sexta-feira";"16:30:00";"RN";304;9;"MOSSORO";"Falta de Atenção à Condução";"Colisão lateral";"Com Vítimas Feridas";"Pleno dia";"Crescente";"Sol";"Simples";"Reta";"Não";2;0;1;0;1;0;1;2;-4,948862;-37,403488;"SPRF-RN";"DEL04-RN";"UOP02-DEL04-RN"
176443;2018-12-07;"sexta-feira";"17:50:00";"SC";101;208;"SAO JOSE";"Não guardar distância de segurança";"Tombamento";"Com Vítimas Feridas";"Pleno dia";"Decrescente";"Céu Claro";"Dupla";"Reta";"Sim";1;0;1;0;0;0;1;1;-27,6101;-48,6388;"SPRF-SC";"DEL01-SC";"UOP01-DEL01-SC"
176444;2018-12-07;"sexta-feira";"17:30:00";"SC";282;505;"XANXERE";"Falta de Atenção à Condução";"Colisão lateral";"Com Vítimas Feridas";"Pleno dia";"Decrescente";"Sol";"Simples";"Interseção de Vias";"Sim";2;0;1;0;1;0;1;2;-26,885883;-52,418762;"SPRF-SC";"DEL07-SC";"UOP01-DEL07-SC"
176445;2018-12-07;"sexta-feira";"18:05:00";"SC";470;50,5;"BLUMENAU";"Ultrapassagem Indevida";"Colisão transversal";"Com Vítimas Feridas";"Pleno dia";"Crescente";"Nublado";"Simples";"Reta;Aclive";"Sim";2;0;1;0;1;0;1;2;-26,859768;-49,074493;"SPRF-SC";"DEL04-SC";"UOP01-DEL04-SC"
176446;2018-12-07;"sexta-feira";"18:00:00";"MG";381;635,7;"SANTO ANTONIO DO AMPARO";"Velocidade Incompatível";"Colisão com objeto estático";"Sem Vítimas";"Pleno dia";"Crescente";"Céu Claro";"Dupla";"Curva";"Não";4;0;0;0;4;0;0;1;-20,8671;-44,8416;"SPRF-MG";"DEL04-MG";"UOP01-DEL04-MG"
176447;2018-12-07;"sexta-feira";"16:10:00";"PB";230;405,8;"POMBAL";"Falta de Atenção à Condução";"Colisão lateral";"Com Vítimas Feridas";"Pleno dia";"Crescente";"Céu Claro";"Simples";"Aclive";"Sim";2;0;0;1;1;0;1;2;-6,7888;-37,7923;"SPRF-PB";"DEL03-PB";"UOP02-DEL03-PB"
176449;2018-12-07;"sexta-feira";"18:11:00";"GO";153;496,3;"GOIANIA";"Animais na Pista";"Atropelamento de Animal";"Com Vítimas Feridas";"Anoitecer";"Decrescente";"Nublado";"Dupla";"Reta";"Sim";4;0;2;0;2;0;2;2;-16,6776;-49,2314;"SPRF-GO";"DEL01-GO";"UOP01-DEL01-GO"
176450;2018-12-07;"sexta-feira";"18:20:00";"PR";116;92;"SAO JOSE DOS PINHAIS";"Falta de Atenção à Condução";"Colisão transversal";"Com Vítimas Feridas";"Pleno dia";"Decrescente";"Nublado";"Dupla";"Reta";"Não";2;0;1;0;1;0;1;2;-25,50961765;-49,12644982;"SPRF-PR";"DEL01-PR";"UOP01-DEL01-PR"
176452;2018-12-07;"sexta-feira";"17:20:00";"MT";163;841;"SINOP";"Ingestão de Álcool";"Colisão frontal";"Sem Vítimas";"Pleno dia";"Crescente";"Chuva";"Simples";"Reta";"Sim";4;0;0;0;2;2;0;2;-11,8040162;-55,48049754;"SPRF-MT";"DEL06-MT";"UOP02-DEL06-MT"
176453;2018-12-07;"sexta-feira";"14:00:00";"PB";405;33,9;"SAO JOAO DO RIO DO PEIXE";"Ingestão de Álcool";"Colisão com objeto estático";"Sem Vítimas";"Pleno dia";"Crescente";"Céu Claro";"Simples";"Ponte";"Sim";1;0;0;0;1;0;0;1;-6,728078;-38,448483;"SPRF-PB";"DEL03-PB";"UOP03-DEL03-PB"
176455;2018-12-07;"sexta-feira";"18:00:00";"ES";101;262,1;"SERRA";"Falta de Atenção à Condução";"Colisão transversal";"Com Vítimas Feridas";"Anoitecer";"Crescente";"Céu Claro";"Múltipla";"Interseção de Vias";"Sim";2;0;1;0;1;0;1;2;-20,16809288;-40,27116191;"SPRF-ES";"DEL02-ES";"UOP01-DEL02-ES"
176460;2018-12-07;"sexta-feira";"18:00:00";"BA";116;819;"VITORIA DA CONQUISTA";"Falta de Atenção à Condução";"Colisão lateral";"Com Vítimas Feridas";"Anoitecer";"Decrescente";"Nublado";"Simples";"Curva";"Não";3;0;3;0;0;0;3;2;-14,829871;-40,835617;"SPRF-BA";"DEL08-BA";"UOP01-DEL08-BA"
176461;2018-12-07;"sexta-feira";"15:35:00";"SC";470;66,8;"INDAIAL";"Falta de Atenção à Condução";"Colisão lateral";"Com Vítimas Feridas";"Pleno dia";"Crescente";"Céu Claro";"Simples";"Reta";"Não";2;0;1;0;1;0;1;2;-26,8713444;-49,22989542;"SPRF-SC";"DEL04-SC";"UOP01-DEL04-SC"
176462;2018-12-07;"sexta-feira";"17:00:00";"RO";364;343,9;"JI-PARANA";"Desobediência às normas de trânsito pelo condutor";"Colisão transversal";"Com Vítimas Feridas";"Pleno dia";"Decrescente";"Céu Claro";"Simples";"Reta";"Sim";4;0;2;0;2;0;2;3;-10,878848;-61,944893;"SPRF-RO";"DEL02-RO";"UOP01-DEL02-RO"
176463;2018-12-07;"sexta-feira";"17:00:00";"RS";470;2,4;"BARRACAO";"Condutor Dormindo";"Colisão com objeto estático";"Com Vítimas Feridas";"Pleno dia";"Crescente";"Céu Claro";"Múltipla";"Curva";"Não";2;0;2;0;0;0;2;1;-27,614561;-51,474934;"SPRF-RS";"DEL08-RS";"UOP05-DEL08-RS"
176465;2018-12-07;"sexta-feira";"19:40:00";"ES";101;349;"ANCHIETA";"Falta de Atenção à Condução";"Saída de leito carroçável";"Com Vítimas Feridas";"Plena Noite";"Decrescente";"Chuva";"Simples";"Reta";"Não";1;0;1;0;0;0;1;1;-20,654;-40,645;"SPRF-ES";"DEL03-ES";"UOP01-DEL03-ES"
176466;2018-12-07;"sexta-feira";"19:45:00";"GO";153;618,7;"MORRINHOS";"Defeito Mecânico no Veículo";"Saída de leito carroçável";"Com Vítimas Feridas";"Plena Noite";"Crescente";"Céu Claro";"Dupla";"Aclive";"Não";4;0;3;0;1;0;3;1;-17,7039;-49,1552;"SPRF-GO";"DEL03-GO";"UOP01-DEL03-GO"
176467;2018-12-07;"sexta-feira";"18:30:00";"SC";470;53,3;"BLUMENAU";"Ultrapassagem Indevida";"Colisão lateral";"Com Vítimas Feridas";"Pleno dia";"Decrescente";"Nublado";"Simples";"Curva";"Sim";2;0;1;0;1;0;1;2;-26,867121;-49,102066;"SPRF-SC";"DEL04-SC";"UOP01-DEL04-SC"
176468;2018-09-30;"domingo";"13:00:00";"GO";60;402;"RIO VERDE";"Velocidade Incompatível";"Saída de leito carroçável";"Com Vítimas Feridas";"Pleno dia";"Decrescente";"Nublado";"Dupla";"Curva";"Não";1;0;0;1;0;0;1;1;-17,8184;-51,0733;"SPRF-GO";"DEL04-GO";"UOP01-DEL04-GO"
176469;2018-12-07;"sexta-feira";"16:55:00";"BA";324;621,9;"SALVADOR";"Defeito Mecânico no Veículo";"Tombamento";"Com Vítimas Feridas";"Pleno dia";"Crescente";"Céu Claro";"Dupla";"Curva";"Sim";1;0;1;0;0;0;1;1;-12,92833885;-38,46867621;"SPRF-BA";"DEL01-BA";"UOP01-DEL01-BA"
176472;2018-12-07;"sexta-feira";"20:20:00";"PR";116;168;"QUITANDINHA";"Desobediência às normas de trânsito pelo condutor";"Saída de leito carroçável";"Com Vítimas Feridas";"Plena Noite";"Crescente";"Nublado";"Simples";"Interseção de Vias";"Não";3;0;1;0;2;0;1;1;-25,874659;-49,48101;"SPRF-PR";"DEL01-PR";"UOP03-DEL01-PR"
176473;2018-12-07;"sexta-feira";"18:05:00";"BA";324;623;"SALVADOR";"Falta de Atenção à Condução";"Colisão lateral";"Com Vítimas Feridas";"Anoitecer";"Decrescente";"Céu Claro";"Dupla";"Interseção de Vias";"Sim";2;0;1;0;1;0;1;2;-12,94099133;-38,47095609;"SPRF-BA";"DEL01-BA";"UOP01-DEL01-BA"
176474;2018-12-07;"sexta-feira";"20:20:00";"RJ";101;64,2;"CAMPOS DOS GOYTACAZES";"Desobediência às normas de trânsito pelo condutor";"Colisão transversal";"Com Vítimas Feridas";"Plena Noite";"Crescente";"Chuva";"Simples";"Interseção de Vias";"Sim";2;0;1;0;1;0;1;2;-21,749086;-41,336327;"SPRF-RJ";"DEL08-RJ";"UOP02-DEL08-RJ"
176475;2018-12-07;"sexta-feira";"18:17:00";"RR";401;6;"CANTA";"Deficiência ou não Acionamento do Sistema de Iluminação/Sinalização do Veículo";"Colisão lateral";"Com Vítimas Feridas";"Plena Noite";"Decrescente";"Céu Claro";"Simples";"Em Obras";"Não";2;0;0;2;0;0;2;2;2,790548;-60,642979;"SPRF-RR";"DEL01-RR";"UOP01-DEL01-RR"
176476;2018-12-02;"domingo";"18:45:00";"PB";230;216,4;"SOLEDADE";"Objeto estático sobre o leito carroçável";"Queda de ocupante de veículo";"Com Vítimas Feridas";"Plena Noite";"Crescente";"Céu Claro";"Simples";"Reta";"Sim";1;0;0;1;0;0;1;1;-7,0562;-36,3681;"SPRF-PB";"DEL02-PB";"UOP02-DEL02-PB"
176477;2018-12-07;"sexta-feira";"20:15:00";"RJ";116;274;"BARRA MANSA";"Falta de Atenção à Condução";"Saída de leito carroçável";"Com Vítimas Fatais";"Plena Noite";"Crescente";"Chuva";"Simples";"Curva";"Sim";2;1;0;1;0;0;1;1;-22,561834;-44,165886;"SPRF-RJ";"DEL07-RJ";"UOP02-DEL07-RJ"
176478;2018-12-07;"sexta-feira";"19:40:00";"SE";235;48;"ITABAIANA";"Ingestão de Álcool";"Queda de ocupante de veículo";"Com Vítimas Feridas";"Plena Noite";"Decrescente";"Céu Claro";"Simples";"Reta";"Sim";1;0;1;0;0;0;1;1;-10,724387;-37,41708;"SPRF-SE";"DEL01-SE";"UOP02-DEL01-SE"
176481;2018-12-07;"sexta-feira";"21:20:00";"PR";376;169,8;"MARINGA";"Falta de Atenção do Pedestre";"Atropelamento de Pedestre";"Com Vítimas Feridas";"Plena Noite";"Crescente";"Nublado";"Dupla";"Reta";"Não";3;0;0;2;1;0;2;2;-23,40524613;-51,99425697;"SPRF-PR";"DEL07-PR";"UOP01-DEL09-PR"
176483;2018-12-07;"sexta-feira";"13:50:00";"RN";427;97,4;"CAICO";"Falta de Atenção à Condução";"Colisão transversal";"Com Vítimas Feridas";"Pleno dia";"Crescente";"Céu Claro";"Simples";"Reta";"Sim";2;0;1;0;1;0;1;2;-6,470299;-37,08559;"SPRF-RN";"DEL03-RN";"UOP01-DEL03-RN"
176485;2018-12-07;"sexta-feira";"20:30:00";"RS";290;26;"SANTO ANTONIO DA PATRULHA";"Falta de Atenção à Condução";"Saída de leito carroçável";"Com Vítimas Feridas";"Plena Noite";"Decrescente";"Céu Claro";"Simples";"Curva";"Não";1;0;1;0;0;0;1;1;-29,880135;-50,514297;"SPRF-RS";"DEL03-RS";"UOP02-DEL03-RS"
176486;2018-12-07;"sexta-feira";"21:30:00";"ES";101;271;"SERRA";"Falta de Atenção à Condução";"Queda de ocupante de veículo";"Com Vítimas Feridas";"Plena Noite";"Decrescente";"Chuva";"Múltipla";"Reta";"Sim";2;0;1;0;1;0;1;1;-20,22861695;-40,28283119;"SPRF-ES";"DEL02-ES";"UOP01-DEL02-ES"
176487;2018-12-07;"sexta-feira";"20:55:00";"RN";406;169;"SAO GONCALO DO AMARANTE";"Desobediência às normas de trânsito pelo condutor";"Colisão transversal";"Com Vítimas Feridas";"Plena Noite";"Crescente";"Céu Claro";"Dupla";"Declive";"Não";5;0;1;0;4;0;1;2;-5,75762572;-35,30186545;"SPRF-RN";"DEL02-RN";"UOP01-DEL02-RN"
176488;2018-12-07;"sexta-feira";"22:00:00";"DF";70;9,3;"BRASILIA";"Ingestão de Álcool";"Atropelamento de Pedestre";"Com Vítimas Feridas";"Plena Noite";"Crescente";"Céu Claro";"Dupla";"Reta";"Sim";2;0;0;1;1;0;1;2;-15,78540123;-48,13489348;"SPRF-DF";"DEL01-DF";"UOP02-DEL03-DF"
176489;2018-12-07;"sexta-feira";"20:34:00";"MS";163;421;"CAMPO GRANDE";"Desobediência às normas de trânsito pelo condutor";"Queda de ocupante de veículo";"Com Vítimas Feridas";"Plena Noite";"Decrescente";"Céu Claro";"Simples";"Reta";"Sim";1;0;1;0;0;0;1;1;-20,978305;-54,504879;"SPRF-MS";"DEL01-MS";"UOP01-DEL01-MS"
176491;2018-12-07;"sexta-feira";"13:20:00";"GO";414;439,3;"ANAPOLIS";"Falta de Atenção à Condução";"Colisão transversal";"Com Vítimas Feridas";"Pleno dia";"Crescente";"Céu Claro";"Simples";"Interseção de Vias";"Sim";2;0;1;0;1;0;1;2;-16,27755399;-48,94154018;"SPRF-GO";"DEL02-GO";"UOP01-DEL02-GO"
176492;2018-12-07;"sexta-feira";"16:30:00";"BA";324;614;"SALVADOR";"Falta de Atenção à Condução";"Queda de ocupante de veículo";"Com Vítimas Feridas";"Pleno dia";"Crescente";"Chuva";"Dupla";"Reta";"Sim";1;0;1;0;0;0;1;1;-12,87979335;-38,43221426;"SPRF-BA";"DEL01-BA";"UOP01-DEL01-BA"
176493;2018-12-07;"sexta-feira";"22:00:00";"MG";40;509;"RIBEIRAO DAS NEVES";"Não guardar distância de segurança";"Colisão traseira";"Com Vítimas Feridas";"Plena Noite";"Decrescente";"Nublado";"Dupla";"Reta";"Sim";2;0;1;0;1;0;1;2;-19,7774;-44,1209;"SPRF-MG";"DEL01-MG";"UOP03-DEL01-MG"
176496;2018-12-07;"sexta-feira";"21:20:00";"MS";163;551,5;"BANDEIRANTES";"Falta de Atenção do Pedestre";"Atropelamento de Pedestre";"Com Vítimas Fatais";"Plena Noite";"Crescente";"Céu Claro";"Simples";"Reta";"Não";2;1;0;0;0;1;0;2;-19,890504;-54,373898;"SPRF-MS";"DEL01-MS";"UOP02-DEL01-MS"
176497;2018-12-07;"sexta-feira";"22:35:00";"SC";282;4,7;"SAO JOSE";"Falta de Atenção à Condução";"Colisão lateral";"Com Vítimas Feridas";"Plena Noite";"Decrescente";"Nublado";"Dupla";"Reta";"Sim";2;0;1;0;1;0;1;2;-27,592646;-48,604034;"SPRF-SC";"DEL01-SC";"UOP01-DEL01-SC"
176498;2018-12-07;"sexta-feira";"19:40:00";"AC";364;122;"RIO BRANCO";"Falta de Atenção à Condução";"Colisão lateral";"Sem Vítimas";"Plena Noite";"Decrescente";"Chuva";"Dupla";"Reta";"Sim";1;0;0;0;1;0;0;1;-10,011882;-67,773392;"SPRF-AC";"DEL01-AC";"UOP01-DEL01-AC"
176499;2018-12-07;"sexta-feira";"21:00:00";"MS";262;487;"ANASTACIO";"Falta de Atenção à Condução";"Tombamento";"Com Vítimas Feridas";"Plena Noite";"Crescente";"Céu Claro";"Simples";"Rotatória";"Sim";1;0;1;0;0;0;1;1;-20,49883315;-55,78739405;"SPRF-MS";"DEL03-MS";"UOP01-DEL03-MS"
176501;2018-12-07;"sexta-feira";"21:15:00";"PA";316;60,8;"CASTANHAL";"Desobediência às normas de trânsito pelo condutor";"Colisão transversal";"Sem Vítimas";"Plena Noite";"Crescente";"Garoa/Chuvisco";"Simples";"Interseção de Vias";"Sim";3;0;0;0;2;1;0;3;-1,296296;-47,919842;"SPRF-PA";"DEL01-PA";"UOP01-DEL01-PA"
176502;2018-12-03;"segunda-feira";"13:50:00";"MG";116;414;"GOVERNADOR VALADARES";"Falta de Atenção à Condução";"Colisão lateral";"Com Vítimas Feridas";"Pleno dia";"Crescente";"Chuva";"Simples";"Interseção de Vias";"Não";2;0;1;0;1;0;1;2;-18,87334358;-41,96746072;"SPRF-MG";"DEL06-MG";"UOP01-DEL06-MG"
176503;2018-12-07;"sexta-feira";"21:50:00";"AL";101;130,3;"SAO MIGUEL DOS CAMPOS";"Falta de Atenção à Condução";"Colisão frontal";"Com Vítimas Feridas";"Plena Noite";"Decrescente";"Céu Claro";"Simples";"Curva";"Não";3;0;3;0;0;0;3;2;-9,758461;-36,070011;"SPRF-AL";"DEL02-AL";"UOP01-DEL02-AL"
176504;2018-12-07;"sexta-feira";"22:43:00";"PR";376;616;"SAO JOSE DOS PINHAIS";"Falta de Atenção à Condução";"Capotamento";"Com Vítimas Feridas";"Plena Noite";"Decrescente";"Céu Claro";"Dupla";"Reta";"Sim";3;0;1;0;2;0;1;1;-25,64833544;-49,15901184;"SPRF-PR";"DEL01-PR";"DEL7/1-UOP08/PR"
176505;2018-12-07;"sexta-feira";"20:50:00";"MG";381;747,6;"TRES CORACOES";"Falta de Atenção à Condução";"Saída de leito carroçável";"Com Vítimas Feridas";"Plena Noite";"Crescente";"Nublado";"Dupla";"Reta";"Não";1;0;1;0;0;0;1;1;-21,6293;-45,2731;"SPRF-MG";"DEL16-MG";"UOP02-DEL16-MG"
176506;2018-12-07;"sexta-feira";"21:30:00";"RS";158;333,5;"SANTA MARIA";"Desobediência às normas de trânsito pelo condutor";"Colisão transversal";"Sem Vítimas";"Plena Noite";"Decrescente";"Céu Claro";"Simples";"Reta";"Sim";2;0;0;0;2;0;0;2;-29,708469;-53,864265;"SPRF-RS";"DEL09-RS";"UOP01-DEL09-RS"
176508;2018-12-07;"sexta-feira";"21:57:00";"PR";153;40,4;"SANTO ANTONIO DA PLATINA";"Falta de Atenção à Condução";"Saída de leito carroçável";"Sem Vítimas";"Plena Noite";"Crescente";"Céu Claro";"Simples";"Reta;Em Obras";"Não";1;0;0;0;0;1;0;1;-23,28675602;-50,05829215;"SPRF-PR";"DEL07-PR";"UOP04-DEL07-PR"
176509;2018-12-07;"sexta-feira";"20:00:00";"RR";174;511,6;"BOA VISTA";"Ingestão de Álcool";"Colisão transversal";"Com Vítimas Feridas";"Plena Noite";"Crescente";"Céu Claro";"Simples";"Reta";"Não";3;0;0;3;0;0;3;2;2,86820948;-60,69666895;"SPRF-RR";"DEL01-RR";"UOP01-DEL01-RR"
176510;2018-12-07;"sexta-feira";"20:10:00";"RO";364;342,8;"JI-PARANA";"Falta de Atenção à Condução";"Atropelamento de Pedestre";"Com Vítimas Feridas";"Plena Noite";"Decrescente";"Nublado";"Simples";"Reta";"Sim";4;0;1;2;0;1;3;2;-10,883874;-61,937317;"SPRF-RO";"DEL02-RO";"UOP01-DEL02-RO"
176512;2018-12-07;"sexta-feira";"22:35:00";"RJ";393;221;"VASSOURAS";"Falta de Atenção do Pedestre";"Atropelamento de Pedestre";"Com Vítimas Feridas";"Plena Noite";"Crescente";"Céu Claro";"Simples";"Reta";"Não";5;0;0;1;4;0;1;2;-22,32012;-43,529716;"SPRF-RJ";"DEL05-RJ";"UOP03-DEL05-RJ"
176513;2018-12-07;"sexta-feira";"20:55:00";"MG";146;601,8;"POCOS DE CALDAS";"Ultrapassagem Indevida";"Colisão frontal";"Com Vítimas Feridas";"Plena Noite";"Crescente";"Céu Claro";"Simples";"Declive;Reta";"Não";7;0;3;4;0;0;7;2;-21,78119056;-46,43521786;"SPRF-MG";"DEL13-MG";"UOP01-DEL13-MG"
176514;2018-12-07;"sexta-feira";"22:00:00";"RS";116;37;"VACARIA";"Desobediência às normas de trânsito pelo condutor";"Colisão lateral";"Com Vítimas Feridas";"Plena Noite";"Crescente";"Céu Claro";"Simples";"Reta";"Sim";4;0;2;0;1;1;2;3;-28,49872;-50,917686;"SPRF-RS";"DEL05-RS";"UOP03-DEL05-RS"