"id";"data_inversa";"dia_semana";"horario";"uf";"br";"km";"municipio";"causa_acidente";"tipo_acidente";"classificacao_acidente";"fase_dia";"sentido_via";"condicao_metereologica";"tipo_pista";"tracado_via";"uso_solo";"pessoas";"mortos";"feridos_leves";"feridos_graves";"ilesos";"ignorados";"feridos";"veiculos";"latitude";"longitude";"regional";"delegacia";"uop"
176515;2018-12-08;"sábado";"00:01:00";"PR";476;128;"CURITIBA";"Desobediência às normas de trânsito pelo condutor";"Colisão traseira";"Sem Vítimas";"Plena Noite";"Decrescente";"Céu Claro";"Dupla";"Reta";"Sim";2;0;0;0;2;0;0;2;-25,433048;-49,23156;"SPRF-PR";"DEL01-PR";"UOP07-DEL01-PR"
176516;2018-12-07;"sexta-feira";"19:05:00";"MA";226;392,5;"GRAJAU";"Mal Súbito";"Queda de ocupante de veículo";"Com Vítimas Feridas";"Plena Noite";"Crescente";"Céu Claro";"Simples";"Reta";"Não";3;0;0;1;1;1;1;2;-5,707649;-45,944594;"SPRF-MA";"DEL04-MA";"UOP02-DEL04-MA"
176519;2018-12-08;"sábado";"00:25:00";"SC";101;102,7;"BALNEARIO PICARRAS";"Falta de Atenção do Pedestre";"Atropelamento de Pedestre";"Com Vítimas Feridas";"Plena Noite";"Crescente";"Nublado";"Múltipla";"Reta";"Sim";2;0;1;0;1;0;1;2;-26,7841;-48,6827;"SPRF-SC";"DEL03-SC";"UOP02-DEL03-SC"
176520;2018-12-07;"sexta-feira";"22:00:00";"PE";407;72,4;"PETROLINA";"Falta de Atenção à Condução";"Saída de leito carroçável";"Com Vítimas Feridas";"Plena Noite";"Decrescente";"Nublado";"Simples";"Curva";"Não";3;0;3;0;0;0;3;1;-8,955403;-40,725291;"SPRF-PE";"DEL06-PE";"UOP02-DEL06-PE"
176523;2018-12-08;"sábado";"00:30:00";"SC";101;206;"SAO JOSE";"Ingestão de Álcool";"Colisão traseira";"Com Vítimas Feridas";"Plena Noite";"Crescente";"Céu Claro";"Dupla";"Reta";"Não";3;0;0;1;2;0;1;3;-27,6001;-48,6225;"SPRF-SC";"DEL01-SC";"UOP01-DEL01-SC"
176524;2018-12-08;"sábado";"01:00:00";"PR";376;623,4;"SAO JOSE DOS PINHAIS";"Defeito Mecânico no Veículo";"Saída de leito carroçável";"Sem Vítimas";"Plena Noite";"Decrescente";"Céu Claro";"Dupla";"Reta";"Não";1;0;0;0;1;0;0;1;-25,68266201;-49,14808989;"SPRF-PR";"DEL01-PR";"DEL7/1-UOP08/PR"
176526;2018-12-07;"sexta-feira";"22:40:00";"CE";116;30,9;"AQUIRAZ";"Velocidade Incompatível";"Colisão com objeto estático";"Sem Vítimas";"Plena Noite";"Decrescente";"Céu Claro";"Dupla";"Curva";"Não";1;0;0;0;0;1;0;1;-4,024;-38,5168;"SPRF-CE";"DEL01-CE";"UOP02-DEL01-CE"
176527;2018-12-07;"sexta-feira";"22:20:00";"SC";280;188,3;"MAFRA";"Falta de Atenção à Condução";"Queda de ocupante de veículo";"Com Vítimas Feridas";"Plena Noite";"Decrescente";"Céu Claro";"Simples";"Curva";"Não";2;0;1;1;0;0;2;2;-26,171467;-49,963207;"SPRF-SC";"DEL06-SC";"UOP01-DEL06-SC"
176529;2018-12-08;"sábado";"00:30:00";"SC";101;207;"SAO JOSE";"Falta de Atenção à Condução";"Atropelamento de Pedestre";"Com Vítimas Feridas";"Plena Noite";"Decrescente";"Nublado";"Dupla";"Reta";"Não";5;0;0;1;3;1;1;5;-27,6034;-48,632;"SPRF-SC";"DEL01-SC";"UOP01-DEL01-SC"
176530;2018-12-08;"sábado";"00:28:00";"PR";116;203;"RIO NEGRO";"Falta de Atenção à Condução";"Queda de ocupante de veículo";"Sem Vítimas";"Plena Noite";"Decrescente";"Céu Claro";"Simples";"Curva";"Não";2;0;0;0;2;0;0;1;-26,05297918;-49,70907171;"SPRF-SC";"DEL06-SC";"UOP01-DEL06-SC"
176531;2018-12-08;"sábado";"01:30:00";"RS";116;158;"CAXIAS DO SUL";"Velocidade Incompatível";"Tombamento";"Com Vítimas Feridas";"Plena Noite";"Crescente";"Céu Claro";"Simples";"Reta";"Não";1;0;1;0;0;0;1;1;-29,220163;-51,168655;"SPRF-RS";"DEL05-RS";"UOP01-DEL05-RS"
176532;2018-12-08;"sábado";"01:40:00";"SP";116;227,1;"SAO PAULO";"Ingestão de Álcool";"Colisão traseira";"Sem Vítimas";"Plena Noite";"Crescente";"Nublado";"Múltipla";"Reta";"Sim";6;0;0;0;6;0;0;2;-23,50071995;-46,56340814;"SPRF-SP";"DEL01-SP";"UOP01-DEL01-SP"
176533;2018-12-08;"sábado";"01:07:00";"PR";116;99;"SAO JOSE DOS PINHAIS";"Ingestão de Álcool";"Saída de leito carroçável";"Sem Vítimas";"Plena Noite";"Crescente";"Céu Claro";"Dupla";"Reta";"Não";1;0;0;0;1;0;0;1;-25,526846;-49,140408;"SPRF-PR";"DEL01-PR";"UOP01-DEL01-PR"
176535;2018-12-08;"sábado";"00:10:00";"RN";101;82;"NATAL";"Ingestão de Álcool";"Colisão traseira";"Sem Vítimas";"Plena Noite";"Decrescente";"Céu Claro";"Dupla";"Reta";"Sim";2;0;0;0;2;0;0;2;-5,767915;-35,274563;"SPRF-RN";"DEL02-RN";"UOP01-DEL02-RN"
176536;2018-12-08;"sábado";"02:20:00";"ES";101;258,5;"SERRA";"Pista Escorregadia";"Tombamento";"Com Vítimas Feridas";"Plena Noite";"Decrescente";"Chuva";"Dupla";"Reta";"Sim";1;0;1;0;0;0;1;1;-20,13662239;-40,2923351;"SPRF-ES";"DEL02-ES";"UOP01-DEL02-ES"
176537;2018-12-08;"sábado";"00:20:00";"MG";262;366;"JUATUBA";"Velocidade Incompatível";"Saída de leito carroçável";"Com Vítimas Feridas";"Pleno dia";"Crescente";"Céu Claro";"Dupla";"Reta";"Sim";2;0;1;0;0;1;1;1;-19,9692;-44,3321;"SPRF-MG";"DEL01-MG";"UOP03-DEL01-MG"
176539;2018-12-08;"sábado";"01:00:00";"RJ";101;320;"SAO GONCALO";"Falta de Atenção à Condução";"Colisão traseira";"Sem Vítimas";"Plena Noite";"Decrescente";"Chuva";"Dupla";"Reta";"Sim";2;0;0;0;2;0;0;2;-22,861752;-43,107143;"SPRF-RJ";"DEL02-RJ";"UOP02-DEL02-RJ"
176540;2018-12-08;"sábado";"01:50:00";"RJ";101;100;"CAMPOS DOS GOYTACAZES";"Agressão Externa";"Capotamento";"Sem Vítimas";"Plena Noite";"Crescente";"Chuva";"Dupla";"Reta";"Não";1;0;0;0;1;0;0;1;-21,881136;-41,590717;"SPRF-RJ";"DEL08-RJ";"UOP02-DEL08-RJ"
176541;2018-12-08;"sábado";"02:30:00";"MG";381;490;"BETIM";"Falta de Atenção à Condução";"Capotamento";"Com Vítimas Feridas";"Plena Noite";"Crescente";"Chuva";"Simples";"Reta";"Sim";2;0;0;2;0;0;2;1;-19,9585;-44,151;"SPRF-MG";"DEL01-MG";"UOP03-DEL01-MG"
176542;2018-12-08;"sábado";"02:40:00";"MG";40;532;"BELO HORIZONTE";"Ingestão de Álcool";"Colisão lateral";"Sem Vítimas";"Plena Noite";"Decrescente";"Nublado";"Dupla";"Reta";"Sim";2;0;0;0;2;0;0;2;-19,9256;-44,0053;"SPRF-MG";"DEL01-MG";"UOP03-DEL01-MG"
176544;2018-12-07;"sexta-feira";"16:25:00";"SC";101;416,9;"ARARANGUA";"Não guardar distância de segurança";"Colisão traseira";"Com Vítimas Feridas";"Pleno dia";"Decrescente";"Céu Claro";"Múltipla";"Reta";"Não";3;0;0;1;2;0;1;3;-28,9716;-49,5279;"SPRF-SC";"DEL02-SC";"UOP02-DEL02-SC"
176546;2018-12-08;"sábado";"02:00:00";"SC";470;122,5;"IBIRAMA";"Ingestão de Álcool";"Tombamento";"Com Vítimas Feridas";"Plena Noite";"Decrescente";"Céu Claro";"Simples";"Curva";"Não";2;0;1;0;0;1;1;2;-27,10637383;-49,52178262;"SPRF-SC";"DEL04-SC";"UOP02-DEL04-SC"
176547;2018-12-08;"sábado";"03:35:00";"PR";277;339,8;"GUARAPUAVA";"Ingestão de Álcool";"Colisão com objeto estático";"Com Vítimas Feridas";"Plena Noite";"Decrescente";"Céu Claro";"Dupla";"Rotatória";"Sim";2;0;2;0;0;0;2;1;-25,34470476;-51,44205451;"SPRF-PR";"DEL03-PR";"UOP01-DEL08-PR"
176549;2018-12-08;"sábado";"04:00:00";"RS";116;263;"CANOAS";"Desobediência às normas de trânsito pelo condutor";"Colisão transversal";"Com Vítimas Feridas";"Plena Noite";"Decrescente";"Céu Claro";"Dupla";"Reta";"Sim";3;0;1;0;1;1;1;2;-29,905449;-51,176739;"SPRF-RS";"DEL01-RS";"UOP01-DEL01-RS"
176551;2018-12-08;"sábado";"04:15:00";"MG";116;721;"MURIAE";"Falta de Atenção à Condução";"Saída de leito carroçável";"Com Vítimas Feridas";"Plena Noite";"Crescente";"Garoa/Chuvisco";"Simples";"Reta";"Não";1;0;1;0;0;0;1;1;-21,24170244;-42,39349365;"SPRF-MG";"DEL07-MG";"UOP02-DEL07-MG"
176552;2018-12-08;"sábado";"03:00:00";"PB";104;90,2;"ESPERANCA";"Ingestão de Álcool";"Colisão transversal";"Sem Vítimas";"Plena Noite";"Crescente";"Céu Claro";"Simples";"Reta";"Sim";3;0;0;0;3;0;0;2;-6,975337;-35,817879;"SPRF-PB";"DEL02-PB";"UOP04-DEL02-PB"
176553;2018-12-08;"sábado";"03:40:00";"RJ";116;175;"NOVA IGUACU";"Pista Escorregadia";"Queda de ocupante de veículo";"Com Vítimas Feridas";"Plena Noite";"Decrescente";"Chuva";"Dupla";"Reta";"Sim";1;0;1;0;0;0;1;1;-22,789236;-43,372753;"SPRF-RJ";"DEL01-RJ";"UOP02-DEL01-RJ"
176554;2018-12-08;"sábado";"05:30:00";"RS";116;241;"NOVO HAMBURGO";"Ingestão de Álcool";"Colisão com objeto estático";"Com Vítimas Feridas";"Amanhecer";"Decrescente";"Céu Claro";"Dupla";"Interseção de Vias;Viaduto";"Sim";2;0;1;0;1;0;1;1;-29,714012;-51,147678;"SPRF-RS";"DEL01-RS";"UOP02-DEL01-RS"
176555;2018-12-08;"sábado";"05:15:00";"SC";282;17,8;"PALHOCA";"Falta de Atenção à Condução";"Colisão transversal";"Com Vítimas Feridas";"Plena Noite";"Decrescente";"Céu Claro";"Simples";"Reta";"Sim";3;0;2;1;0;0;3;2;-27,665707;-48,688065;"SPRF-SC";"DEL01-SC";"UOP02-DEL01-SC"
176556;2018-12-08;"sábado";"05:40:00";"GO";60;4;"ALEXANIA";"Falta de Atenção à Condução";"Colisão traseira";"Com Vítimas Feridas";"Amanhecer";"Crescente";"Céu Claro";"Simples";"Reta";"Não";2;0;1;0;1;0;1;2;-16,094168;-48,517212;"SPRF-DF";"DEL01-DF";"UOP01-DEL03-DF"
176557;2018-12-08;"sábado";"05:25:00";"SP";116;56,5;"LORENA";"Falta de Atenção do Pedestre";"Atropelamento de Pedestre";"Com Vítimas Fatais";"Amanhecer";"Crescente";"Céu Claro";"Dupla";"Reta";"Não";10;1;0;0;9;0;0;3;-22,769072;-45,130444;"SPRF-SP";"DEL08-SP";"UOP01-DEL08-SP"
176558;2018-12-08;"sábado";"05:50:00";"MG";381;865,1;"POUSO ALEGRE";"Falta de Atenção à Condução";"Capotamento";"Com Vítimas Feridas";"Amanhecer";"Decrescente";"Céu Claro";"Dupla";"Curva";"Não";4;0;3;0;1;0;3;1;-22,3642;-45,9309;"SPRF-MG";"DEL16-MG";"UOP01-DEL16-MG"
176561;2018-12-08;"sábado";"05:50:00";"GO";40;10;"LUZIANIA";"Ingestão de Álcool";"Saída de leito carroçável";"Sem Vítimas";"Amanhecer";"Crescente";"Nublado";"Dupla";"Reta";"Sim";1;0;0;0;1;0;0;1;-16,131285;-47,957923;"SPRF-DF";"DEL01-DF";"UOP01-DEL01-DF"
176562;2018-12-08;"sábado";"06:00:00";"RS";386;356,7;"ESTRELA";"Falta de Atenção à Condução";"Colisão traseira";"Com Vítimas Feridas";"Amanhecer";"Decrescente";"Céu Claro";"Dupla";"Reta";"Sim";2;0;1;0;1;0;1;2;-29,522612;-51,935017;"SPRF-RS";"DEL04-RS";"UOP01-DEL04-RS"
176565;2018-12-08;"sábado";"06:00:00";"ES";101;1;"PEDRO CANARIO";"Falta de Atenção à Condução";"Colisão traseira";"Com Vítimas Feridas";"Pleno dia";"Decrescente";"Chuva";"Simples";"Reta";"Não";5;0;4;0;1;0;4;2;-18,184666;-39,922123;"SPRF-ES";"DEL04-ES";"UOP02-DEL04-ES"
176566;2018-12-08;"sábado";"05:50:00";"CE";20;392;"CAUCAIA";"Desobediência às normas de trânsito pelo condutor";"Saída de leito carroçável";"Com Vítimas Feridas";"Pleno dia";"Crescente";"Céu Claro";"Simples";"Reta";"Não";1;0;0;1;0;0;1;1;-3,791659;-38,705783;"SPRF-CE";"DEL01-CE";"UOP01-DEL01-CE"
176567;2018-12-08;"sábado";"05:00:00";"MG";381;495;"BETIM";"Velocidade Incompatível";"Colisão com objeto estático";"Com Vítimas Feridas";"Plena Noite";"Decrescente";"Nublado";"Dupla";"Reta";"Sim";1;0;1;0;0;0;1;1;-19,9754;-44,1937;"SPRF-MG";"DEL01-MG";"UOP03-DEL01-MG"
176568;2018-12-08;"sábado";"06:30:00";"MG";381;6,3;"BETIM";"Velocidade Incompatível";"Colisão traseira";"Com Vítimas Feridas";"Pleno dia";"Decrescente";"Céu Claro";"Dupla";"Reta";"Não";2;0;1;0;1;0;1;2;-19,96825;-44,198708;"SPRF-MG";"DEL01-MG";"UOP03-DEL01-MG"
176569;2018-12-08;"sábado";"05:10:00";"PR";369;168,4;"ROLANDIA";"Sinalização da via insuficiente ou inadequada";"Queda de ocupante de veículo";"Com Vítimas Feridas";"Amanhecer";"Decrescente";"Céu Claro";"Simples";"Reta;Em Obras";"Não";1;0;0;1;0;0;1;1;-23,30217703;-51,3395834;"SPRF-PR";"DEL07-PR";"UOP01-DEL07-PR"
176571;2018-12-08;"sábado";"05:00:00";"PI";343;54,4;"BURITI DOS LOPES";"Não guardar distância de segurança";"Colisão traseira";"Com Vítimas Fatais";"Amanhecer";"Decrescente";"Sol";"Simples";"Reta";"Não";5;1;2;0;2;0;2;2;-3,21524537;-41,82563782;"SPRF-PI";"DEL05-PI";"UOP01-DEL05-PI"
176572;2018-12-08;"sábado";"03:50:00";"MG";381;506,5;"SAO JOAQUIM DE BICAS";"Defeito Mecânico no Veículo";"Saída de leito carroçável";"Com Vítimas Feridas";"Plena Noite";"Decrescente";"Nublado";"Dupla";"Reta";"Sim";2;0;0;1;1;0;1;1;-20,0411;-44,2619;"SPRF-MG";"DEL01-MG";"UOP03-DEL01-MG"
176573;2018-12-08;"sábado";"07:00:00";"RJ";40;89;"PETROPOLIS";"Velocidade Incompatível";"Saída de leito carroçável";"Com Vítimas Feridas";"Pleno dia";"Decrescente";"Chuva";"Simples";"Reta";"Não";1;0;1;0;0;0;1;1;-22,5555;-43,2331;"SPRF-RJ";"DEL06-RJ";"UOP01-DEL06-RJ"
176574;2018-12-08;"sábado";"06:30:00";"SE";101;25,8;"MURIBECA";"Desobediência às normas de trânsito pelo condutor";"Colisão frontal";"Com Vítimas Feridas";"Pleno dia";"Decrescente";"Céu Claro";"Simples";"Reta";"Não";3;0;0;1;1;1;1;3;-10,414145;-36,920399;"SPRF-SE";"DEL02-SE";"UOP02-DEL02-SE"
176575;2018-12-08;"sábado";"06:50:00";"MS";163;609;"SAO GABRIEL DO OESTE";"Falta de Atenção à Condução";"Saída de leito carroçável";"Com Vítimas Feridas";"Pleno dia";"Decrescente";"Céu Claro";"Dupla";"Reta";"Não";1;0;1;0;0;0;1;1;-19,45105403;-54,52514648;"SPRF-MS";"DEL06-MS";"UOP02-DEL06-MS"
176577;2018-12-08;"sábado";"08:00:00";"MG";381;862,8;"POUSO ALEGRE";"Falta de Atenção à Condução";"Colisão com objeto estático";"Sem Vítimas";"Pleno dia";"Decrescente";"Sol";"Dupla";"Reta";"Não";1;0;0;0;1;0;0;1;-22,3394;-45,9252;"SPRF-MG";"DEL16-MG";"UOP01-DEL16-MG"
176579;2018-03-15;"quinta-feira";"07:45:00";"PB";230;24;"JOAO PESSOA";"Não guardar distância de segurança";"Colisão traseira";"Com Vítimas Feridas";"Pleno dia";"Decrescente";"Céu Claro";"Dupla";"Reta;Aclive";"Sim";3;0;2;0;1;0;2;2;-7,166362;-34,86329;"SPRF-PB";"DEL01-PB";"UOP01-DEL01-PB"
176581;2018-12-08;"sábado";"09:00:00";"SC";282;17,7;"PALHOCA";"Falta de Atenção à Condução";"Colisão transversal";"Com Vítimas Feridas";"Pleno dia";"Crescente";"Céu Claro";"Simples";"Reta";"Sim";3;0;2;0;1;0;2;2;-27,665707;-48,688065;"SPRF-SC";"DEL01-SC";"UOP02-DEL01-SC"
176582;2018-10-05;"sexta-feira";"14:00:00";"PR";476;20;"ADRIANOPOLIS";"Objeto estático sobre o leito carroçável";"Colisão com objeto estático";"Sem Vítimas";"Pleno dia";"Crescente";"Ignorado";"Simples";"Curva";"Não";2;0;0;0;2;0;0;1;-24,76080462;-49,01430868;"SPRF-PR";"DEL01-PR";"UOP01-DEL01-PR"
176583;2018-12-08;"sábado";"07:30:00";"SP";116;230;"SAO PAULO";"Falta de Atenção à Condução";"Colisão lateral";"Com Vítimas Feridas";"Pleno dia";"Decrescente";"Nublado";"Múltipla";"Reta";"Não";3;0;1;0;2;0;1;2;-23,51897811;-46,58237457;"SPRF-SP";"DEL01-SP";"UOP01-DEL01-SP"
176586;2018-12-03;"segunda-feira";"18:20:00";"SC";116;210,5;"PONTE ALTA";"Velocidade Incompatível";"Tombamento";"Com Vítimas Feridas";"Pleno dia";"Crescente";"Sol";"Simples";"Curva";"Não";1;0;1;0;0;0;1;1;-27,48974;-50,375561;"SPRF-SC";"DEL05-SC";"UOP03-DEL05-SC"
176588;2018-12-08;"sábado";"09:10:00";"PR";277;693;"SAO MIGUEL DO IGUACU";"Falta de Atenção à Condução";"Colisão lateral";"Com Vítimas Feridas";"Pleno dia";"Crescente";"Céu Claro";"Dupla";"Reta";"Não";2;0;1;0;1;0;1;2;-25,372623;-54,270252;"SPRF-PR";"DEL05-PR";"UOP01-DEL05-PR"
176589;2018-12-08;"sábado";"09:30:00";"SC";470;14;"ITAJAI";"Ultrapassagem Indevida";"Saída de leito carroçável";"Com Vítimas Feridas";"Pleno dia";"Crescente";"Céu Claro";"Simples";"Curva";"Não";3;0;2;0;1;0;2;1;-26,837988;-48,775795;"SPRF-SC";"DEL04-SC";"UOP04-DEL04-SC"
176592;2018-12-08;"sábado";"09:50:00";"RJ";101;91,6;"CAMPOS DOS GOYTACAZES";"Velocidade Incompatível";"Colisão com objeto estático";"Com Vítimas Feridas";"Pleno dia";"Decrescente";"Chuva";"Dupla";"Curva";"Não";3;0;2;0;1;0;2;1;-21,858;-41,53;"SPRF-RJ";"DEL08-RJ";"UOP02-DEL08-RJ"
176593;2018-12-08;"sábado";"10:00:00";"SC";470;66;"BLUMENAU";"Desobediência às normas de trânsito pelo condutor";"Colisão lateral";"Com Vítimas Feridas";"Pleno dia";"Crescente";"Céu Claro";"Simples";"Reta";"Sim";2;0;1;0;1;0;1;2;-26,870407;-49,221844;"SPRF-SC";"DEL04-SC";"UOP01-DEL04-SC"
176594;2018-12-08;"sábado";"09:00:00";"RJ";116;176;"NOVA IGUACU";"Pista Escorregadia";"Queda de ocupante de veículo";"Com Vítimas Feridas";"Pleno dia";"Crescente";"Céu Claro";"Múltipla";"Reta";"Sim";1;0;1;0;0;0;1;1;-22,783915;-43,382023;"SPRF-RJ";"DEL01-RJ";"UOP02-DEL01-RJ"
176596;2018-12-08;"sábado";"10:40:00";"RS";116;522;"PELOTAS";"Falta de Atenção à Condução";"Colisão com objeto estático";"Com Vítimas Feridas";"Pleno dia";"Crescente";"Céu Claro";"Dupla";"Reta";"Não";1;0;1;0;0;0;1;1;-31,6151667;-52,3134635;"SPRF-RS";"DEL07-RS";"UOP01-DEL07-RS"
176597;2018-12-08;"sábado";"10:15:00";"SC";470;69,9;"INDAIAL";"Falta de Atenção à Condução";"Colisão transversal";"Com Vítimas Feridas";"Pleno dia";"Decrescente";"Céu Claro";"Simples";"Reta";"Sim";4;0;3;0;1;0;3;2;-26,883745;-49,246704;"SPRF-SC";"DEL04-SC";"UOP01-DEL04-SC"
176599;2018-12-08;"sábado";"10:30:00";"GO";40;1;"VALPARAISO DE GOIAS";"Falta de Atenção à Condução";"Saída de leito carroçável";"Sem Vítimas";"Pleno dia";"Crescente";"Garoa/Chuvisco";"Dupla";"Reta";"Sim";2;0;0;0;2;0;0;1;-16,058245;-47,982825;"SPRF-DF";"DEL01-DF";"UOP01-DEL01-DF"
176603;2018-12-08;"sábado";"10:57:00";"SC";101;220,4;"PALHOCA";"Ingestão de Álcool";"Colisão traseira";"Com Vítimas Feridas";"Pleno dia";"Decrescente";"Céu Claro";"Dupla";"Reta";"Sim";3;0;2;0;1;0;2;2;-27,702;-48,6594;"SPRF-SC";"DEL01-SC";"UOP02-DEL01-SC"
176605;2018-12-08;"sábado";"11:00:00";"GO";60;36;"GOIANIA";"Falta de Atenção à Condução";"Colisão lateral";"Sem Vítimas";"Pleno dia";"Decrescente";"Sol";"Dupla";"Rotatória";"Sim";2;0;0;0;2;0;0;2;-16,73387691;-49,34816491;"SPRF-GO";"DEL01-GO";"UOP02-DEL01-GO"
176606;2018-11-29;"quinta-feira";"14:30:00";"SP";116;212;"GUARULHOS";"Não guardar distância de segurança";"Colisão traseira";"Com Vítimas Feridas";"Pleno dia";"Crescente";"Sol";"Múltipla";"Reta";"Sim";2;0;1;0;0;1;1;2;-23,43773903;-46,43272877;"SPRF-SP";"DEL01-SP";"UOP01-DEL01-SP"
176607;2018-12-08;"sábado";"10:30:00";"RJ";40;92;"DUQUE DE CAXIAS";"Velocidade Incompatível";"Saída de leito carroçável";"Com Vítimas Feridas";"Pleno dia";"Crescente";"Chuva";"Simples";"Curva";"Não";1;0;1;0;0;0;1;1;-22,5686;-43,2441;"SPRF-RJ";"DEL06-RJ";"UOP01-DEL06-RJ"
176609;2018-12-08;"sábado";"11:20:00";"DF";20;21,7;"BRASILIA";"Falta de Atenção à Condução";"Atropelamento de Pedestre";"Com Vítimas Feridas";"Pleno dia";"Decrescente";"Nublado";"Dupla";"Retorno Regulamentado;Reta";"Sim";2;0;1;0;1;0;1;2;-15,603384;-47,684692;"SPRF-DF";"DEL02-DF";"UOP01-DEL02-DF"
176611;2018-11-21;"quarta-feira";"11:55:00";"PB";230;4;"CABEDELO";"Falta de Atenção à Condução";"Colisão com objeto estático";"Com Vítimas Feridas";"Pleno dia";"Crescente";"Sol";"Dupla";"Reta";"Sim";1;0;0;1;0;0;1;1;-6,99826987;-34,8283875;"SPRF-PB";"DEL01-PB";"UOP01-DEL01-PB"
176612;2018-12-08;"sábado";"11:50:00";"SP";153;219;"MARILIA";"Defeito Mecânico no Veículo";"Incêndio";"Sem Vítimas";"Pleno dia";"Decrescente";"Sol";"Simples";"Reta";"Não";3;0;0;0;3;0;0;1;-21,987995;-49,914902;"SPRF-SP";"DEL07-SP";"UOP02-DEL07-SP"
176613;2018-12-08;"sábado";"10:00:00";"BA";324;586;"CANDEIAS";"Velocidade Incompatível";"Saída de leito carroçável";"Com Vítimas Feridas";"Pleno dia";"Crescente";"Sol";"Dupla";"Reta";"Não";1;0;1;0;0;0;1;1;-12,65441895;-38,47306061;"SPRF-BA";"DEL01-BA";"UOP01-DEL01-BA"
176615;2018-12-08;"sábado";"12:00:00";"GO";60;62,3;"ABADIANIA";"Falta de Atenção à Condução";"Saída de leito carroçável";"Com Vítimas Feridas";"Pleno dia";"Decrescente";"Céu Claro";"Dupla";"Reta";"Não";1;0;0;1;0;0;1;1;-16,1881;-48,7205;"SPRF-GO";"DEL02-GO";"UOP01-DEL02-GO"
176616;2018-12-08;"sábado";"11:05:00";"BA";324;513,8;"FEIRA DE SANTANA";"Falta de Atenção à Condução";"Colisão traseira";"Com Vítimas Feridas";"Pleno dia";"Crescente";"Céu Claro";"Múltipla";"Reta";"Sim";4;0;0;1;3;0;1;4;-12,23200238;-38,95396384;"SPRF-BA";"DEL02-BA";"UOP01-DEL02-BA"
176618;2018-12-08;"sábado";"12:20:00";"RS";392;351,7;"SANTA MARIA";"Falta de Atenção à Condução";"Colisão transversal";"Com Vítimas Feridas";"Pleno dia";"Crescente";"Céu Claro";"Simples";"Reta";"Não";3;0;2;0;1;0;2;2;-29,728384;-53,803284;"SPRF-RS";"DEL09-RS";"UOP01-DEL09-RS"
176619;2018-12-08;"sábado";"12:30:00";"SC";101;130;"BALNEARIO CAMBORIU";"Falta de Atenção à Condução";"Colisão lateral";"Com Vítimas Feridas";"Pleno dia";"Crescente";"Céu Claro";"Simples";"Reta";"Não";1;0;0;1;0;0;1;1;-26,9907;-48,6629;"SPRF-SC";"DEL04-SC";"UOP03-DEL04-SC"
176622;2018-12-08;"sábado";"10:30:00";"RS";392;1,4;"RIO GRANDE";"Falta de Atenção à Condução";"Colisão com objeto em movimento";"Com Vítimas Feridas";"Pleno dia";"Decrescente";"Céu Claro";"Simples";"Reta";"Sim";2;0;1;0;1;0;1;2;-32,044922;-52,085537;"SPRF-RS";"DEL07-RS";"UOP02-DEL07-RS"
176623;2018-12-08;"sábado";"12:15:00";"PR";116;116;"CURITIBA";"Ingestão de Álcool";"Colisão traseira";"Sem Vítimas";"Pleno dia";"Crescente";"Céu Claro";"Múltipla";"Reta";"Sim";3;0;0;0;3;0;0;3;-25,544559;-49,30146;"SPRF-PR";"DEL01-PR";"UOP07-DEL01-PR"
176624;2018-12-08;"sábado";"12:50:00";"GO";153;494,9;"GOIANIA";"Falta de Atenção à Condução";"Tombamento";"Com Vítimas Feridas";"Pleno dia";"Decrescente";"Nublado";"Múltipla";"Declive";"Sim";2;0;1;1;0;0;2;1;-16,6681;-49,2263;"SPRF-GO";"DEL01-GO";"UOP01-DEL01-GO"
176626;2018-12-08;"sábado";"12:30:00";"RS";290;39,4;"SANTO ANTONIO DA PATRULHA";"Falta de Atenção à Condução";"Saída de leito carroçável";"Com Vítimas Feridas";"Pleno dia";"Crescente";"Sol";"Dupla";"Reta";"Não";1;0;1;0;0;0;1;1;-29,88625;-50,648232;"SPRF-RS";"DEL03-RS";"UOP02-DEL03-RS"
176627;2018-12-08;"sábado";"13:10:00";"MG";381;345;"BELA VISTA DE MINAS";"Velocidade Incompatível";"Capotamento";"Com Vítimas Feridas";"Pleno dia";"Decrescente";"Céu Claro";"Simples";"Curva";"Não";3;0;1;0;2;0;1;1;-19,7784;-43,0437;"SPRF-MG";"DEL03-MG";"UOP01-DEL03-MG"
176628;2018-12-08;"sábado";"12:15:00";"SP";116;279;"EMBU DAS ARTES";"Não guardar distância de segurança";"Queda de ocupante de veículo";"Com Vítimas Feridas";"Pleno dia";"Crescente";"Nublado";"Dupla";"Reta";"Sim";1;0;1;0;0;0;1;1;-23,64087345;-46,83684295;"SPRF-SP";"DEL04-SP";"UOP01-DEL04-SP"
176632;2018-12-08;"sábado";"13:00:00";"DF";20;9;"BRASILIA";"Falta de Atenção à Condução";"Colisão lateral";"Com Vítimas Feridas";"Pleno dia";"Crescente";"Chuva";"Dupla";"Reta";"Sim";4;0;1;0;3;0;1;3;-15,654671;-47,782917;"SPRF-DF";"DEL02-DF";"UOP01-DEL02-DF"
176635;2018-12-08;"sábado";"11:20:00";"PE";423;193,8;"ITAIBA";"Animais na Pista";"Capotamento";"Sem Vítimas";"Pleno dia";"Crescente";"Céu Claro";"Simples";"Reta";"Não";1;0;0;0;1;0;0;1;-9,13623;-37,286076;"SPRF-PE";"DEL03-PE";"UOP01-DEL03-PE"