"id";"data_inversa";"dia_semana";"horario";"uf";"br";"km";"municipio";"causa_acidente";"tipo_acidente";"classificacao_acidente";"fase_dia";"sentido_via";"condicao_metereologica";"tipo_pista";"tracado_via";"uso_solo";"pessoas";"mortos";"feridos_leves";"feridos_graves";"ilesos";"ignorados";"feridos";"veiculos";"latitude";"longitude";"regional";"delegacia";"uop"
176636;2018-12-08;"sábado";"13:55:00";"SC";280;52,7;"GUARAMIRIM";"Falta de Atenção à Condução";"Colisão transversal";"Com Vítimas Feridas";"Pleno dia";"Decrescente";"Céu Claro";"Simples";"Interseção de Vias";"Não";2;0;1;0;1;0;1;2;-26,468904;-48,96492;"SPRF-SC";"DEL03-SC";"UOP03-DEL03-SC"
176640;2018-12-08;"sábado";"14:00:00";"PR";277;593;"CASCAVEL";"Desobediência às normas de trânsito pelo condutor";"Colisão traseira";"Com Vítimas Fatais";"Pleno dia";"Decrescente";"Céu Claro";"Simples";"Reta";"Sim";4;1;0;0;3;0;0;3;-24,98117611;-53,47874165;"SPRF-PR";"DEL04-PR";"UOP01-DEL04-PR"
176641;2018-12-08;"sábado";"14:30:00";"RJ";116;95;"GUAPIMIRIM";"Condutor Dormindo";"Colisão com objeto estático";"Com Vítimas Feridas";"Pleno dia";"Crescente";"Nublado";"Múltipla";"Reta";"Não";2;0;1;0;1;0;1;1;-22,473751;-43,001179;"SPRF-RJ";"DEL04-RJ";"UOP02-DEL04-RJ"
176643;2018-12-08;"sábado";"14:10:00";"PE";104;87,2;"AGRESTINA";"Desobediência às normas de trânsito pelo condutor";"Colisão lateral";"Com Vítimas Feridas";"Pleno dia";"Decrescente";"Céu Claro";"Simples";"Declive";"Sim";2;0;0;1;1;0;1;2;-8,454104;-35,945515;"SPRF-PE";"DEL02-PE";"UOP01-DEL02-PE"
176644;2018-07-05;"quinta-feira";"17:10:00";"RJ";101;67;"CAMPOS DOS GOYTACAZES";"Falta de Atenção à Condução";"Queda de ocupante de veículo";"Com Vítimas Feridas";"Pleno dia";"Crescente";"Ignorado";"Simples";"Reta";"Sim";2;0;2;0;0;0;2;1;-21,767511;-41,348763;"SPRF-RJ";"DEL08-RJ";"UOP02-DEL08-RJ"
176645;2018-12-08;"sábado";"14:25:00";"PR";277;592,9;"CASCAVEL";"Não guardar distância de segurança";"Engavetamento";"Com Vítimas Feridas";"Pleno dia";"Decrescente";"Céu Claro";"Simples";"Reta";"Sim";3;0;1;0;2;0;1;3;-25,02817;-53,55983;"SPRF-PR";"DEL04-PR";"UOP01-DEL04-PR"
176647;2018-12-08;"sábado";"14:00:00";"RS";158;241;"TUPANCIRETA";"Desobediência às normas de trânsito pelo condutor";"Colisão transversal";"Com Vítimas Feridas";"Pleno dia";"Crescente";"Céu Claro";"Simples";"Interseção de Vias";"Não";3;0;2;0;1;0;2;2;-29,037561;-53,645306;"SPRF-RS";"DEL10-RS";"UOP02-DEL10-RS"
176648;2018-12-08;"sábado";"14:40:00";"PE";428;188,4;"PETROLINA";"Desobediência às normas de trânsito pelo condutor";"Colisão transversal";"Com Vítimas Feridas";"Pleno dia";"Decrescente";"Céu Claro";"Dupla";"Retorno Regulamentado";"Sim";2;0;1;0;0;1;1;2;-9,364097;-40,482716;"SPRF-PE";"DEL06-PE";"UOP01-DEL06-PE"
176650;2018-10-09;"terça-feira";"16:50:00";"PE";101;25;"IGARASSU";"Falta de Atenção à Condução";"Colisão lateral";"Com Vítimas Feridas";"Anoitecer";"Crescente";"Ignorado";"Dupla";"Reta";"Não";2;0;1;0;0;1;1;2;-7,69835309;-34,92186677;"SPRF-PE";"DEL01-PE";"UOP02-DEL01-PE"
176652;2018-12-08;"sábado";"15:30:00";"MG";262;373,9;"JUATUBA";"Falta de Atenção à Condução";"Tombamento";"Com Vítimas Feridas";"Pleno dia";"Crescente";"Sol";"Dupla";"Curva";"Não";1;0;1;0;0;0;1;1;-19,943;-44,3855;"SPRF-MG";"DEL01-MG";"UOP03-DEL01-MG"
176653;2018-12-08;"sábado";"15:55:00";"MG";381;767,9;"CAMPANHA";"Ingestão de álcool e/ou substâncias psicoativas pelo pedestre";"Atropelamento de Pedestre";"Com Vítimas Feridas";"Pleno dia";"Decrescente";"Sol";"Dupla";"Curva";"Não";4;0;0;1;1;2;1;2;-21,7522953;-45,39368391;"SPRF-MG";"DEL16-MG";"UOP02-DEL16-MG"
176655;2018-10-12;"sexta-feira";"16:50:00";"PB";230;4,7;"CABEDELO";"Ingestão de Álcool";"Colisão lateral";"Com Vítimas Feridas";"Pleno dia";"Crescente";"Céu Claro";"Simples";"Em Obras";"Não";2;0;1;0;0;1;1;2;-7,008135;-34,830378;"SPRF-PB";"DEL01-PB";"UOP01-DEL01-PB"
176659;2018-12-08;"sábado";"15:40:00";"MG";365;615;"UBERLANDIA";"Agressão Externa";"Colisão lateral";"Com Vítimas Feridas";"Pleno dia";"Crescente";"Céu Claro";"Dupla";"Reta";"Sim";4;0;3;0;1;0;3;3;-18,8974;-48,2715;"SPRF-MG";"DEL15-MG";"UOP01-DEL15-MG"
176661;2018-12-08;"sábado";"16:00:00";"MG";50;65;"UBERLANDIA";"Velocidade Incompatível";"Saída de leito carroçável";"Com Vítimas Feridas";"Pleno dia";"Crescente";"Céu Claro";"Simples";"Rotatória";"Não";3;0;2;1;0;0;3;1;-18,85918381;-48,25281143;"SPRF-MG";"DEL15-MG";"UOP02-DEL15-MG"
176662;2018-12-08;"sábado";"16:00:00";"PR";376;208;"MANDAGUARI";"Velocidade Incompatível";"Saída de leito carroçável";"Com Vítimas Feridas";"Pleno dia";"Decrescente";"Céu Claro";"Simples";"Rotatória";"Não";2;0;2;0;0;0;2;1;-23,56411;-51,657597;"SPRF-PR";"DEL07-PR";"UOP01-DEL09-PR"
176663;2018-12-08;"sábado";"15:35:00";"PR";116;16;"CURITIBA";"Velocidade Incompatível";"Engavetamento";"Com Vítimas Feridas";"Pleno dia";"Decrescente";"Nublado";"Dupla";"Reta";"Sim";5;0;1;0;4;0;1;4;-25,3874;-49,1774;"SPRF-PR";"DEL01-PR";"UOP02-DEL01-PR"
176664;2018-12-08;"sábado";"14:30:00";"PB";230;46,4;"SANTA RITA";"Condutor Dormindo";"Saída de leito carroçável";"Sem Vítimas";"Pleno dia";"Decrescente";"Sol";"Dupla";"Reta";"Não";1;0;0;0;1;0;0;1;-7,1635;-35,025;"SPRF-PB";"DEL01-PB";"UOP03-DEL01-PB"
176666;2018-12-08;"sábado";"16:10:00";"PR";376;1,5;"MARINGA";"Avarias e/ou desgaste excessivo no pneu";"Saída de leito carroçável";"Com Vítimas Feridas";"Pleno dia";"Decrescente";"Céu Claro";"Dupla";"Reta";"Sim";1;0;1;0;0;0;1;1;-23,4273;-51,9375;"SPRF-PR";"DEL07-PR";"UOP01-DEL09-PR"
176667;2018-12-08;"sábado";"14:55:00";"AL";316;66,1;"MARAVILHA";"Falta de Atenção à Condução";"Saída de leito carroçável";"Sem Vítimas";"Pleno dia";"Decrescente";"Céu Claro";"Simples";"Reta;Declive";"Não";1;0;0;0;1;0;0;1;-9,275925;-37,385098;"SPRF-AL";"DEL03-AL";"UOP02-DEL03-AL"
176668;2018-12-08;"sábado";"15:50:00";"SP";116;97,7;"PINDAMONHANGABA";"Falta de Atenção à Condução";"Tombamento";"Com Vítimas Feridas";"Pleno dia";"Decrescente";"Céu Claro";"Dupla";"Reta";"Não";1;0;1;0;0;0;1;1;-22,973892;-45,447544;"SPRF-SP";"DEL06-SP";"UOP01-DEL06-SP"
176669;2018-11-20;"terça-feira";"15:25:00";"GO";60;356;"SANTO ANTONIO DA BARRA";"Desobediência às normas de trânsito pelo condutor";"Saída de leito carroçável";"Com Vítimas Feridas";"Pleno dia";"Decrescente";"Chuva";"Dupla";"Reta";"Não";1;0;1;0;0;0;1;1;-17,6008;-50,7426;"SPRF-GO";"DEL04-GO";"UOP01-DEL04-GO"
176670;2018-12-08;"sábado";"15:40:00";"RN";405;150,9;"PAU DOS FERROS";"Falta de Atenção à Condução";"Colisão lateral";"Com Vítimas Feridas";"Pleno dia";"Decrescente";"Céu Claro";"Simples";"Reta";"Sim";2;0;1;1;0;0;2;2;-6,105814;-38,205956;"SPRF-RN";"DEL04-RN";"UOP02-DEL04-RN"
176672;2018-12-08;"sábado";"17:00:00";"RS";290;7;"OSORIO";"Falta de Atenção à Condução";"Colisão traseira";"Com Vítimas Feridas";"Pleno dia";"Crescente";"Sol";"Dupla";"Reta";"Não";3;0;1;0;2;0;1;2;-29,897289;-50,344341;"SPRF-RS";"DEL03-RS";"UOP02-DEL03-RS"
176673;2018-12-08;"sábado";"10:40:00";"RS";116;250;"SAO LEOPOLDO";"Mal Súbito";"Tombamento";"Com Vítimas Feridas";"Pleno dia";"Decrescente";"Céu Claro";"Múltipla";"Reta";"Sim";1;0;1;0;0;0;1;1;-29,791574;-51,164009;"SPRF-RS";"DEL01-RS";"UOP02-DEL01-RS"
176674;2018-12-08;"sábado";"14:30:00";"AL";316;189,3;"TANQUE DARCA";"Desobediência às normas de trânsito pelo condutor";"Tombamento";"Sem Vítimas";"Pleno dia";"Crescente";"Sol";"Simples";"Curva;Aclive";"Não";4;0;0;0;4;0;0;1;-9,582492;-36,418125;"SPRF-AL";"DEL03-AL";"UOP01-DEL03-AL"
176675;2018-12-08;"sábado";"17:00:00";"PR";467;81,9;"CASCAVEL";"Não guardar distância de segurança";"Colisão traseira";"Com Vítimas Feridas";"Pleno dia";"Decrescente";"Sol";"Dupla";"Reta";"Não";4;0;1;0;3;0;1;4;-24,79885313;-53,67371755;"SPRF-PR";"DEL04-PR";"UOP01-DEL04-PR"
176676;2018-12-08;"sábado";"17:35:00";"GO";452;186,8;"ITUMBIARA";"Defeito na Via";"Colisão com objeto estático";"Com Vítimas Feridas";"Pleno dia";"Crescente";"Sol";"Simples";"Reta";"Não";1;0;1;0;0;0;1;1;-18,39957696;-49,31972772;"SPRF-GO";"DEL03-GO";"UOP02-DEL03-GO"
176677;2018-12-08;"sábado";"16:10:00";"MT";163;691;"LUCAS DO RIO VERDE";"Não guardar distância de segurança";"Queda de ocupante de veículo";"Com Vítimas Feridas";"Pleno dia";"Crescente";"Nublado";"Simples";"Reta";"Sim";2;0;2;0;0;0;2;1;-13,05298484;-55,91011047;"SPRF-MT";"DEL06-MT";"UOP01-DEL06-MT"
176678;2018-12-08;"sábado";"17:10:00";"MG";116;804,1;"ALEM PARAIBA";"Velocidade Incompatível";"Saída de leito carroçável";"Com Vítimas Feridas";"Pleno dia";"Crescente";"Nublado";"Simples";"Curva";"Não";1;0;1;0;0;0;1;1;-21,7875567;-42,72857666;"SPRF-MG";"DEL07-MG";"UOP01-DEL07-MG"
176679;2018-12-08;"sábado";"17:32:00";"SP";459;27,9;"LORENA";"Falta de Atenção à Condução";"Colisão traseira";"Com Vítimas Feridas";"Pleno dia";"Decrescente";"Sol";"Dupla";"Rotatória";"Sim";5;0;4;0;1;0;4;2;-22,7120944;-45,11168718;"SPRF-SP";"DEL08-SP";"UOP03-DEL08-SP"
176681;2018-12-08;"sábado";"14:30:00";"CE";222;312,4;"TIANGUA";"Falta de Atenção à Condução";"Colisão transversal";"Com Vítimas Feridas";"Pleno dia";"Decrescente";"Céu Claro";"Simples";"Reta;Interseção de Vias";"Sim";4;0;2;1;0;1;3;2;-3,716993;-40,991425;"SPRF-CE";"DEL04-CE";"UOP02-DEL04-CE"
176682;2018-12-08;"sábado";"14:30:00";"SC";280;86,8;"CORUPA";"Falta de Atenção à Condução";"Colisão frontal";"Com Vítimas Feridas";"Pleno dia";"Crescente";"Sol";"Simples";"Reta";"Não";2;0;1;0;1;0;1;2;-26,42272;-49,252975;"SPRF-SC";"DEL06-SC";"UOP03-DEL06-SC"
176683;2018-12-08;"sábado";"18:15:00";"RS";392;81,4;"PELOTAS";"Avarias e/ou desgaste excessivo no pneu";"Tombamento";"Com Vítimas Feridas";"Pleno dia";"Decrescente";"Céu Claro";"Simples";"Reta";"Não";2;0;1;0;1;0;1;1;-31,668596;-52,4603;"SPRF-RS";"DEL07-RS";"UOP01-DEL07-RS"
176685;2018-12-08;"sábado";"18:10:00";"SC";101;224;"PALHOCA";"Falta de Atenção à Condução";"Tombamento";"Com Vítimas Feridas";"Pleno dia";"Decrescente";"Céu Claro";"Dupla";"Curva";"Não";1;0;0;1;0;0;1;1;-27,7336;-48,6407;"SPRF-SC";"DEL01-SC";"UOP02-DEL01-SC"
176686;2018-12-08;"sábado";"18:20:00";"RS";470;241;"BARAO";"Velocidade Incompatível";"Saída de leito carroçável";"Com Vítimas Feridas";"Pleno dia";"Crescente";"Céu Claro";"Simples";"Curva";"Não";1;0;1;0;0;0;1;1;-29,35509126;-51,51837587;"SPRF-RS";"DEL06-RS";"UOP01-DEL06-RS"
176689;2018-12-08;"sábado";"17:35:00";"PB";104;139,2;"QUEIMADAS";"Falta de Atenção à Condução";"Colisão transversal";"Com Vítimas Feridas";"Anoitecer";"Crescente";"Céu Claro";"Simples";"Reta";"Não";2;0;1;0;1;0;1;2;-7,369483;-35,899796;"SPRF-PB";"DEL02-PB";"UOP03-DEL02-PB"
176691;2018-12-08;"sábado";"16:10:00";"MG";381;805,4;"SAO GONCALO DO SAPUCAI";"Ingestão de Álcool";"Engavetamento";"Sem Vítimas";"Pleno dia";"Decrescente";"Sol";"Múltipla";"Reta";"Não";6;0;0;0;5;1;0;4;-21,9756;-45,6364;"SPRF-MG";"DEL16-MG";"UOP02-DEL16-MG"
176692;2018-12-08;"sábado";"19:05:00";"SP";116;165;"JACAREI";"Ingestão de Álcool";"Colisão traseira";"Sem Vítimas";"Pleno dia";"Decrescente";"Céu Claro";"Múltipla";"Reta";"Não";3;0;0;0;3;0;0;2;-23,29688549;-46,00795269;"SPRF-SP";"DEL02-SP";"UOP01-DEL02-SP"
176693;2018-12-08;"sábado";"19:00:00";"MG";40;547;"NOVA LIMA";"Agressão Externa";"Saída de leito carroçável";"Com Vítimas Feridas";"Anoitecer";"Decrescente";"Nublado";"Dupla";"Curva";"Não";2;0;2;0;0;0;2;2;-20,033;-43,9691;"SPRF-MG";"DEL01-MG";"UOP02-DEL01-MG"
176694;2018-12-08;"sábado";"18:10:00";"RS";392;27,2;"RIO GRANDE";"Falta de Atenção à Condução";"Saída de leito carroçável";"Com Vítimas Feridas";"Pleno dia";"Crescente";"Céu Claro";"Simples";"Reta";"Sim";4;0;4;0;0;0;4;1;-32,07415;-52,26395;"SPRF-RS";"DEL07-RS";"UOP02-DEL07-RS"
176695;2018-12-08;"sábado";"17:40:00";"MS";60;125,7;"PARAISO DAS AGUAS";"Velocidade Incompatível";"Saída de leito carroçável";"Com Vítimas Feridas";"Pleno dia";"Crescente";"Sol";"Simples";"Reta";"Não";2;0;1;0;1;0;1;1;-19,336075;-53,447365;"SPRF-MS";"DEL06-MS";"UOP02-DEL06-MS"
176696;2018-12-08;"sábado";"18:50:00";"SC";101;89,1;"BARRA VELHA";"Falta de Atenção do Pedestre";"Atropelamento de Pedestre";"Com Vítimas Feridas";"Anoitecer";"Decrescente";"Céu Claro";"Múltipla";"Reta";"Sim";2;0;1;0;1;0;1;2;-26,6689;-48,6897;"SPRF-SC";"DEL03-SC";"UOP02-DEL03-SC"
176697;2018-12-08;"sábado";"19:20:00";"SC";101;134,2;"BALNEARIO CAMBORIU";"Falta de Atenção à Condução";"Colisão com objeto estático";"Sem Vítimas";"Pleno dia";"Decrescente";"Sol";"Simples";"Túnel";"Sim";1;0;0;0;1;0;0;1;-27,0049;-48,6266;"SPRF-SC";"DEL04-SC";"UOP03-DEL04-SC"
176698;2018-12-08;"sábado";"18:45:00";"PR";277;729;"FOZ DO IGUACU";"Não guardar distância de segurança";"Colisão traseira";"Com Vítimas Feridas";"Pleno dia";"Crescente";"Céu Claro";"Dupla";"Curva";"Sim";3;0;1;0;1;1;1;3;-25,47830225;-54,58385468;"SPRF-PR";"DEL05-PR";"UOP03-DEL05-PR"
176700;2018-12-08;"sábado";"17:30:00";"CE";116;8;"FORTALEZA";"Ingestão de Álcool";"Colisão lateral";"Com Vítimas Feridas";"Plena Noite";"Decrescente";"Céu Claro";"Múltipla";"Reta";"Não";3;0;1;0;2;0;1;2;-3,8301;-38,5049;"SPRF-CE";"DEL01-CE";"UOP02-DEL01-CE"
176701;2018-11-30;"sexta-feira";"19:05:00";"PR";376;623,5;"SAO JOSE DOS PINHAIS";"Falta de Atenção à Condução";"Engavetamento";"Com Vítimas Feridas";"Anoitecer";"Crescente";"Garoa/Chuvisco";"Dupla";"Reta";"Não";4;0;2;0;2;0;2;3;-25,6438622;-49,15963948;"SPRF-PR";"DEL01-PR";"DEL7/1-UOP08/PR"
176702;2018-12-08;"sábado";"18:10:00";"MS";267;221,9;"NOVA ALVORADA DO SUL";"Desobediência às normas de trânsito pelo condutor";"Colisão frontal";"Com Vítimas Feridas";"Pleno dia";"Crescente";"Céu Claro";"Simples";"Reta";"Não";5;0;3;2;0;0;5;2;-21,550043;-54,147503;"SPRF-MS";"DEL02-MS";"UOP01-DEL02-MS"
176703;2018-12-08;"sábado";"19:00:00";"RS";285;265;"MATO CASTELHANO";"Falta de Atenção à Condução";"Colisão transversal";"Com Vítimas Feridas";"Pleno dia";"Decrescente";"Céu Claro";"Simples";"Reta";"Não";2;0;1;0;1;0;1;2;-28,30312;-52,127029;"SPRF-RS";"DEL08-RS";"UOP03-DEL08-RS"
176704;2018-12-08;"sábado";"16:15:00";"PR";277;326,4;"GUARAPUAVA";"Ingestão de Álcool";"Colisão frontal";"Com Vítimas Feridas";"Pleno dia";"Decrescente";"Céu Claro";"Simples";"Reta;Declive";"Não";6;0;3;1;2;0;4;4;-25,3690494;-51,32925153;"SPRF-PR";"DEL03-PR";"UOP01-DEL08-PR"
176705;2018-12-08;"sábado";"18:00:00";"RJ";101;422;"MANGARATIBA";"Velocidade Incompatível";"Colisão com objeto estático";"Com Vítimas Feridas";"Anoitecer";"Crescente";"Garoa/Chuvisco";"Dupla";"Curva";"Não";4;0;1;0;3;0;1;1;-22,916109;-43,940292;"SPRF-RJ";"DEL03-RJ";"UOP01-DEL03-RJ"
176707;2018-12-08;"sábado";"17:40:00";"RN";226;60,9;"SENADOR ELOI DE SOUZA";"Falta de Atenção à Condução";"Colisão transversal";"Com Vítimas Feridas";"Anoitecer";"Decrescente";"Céu Claro";"Simples";"Interseção de Vias";"Sim";8;0;3;5;0;0;8;2;-6,04749702;-35,67374837;"SPRF-RN";"DEL01-RN";"UOP02-DEL01-RN"
176708;2018-12-08;"sábado";"18:40:00";"PI";316;8,9;"TERESINA";"Ingestão de Álcool";"Colisão traseira";"Sem Vítimas";"Plena Noite";"Crescente";"Céu Claro";"Simples";"Reta";"Sim";2;0;0;0;2;0;0;2;-5,164865;-42,768986;"SPRF-PI";"DEL01-PI";"UOP02-DEL01-PI"
176709;2018-12-08;"sábado";"18:20:00";"CE";116;512,6;"BREJO SANTO";"Desobediência às normas de trânsito pelo condutor";"Colisão frontal";"Com Vítimas Fatais";"Plena Noite";"Decrescente";"Nublado";"Simples";"Reta";"Não";5;1;0;0;3;1;0;2;-7,57144618;-39,02118035;"SPRF-CE";"DEL05-CE";"UOP03-DEL05-CE"
176710;2018-12-08;"sábado";"18:00:00";"PR";373;248;"GUAMIRANGA";"Ingestão de Álcool";"Colisão lateral";"Com Vítimas Feridas";"Pleno dia";"Crescente";"Sol";"Simples";"Reta";"Não";2;0;0;1;1;0;1;2;-25,19097899;-50,81977221;"SPRF-PR";"DEL03-PR";"UOP01-DEL03-PR"
176711;2018-12-08;"sábado";"18:00:00";"RJ";101;198;"CASIMIRO DE ABREU";"Ingestão de Álcool";"Saída de leito carroçável";"Com Vítimas Feridas";"Pleno dia";"Crescente";"Nublado";"Dupla";"Curva";"Não";2;0;1;1;0;0;2;1;-22,491579;-42,127712;"SPRF-RJ";"DEL02-RJ";"UOP04-DEL08-RJ"
176712;2018-12-08;"sábado";"18:30:00";"RS";290;295,3;"CACHOEIRA DO SUL";"Defeito na Via";"Saída de leito carroçável";"Com Vítimas Feridas";"Pleno dia";"Decrescente";"Sol";"Simples";"Reta";"Não";5;0;3;1;1;0;4;1;-30,305027;-53,157436;"SPRF-RS";"DEL02-RS";"UOP02-DEL02-RS"
176713;2018-12-08;"sábado";"18:00:00";"SC";101;383,2;"ICARA";"Ingestão de álcool e/ou substâncias psicoativas pelo pedestre";"Saída de leito carroçável";"Sem Vítimas";"Pleno dia";"Crescente";"Céu Claro";"Múltipla";"Declive;Reta";"Sim";2;0;0;0;2;0;0;1;-28,7686;-49,3019;"SPRF-SC";"DEL02-SC";"UOP02-DEL02-SC"
176714;2018-12-08;"sábado";"19:45:00";"SC";101;200,3;"SAO JOSE";"Falta de Atenção à Condução";"Colisão traseira";"Com Vítimas Feridas";"Pleno dia";"Crescente";"Céu Claro";"Dupla";"Reta";"Não";2;0;0;1;1;0;1;2;-27,5485;-48,6196;"SPRF-SC";"DEL01-SC";"UOP01-DEL01-SC"
176716;2018-12-08;"sábado";"19:15:00";"PI";343;27,8;"PARNAIBA";"Ingestão de Álcool";"Queda de ocupante de veículo";"Com Vítimas Feridas";"Plena Noite";"Decrescente";"Ignorado";"Dupla";"Reta";"Sim";2;0;1;0;1;0;1;1;-3,043463;-41,773762;"SPRF-PI";"DEL05-PI";"UOP01-DEL05-PI"
176717;2018-12-08;"sábado";"20:22:00";"SP";116;228;"SAO PAULO";"Não guardar distância de segurança";"Colisão traseira";"Com Vítimas Feridas";"Plena Noite";"Decrescente";"Céu Claro";"Múltipla";"Reta";"Sim";3;0;2;0;1;0;2;2;-23,50797588;-46,57139692;"SPRF-SP";"DEL01-SP";"UOP01-DEL01-SP"
176718;2018-12-08;"sábado";"20:30:00";"PR";476;128,3;"CURITIBA";"Velocidade Incompatível";"Saída de leito carroçável";"Com Vítimas Feridas";"Plena Noite";"Decrescente";"Nublado";"Múltipla";"Curva";"Sim";1;0;1;0;0;0;1;1;-25,433048;-49,23156;"SPRF-PR";"DEL01-PR";"UOP07-DEL01-PR"
176719;2018-12-08;"sábado";"19:25:00";"AL";316;269,9;"SATUBA";"Falta de Atenção à Condução";"Atropelamento de Pedestre";"Com Vítimas Feridas";"Plena Noite";"Crescente";"Céu Claro";"Simples";"Reta";"Sim";3;0;3;0;0;0;3;2;-9,567017;-35,807751;"SPRF-AL";"DEL02-AL";"UOP01-DEL02-AL"
176720;2018-12-08;"sábado";"10:20:00";"MG";262;44,1;"MANHUACU";"Não guardar distância de segurança";"Tombamento";"Com Vítimas Feridas";"Pleno dia";"Decrescente";"Nublado";"Simples";"Reta";"Não";1;0;0;1;0;0;1;1;-20,260109;-42,088184;"SPRF-MG";"DEL06-MG";"UOP03-DEL06-MG"
176721;2018-12-08;"sábado";"20:45:00";"SC";470;88,7;"ASCURRA";"Falta de Atenção do Pedestre";"Atropelamento de Pedestre";"Com Vítimas Feridas";"Plena Noite";"Decrescente";"Céu Claro";"Simples";"Curva";"Sim";2;0;0;1;1;0;1;2;-26,96059909;-49,37500477;"SPRF-SC";"DEL04-SC";"UOP01-DEL04-SC"
176722;2018-12-08;"sábado";"19:00:00";"RN";110;48,4;"MOSSORO";"Falta de Atenção à Condução";"Atropelamento de Pedestre";"Com Vítimas Feridas";"Plena Noite";"Decrescente";"Céu Claro";"Dupla";"Reta";"Sim";3;0;1;0;1;1;1;2;-5,208813;-37,332851;"SPRF-RN";"DEL04-RN";"UOP01-DEL04-RN"
176723;2018-12-08;"sábado";"19:30:00";"PR";476;140;"CURITIBA";"Falta de Atenção à Condução";"Atropelamento de Pedestre";"Com Vítimas Feridas";"Plena Noite";"Decrescente";"Céu Claro";"Múltipla";"Reta";"Sim";2;0;0;1;0;1;1;2;-25,520693;-49,294121;"SPRF-PR";"DEL01-PR";"UOP07-DEL01-PR"
176724;2018-12-08;"sábado";"20:00:00";"RS";116;233,3;"NOVO HAMBURGO";"Falta de Atenção à Condução";"Colisão transversal";"Com Vítimas Feridas";"Anoitecer";"Crescente";"Céu Claro";"Simples";"Reta";"Sim";2;0;1;0;1;0;1;2;-29,641546;-51,14259;"SPRF-RS";"DEL01-RS";"UOP02-DEL01-RS"
176727;2018-12-08;"sábado";"19:40:00";"PB";101;97,3;"CONDE";"Velocidade Incompatível";"Colisão traseira";"Com Vítimas Feridas";"Plena Noite";"Decrescente";"Céu Claro";"Dupla";"Reta";"Não";2;0;0;1;0;1;1;2;-7,2468;-34,9309;"SPRF-PB";"DEL01-PB";"UOP01-DEL01-PB"
176729;2018-12-08;"sábado";"20:20:00";"PA";10;240;"IPIXUNA DO PARA";"Velocidade Incompatível";"Saída de leito carroçável";"Com Vítimas Feridas";"Plena Noite";"Decrescente";"Chuva";"Simples";"Reta";"Não";1;0;0;1;0;0;1;1;-2,34113;-47,56414;"SPRF-PA";"DEL02-PA";"UOP01-DEL02-PA"
176730;2018-12-08;"sábado";"20:40:00";"MG";354;726,8;"POUSO ALTO";"Velocidade Incompatível";"Colisão frontal";"Com Vítimas Fatais";"Plena Noite";"Decrescente";"Céu Claro";"Simples";"Curva";"Não";53;1;0;0;52;0;0;2;-22,13545608;-44,96838304;"SPRF-MG";"DEL16-MG";"UOP02-DEL16-MG"
176731;2018-12-08;"sábado";"21:20:00";"RJ";116;131;"MAGE";"Ingestão de Substâncias Psicoativas";"Atropelamento de Pedestre";"Com Vítimas Feridas";"Plena Noite";"Decrescente";"Céu Claro";"Dupla";"Reta";"Não";2;0;1;0;1;0;1;2;-22,656084;-43,12513;"SPRF-RJ";"DEL04-RJ";"UOP02-DEL04-RJ"
176733;2018-12-08;"sábado";"21:20:00";"MG";40;625,6;"CONSELHEIRO LAFAIETE";"Desobediência às normas de trânsito pelo pedestre";"Atropelamento de Pedestre";"Com Vítimas Feridas";"Plena Noite";"Crescente";"Céu Claro";"Simples";"Reta";"Sim";3;0;1;0;1;1;1;2;-20,6294;-43,81;"SPRF-MG";"DEL05-MG";"UOP02-DEL05-MG"
176734;2018-12-08;"sábado";"18:45:00";"SC";282;641;"DESCANSO";"Ingestão de Álcool";"Saída de leito carroçável";"Com Vítimas Feridas";"Pleno dia";"Decrescente";"Sol";"Simples";"Curva;Declive";"Não";2;0;2;0;0;0;2;1;-26,779949;-53,460857;"SPRF-SC";"DEL07-SC";"UOP03-DEL07-SC"
176735;2018-12-08;"sábado";"19:10:00";"PB";104;139,3;"QUEIMADAS";"Ingestão de Álcool";"Colisão traseira";"Sem Vítimas";"Plena Noite";"Decrescente";"Céu Claro";"Simples";"Reta";"Sim";2;0;0;0;2;0;0;2;-7,369483;-35,899796;"SPRF-PB";"DEL02-PB";"UOP03-DEL02-PB"
176736;2018-12-08;"sábado";"20:35:00";"PE";101;89,2;"CABO DE SANTO AGOSTINHO";"Não guardar distância de segurança";"Engavetamento";"Sem Vítimas";"Plena Noite";"Decrescente";"Céu Claro";"Simples";"Reta";"Sim";3;0;0;0;3;0;0;3;-8,2155;-34,9874;"SPRF-PE";"DEL01-PE";"UOP03-DEL01-PE"
176737;2018-12-08;"sábado";"20:00:00";"RJ";393;291;"VOLTA REDONDA";"Falta de Atenção à Condução";"Colisão transversal";"Com Vítimas Feridas";"Plena Noite";"Crescente";"Céu Claro";"Dupla";"Reta";"Sim";5;0;2;0;3;0;2;2;-22,53074;-44,116175;"SPRF-RJ";"DEL05-RJ";"UOP04-DEL05-RJ"
176738;2018-12-08;"sábado";"16:20:00";"AM";174;981;"PRESIDENTE FIGUEIREDO";"Falta de Atenção à Condução";"Saída de leito carroçável";"Com Vítimas Feridas";"Pleno dia";"Crescente";"Nublado";"Simples";"Reta";"Não";1;0;1;0;0;0;1;1;-2,055;-60,023;"SPRF-AM";"DEL01-AM";"UOP02-DEL01-AM"