"id";"data_inversa";"dia_semana";"horario";"uf";"br";"km";"municipio";"causa_acidente";"tipo_acidente";"classificacao_acidente";"fase_dia";"sentido_via";"condicao_metereologica";"tipo_pista";"tracado_via";"uso_solo";"pessoas";"mortos";"feridos_leves";"feridos_graves";"ilesos";"ignorados";"feridos";"veiculos";"latitude";"longitude";"regional";"delegacia";"uop"
176740;2018-12-08;"sábado";"13:35:00";"RO";421;56,9;"MONTE NEGRO";"Desobediência às normas de trânsito pelo condutor";"Colisão transversal";"Com Vítimas Feridas";"Pleno dia";"Crescente";"Céu Claro";"Simples";"Reta";"Não";8;0;4;2;2;0;6;2;-10,306989;-63,325909;"SPRF-RO";"DEL03-RO";"DEL21/3-UOP04/RO"
176741;2018-12-08;"sábado";"21:20:00";"RJ";493;98;"SEROPEDICA";"Falta de Atenção à Condução";"Colisão com objeto estático";"Com Vítimas Feridas";"Plena Noite";"Crescente";"Céu Claro";"Dupla";"Reta";"Não";1;0;0;1;0;0;1;1;-22,74106941;-43,73188376;"SPRF-RJ";"DEL03-RJ";"UOP01-DEL03-RJ"
176742;2018-12-08;"sábado";"21:15:00";"SC";101;209,3;"SAO JOSE";"Animais na Pista";"Atropelamento de Animal";"Sem Vítimas";"Plena Noite";"Decrescente";"Nublado";"Múltipla";"Reta";"Sim";2;0;0;0;2;0;0;1;-27,6176;-48,6463;"SPRF-SC";"DEL01-SC";"UOP01-DEL01-SC"
176744;2018-12-08;"sábado";"22:10:00";"PR";376;173,4;"MARINGA";"Falta de Atenção à Condução";"Colisão traseira";"Com Vítimas Feridas";"Plena Noite";"Crescente";"Céu Claro";"Dupla";"Curva";"Sim";3;0;1;0;2;0;1;2;-23,4191;-51,968166;"SPRF-PR";"DEL07-PR";"UOP01-DEL09-PR"
176746;2018-12-08;"sábado";"22:00:00";"GO";60;94,3;"ANAPOLIS";"Falta de Atenção à Condução";"Colisão traseira";"Com Vítimas Feridas";"Plena Noite";"Decrescente";"Chuva";"Dupla";"Reta";"Sim";3;0;1;0;2;0;1;2;-16,35649877;-48,93051093;"SPRF-GO";"DEL02-GO";"UOP01-DEL02-GO"
176747;2018-12-08;"sábado";"21:20:00";"SC";101;130,5;"BALNEARIO CAMBORIU";"Falta de Atenção à Condução";"Saída de leito carroçável";"Sem Vítimas";"Plena Noite";"Crescente";"Céu Claro";"Simples";"Reta";"Sim";1;0;0;0;0;1;0;1;-26,9907;-48,6629;"SPRF-SC";"DEL04-SC";"UOP03-DEL04-SC"
176749;2018-12-08;"sábado";"22:00:00";"SC";282;0,8;"FLORIANOPOLIS";"Falta de Atenção à Condução";"Colisão traseira";"Com Vítimas Feridas";"Plena Noite";"Crescente";"Céu Claro";"Múltipla";"Em Obras";"Sim";4;0;1;1;1;1;2;3;-27,59845;-48,571995;"SPRF-SC";"DEL01-SC";"UOP01-DEL01-SC"
176750;2018-12-08;"sábado";"20:35:00";"RO";364;342,6;"JI-PARANA";"Falta de Atenção do Pedestre";"Atropelamento de Pedestre";"Com Vítimas Feridas";"Plena Noite";"Decrescente";"Céu Claro";"Simples";"Reta";"Sim";4;0;0;1;3;0;1;2;-10,883874;-61,937317;"SPRF-RO";"DEL02-RO";"UOP01-DEL02-RO"
176751;2018-12-08;"sábado";"16:10:00";"SC";282;305,4;"VARGEM";"Velocidade Incompatível";"Saída de leito carroçável";"Com Vítimas Feridas";"Pleno dia";"Decrescente";"Céu Claro";"Simples";"Curva";"Não";1;0;1;0;0;0;1;1;-27,500679;-50,949047;"SPRF-SC";"DEL07-SC";"UOP06-DEL07-SC"
176752;2018-12-08;"sábado";"21:50:00";"SC";101;208;"SAO JOSE";"Falta de Atenção à Condução";"Tombamento";"Com Vítimas Feridas";"Plena Noite";"Decrescente";"Céu Claro";"Múltipla";"Reta";"Não";2;0;2;0;0;0;2;1;-27,6101;-48,6388;"SPRF-SC";"DEL01-SC";"UOP01-DEL01-SC"
176753;2018-12-08;"sábado";"23:05:00";"PR";369;148,6;"LONDRINA";"Não guardar distância de segurança";"Tombamento";"Com Vítimas Feridas";"Plena Noite";"Decrescente";"Nublado";"Dupla";"Aclive;Reta";"Sim";1;0;0;1;0;0;1;1;-23,2929886;-51,14823997;"SPRF-PR";"DEL07-PR";"UOP01-DEL07-PR"
176754;2018-12-08;"sábado";"23:00:00";"PR";376;4;"APUCARANA";"Desobediência às normas de trânsito pelo condutor";"Colisão frontal";"Com Vítimas Feridas";"Plena Noite";"Crescente";"Céu Claro";"Simples";"Interseção de Vias";"Não";2;0;2;0;0;0;2;2;-23,5513;-51,461266;"SPRF-PR";"DEL07-PR";"UOP03-DEL07-PR"
176755;2018-12-08;"sábado";"22:30:00";"ES";101;304;"VIANA";"Falta de Atenção à Condução";"Capotamento";"Com Vítimas Feridas";"Plena Noite";"Crescente";"Garoa/Chuvisco";"Dupla";"Reta";"Sim";5;0;3;0;1;1;3;2;-20,37943183;-40,45274469;"SPRF-ES";"DEL01-ES";"UOP01-DEL01-ES"
176756;2018-12-08;"sábado";"21:40:00";"CE";20;422;"MARACANAU";"Falta de Atenção à Condução";"Colisão transversal";"Com Vítimas Feridas";"Plena Noite";"Decrescente";"Céu Claro";"Dupla";"Reta";"Não";2;0;2;0;0;0;2;2;-3,85074372;-38,56486738;"SPRF-CE";"DEL01-CE";"UOP02-DEL01-CE"
176758;2018-12-08;"sábado";"21:30:00";"MG";364;0;"PLANURA";"Falta de Atenção à Condução";"Colisão com objeto estático";"Sem Vítimas";"Plena Noite";"Crescente";"Céu Claro";"Simples";"Reta";"Não";3;0;0;0;2;1;0;3;-20,16264343;-48,68934631;"SPRF-MG";"DEL13-MG";"UOP02-DEL13-MG"
176759;2018-12-08;"sábado";"21:30:00";"MA";316;262;"SANTA INES";"Falta de Atenção à Condução";"Colisão lateral";"Com Vítimas Feridas";"Plena Noite";"Decrescente";"Céu Claro";"Múltipla";"Reta";"Sim";3;0;2;0;1;0;2;2;-3,6673346;-45,37319183;"SPRF-MA";"DEL02-MA";"UI04-DEL02-MA"
176760;2018-12-08;"sábado";"22:30:00";"RJ";393;242;"VASSOURAS";"Falta de Atenção à Condução";"Colisão com objeto estático";"Com Vítimas Feridas";"Plena Noite";"Decrescente";"Céu Claro";"Simples";"Reta";"Sim";2;0;0;1;1;0;1;2;-22,425568;-43,691799;"SPRF-RJ";"DEL05-RJ";"UOP03-DEL05-RJ"
176762;2018-12-08;"sábado";"23:20:00";"GO";60;101;"ANAPOLIS";"Ingestão de Álcool";"Saída de leito carroçável";"Sem Vítimas";"Plena Noite";"Crescente";"Nublado";"Dupla";"Reta";"Não";1;0;0;0;1;0;0;1;-16,4022;-48,9745;"SPRF-GO";"DEL02-GO";"UOP01-DEL02-GO"
176763;2018-12-08;"sábado";"22:50:00";"PB";361;3,8;"PATOS";"Falta de Atenção à Condução";"Colisão transversal";"Com Vítimas Feridas";"Plena Noite";"Decrescente";"Céu Claro";"Simples";"Reta";"Sim";3;0;1;1;0;1;2;2;-7,0315678;-37,29158878;"SPRF-PB";"DEL03-PB";"UOP01-DEL03-PB"
176764;2018-12-08;"sábado";"20:00:00";"RS";116;222,2;"DOIS IRMAOS";"Desobediência às normas de trânsito pelo condutor";"Colisão transversal";"Com Vítimas Feridas";"Anoitecer";"Crescente";"Céu Claro";"Simples";"Declive";"Sim";2;0;1;0;0;1;1;2;-29,581001;-51,095177;"SPRF-RS";"DEL05-RS";"UOP02-DEL05-RS"
176765;2018-12-08;"sábado";"21:40:00";"MT";174;10;"PONTES E LACERDA";"Defeito na Via";"Colisão traseira";"Com Vítimas Feridas";"Plena Noite";"Crescente";"Céu Claro";"Simples";"Reta";"Não";2;0;1;0;0;1;1;2;-15,203;-59,373;"SPRF-MT";"DEL04-MT";"UOP01-DEL04-MT"
176766;2018-12-08;"sábado";"23:45:00";"SP";116;287,6;"ITAPECERICA DA SERRA";"Ingestão de Álcool";"Saída de leito carroçável";"Com Vítimas Feridas";"Plena Noite";"Decrescente";"Céu Claro";"Dupla";"Reta";"Sim";6;0;5;0;1;0;5;1;-23,702844;-46,871854;"SPRF-SP";"DEL04-SP";"UOP01-DEL04-SP"
176767;2018-12-08;"sábado";"22:50:00";"RN";304;294;"MACAIBA";"Falta de Atenção à Condução";"Saída de leito carroçável";"Com Vítimas Feridas";"Plena Noite";"Crescente";"Céu Claro";"Dupla";"Interseção de Vias";"Não";1;0;1;0;0;0;1;1;-5,864849;-35,349312;"SPRF-RN";"DEL01-RN";"UOP02-DEL01-RN"
176769;2018-12-08;"sábado";"22:20:00";"PR";376;488,9;"PONTA GROSSA";"Ingestão de Álcool";"Colisão com objeto estático";"Sem Vítimas";"Plena Noite";"Crescente";"Céu Claro";"Dupla";"Reta";"Sim";1;0;0;0;0;1;0;1;-25,08909691;-50,19563198;"SPRF-PR";"DEL03-PR";"UOP04-DEL03-PR"
176770;2018-12-08;"sábado";"20:35:00";"PI";343;340;"TERESINA";"Velocidade Incompatível";"Saída de leito carroçável";"Sem Vítimas";"Plena Noite";"Decrescente";"Nublado";"Simples";"Reta";"Não";1;0;0;0;0;1;0;1;-5,074137;-42,73629;"SPRF-PI";"DEL01-PI";"UOP01-DEL01-PI"
176771;2018-12-08;"sábado";"20:40:00";"TO";242;443;"FORMOSO DO ARAGUAIA";"Ingestão de Álcool";"Colisão lateral";"Sem Vítimas";"Pleno dia";"Crescente";"Céu Claro";"Simples";"Reta";"Não";3;0;0;0;3;0;0;2;-11,811776;-49,528908;"SPRF-TO";"DEL02-TO";"UOP02-DEL01-TO"
176772;2018-12-08;"sábado";"21:40:00";"MG";40;612,6;"CONGONHAS";"Velocidade Incompatível";"Saída de leito carroçável";"Com Vítimas Feridas";"Plena Noite";"Decrescente";"Céu Claro";"Simples";"Reta";"Sim";1;0;1;0;0;0;1;1;-20,5235;-43,8288;"SPRF-MG";"DEL05-MG";"UOP02-DEL05-MG"
176773;2018-12-08;"sábado";"23:00:00";"MS";163;297;"DOURADINA";"Falta de Atenção à Condução";"Saída de leito carroçável";"Com Vítimas Feridas";"Plena Noite";"Crescente";"Céu Claro";"Simples";"Reta";"Não";1;0;1;0;0;0;1;1;-21,90164088;-54,52651978;"SPRF-MS";"DEL02-MS";"UOP02-DEL02-MS"
176775;2018-12-08;"sábado";"19:00:00";"RO";364;711;"PORTO VELHO";"Ingestão de Álcool";"Colisão traseira";"Sem Vítimas";"Plena Noite";"Decrescente";"Céu Claro";"Dupla";"Reta";"Sim";2;0;0;0;2;0;0;2;-8,78482266;-63,85982484;"SPRF-RO";"DEL01-RO";"UOP01-DEL01-RO"
176777;2018-12-08;"sábado";"23:45:00";"PR";369;153,8;"LONDRINA";"Desobediência às normas de trânsito pelo condutor";"Colisão transversal";"Com Vítimas Feridas";"Plena Noite";"Crescente";"Céu Claro";"Múltipla";"Reta;Interseção de Vias";"Sim";4;0;2;0;2;0;2;2;-23,297957;-51,196375;"SPRF-PR";"DEL07-PR";"UOP01-DEL07-PR"
176778;2018-12-08;"sábado";"23:30:00";"RN";101;107;"PARNAMIRIM";"Ingestão de Álcool";"Colisão traseira";"Com Vítimas Feridas";"Plena Noite";"Crescente";"Céu Claro";"Dupla";"Reta";"Sim";2;0;1;0;1;0;1;2;-5,919193;-35,264118;"SPRF-RN";"DEL01-RN";"UOP01-DEL01-RN"
176779;2018-12-09;"domingo";"00:05:00";"SC";101;85;"BARRA VELHA";"Falta de Atenção à Condução";"Queda de ocupante de veículo";"Com Vítimas Feridas";"Plena Noite";"Crescente";"Céu Claro";"Múltipla";"Reta";"Não";2;0;2;0;0;0;2;1;-26,6372;-48,6962;"SPRF-SC";"DEL03-SC";"UOP02-DEL03-SC"
176781;2018-12-08;"sábado";"18:10:00";"BA";324;403;"NOVA FATIMA";"Falta de Atenção à Condução";"Colisão traseira";"Com Vítimas Fatais";"Plena Noite";"Decrescente";"Nublado";"Simples";"Reta";"Sim";2;1;0;1;0;0;1;2;-11,60179472;-39,63626862;"SPRF-BA";"DEL04-BA";"UOP02-DEL04-BA"
176782;2018-12-08;"sábado";"19:00:00";"BA";324;369;"SAO JOSE DO JACUIPE";"Falta de Atenção do Pedestre";"Atropelamento de Pedestre";"Com Vítimas Feridas";"Plena Noite";"Crescente";"Nublado";"Simples";"Reta";"Sim";2;0;0;1;1;0;1;2;-11,40767772;-39,93701935;"SPRF-BA";"DEL04-BA";"UOP02-DEL04-BA"
176783;2018-12-08;"sábado";"22:10:00";"MT";364;205;"RONDONOPOLIS";"Ingestão de Álcool";"Saída de leito carroçável";"Com Vítimas Feridas";"Plena Noite";"Crescente";"Céu Claro";"Dupla";"Rotatória;Curva";"Não";1;0;1;0;0;0;1;1;-16,459299;-54,660919;"SPRF-MT";"DEL02-MT";"UOP01-DEL02-MT"
176784;2018-12-08;"sábado";"23:00:00";"MG";50;118;"UBERABA";"Falta de Atenção à Condução";"Saída de leito carroçável";"Sem Vítimas";"Plena Noite";"Decrescente";"Céu Claro";"Dupla";"Reta";"Não";1;0;0;0;1;0;0;1;-19,2995;-48,1139;"SPRF-MG";"DEL13-MG";"UOP01-DEL13-MG"
176785;2018-12-09;"domingo";"01:15:00";"PR";476;118;"COLOMBO";"Desobediência às normas de trânsito pelo condutor";"Colisão traseira";"Sem Vítimas";"Plena Noite";"Decrescente";"Nublado";"Dupla";"Reta";"Sim";2;0;0;0;2;0;0;2;-25,35634;-49,180828;"SPRF-PR";"DEL01-PR";"UOP01-DEL01-PR"
176786;2018-12-08;"sábado";"23:00:00";"MG";267;92,6;"JUIZ DE FORA";"Desobediência às normas de trânsito pelo condutor";"Colisão frontal";"Com Vítimas Feridas";"Plena Noite";"Decrescente";"Nublado";"Simples";"Reta";"Sim";4;0;2;0;2;0;2;2;-21,771578;-43,29119;"SPRF-MG";"DEL05-MG";"UOP01-DEL05-MG"
176787;2018-12-09;"domingo";"00:40:00";"RJ";101;405;"ITAGUAI";"Animais na Pista";"Atropelamento de Animal";"Com Vítimas Feridas";"Plena Noite";"Crescente";"Céu Claro";"Dupla";"Reta";"Sim";2;0;1;0;1;0;1;1;-22,867615;-43,802757;"SPRF-RJ";"DEL03-RJ";"UOP01-DEL03-RJ"
176788;2018-12-08;"sábado";"18:30:00";"MA";10;299;"SAO FRANCISCO DO BREJAO";"Desobediência às normas de trânsito pelo condutor";"Colisão frontal";"Com Vítimas Feridas";"Plena Noite";"Crescente";"Céu Claro";"Simples";"Reta";"Sim";2;0;0;1;1;0;1;2;-5,122542;-47,547592;"SPRF-MA";"DEL04-MA";"UOP03-DEL04-MA"
176789;2018-12-09;"domingo";"01:00:00";"RS";471;690,6;"CHUI";"Falta de Atenção à Condução";"Colisão traseira";"Sem Vítimas";"Plena Noite";"Decrescente";"Céu Claro";"Simples";"Reta";"Sim";2;0;0;0;2;0;0;2;-33,673573;-53,44415188;"SPRF-RS";"DEL07-RS";"UOP04-DEL07-RS"
176790;2018-12-09;"domingo";"00:05:00";"MG";116;528;"CARATINGA";"Desobediência às normas de trânsito pelo condutor";"Colisão lateral";"Com Vítimas Feridas";"Plena Noite";"Decrescente";"Nublado";"Múltipla";"Reta";"Sim";2;0;2;0;0;0;2;2;-19,78161563;-42,13292241;"SPRF-MG";"DEL06-MG";"UOP02-DEL06-MG"
176791;2018-12-09;"domingo";"00:05:00";"MG";262;369;"JUATUBA";"Velocidade Incompatível";"Capotamento";"Com Vítimas Feridas";"Plena Noite";"Crescente";"Céu Claro";"Dupla";"Reta";"Sim";2;0;2;0;0;0;2;1;-19,9566;-44,3527;"SPRF-MG";"DEL01-MG";"UOP03-DEL01-MG"
176792;2018-12-08;"sábado";"23:30:00";"MG";262;369,9;"JUATUBA";"Desobediência às normas de trânsito pelo condutor";"Colisão traseira";"Com Vítimas Feridas";"Plena Noite";"Crescente";"Nublado";"Dupla";"Reta";"Não";6;0;3;0;3;0;3;2;-19,9566;-44,3527;"SPRF-MG";"DEL01-MG";"UOP03-DEL01-MG"
176795;2018-12-09;"domingo";"02:00:00";"MG";381;574,2;"ITAGUARA";"Condutor Dormindo";"Colisão com objeto estático";"Com Vítimas Fatais";"Plena Noite";"Decrescente";"Céu Claro";"Dupla";"Curva";"Não";2;1;0;1;0;0;1;1;-20,44143533;-44,56409276;"SPRF-MG";"DEL04-MG";"UOP03-DEL04-MG"
176796;2018-12-09;"domingo";"01:37:00";"GO";153;317,5;"RIALMA";"Defeito na Via";"Queda de ocupante de veículo";"Com Vítimas Feridas";"Plena Noite";"Decrescente";"Chuva";"Simples";"Reta";"Não";1;0;0;1;0;0;1;1;-15,4341556;-49,51126099;"SPRF-GO";"DEL02-GO";"UOP02-DEL02-GO"
176797;2018-12-09;"domingo";"01:00:00";"MT";163;101;"RONDONOPOLIS";"Falta de Atenção à Condução";"Saída de leito carroçável";"Com Vítimas Feridas";"Plena Noite";"Crescente";"Céu Claro";"Dupla";"Reta";"Não";2;0;1;0;1;0;1;1;-16,652929;-54,685722;"SPRF-MT";"DEL02-MT";"DEL2/2-UOP02/MT"
176799;2018-12-09;"domingo";"01:00:00";"MG";40;183,6;"JOAO PINHEIRO";"Ingestão de Álcool";"Saída de leito carroçável";"Com Vítimas Feridas";"Plena Noite";"Crescente";"Garoa/Chuvisco";"Simples";"Curva";"Não";1;0;1;0;0;0;1;1;-17,987595;-45,960083;"SPRF-MG";"DEL14-MG";"UOP02-DEL14-MG"
176800;2018-12-09;"domingo";"02:20:00";"MG";116;528;"CARATINGA";"Ingestão de Álcool";"Tombamento";"Sem Vítimas";"Plena Noite";"Decrescente";"Céu Claro";"Dupla";"Reta";"Sim";1;0;0;0;1;0;0;1;-19,78162573;-42,13291168;"SPRF-MG";"DEL06-MG";"UOP02-DEL06-MG"
176802;2018-12-09;"domingo";"02:40:00";"SC";470;54,5;"BLUMENAU";"Ingestão de Álcool";"Colisão traseira";"Sem Vítimas";"Plena Noite";"Decrescente";"Céu Claro";"Simples";"Rotatória";"Não";2;0;0;0;2;0;0;2;-26,871065;-49,110374;"SPRF-SC";"DEL04-SC";"UOP01-DEL04-SC"
176804;2018-12-09;"domingo";"02:10:00";"ES";101;170;"LINHARES";"Desobediência às normas de trânsito pelo condutor";"Colisão frontal";"Com Vítimas Feridas";"Plena Noite";"Crescente";"Céu Claro";"Simples";"Reta";"Não";8;0;6;2;0;0;8;2;-19,55712115;-40,17313957;"SPRF-ES";"DEL04-ES";"UOP01-DEL04-ES"
176805;2018-12-09;"domingo";"01:30:00";"SC";282;499,6;"XANXERE";"Ingestão de Álcool";"Saída de leito carroçável";"Com Vítimas Feridas";"Plena Noite";"Decrescente";"Céu Claro";"Dupla";"Reta";"Sim";2;0;1;1;0;0;2;1;-26,880869;-52,363121;"SPRF-SC";"DEL07-SC";"UOP01-DEL07-SC"
176809;2018-12-09;"domingo";"03:55:00";"SP";116;271;"TABOAO DA SERRA";"Ingestão de Álcool";"Colisão traseira";"Com Vítimas Feridas";"Plena Noite";"Decrescente";"Nublado";"Dupla";"Reta";"Sim";3;0;1;0;1;1;1;2;-23,61223562;-46,77766453;"SPRF-SP";"DEL04-SP";"UOP01-DEL04-SP"
176811;2018-12-09;"domingo";"03:00:00";"SC";101;438,7;"SOMBRIO";"Deficiência ou não Acionamento do Sistema de Iluminação/Sinalização do Veículo";"Colisão traseira";"Sem Vítimas";"Plena Noite";"Crescente";"Nublado";"Múltipla";"Reta";"Sim";2;0;0;0;2;0;0;2;-29,12372468;-49,65676546;"SPRF-SC";"DEL02-SC";"UOP02-DEL02-SC"
176812;2018-12-09;"domingo";"02:20:00";"DF";40;2,8;"BRASILIA";"Ingestão de Álcool";"Colisão traseira";"Sem Vítimas";"Plena Noite";"Crescente";"Garoa/Chuvisco";"Dupla";"Viaduto";"Não";2;0;0;0;1;1;0;2;-16,0014386;-47,9845477;"SPRF-DF";"DEL01-DF";"UOP01-DEL01-DF"
176813;2018-12-09;"domingo";"03:50:00";"MG";40;721,4;"BARBACENA";"Ingestão de Álcool";"Atropelamento de Pedestre";"Com Vítimas Feridas";"Plena Noite";"Crescente";"Céu Claro";"Dupla";"Curva";"Não";2;0;1;0;1;0;1;2;-21,3029;-43,6141;"SPRF-MG";"DEL05-MG";"UOP01-DEL05-MG"
176814;2018-12-09;"domingo";"02:40:00";"RS";116;264;"CANOAS";"Avarias e/ou desgaste excessivo no pneu";"Colisão com objeto estático";"Com Vítimas Feridas";"Plena Noite";"Decrescente";"Ignorado";"Múltipla";"Reta";"Sim";1;0;1;0;0;0;1;1;-29,914425;-51,177544;"SPRF-RS";"DEL01-RS";"UOP01-DEL01-RS"
176815;2018-12-09;"domingo";"04:30:00";"PR";277;10;"PARANAGUA";"Falta de Atenção à Condução";"Capotamento";"Com Vítimas Feridas";"Plena Noite";"Decrescente";"Céu Claro";"Dupla";"Reta";"Não";1;0;1;0;0;0;1;1;-25,56102614;-48,58154297;"SPRF-PR";"DEL01-PR";"UOP05-DEL01-PR"
176816;2018-12-09;"domingo";"03:40:00";"PE";104;116,1;"PANELAS";"Falta de Atenção do Pedestre";"Atropelamento de Pedestre";"Com Vítimas Feridas";"Amanhecer";"Crescente";"Céu Claro";"Simples";"Reta";"Não";2;0;1;0;1;0;1;2;-8,669848;-36,014065;"SPRF-PE";"DEL02-PE";"UOP01-DEL02-PE"
176819;2018-12-09;"domingo";"03:30:00";"PR";376;445,4;"TIBAGI";"Falta de Atenção à Condução";"Saída de leito carroçável";"Com Vítimas Feridas";"Plena Noite";"Crescente";"Ignorado";"Simples";"Reta";"Sim";4;0;4;0;0;0;4;1;-24,68632852;-50,59135437;"SPRF-PR";"DEL03-PR";"UOP02-DEL03-PR"
176820;2018-12-09;"domingo";"04:00:00";"GO";40;8,8;"LUZIANIA";"Velocidade Incompatível";"Colisão transversal";"Com Vítimas Feridas";"Plena Noite";"Decrescente";"Nublado";"Dupla";"Reta";"Não";4;0;2;0;1;1;2;2;-16,11466771;-47,96833634;"SPRF-DF";"DEL01-DF";"UOP01-DEL01-DF"
176821;2018-12-09;"domingo";"04:50:00";"ES";101;146,5;"LINHARES";"Desobediência às normas de trânsito pelo condutor";"Colisão transversal";"Sem Vítimas";"Plena Noite";"Crescente";"Céu Claro";"Dupla";"Interseção de Vias";"Sim";2;0;0;0;2;0;0;2;-19,37536382;-40,06634833;"SPRF-ES";"DEL04-ES";"UOP01-DEL04-ES"
176822;2018-12-09;"domingo";"04:50:00";"PR";277;76;"SAO JOSE DOS PINHAIS";"Animais na Pista";"Atropelamento de Animal";"Com Vítimas Fatais";"Amanhecer";"Decrescente";"Céu Claro";"Dupla";"Reta";"Sim";4;1;1;0;2;0;1;4;-25,48736748;-49,18262601;"SPRF-PR";"DEL01-PR";"UOP01-DEL01-PR"
176823;2018-12-08;"sábado";"22:00:00";"BA";407;121;"SENHOR DO BONFIM";"Ingestão de Álcool";"Colisão traseira";"Com Vítimas Feridas";"Plena Noite";"Crescente";"Céu Claro";"Simples";"Ponte";"Não";3;0;0;2;1;0;2;2;-10,412433;-40,183296;"SPRF-BA";"DEL04-BA";"UOP01-DEL04-BA"
176824;2018-12-09;"domingo";"03:00:00";"MT";70;673,1;"CACERES";"Velocidade Incompatível";"Saída de leito carroçável";"Com Vítimas Fatais";"Plena Noite";"Crescente";"Céu Claro";"Simples";"Reta";"Não";2;1;0;1;0;0;1;1;-16,071589;-57,274986;"SPRF-MT";"DEL03-MT";"UOP02-DEL03-MT"
176825;2018-12-09;"domingo";"03:50:00";"PI";343;335,8;"TERESINA";"Ingestão de Álcool";"Colisão transversal";"Sem Vítimas";"Plena Noite";"Crescente";"Chuva";"Simples";"Reta";"Não";2;0;0;0;1;1;0;2;-5,061626;-42,696655;"SPRF-PI";"DEL01-PI";"UOP01-DEL01-PI"
176827;2018-12-09;"domingo";"05:10:00";"RS";116;265;"CANOAS";"Ingestão de Álcool";"Colisão com objeto estático";"Com Vítimas Feridas";"Pleno dia";"Decrescente";"Céu Claro";"Simples";"Curva";"Sim";1;0;1;0;0;0;1;1;-29,923407;-51,177811;"SPRF-RS";"DEL01-RS";"UOP01-DEL01-RS"
176829;2018-12-09;"domingo";"03:00:00";"TO";153;145,7;"ARAGUAINA";"Falta de Atenção à Condução";"Saída de leito carroçável";"Com Vítimas Fatais";"Plena Noite";"Crescente";"Chuva";"Dupla";"Reta";"Sim";1;1;0;0;0;0;0;1;-7,205047;-48,240356;"SPRF-TO";"DEL02-TO";"UOP01-DEL02-TO"
176830;2018-12-09;"domingo";"06:30:00";"RJ";493;4;"ITABORAI";"Defeito na Via";"Colisão traseira";"Sem Vítimas";"Amanhecer";"Crescente";"Céu Claro";"Simples";"Em Obras";"Não";3;0;0;0;3;0;0;3;-22,748209;-42,95015;"SPRF-RJ";"DEL04-RJ";"UOP02-DEL04-RJ"
176831;2018-12-09;"domingo";"06:20:00";"PR";373;409,3;"CANDOI";"Sinalização da via insuficiente ou inadequada";"Colisão frontal";"Com Vítimas Fatais";"Amanhecer";"Decrescente";"Céu Claro";"Simples";"Em Obras;Reta";"Não";9;4;0;5;0;0;5;2;-25,62842362;-52,09044671;"SPRF-PR";"DEL03-PR";"UOP01-DEL08-PR"
176832;2018-12-09;"domingo";"05:20:00";"MT";163;766;"SORRISO";"Condutor Dormindo";"Colisão com objeto estático";"Sem Vítimas";"Amanhecer";"Crescente";"Garoa/Chuvisco";"Simples";"Reta";"Não";1;0;0;0;1;0;0;1;-12,50237214;-55,68955511;"SPRF-MT";"DEL06-MT";"UOP01-DEL06-MT"
176833;2018-12-09;"domingo";"06:00:00";"GO";60;55,9;"ABADIANIA";"Condutor Dormindo";"Saída de leito carroçável";"Com Vítimas Feridas";"Amanhecer";"Decrescente";"Nublado";"Dupla";"Reta";"Não";1;0;1;0;0;0;1;1;-16,1862;-48,6611;"SPRF-GO";"DEL02-GO";"UOP01-DEL02-GO"
176835;2018-12-09;"domingo";"05:10:00";"PR";277;663;"MEDIANEIRA";"Desobediência às normas de trânsito pelo condutor";"Colisão com objeto estático";"Com Vítimas Feridas";"Amanhecer";"Decrescente";"Céu Claro";"Dupla";"Reta";"Não";6;0;3;0;2;1;3;1;-25,251606;-54,018887;"SPRF-PR";"DEL05-PR";"UOP02-DEL05-PR"
176837;2018-12-09;"domingo";"05:50:00";"AL";424;93,9;"SATUBA";"Ingestão de Álcool";"Colisão frontal";"Com Vítimas Fatais";"Pleno dia";"Decrescente";"Céu Claro";"Simples";"Reta";"Não";7;2;1;2;0;2;3;3;-9,587824;-35,879795;"SPRF-AL";"DEL02-AL";"UOP01-DEL02-AL"
176838;2018-12-09;"domingo";"06:30:00";"RS";287;269,2;"SANTA MARIA";"Velocidade Incompatível";"Colisão frontal";"Com Vítimas Fatais";"Amanhecer";"Decrescente";"Sol";"Simples";"Reta";"Não";5;1;1;0;2;1;1;3;-29,668032;-54,063663;"SPRF-RS";"DEL09-RS";"UOP01-DEL09-RS"
176839;2018-12-09;"domingo";"06:40:00";"PR";376;159,5;"MARINGA";"Agressão Externa";"Saída de leito carroçável";"Com Vítimas Feridas";"Pleno dia";"Crescente";"Céu Claro";"Dupla";"Curva";"Não";2;0;2;0;0;0;2;1;-23,352516;-52,09127;"SPRF-PR";"DEL07-PR";"UOP01-DEL09-PR"
176840;2018-12-09;"domingo";"05:00:00";"SP";116;108;"TAUBATE";"Falta de Atenção à Condução";"Tombamento";"Com Vítimas Feridas";"Amanhecer";"Crescente";"Nublado";"Dupla";"Reta";"Sim";2;0;1;0;1;0;1;1;-23,023352;-45,537693;"SPRF-SP";"DEL06-SP";"UOP01-DEL06-SP"
176841;2018-12-09;"domingo";"05:00:00";"RO";364;238;"CACOAL";"Falta de Atenção à Condução";"Colisão transversal";"Com Vítimas Feridas";"Amanhecer";"Crescente";"Nublado";"Simples";"Aclive;Reta;Interseção de Vias";"Sim";2;0;0;1;0;1;1;2;-11,43873238;-61,45463347;"SPRF-RO";"DEL02-RO";"UOP02-DEL02-RO"