"id";"data_inversa";"dia_semana";"horario";"uf";"br";"km";"municipio";"causa_acidente";"tipo_acidente";"classificacao_acidente";"fase_dia";"sentido_via";"condicao_metereologica";"tipo_pista";"tracado_via";"uso_solo";"pessoas";"mortos";"feridos_leves";"feridos_graves";"ilesos";"ignorados";"feridos";"veiculos";"latitude";"longitude";"regional";"delegacia";"uop"
176951;2018-12-09;"domingo";"16:50:00";"PE";232;41;"VITORIA DE SANTO ANTAO";"Falta de Atenção à Condução";"Colisão traseira";"Com Vítimas Feridas";"Pleno dia";"Decrescente";"Nublado";"Simples";"Reta";"Não";6;0;1;0;5;0;1;6;-8,11395;-35,243423;"SPRF-PE";"DEL01-PE";"UOP02-DEL02PE"
176952;2018-12-09;"domingo";"18:10:00";"RS";116;232,7;"ESTANCIA VELHA";"Ingestão de Álcool";"Colisão traseira";"Com Vítimas Feridas";"Pleno dia";"Crescente";"Céu Claro";"Simples";"Reta";"Não";2;0;1;0;1;0;1;2;-29,63275;-51,143333;"SPRF-RS";"DEL01-RS";"UOP02-DEL01-RS"
176953;2018-12-09;"domingo";"18:40:00";"MG";381;494,3;"BETIM";"Defeito Mecânico no Veículo";"Tombamento";"Com Vítimas Feridas";"Pleno dia";"Crescente";"Sol";"Dupla";"Reta";"Sim";2;0;2;0;0;0;2;1;-19,9731;-44,1843;"SPRF-MG";"DEL01-MG";"UOP03-DEL01-MG"
176954;2018-12-09;"domingo";"17:00:00";"MA";226;108,1;"CAXIAS";"Falta de Atenção à Condução";"Colisão frontal";"Com Vítimas Fatais";"Pleno dia";"Decrescente";"Céu Claro";"Simples";"Declive;Reta";"Não";6;1;5;0;0;0;5;2;-5,276529;-43,778988;"SPRF-MA";"DEL03-MA";"UOP02-DEL03-MA"
176956;2018-12-09;"domingo";"16:30:00";"CE";222;5,8;"CAUCAIA";"Falta de Atenção à Condução";"Colisão traseira";"Sem Vítimas";"Pleno dia";"Crescente";"Céu Claro";"Dupla";"Curva";"Sim";2;0;0;0;2;0;0;2;-3,74328586;-38,62021565;"SPRF-CE";"DEL01-CE";"UOP01-DEL01-CE"
176959;2018-12-09;"domingo";"16:40:00";"SP";116;394,5;"MIRACATU";"Falta de Atenção à Condução";"Colisão traseira";"Com Vítimas Feridas";"Pleno dia";"Decrescente";"Céu Claro";"Dupla";"Reta";"Sim";5;0;2;0;3;0;2;2;-24,28839107;-47,45954275;"SPRF-SP";"DEL04-SP";"UOP02-DEL04-SP"
176960;2018-12-09;"domingo";"18:40:00";"SP";116;277,8;"EMBU DAS ARTES";"Ingestão de Álcool";"Colisão lateral";"Com Vítimas Feridas";"Plena Noite";"Crescente";"Nublado";"Dupla";"Reta";"Sim";3;0;2;0;1;0;2;2;-23,63340193;-46,82305858;"SPRF-SP";"DEL04-SP";"UOP01-DEL04-SP"
176961;2018-12-09;"domingo";"18:45:00";"SP";116;297;"ITAPECERICA DA SERRA";"Falta de Atenção à Condução";"Colisão lateral";"Com Vítimas Feridas";"Pleno dia";"Decrescente";"Céu Claro";"Dupla";"Reta";"Não";2;0;1;0;1;0;1;2;-23,69186281;-46,86155498;"SPRF-SP";"DEL04-SP";"UOP01-DEL04-SP"
176962;2018-12-09;"domingo";"17:30:00";"BA";101;106;"ALAGOINHAS";"Desobediência às normas de trânsito pelo condutor";"Colisão transversal";"Com Vítimas Feridas";"Anoitecer";"Crescente";"Nublado";"Simples";"Reta";"Não";2;0;1;0;1;0;1;2;-12,1332;-38,3923;"SPRF-BA";"DEL01-BA";"UOP04-DEL01-BA"
176967;2018-12-09;"domingo";"18:30:00";"GO";40;5;"VALPARAISO DE GOIAS";"Ingestão de Álcool";"Colisão lateral";"Sem Vítimas";"Pleno dia";"Decrescente";"Céu Claro";"Dupla";"Interseção de Vias";"Sim";7;0;0;0;7;0;0;3;-16,09348512;-47,98167229;"SPRF-DF";"DEL01-DF";"UOP01-DEL01-DF"
176968;2018-12-09;"domingo";"17:00:00";"MG";262;44,2;"MANHUACU";"Falta de Atenção à Condução";"Colisão traseira";"Com Vítimas Feridas";"Pleno dia";"Decrescente";"Nublado";"Simples";"Reta";"Não";3;0;2;0;1;0;2;2;-20,260109;-42,088184;"SPRF-MG";"DEL06-MG";"UOP03-DEL06-MG"
176969;2018-12-09;"domingo";"17:30:00";"SE";101;105,2;"SAO CRISTOVAO";"Ingestão de Álcool";"Colisão com objeto estático";"Sem Vítimas";"Anoitecer";"Decrescente";"Céu Claro";"Dupla";"Reta";"Não";1;0;0;0;0;1;0;1;-10,9586;-37,2485;"SPRF-SE";"DEL02-SE";"UOP01-DEL02-SE"
176970;2018-12-09;"domingo";"18:00:00";"PE";232;400,3;"SERRA TALHADA";"Animais na Pista";"Atropelamento de Animal";"Com Vítimas Feridas";"Plena Noite";"Crescente";"Chuva";"Simples";"Reta";"Não";3;0;1;0;2;0;1;2;-8,010047;-38,242943;"SPRF-PE";"DEL04-PE";"UOP01-DEL04-PE"
176971;2018-12-09;"domingo";"18:00:00";"RN";304;38,6;"MOSSORO";"Falta de Atenção do Pedestre";"Colisão transversal";"Com Vítimas Fatais";"Plena Noite";"Crescente";"Ignorado";"Dupla";"Reta";"Sim";2;1;0;0;1;0;0;2;-5,185512;-37,371802;"SPRF-RN";"DEL04-RN";"UOP02-DEL04-RN"
176973;2018-12-09;"domingo";"18:00:00";"RS";470;228;"GARIBALDI";"Desobediência às normas de trânsito pelo condutor";"Colisão transversal";"Com Vítimas Feridas";"Pleno dia";"Decrescente";"Céu Claro";"Simples";"Interseção de Vias";"Não";3;0;1;0;1;1;1;2;-29,26392586;-51,50220394;"SPRF-RS";"DEL06-RS";"UOP01-DEL06-RS"
176974;2018-12-09;"domingo";"19:20:00";"GO";60;46,8;"APARECIDA DE GOIANIA";"Velocidade Incompatível";"Colisão traseira";"Sem Vítimas";"Anoitecer";"Decrescente";"Céu Claro";"Dupla";"Reta";"Sim";6;0;0;0;6;0;0;2;-16,783;-49,274;"SPRF-GO";"DEL01-GO";"UOP03-DEL01-GO"
176975;2018-12-09;"domingo";"17:50:00";"MT";163;83;"RONDONOPOLIS";"Falta de Atenção à Condução";"Saída de leito carroçável";"Com Vítimas Feridas";"Pleno dia";"Decrescente";"Céu Claro";"Dupla";"Reta";"Não";4;0;1;0;1;2;1;1;-16,795879;-54,675625;"SPRF-MT";"DEL02-MT";"DEL2/2-UOP02/MT"
176976;2018-12-09;"domingo";"18:15:00";"PR";376;615,3;"SAO JOSE DOS PINHAIS";"Falta de Atenção à Condução";"Saída de leito carroçável";"Com Vítimas Fatais";"Pleno dia";"Crescente";"Céu Claro";"Dupla";"Aclive;Reta";"Sim";4;1;2;0;1;0;2;1;-25,57660794;-49,17937517;"SPRF-PR";"DEL01-PR";"DEL7/1-UOP08/PR"
176977;2018-12-09;"domingo";"19:15:00";"PR";116;18;"CURITIBA";"Ingestão de Álcool";"Colisão traseira";"Sem Vítimas";"Anoitecer";"Crescente";"Sol";"Dupla";"Reta;Aclive";"Sim";3;0;0;0;2;1;0;3;-25,3891;-49,1966;"SPRF-PR";"DEL01-PR";"UOP02-DEL01-PR"
176978;2018-12-09;"domingo";"17:50:00";"SC";470;4,4;"NAVEGANTES";"Não guardar distância de segurança";"Colisão transversal";"Com Vítimas Feridas";"Pleno dia";"Crescente";"Céu Claro";"Simples";"Reta";"Sim";2;0;1;0;1;0;1;2;-26,858473;-48,690788;"SPRF-SC";"DEL04-SC";"UOP04-DEL04-SC"
176979;2018-12-09;"domingo";"19:40:00";"RS";116;233;"NOVO HAMBURGO";"Não guardar distância de segurança";"Colisão traseira";"Sem Vítimas";"Pleno dia";"Decrescente";"Céu Claro";"Simples";"Reta";"Sim";3;0;0;0;3;0;0;3;-29,641546;-51,14259;"SPRF-RS";"DEL01-RS";"UOP02-DEL01-RS"
176980;2018-12-09;"domingo";"19:10:00";"ES";101;264,1;"SERRA";"Velocidade Incompatível";"Colisão com objeto estático";"Com Vítimas Feridas";"Anoitecer";"Crescente";"Nublado";"Dupla";"Reta";"Sim";2;0;0;2;0;0;2;1;-20,17459766;-40,2668345;"SPRF-ES";"DEL02-ES";"UOP01-DEL02-ES"
176981;2018-12-09;"domingo";"18:30:00";"RN";101;114;"SAO JOSE DE MIPIBU";"Ingestão de Álcool";"Colisão traseira";"Sem Vítimas";"Plena Noite";"Crescente";"Céu Claro";"Dupla";"Aclive;Reta";"Não";2;0;0;0;2;0;0;2;-5,982223;-35,264896;"SPRF-RN";"DEL01-RN";"UOP01-DEL01-RN"
176982;2018-12-09;"domingo";"20:10:00";"ES";101;287;"CARIACICA";"Desobediência às normas de trânsito pelo condutor";"Colisão transversal";"Com Vítimas Feridas";"Plena Noite";"Decrescente";"Nublado";"Dupla";"Reta";"Sim";3;0;0;3;0;0;3;2;-20,2956319;-40,39361808;"SPRF-ES";"DEL01-ES";"UOP01-DEL01-ES"
176984;2018-12-09;"domingo";"19:10:00";"PE";232;35;"MORENO";"Desobediência às normas de trânsito pelo condutor";"Colisão traseira";"Com Vítimas Feridas";"Plena Noite";"Decrescente";"Céu Claro";"Dupla";"Retorno Regulamentado";"Não";5;0;1;1;2;1;2;4;-8,109089;-35,192638;"SPRF-PE";"DEL01-PE";"UOP02-DEL02PE"
176986;2018-12-09;"domingo";"19:50:00";"GO";60;38,5;"GOIANIA";"Ingestão de Álcool";"Colisão transversal";"Sem Vítimas";"Plena Noite";"Decrescente";"Céu Claro";"Dupla";"Rotatória";"Sim";3;0;0;0;3;0;0;2;-16,6777;-49,2676;"SPRF-GO";"DEL01-GO";"UOP02-DEL01-GO"
176987;2018-12-08;"sábado";"10:30:00";"PI";135;507;"MONTE ALEGRE DO PIAUI";"Falta de Atenção à Condução";"Capotamento";"Com Vítimas Feridas";"Pleno dia";"Decrescente";"Céu Claro";"Simples";"Reta";"Não";5;0;1;0;4;0;1;1;-9,767065;-45,317471;"SPRF-PI";"DEL03-PI";"UOP02-DEL03-PI"
176989;2018-12-09;"domingo";"18:10:00";"BA";367;35;"PORTO SEGURO";"Animais na Pista";"Atropelamento de Animal";"Com Vítimas Feridas";"Plena Noite";"Decrescente";"Chuva";"Simples";"Reta";"Sim";2;0;2;0;0;0;2;1;-16,408607;-39,170006;"SPRF-BA";"DEL09-BA";"UOP01-DEL09-BA"
176990;2018-12-09;"domingo";"20:10:00";"MG";381;880,7;"ESTIVA";"Velocidade Incompatível";"Colisão com objeto estático";"Com Vítimas Feridas";"Plena Noite";"Crescente";"Céu Claro";"Dupla";"Curva";"Não";1;0;1;0;0;0;1;1;-22,466;-46,0094;"SPRF-MG";"DEL16-MG";"UOP01-DEL16-MG"
176992;2018-12-09;"domingo";"19:00:00";"SC";163;70;"SAO MIGUEL DO OESTE";"Não guardar distância de segurança";"Colisão traseira";"Com Vítimas Feridas";"Anoitecer";"Decrescente";"Céu Claro";"Dupla";"Reta";"Sim";4;0;2;0;2;0;2;2;-26,734585;-53,506851;"SPRF-SC";"DEL07-SC";"UOP03-DEL07-SC"
176993;2018-12-09;"domingo";"18:50:00";"PE";408;104,5;"JABOATAO DOS GUARARAPES";"Falta de Atenção à Condução";"Atropelamento de Pedestre";"Com Vítimas Feridas";"Plena Noite";"Crescente";"Nublado";"Dupla";"Reta";"Sim";2;0;2;0;0;0;2;2;-8,0743393;-34,99225081;"SPRF-PE";"DEL01-PE";"UOP01-DEL01-PE"
176994;2018-12-09;"domingo";"19:10:00";"PI";402;41;"PARNAIBA";"Restrição de Visibilidade";"Colisão traseira";"Com Vítimas Feridas";"Plena Noite";"Decrescente";"Chuva";"Simples";"Reta";"Não";2;0;1;0;0;1;1;2;-2,932223;-41,754227;"SPRF-PI";"DEL05-PI";"UOP01-DEL05-PI"
176995;2018-12-09;"domingo";"20:30:00";"PR";277;44;"MORRETES";"Pista Escorregadia";"Saída de leito carroçável";"Com Vítimas Feridas";"Plena Noite";"Crescente";"Garoa/Chuvisco";"Dupla";"Curva";"Não";2;0;1;0;1;0;1;1;-25,59393667;-48,89588445;"SPRF-PR";"DEL01-PR";"UOP07-DEL01-PR"
176996;2018-12-09;"domingo";"19:55:00";"PR";376;300,2;"MAUA DA SERRA";"Velocidade Incompatível";"Colisão com objeto estático";"Com Vítimas Feridas";"Plena Noite";"Decrescente";"Céu Claro";"Dupla";"Curva";"Não";3;0;1;0;1;1;1;1;-23,938806;-51,14363462;"SPRF-PR";"DEL07-PR";"UOP02-DEL07-PR"
176998;2018-12-09;"domingo";"18:30:00";"MG";381;943,9;"EXTREMA";"Falta de Atenção à Condução";"Queda de ocupante de veículo";"Com Vítimas Feridas";"Anoitecer";"Decrescente";"Céu Claro";"Dupla";"Reta";"Não";1;0;1;0;0;0;1;1;-22,8463;-46,3322;"SPRF-MG";"DEL16-MG";"UOP03-DEL16-MG"
176999;2018-12-09;"domingo";"20:40:00";"GO";70;8,3;"AGUAS LINDAS DE GOIAS";"Não guardar distância de segurança";"Colisão traseira";"Com Vítimas Feridas";"Plena Noite";"Decrescente";"Céu Claro";"Dupla";"Declive";"Sim";4;0;1;0;1;2;1;3;-15,7375;-48,2739;"SPRF-DF";"DEL01-DF";"UOP02-DEL03-DF"
177002;2018-12-09;"domingo";"15:30:00";"RJ";101;431;"MANGARATIBA";"Defeito na Via";"Colisão traseira";"Com Vítimas Feridas";"Pleno dia";"Decrescente";"Sol";"Simples";"Túnel";"Não";7;0;1;0;6;0;1;3;-22,937099;-44,010822;"SPRF-RJ";"DEL03-RJ";"UOP01-DEL03-RJ"
177003;2018-12-09;"domingo";"20:00:00";"RJ";101;400,1;"ITAGUAI";"Restrição de Visibilidade";"Atropelamento de Pedestre";"Com Vítimas Feridas";"Plena Noite";"Decrescente";"Céu Claro";"Dupla";"Reta";"Sim";2;0;0;1;0;1;1;2;-22,848372;-43,769524;"SPRF-RJ";"DEL03-RJ";"UOP01-DEL03-RJ"
177004;2018-12-09;"domingo";"18:45:00";"RO";364;198,8;"PIMENTA BUENO";"Ingestão de Álcool";"Colisão transversal";"Com Vítimas Feridas";"Anoitecer";"Decrescente";"Nublado";"Simples";"Reta";"Sim";2;0;0;1;1;0;1;2;-11,66319099;-61,19141405;"SPRF-RO";"DEL02-RO";"UOP02-DEL02-RO"
177005;2018-10-10;"quarta-feira";"12:40:00";"RJ";116;169;"SAO JOAO DE MERITI";"Falta de Atenção à Condução";"Colisão lateral";"Sem Vítimas";"Anoitecer";"Crescente";"Garoa/Chuvisco";"Múltipla";"Reta";"Não";2;0;0;0;2;0;0;2;-22,79359075;-43,3644104;"SPRF-RJ";"DEL01-RJ";"UOP02-DEL01-RJ"
177006;2018-12-09;"domingo";"20:50:00";"RJ";101;303;"SAO GONCALO";"Falta de Atenção à Condução";"Colisão traseira";"Com Vítimas Feridas";"Plena Noite";"Crescente";"Céu Claro";"Dupla";"Reta";"Sim";1;0;1;0;0;0;1;1;-22,782822;-42,976677;"SPRF-RJ";"DEL02-RJ";"DEL5/2-UOP04/RJ"
177007;2018-12-09;"domingo";"20:55:00";"RS";290;72,3;"GRAVATAI";"Desobediência às normas de trânsito pelo pedestre";"Atropelamento de Pedestre";"Com Vítimas Fatais";"Plena Noite";"Decrescente";"Céu Claro";"Dupla";"Reta";"Não";3;2;0;0;0;1;0;2;-29,952784;-50,976074;"SPRF-RS";"DEL03-RS";"UOP02-DEL03-RS"
177008;2018-12-09;"domingo";"21:40:00";"RS";392;25,3;"RIO GRANDE";"Falta de Atenção à Condução";"Colisão com objeto estático";"Com Vítimas Feridas";"Plena Noite";"Decrescente";"Céu Claro";"Dupla";"Interseção de Vias";"Sim";1;0;1;0;0;0;1;1;-32,08157;-52,247124;"SPRF-RS";"DEL07-RS";"UOP02-DEL07-RS"
177009;2018-12-09;"domingo";"21:10:00";"PR";376;174,4;"MARINGA";"Não guardar distância de segurança";"Colisão traseira";"Sem Vítimas";"Plena Noite";"Crescente";"Céu Claro";"Dupla";"Reta";"Sim";3;0;0;0;3;0;0;2;-23,411356;-51,940777;"SPRF-PR";"DEL07-PR";"UOP01-DEL09-PR"
177011;2018-12-09;"domingo";"22:00:00";"ES";101;270;"SERRA";"Falta de Atenção à Condução";"Colisão transversal";"Com Vítimas Feridas";"Plena Noite";"Crescente";"Nublado";"Múltipla";"Interseção de Vias";"Sim";2;0;0;1;1;0;1;2;-20,22604526;-40,27088111;"SPRF-ES";"DEL02-ES";"UOP01-DEL02-ES"
177012;2018-11-23;"sexta-feira";"20:30:00";"RS";285;491;"ENTRE-IJUIS";"Velocidade Incompatível";"Saída de leito carroçável";"Com Vítimas Feridas";"Plena Noite";"Crescente";"Chuva";"Simples";"Reta";"Não";1;0;1;0;0;0;1;1;-28,3750849;-54,21094179;"SPRF-RS";"DEL10-RS";"UOP01-DEL10-RS"
177013;2018-12-09;"domingo";"20:10:00";"BA";116;17,5;"VITORIA DA CONQUISTA";"Ingestão de Álcool";"Colisão traseira";"Sem Vítimas";"Plena Noite";"Crescente";"Chuva";"Simples";"Reta";"Sim";2;0;0;0;2;0;0;2;-14,90128503;-40,83926082;"SPRF-BA";"DEL08-BA";"UOP01-DEL08-BA"
177014;2018-12-09;"domingo";"18:40:00";"MS";267;162,1;"BATAGUASSU";"Defeito Mecânico no Veículo";"Incêndio";"Sem Vítimas";"Plena Noite";"Decrescente";"Ignorado";"Simples";"Reta";"Não";2;0;0;0;2;0;0;1;-21,726473;-52,325401;"SPRF-MS";"DEL02-MS";"UOP03-DEL02-MS"
177015;2018-12-09;"domingo";"20:00:00";"RJ";465;4;"SEROPEDICA";"Desobediência às normas de trânsito pelo condutor";"Colisão transversal";"Com Vítimas Feridas";"Plena Noite";"Crescente";"Nublado";"Simples";"Interseção de Vias";"Sim";2;0;1;0;1;0;1;2;-22,740971;-43,705597;"SPRF-RJ";"DEL01-RJ";"UOP03-DEL01-RJ"
177016;2018-12-09;"domingo";"20:00:00";"MS";163;639,1;"SAO GABRIEL DO OESTE";"Desobediência às normas de trânsito pelo condutor";"Colisão traseira";"Com Vítimas Feridas";"Plena Noite";"Decrescente";"Céu Claro";"Dupla";"Reta;Retorno Regulamentado";"Não";3;0;2;0;1;0;2;2;-19,226814;-54,705196;"SPRF-MS";"DEL06-MS";"UOP02-DEL06-MS"
177017;2018-12-09;"domingo";"18:30:00";"MA";222;669;"ACAILANDIA";"Animais na Pista";"Saída de leito carroçável";"Com Vítimas Feridas";"Plena Noite";"Crescente";"Nublado";"Simples";"Reta";"Não";1;0;1;0;0;0;1;1;-4,925983;-47,43942;"SPRF-MA";"DEL04-MA";"UOP03-DEL04-MA"
177018;2018-12-09;"domingo";"21:30:00";"RS";386;378;"PAVERAMA";"Falta de Atenção à Condução";"Colisão transversal";"Com Vítimas Fatais";"Plena Noite";"Decrescente";"Céu Claro";"Dupla";"Declive";"Não";2;1;0;0;1;0;0;2;-29,637205;-51,771885;"SPRF-RS";"DEL04-RS";"UOP02-DEL04-RS"
177020;2018-12-09;"domingo";"16:30:00";"PR";376;269,1;"MARILANDIA DO SUL";"Animais na Pista";"Queda de ocupante de veículo";"Com Vítimas Feridas";"Pleno dia";"Decrescente";"Céu Claro";"Simples";"Reta;Em Obras";"Não";1;0;0;1;0;0;1;1;-23,73806958;-51,27782822;"SPRF-PR";"DEL07-PR";"UOP02-DEL07-PR"
177021;2018-12-09;"domingo";"22:00:00";"MG";40;757;"EWBANK DA CAMARA";"Velocidade Incompatível";"Colisão frontal";"Com Vítimas Feridas";"Pleno dia";"Decrescente";"Nublado";"Simples";"Reta";"Sim";3;0;0;1;2;0;1;2;-21,5422;-43,5118;"SPRF-MG";"DEL05-MG";"UOP01-DEL05-MG"
177022;2018-12-09;"domingo";"18:18:00";"SC";101;281,5;"IMBITUBA";"Restrição de Visibilidade";"Engavetamento";"Com Vítimas Feridas";"Pleno dia";"Decrescente";"Céu Claro";"Dupla";"Reta";"Sim";9;0;2;1;6;0;3;7;-28,2178;-48,7001;"SPRF-SC";"DEL02-SC";"UOP03-DEL02-SC"
177024;2018-12-09;"domingo";"18:40:00";"SC";101;262;"GAROPABA";"Falta de Atenção à Condução";"Saída de leito carroçável";"Com Vítimas Feridas";"Anoitecer";"Decrescente";"Céu Claro";"Simples";"Reta";"Não";1;0;0;1;0;0;1;1;-28,0489;-48,7154;"SPRF-SC";"DEL02-SC";"UOP03-DEL02-SC"
177026;2018-12-09;"domingo";"22:25:00";"RJ";116;66,4;"TERESOPOLIS";"Falta de Atenção à Condução";"Colisão transversal";"Com Vítimas Feridas";"Plena Noite";"Crescente";"Nublado";"Simples";"Curva";"Sim";2;0;1;0;1;0;1;2;-22,31003793;-42,93794274;"SPRF-RJ";"DEL04-RJ";"UOP01-DEL04-RJ"
177028;2018-12-09;"domingo";"22:30:00";"RJ";116;64;"TERESOPOLIS";"Ingestão de Álcool";"Atropelamento de Pedestre";"Com Vítimas Feridas";"Plena Noite";"Decrescente";"Nublado";"Simples";"Reta";"Não";2;0;1;0;0;1;1;2;-22,28901038;-42,93144465;"SPRF-RJ";"DEL04-RJ";"UOP01-DEL04-RJ"
177030;2018-12-09;"domingo";"22:15:00";"PR";277;726;"FOZ DO IGUACU";"Desobediência às normas de trânsito pelo condutor";"Colisão lateral";"Com Vítimas Feridas";"Plena Noite";"Crescente";"Céu Claro";"Dupla";"Reta";"Sim";2;0;1;0;0;1;1;2;-25,510586;-54,554813;"SPRF-PR";"DEL05-PR";"UOP03-DEL05-PR"
177031;2018-12-09;"domingo";"20:45:00";"PI";316;313,9;"PICOS";"Falta de Atenção à Condução";"Saída de leito carroçável";"Sem Vítimas";"Plena Noite";"Decrescente";"Nublado";"Simples";"Reta";"Sim";1;0;0;0;0;1;0;1;-7,07899;-41,43496;"SPRF-PI";"DEL04-PI";"UOP01-DEL04-PI"
177032;2018-12-09;"domingo";"22:40:00";"SP";116;271;"TABOAO DA SERRA";"Desobediência às normas de trânsito pelo condutor";"Colisão lateral";"Com Vítimas Feridas";"Plena Noite";"Decrescente";"Céu Claro";"Dupla";"Reta";"Sim";3;0;2;0;1;0;2;2;-23,61701719;-46,82378948;"SPRF-SP";"DEL04-SP";"UOP01-DEL04-SP"
177033;2018-12-09;"domingo";"21:00:00";"MT";174;18,2;"PONTES E LACERDA";"Falta de Atenção à Condução";"Saída de leito carroçável";"Com Vítimas Feridas";"Plena Noite";"Decrescente";"Céu Claro";"Simples";"Curva";"Não";5;0;1;1;3;0;2;1;-15,1812439;-59,44632153;"SPRF-MT";"DEL04-MT";"UOP01-DEL04-MT"
177034;2018-12-09;"domingo";"19:30:00";"RN";406;104,8;"JOAO CAMARA";"Desobediência às normas de trânsito pelo condutor";"Colisão lateral";"Com Vítimas Feridas";"Plena Noite";"Crescente";"Vento";"Simples";"Reta";"Sim";3;0;1;0;2;0;1;3;-5,542116;-35,801187;"SPRF-RN";"DEL02-RN";"UOP01-DEL02-RN"
177036;2018-12-09;"domingo";"23:00:00";"GO";153;438;"ANAPOLIS";"Ingestão de Álcool";"Capotamento";"Sem Vítimas";"Plena Noite";"Decrescente";"Céu Claro";"Simples";"Reta";"Sim";1;0;0;0;1;0;0;1;-16,291595;-48,934811;"SPRF-GO";"DEL02-GO";"UOP01-DEL02-GO"
177038;2018-12-09;"domingo";"23:35:00";"RS";116;142,3;"CAXIAS DO SUL";"Ingestão de Álcool";"Colisão traseira";"Sem Vítimas";"Plena Noite";"Decrescente";"Céu Claro";"Dupla";"Interseção de Vias";"Sim";4;0;0;0;4;0;0;2;-29,11727;-51,115208;"SPRF-RS";"DEL05-RS";"UOP01-DEL05-RS"
177039;2018-12-09;"domingo";"23:35:00";"MG";262;358;"BETIM";"Defeito Mecânico no Veículo";"Tombamento";"Com Vítimas Feridas";"Plena Noite";"Decrescente";"Céu Claro";"Dupla";"Curva";"Não";2;0;1;0;1;0;1;1;-19,976;-44,2595;"SPRF-MG";"DEL01-MG";"UOP03-DEL01-MG"
177044;2018-12-09;"domingo";"23:40:00";"RJ";40;25;"TRES RIOS";"Ingestão de álcool e/ou substâncias psicoativas pelo pedestre";"Atropelamento de Pedestre";"Com Vítimas Feridas";"Plena Noite";"Crescente";"Céu Claro";"Simples";"Curva";"Não";2;0;2;0;0;0;2;2;-22,1572;-43,1574;"SPRF-RJ";"DEL06-RJ";"UOP02-DEL05-RJ"
177045;2018-12-09;"domingo";"17:40:00";"MA";230;413;"BALSAS";"Falta de Atenção à Condução";"Queda de ocupante de veículo";"Com Vítimas Fatais";"Anoitecer";"Crescente";"Nublado";"Simples";"Reta;Declive";"Não";2;1;0;0;1;0;0;2;-7,51972;-46,058456;"SPRF-MA";"DEL05-MA";"UOP01-DEL05-MA"
177046;2018-12-09;"domingo";"23:30:00";"PR";116;22,4;"ANTONINA";"Falta de Atenção à Condução";"Colisão com objeto estático";"Com Vítimas Feridas";"Plena Noite";"Decrescente";"Céu Claro";"Dupla";"Curva";"Não";2;0;2;0;0;0;2;1;-25,11103495;-48,74992132;"SPRF-PR";"DEL01-PR";"UOP02-DEL01-PR"
177047;2018-12-09;"domingo";"23:30:00";"SC";470;119,2;"IBIRAMA";"Ultrapassagem Indevida";"Colisão frontal";"Com Vítimas Feridas";"Plena Noite";"Crescente";"Céu Claro";"Simples";"Declive;Reta";"Não";3;0;0;1;1;1;1;3;-27,081554;-49,520206;"SPRF-SC";"DEL04-SC";"UOP02-DEL04-SC"
177048;2018-12-10;"segunda-feira";"00:00:00";"RJ";116;269;"BARRA MANSA";"Falta de Atenção à Condução";"Colisão frontal";"Com Vítimas Feridas";"Plena Noite";"Crescente";"Céu Claro";"Simples";"Curva";"Sim";4;0;4;0;0;0;4;2;-22,56244119;-44,15795803;"SPRF-RJ";"DEL07-RJ";"UOP02-DEL07-RJ"
177049;2018-12-09;"domingo";"23:00:00";"MT";174;387,3;"NOVA LACERDA";"Falta de Atenção à Condução";"Engavetamento";"Com Vítimas Feridas";"Plena Noite";"Crescente";"Ignorado";"Simples";"Reta";"Não";4;0;0;1;3;0;1;3;-14,488329;-59,575581;"SPRF-MT";"DEL04-MT";"UOP01-DEL04-MT"
177050;2018-12-09;"domingo";"22:50:00";"PR";116;209;"RIO NEGRO";"Desobediência às normas de trânsito pelo condutor";"Colisão transversal";"Com Vítimas Feridas";"Plena Noite";"Crescente";"Céu Claro";"Simples";"Retorno Regulamentado";"Sim";2;0;1;0;1;0;1;2;-26,101749;-49,780796;"SPRF-SC";"DEL06-SC";"UOP01-DEL06-SC"
177053;2018-12-09;"domingo";"18:00:00";"PR";476;143;"CURITIBA";"Falta de Atenção à Condução";"Capotamento";"Com Vítimas Feridas";"Pleno dia";"Crescente";"Céu Claro";"Dupla";"Curva";"Sim";1;0;1;0;0;0;1;1;-25,543802;-49,305328;"SPRF-PR";"DEL01-PR";"UOP06-DEL01-PR"
177054;2018-12-09;"domingo";"23:20:00";"AL";316;257;"PILAR";"Ingestão de Álcool";"Colisão lateral";"Com Vítimas Feridas";"Plena Noite";"Decrescente";"Chuva";"Simples";"Reta";"Sim";5;0;2;3;0;0;5;2;-9,590915;-35,9394;"SPRF-AL";"DEL02-AL";"UOP01-DEL02-AL"
177055;2018-12-09;"domingo";"17:50:00";"PB";104;133;"QUEIMADAS";"Não guardar distância de segurança";"Engavetamento";"Sem Vítimas";"Anoitecer";"Decrescente";"Céu Claro";"Simples";"Reta";"Sim";4;0;0;0;4;0;0;4;-7,316772;-35,895016;"SPRF-PB";"DEL02-PB";"UOP03-DEL02-PB"
177056;2018-12-09;"domingo";"22:00:00";"RS";285;566,7;"SAO LUIZ GONZAGA";"Falta de Atenção à Condução";"Colisão transversal";"Com Vítimas Feridas";"Plena Noite";"Decrescente";"Céu Claro";"Simples";"Rotatória";"Sim";3;0;2;0;1;0;2;2;-28,41858883;-54,96433139;"SPRF-RS";"DEL10-RS";"UOP01-DEL10-RS"