"id";"data_inversa";"dia_semana";"horario";"uf";"br";"km";"municipio";"causa_acidente";"tipo_acidente";"classificacao_acidente";"fase_dia";"sentido_via";"condicao_metereologica";"tipo_pista";"tracado_via";"uso_solo";"pessoas";"mortos";"feridos_leves";"feridos_graves";"ilesos";"ignorados";"feridos";"veiculos";"latitude";"longitude";"regional";"delegacia";"uop"
177310;2018-12-11;"terça-feira";"05:45:00";"DF";40;5,6;"BRASILIA";"Falta de Atenção à Condução";"Colisão lateral";"Com Vítimas Feridas";"Amanhecer";"Decrescente";"Nublado";"Dupla";"Reta";"Não";3;0;2;0;1;0;2;2;-16,020903;-47,980541;"SPRF-DF";"DEL01-DF";"UOP01-DEL01-DF"
177311;2018-10-12;"sexta-feira";"06:00:00";"MA";316;167;"ARAGUANA";"Defeito na Via";"Capotamento";"Com Vítimas Feridas";"Amanhecer";"Decrescente";"Vento";"Simples";"Reta";"Não";5;0;4;1;0;0;5;1;-3,000258;-45,651806;"SPRF-MA";"DEL02-MA";"UOP02-DEL02-MA"
177312;2018-12-11;"terça-feira";"05:35:00";"SP";381;86;"SAO PAULO";"Velocidade Incompatível";"Capotamento";"Com Vítimas Feridas";"Pleno dia";"Decrescente";"Céu Claro";"Dupla";"Reta";"Sim";1;0;1;0;0;0;1;1;-23,468477;-46,56997;"SPRF-SP";"DEL03-SP";"UOP01-DEL03-SP"
177313;2018-12-10;"segunda-feira";"05:50:00";"PB";101;96;"ALHANDRA";"Pista Escorregadia";"Saída de leito carroçável";"Sem Vítimas";"Pleno dia";"Crescente";"Céu Claro";"Dupla";"Reta";"Não";1;0;0;0;1;0;0;1;-7,2384;-34,9267;"SPRF-PB";"DEL01-PB";"UOP01-DEL01-PB"
177315;2018-12-11;"terça-feira";"04:30:00";"RJ";40;60,8;"PETROPOLIS";"Velocidade Incompatível";"Colisão com objeto estático";"Com Vítimas Feridas";"Amanhecer";"Decrescente";"Céu Claro";"Dupla";"Declive;Curva";"Não";1;0;1;0;0;0;1;1;-22,4032;-43,1389;"SPRF-RJ";"DEL06-RJ";"UOP01-DEL06-RJ"
177316;2018-12-11;"terça-feira";"04:30:00";"SP";116;269,5;"TABOAO DA SERRA";"Ingestão de Álcool";"Colisão transversal";"Sem Vítimas";"Plena Noite";"Decrescente";"Céu Claro";"Dupla";"Reta";"Sim";2;0;0;0;2;0;0;2;-23,60891683;-46,75747454;"SPRF-SP";"DEL04-SP";"UOP01-DEL04-SP"
177319;2018-11-04;"domingo";"21:30:00";"RO";319;9;"PORTO VELHO";"Falta de Atenção do Pedestre";"Atropelamento de Pedestre";"Com Vítimas Fatais";"Plena Noite";"Decrescente";"Chuva";"Simples";"Reta";"Não";2;1;0;0;0;1;0;2;-8,366288;-63,956607;"SPRF-RO";"DEL01-RO";"UOP01-DEL01-RO"
177320;2018-12-11;"terça-feira";"06:10:00";"RN";304;305,3;"PARNAMIRIM";"Falta de Atenção à Condução";"Colisão transversal";"Com Vítimas Feridas";"Pleno dia";"Crescente";"Nublado";"Dupla";"Reta";"Não";2;0;1;0;1;0;1;2;-5,890122;-35,263519;"SPRF-RN";"DEL01-RN";"UOP02-DEL01-RN"
177321;2018-12-11;"terça-feira";"07:10:00";"SP";116;211,3;"GUARULHOS";"Não guardar distância de segurança";"Colisão lateral";"Com Vítimas Feridas";"Pleno dia";"Crescente";"Sol";"Múltipla";"Reta";"Não";2;0;1;0;1;0;1;2;-23,43387535;-46,42324448;"SPRF-SP";"DEL01-SP";"UOP01-DEL01-SP"
177322;2018-12-11;"terça-feira";"07:25:00";"PR";376;182,4;"SARANDI";"Falta de Atenção à Condução";"Colisão traseira";"Com Vítimas Feridas";"Pleno dia";"Decrescente";"Céu Claro";"Dupla";"Reta";"Sim";3;0;2;0;1;0;2;2;-23,43684;-51,878807;"SPRF-PR";"DEL07-PR";"UOP01-DEL09-PR"
177323;2018-12-11;"terça-feira";"07:00:00";"RJ";116;107,2;"GUAPIMIRIM";"Animais na Pista";"Atropelamento de Animal";"Com Vítimas Feridas";"Amanhecer";"Decrescente";"Céu Claro";"Dupla";"Reta";"Não";1;0;1;0;0;0;1;1;-22,528261;-42,997375;"SPRF-RJ";"DEL04-RJ";"UOP02-DEL04-RJ"
177327;2018-12-11;"terça-feira";"07:20:00";"GO";60;95;"ANAPOLIS";"Desobediência às normas de trânsito pelo condutor";"Queda de ocupante de veículo";"Com Vítimas Feridas";"Pleno dia";"Decrescente";"Céu Claro";"Dupla";"Reta";"Sim";2;0;2;0;0;0;2;1;-16,3679;-48,939;"SPRF-GO";"DEL02-GO";"UOP01-DEL02-GO"
177328;2018-12-11;"terça-feira";"07:25:00";"SC";101;201;"SAO JOSE";"Falta de Atenção à Condução";"Tombamento";"Com Vítimas Feridas";"Pleno dia";"Crescente";"Céu Claro";"Múltipla";"Reta";"Sim";2;0;2;0;0;0;2;1;-27,54643387;-48,61996293;"SPRF-SC";"DEL01-SC";"UOP01-DEL01-SC"
177330;2018-12-11;"terça-feira";"07:45:00";"RJ";101;310;"SAO GONCALO";"Não guardar distância de segurança";"Colisão traseira";"Com Vítimas Feridas";"Pleno dia";"Crescente";"Céu Claro";"Dupla";"Reta";"Sim";3;0;2;0;1;0;2;2;-22,797176;-43,044071;"SPRF-RJ";"DEL02-RJ";"DEL5/2-UOP04/RJ"
177331;2018-12-11;"terça-feira";"07:20:00";"CE";116;19;"ITAITINGA";"Falta de Atenção à Condução";"Queda de ocupante de veículo";"Com Vítimas Feridas";"Pleno dia";"Decrescente";"Nublado";"Dupla";"Reta";"Não";1;0;1;0;0;0;1;1;-3,9268;-38,5078;"SPRF-CE";"DEL01-CE";"UOP02-DEL01-CE"
177334;2018-12-11;"terça-feira";"07:00:00";"RN";304;46;"MOSSORO";"Falta de Atenção à Condução";"Queda de ocupante de veículo";"Com Vítimas Feridas";"Pleno dia";"Crescente";"Céu Claro";"Dupla";"Reta";"Sim";1;0;1;0;0;0;1;1;-5,225794;-37,340046;"SPRF-RN";"DEL04-RN";"UOP01-DEL04-RN"
177336;2018-12-11;"terça-feira";"07:15:00";"MS";158;96,3;"PARANAIBA";"Falta de Atenção à Condução";"Colisão traseira";"Com Vítimas Feridas";"Pleno dia";"Crescente";"Céu Claro";"Dupla";"Reta";"Sim";2;0;2;0;0;0;2;2;-19,69005;-51,195179;"SPRF-MS";"DEL08-MS";"UOP01-DEL08-MS"
177337;2018-12-11;"terça-feira";"08:20:00";"MG";381;480,9;"CONTAGEM";"Objeto estático sobre o leito carroçável";"Colisão com objeto estático";"Com Vítimas Feridas";"Pleno dia";"Crescente";"Céu Claro";"Dupla";"Reta";"Sim";1;0;1;0;0;0;1;1;-19,9586;-44,0608;"SPRF-MG";"DEL01-MG";"UOP03-DEL01-MG"
177338;2018-12-11;"terça-feira";"06:40:00";"RS";290;77,4;"GRAVATAI";"Condutor Dormindo";"Colisão com objeto estático";"Com Vítimas Feridas";"Pleno dia";"Crescente";"Céu Claro";"Múltipla";"Reta";"Sim";1;0;1;0;0;0;1;1;-29,95481879;-51,03103464;"SPRF-RS";"DEL01-RS";"UOP01-DEL01-RS"
177341;2018-12-11;"terça-feira";"09:12:00";"RJ";393;179;"PARAIBA DO SUL";"Desobediência às normas de trânsito pelo condutor";"Colisão lateral";"Sem Vítimas";"Pleno dia";"Crescente";"Céu Claro";"Simples";"Reta";"Não";2;0;0;0;2;0;0;2;-22,126953;-43,23513;"SPRF-RJ";"DEL05-RJ";"UOP03-DEL05-RJ"
177343;2018-12-11;"terça-feira";"09:30:00";"RJ";101;70;"CAMPOS DOS GOYTACAZES";"Falta de Atenção à Condução";"Colisão lateral";"Com Vítimas Feridas";"Pleno dia";"Decrescente";"Céu Claro";"Simples";"Reta";"Não";2;0;1;0;1;0;1;2;-21,781023;-41,373383;"SPRF-RJ";"DEL08-RJ";"UOP02-DEL08-RJ"
177345;2018-12-11;"terça-feira";"09:40:00";"GO";158;271,1;"JATAI";"Desobediência às normas de trânsito pelo condutor";"Colisão transversal";"Com Vítimas Feridas";"Pleno dia";"Crescente";"Céu Claro";"Simples";"Reta";"Sim";2;0;1;0;1;0;1;2;-17,88421551;-51,734106;"SPRF-GO";"DEL05-GO";"UOP01-DEL05-GO"
177347;2018-12-11;"terça-feira";"06:10:00";"PB";230;18,3;"JOAO PESSOA";"Não guardar distância de segurança";"Colisão traseira";"Com Vítimas Feridas";"Pleno dia";"Decrescente";"Céu Claro";"Dupla";"Curva";"Sim";2;0;0;1;0;1;1;2;-7,125677;-34,845135;"SPRF-PB";"DEL01-PB";"UOP01-DEL01-PB"
177350;2018-12-11;"terça-feira";"10:10:00";"SC";101;132,9;"BALNEARIO CAMBORIU";"Falta de Atenção do Pedestre";"Colisão lateral";"Com Vítimas Feridas";"Pleno dia";"Crescente";"Céu Claro";"Simples";"Reta";"Sim";2;0;1;0;1;0;1;2;-26,9992;-48,646;"SPRF-SC";"DEL04-SC";"UOP03-DEL04-SC"
177351;2018-12-11;"terça-feira";"09:30:00";"MT";364;322,7;"JACIARA";"Falta de Atenção à Condução";"Saída de leito carroçável";"Com Vítimas Feridas";"Pleno dia";"Decrescente";"Céu Claro";"Dupla";"Aclive";"Não";2;0;1;0;1;0;1;1;-15,81225509;-55,25545299;"SPRF-MT";"DEL02-MT";"UOP02-DEL05-MT"
177353;2018-12-11;"terça-feira";"09:20:00";"BA";116;827;"VITORIA DA CONQUISTA";"Não guardar distância de segurança";"Colisão traseira";"Com Vítimas Feridas";"Pleno dia";"Decrescente";"Nublado";"Simples";"Reta";"Sim";2;0;1;0;1;0;1;2;-14,88519324;-40,8588624;"SPRF-BA";"DEL08-BA";"UOP01-DEL08-BA"
177358;2018-12-11;"terça-feira";"06:00:00";"BA";242;288;"LAJEDINHO";"Falta de Atenção à Condução";"Capotamento";"Com Vítimas Feridas";"Pleno dia";"Decrescente";"Chuva";"Simples";"Curva";"Não";3;0;3;0;0;0;3;1;-12,44461;-40,790588;"SPRF-BA";"DEL06-BA";"UOP02-DEL06-BA"
177361;2018-12-11;"terça-feira";"10:00:00";"BA";330;769;"IPIAU";"Defeito Mecânico no Veículo";"Queda de ocupante de veículo";"Com Vítimas Feridas";"Pleno dia";"Crescente";"Nublado";"Simples";"Reta";"Não";1;0;0;1;0;0;1;1;-14,090537;-39,783521;"SPRF-BA";"DEL03-BA";"UOP01-DEL03-BA"
177365;2018-12-11;"terça-feira";"11:10:00";"AP";210;3;"MACAPA";"Desobediência às normas de trânsito pelo condutor";"Colisão transversal";"Com Vítimas Feridas";"Pleno dia";"Crescente";"Céu Claro";"Simples";"Reta";"Sim";4;0;2;1;1;0;3;2;0,087255;-51,085796;"SPRF-AP";"DEL01-AP";"UOP01-DEL01-AP"
177366;2018-12-11;"terça-feira";"11:50:00";"RS";116;153,4;"CAXIAS DO SUL";"Velocidade Incompatível";"Tombamento";"Com Vítimas Feridas";"Pleno dia";"Decrescente";"Céu Claro";"Dupla";"Curva;Aclive";"Sim";1;0;1;0;0;0;1;1;-29,185799;-51,177132;"SPRF-RS";"DEL05-RS";"UOP01-DEL05-RS"
177368;2018-12-11;"terça-feira";"12:00:00";"SP";116;222,4;"GUARULHOS";"Não guardar distância de segurança";"Colisão traseira";"Com Vítimas Feridas";"Pleno dia";"Crescente";"Céu Claro";"Múltipla";"Reta";"Sim";2;0;1;0;0;1;1;2;-23,47392356;-46,52277441;"SPRF-SP";"DEL01-SP";"UOP01-DEL01-SP"
177371;2018-12-11;"terça-feira";"13:10:00";"RS";101;16,9;"TRES CACHOEIRAS";"Defeito Mecânico no Veículo";"Incêndio";"Sem Vítimas";"Pleno dia";"Decrescente";"Céu Claro";"Dupla";"Reta";"Não";1;0;0;0;1;0;0;1;-29,40963;-49,857376;"SPRF-RS";"DEL03-RS";"DEL9/3-UOP03/RS"
177373;2018-12-11;"terça-feira";"12:00:00";"ES";101;294,6;"CARIACICA";"Desobediência às normas de trânsito pelo condutor";"Queda de ocupante de veículo";"Sem Vítimas";"Pleno dia";"Decrescente";"Céu Claro";"Dupla";"Declive";"Sim";1;0;0;0;1;0;0;1;-20,33106984;-40,3989172;"SPRF-ES";"DEL01-ES";"UOP01-DEL01-ES"
177374;2018-12-11;"terça-feira";"12:07:00";"BA";324;614;"SALVADOR";"Falta de Atenção à Condução";"Colisão traseira";"Com Vítimas Feridas";"Pleno dia";"Crescente";"Céu Claro";"Dupla";"Reta";"Sim";2;0;1;0;1;0;1;2;-12,97948622;-38,43645114;"SPRF-BA";"DEL01-BA";"UOP01-DEL01-BA"
177375;2018-12-11;"terça-feira";"11:10:00";"BA";101;368;"GANDU";"Desobediência às normas de trânsito pelo condutor";"Colisão transversal";"Com Vítimas Feridas";"Pleno dia";"Crescente";"Céu Claro";"Simples";"Reta";"Sim";3;0;0;1;2;0;1;3;-13,754769;-39,487518;"SPRF-BA";"DEL05-BA";"UOP03-DEL05-BA"
177377;2018-12-11;"terça-feira";"12:05:00";"PE";101;93,1;"CABO DE SANTO AGOSTINHO";"Defeito Mecânico no Veículo";"Incêndio";"Sem Vítimas";"Pleno dia";"Crescente";"Céu Claro";"Dupla";"Reta";"Sim";1;0;0;0;1;0;0;1;-8,2462;-35,0058;"SPRF-PE";"DEL01-PE";"UOP03-DEL01-PE"
177379;2018-12-11;"terça-feira";"13:40:00";"PR";277;419,1;"CANTAGALO";"Desobediência às normas de trânsito pelo condutor";"Colisão transversal";"Com Vítimas Feridas";"Pleno dia";"Decrescente";"Céu Claro";"Simples";"Interseção de Vias;Curva";"Sim";2;0;1;0;1;0;1;2;-25,39028757;-52,10866928;"SPRF-PR";"DEL04-PR";"UOP02-DEL04-PR"
177381;2018-11-01;"quinta-feira";"19:35:00";"PR";476;140;"CURITIBA";"Falta de Atenção à Condução";"Colisão lateral";"Com Vítimas Feridas";"Anoitecer";"Crescente";"Ignorado";"Múltipla";"Reta";"Sim";2;0;2;0;0;0;2;1;-25,51455907;-49,28947449;"SPRF-PR";"DEL01-PR";"UOP07-DEL01-PR"
177383;2018-12-11;"terça-feira";"14:25:00";"SC";101;197,9;"BIGUACU";"Ingestão de Álcool";"Colisão traseira";"Com Vítimas Feridas";"Pleno dia";"Decrescente";"Sol";"Dupla";"Reta";"Sim";3;0;2;1;0;0;3;2;-27,5341;-48,6298;"SPRF-SC";"DEL01-SC";"UOP01-DEL01-SC"
177387;2018-12-11;"terça-feira";"13:40:00";"SC";470;14,6;"ILHOTA";"Desobediência às normas de trânsito pelo condutor";"Colisão lateral";"Com Vítimas Feridas";"Pleno dia";"Crescente";"Sol";"Simples";"Reta";"Não";2;0;0;1;1;0;1;2;-26,837988;-48,775795;"SPRF-SC";"DEL04-SC";"UOP04-DEL04-SC"
177389;2018-12-11;"terça-feira";"14:35:00";"SC";470;104;"APIUNA";"Ultrapassagem Indevida";"Colisão lateral";"Com Vítimas Feridas";"Pleno dia";"Decrescente";"Céu Claro";"Simples";"Curva";"Não";2;0;0;1;1;0;1;2;-27,073105;-49,422935;"SPRF-SC";"DEL04-SC";"UOP02-DEL04-SC"
177394;2018-12-11;"terça-feira";"14:25:00";"ES";262;28,5;"VIANA";"Velocidade Incompatível";"Colisão com objeto estático";"Com Vítimas Feridas";"Pleno dia";"Decrescente";"Chuva";"Simples";"Curva";"Não";2;0;1;0;1;0;1;2;-20,37852392;-40,56085825;"SPRF-ES";"DEL01-ES";"UOP01-DEL01-ES"
177395;2018-12-11;"terça-feira";"14:32:00";"MT";70;18,1;"BARRA DO GARCAS";"Falta de Atenção à Condução";"Saída de leito carroçável";"Com Vítimas Feridas";"Pleno dia";"Decrescente";"Chuva";"Simples";"Reta";"Não";1;0;1;0;0;0;1;1;-15,856993;-52,409607;"SPRF-MT";"DEL07-MT";"UOP01-DEL07-MT"
177401;2018-12-11;"terça-feira";"14:45:00";"PR";369;187,4;"ARAPONGAS";"Velocidade Incompatível";"Engavetamento";"Com Vítimas Feridas";"Pleno dia";"Decrescente";"Sol";"Simples";"Reta";"Sim";6;0;3;0;3;0;3;3;-23,42675354;-51,42310202;"SPRF-PR";"DEL07-PR";"UOP03-DEL07-PR"
177407;2018-12-11;"terça-feira";"16:10:00";"MG";40;810;"MATIAS BARBOSA";"Fenômenos da Natureza";"Capotamento";"Com Vítimas Feridas";"Pleno dia";"Decrescente";"Céu Claro";"Dupla";"Reta";"Não";3;0;3;0;0;0;3;1;-21,8859;-43,3186;"SPRF-MG";"DEL05-MG";"UOP01-DEL05-MG"
177409;2018-12-11;"terça-feira";"15:30:00";"RS";116;234,3;"NOVO HAMBURGO";"Falta de Atenção à Condução";"Colisão traseira";"Com Vítimas Feridas";"Pleno dia";"Decrescente";"Sol";"Simples";"Reta";"Sim";3;0;1;1;1;0;2;2;-29,651213;-51,144444;"SPRF-RS";"DEL01-RS";"UOP02-DEL01-RS"
177410;2018-12-11;"terça-feira";"14:20:00";"AL";104;47;"BRANQUINHA";"Falta de Atenção à Condução";"Queda de ocupante de veículo";"Com Vítimas Feridas";"Pleno dia";"Decrescente";"Céu Claro";"Simples";"Declive";"Não";1;0;1;0;0;0;1;1;-9,24662279;-35,9995509;"SPRF-AL";"DEL01-AL";"UOP02-DEL01-AL"
177413;2018-12-11;"terça-feira";"15:15:00";"TO";153;495;"PARAISO DO TOCANTINS";"Falta de Atenção à Condução";"Colisão transversal";"Com Vítimas Feridas";"Pleno dia";"Crescente";"Nublado";"Simples";"Reta;Aclive";"Sim";2;0;2;0;0;0;2;2;-10,160397;-48,881542;"SPRF-TO";"DEL02-TO";"UOP01-DEL01-TO"
177415;2018-12-11;"terça-feira";"15:40:00";"GO";20;150;"ALVORADA DO NORTE";"Pista Escorregadia";"Capotamento";"Sem Vítimas";"Pleno dia";"Decrescente";"Chuva";"Simples";"Reta";"Não";1;0;0;0;1;0;0;1;-14,697994;-46,648884;"SPRF-DF";"DEL02-DF";"UOP03-DEL02-DF"
177416;2018-12-11;"terça-feira";"09:00:00";"SC";158;115,4;"CUNHA PORA";"Mal Súbito";"Saída de leito carroçável";"Com Vítimas Feridas";"Pleno dia";"Decrescente";"Sol";"Simples";"Reta";"Não";1;0;1;0;0;0;1;1;-26,93370167;-53,20129395;"SPRF-SC";"DEL07-SC";"UOP02-DEL07-SC"
177417;2018-12-11;"terça-feira";"16:00:00";"ES";101;268,5;"SERRA";"Falta de Atenção à Condução";"Colisão com objeto estático";"Sem Vítimas";"Pleno dia";"Crescente";"Céu Claro";"Dupla";"Reta";"Sim";1;0;0;0;1;0;0;1;-20,21410504;-40,26993865;"SPRF-ES";"DEL02-ES";"UOP01-DEL02-ES"
177419;2018-12-11;"terça-feira";"15:00:00";"RO";364;559;"ALTO PARAISO";"Defeito na Via";"Colisão traseira";"Sem Vítimas";"Pleno dia";"Crescente";"Céu Claro";"Simples";"Reta";"Não";2;0;0;0;2;0;0;2;-9,570759;-63,074619;"SPRF-RO";"DEL03-RO";"UOP01-DEL03-RO"
177420;2018-11-25;"domingo";"10:45:00";"DF";70;17,6;"BRASILIA";"Não guardar distância de segurança";"Colisão transversal";"Com Vítimas Feridas";"Pleno dia";"Crescente";"Chuva";"Dupla";"Reta";"Não";4;0;2;0;1;1;2;3;-15,794133;-48,202095;"SPRF-DF";"DEL01-DF";"UOP02-DEL03-DF"
177421;2018-12-11;"terça-feira";"15:20:00";"BA";116;15;"VITORIA DA CONQUISTA";"Ingestão de Álcool";"Colisão traseira";"Sem Vítimas";"Pleno dia";"Crescente";"Nublado";"Simples";"Reta";"Não";2;0;0;0;2;0;0;2;-14,89695552;-40,85937923;"SPRF-BA";"DEL08-BA";"UOP01-DEL08-BA"
177423;2018-12-11;"terça-feira";"08:10:00";"BA";324;2;"FEIRA DE SANTANA";"Falta de Atenção do Pedestre";"Atropelamento de Pedestre";"Com Vítimas Feridas";"Pleno dia";"Crescente";"Céu Claro";"Dupla";"Reta";"Não";2;0;2;0;0;0;2;2;-12,28433248;-38,97321386;"SPRF-BA";"DEL02-BA";"UOP01-DEL02-BA"
177424;2018-12-11;"terça-feira";"14:30:00";"PR";280;290;"FLOR DA SERRA DO SUL";"Falta de Atenção à Condução";"Colisão transversal";"Com Vítimas Feridas";"Pleno dia";"Crescente";"Céu Claro";"Simples";"Reta";"Não";4;0;2;1;1;0;3;2;-26,250265;-53,3354;"SPRF-PR";"DEL02-PR";"UOP01-DEL02-PR"
177425;2018-12-11;"terça-feira";"17:20:00";"RJ";116;177,7;"NOVA IGUACU";"Não guardar distância de segurança";"Colisão lateral";"Com Vítimas Feridas";"Pleno dia";"Crescente";"Céu Claro";"Dupla";"Reta";"Sim";3;0;2;0;1;0;2;2;-22,780552;-43,392086;"SPRF-RJ";"DEL01-RJ";"UOP02-DEL01-RJ"
177426;2018-12-11;"terça-feira";"16:14:00";"PI";343;333;"TERESINA";"Não guardar distância de segurança";"Colisão traseira";"Com Vítimas Feridas";"Pleno dia";"Decrescente";"Céu Claro";"Simples";"Reta";"Não";2;0;1;0;1;0;1;2;-5,056121;-42,678154;"SPRF-PI";"DEL01-PI";"UOP01-DEL01-PI"
177427;2018-12-11;"terça-feira";"16:35:00";"MT";163;93,9;"RONDONOPOLIS";"Desobediência às normas de trânsito pelo condutor";"Colisão transversal";"Com Vítimas Feridas";"Pleno dia";"Decrescente";"Céu Claro";"Dupla";"Reta";"Não";1;0;1;0;0;0;1;1;-16,716257;-54,651806;"SPRF-MT";"DEL02-MT";"DEL2/2-UOP02/MT"
177428;2018-12-11;"terça-feira";"17:26:00";"RS";290;95;"PORTO ALEGRE";"Mal Súbito";"Tombamento";"Com Vítimas Feridas";"Pleno dia";"Crescente";"Céu Claro";"Múltipla";"Curva";"Sim";1;0;0;1;0;0;1;1;-29,982832;-51,201572;"SPRF-RS";"DEL01-RS";"UOP01-DEL01-RS"
177431;2018-12-11;"terça-feira";"16:50:00";"SE";101;89,9;"NOSSA SENHORA DO SOCORRO";"Não guardar distância de segurança";"Tombamento";"Com Vítimas Feridas";"Pleno dia";"Decrescente";"Céu Claro";"Dupla";"Aclive";"Sim";2;0;2;0;0;0;2;1;-10,8927;-37,1325;"SPRF-SE";"DEL01-SE";"UOP01-DEL01-SE"
177433;2018-12-11;"terça-feira";"18:10:00";"SC";470;4;"NAVEGANTES";"Desobediência às normas de trânsito pelo condutor";"Colisão transversal";"Com Vítimas Feridas";"Pleno dia";"Crescente";"Sol";"Simples";"Reta";"Sim";2;0;1;0;1;0;1;2;-26,858473;-48,690788;"SPRF-SC";"DEL04-SC";"UOP04-DEL04-SC"
177435;2018-12-11;"terça-feira";"17:40:00";"PR";277;94,9;"CURITIBA";"Desobediência às normas de trânsito pelo condutor";"Atropelamento de Pedestre";"Com Vítimas Feridas";"Pleno dia";"Decrescente";"Céu Claro";"Dupla";"Reta";"Não";2;0;2;0;0;0;2;2;-25,43068671;-49,32255778;"SPRF-PR";"DEL01-PR";"UOP06-DEL01-PR"
177436;2018-12-11;"terça-feira";"18:00:00";"PR";277;453,9;"LARANJEIRAS DO SUL";"Desobediência às normas de trânsito pelo condutor";"Colisão transversal";"Com Vítimas Feridas";"Pleno dia";"Decrescente";"Céu Claro";"Simples";"Rotatória";"Sim";2;0;1;0;1;0;1;2;-25,38582429;-52,41401501;"SPRF-PR";"DEL04-PR";"UOP02-DEL04-PR"
177437;2018-12-11;"terça-feira";"17:00:00";"SC";101;118,6;"ITAJAI";"Falta de Atenção à Condução";"Colisão lateral";"Com Vítimas Feridas";"Pleno dia";"Decrescente";"Sol";"Dupla";"Reta";"Sim";3;0;2;0;1;0;2;2;-26,90094604;-48,71664047;"SPRF-SC";"DEL04-SC";"UOP04-DEL04-SC"
177439;2018-12-11;"terça-feira";"14:55:00";"AC";364;131,9;"RIO BRANCO";"Pista Escorregadia";"Colisão frontal";"Com Vítimas Feridas";"Pleno dia";"Decrescente";"Céu Claro";"Dupla";"Declive";"Não";5;0;2;0;3;0;2;2;-10,015946;-67,840942;"SPRF-AC";"DEL01-AC";"UOP01-DEL01-AC"
177440;2018-12-11;"terça-feira";"18:10:00";"GO";153;510,2;"APARECIDA DE GOIANIA";"Velocidade Incompatível";"Colisão traseira";"Com Vítimas Feridas";"Pleno dia";"Decrescente";"Céu Claro";"Múltipla";"Declive;Reta";"Sim";2;0;1;0;0;1;1;2;-16,7977;-49,2386;"SPRF-GO";"DEL01-GO";"UOP03-DEL01-GO"
177442;2018-12-11;"terça-feira";"18:36:00";"SP";116;42,6;"CACHOEIRA PAULISTA";"Falta de Atenção à Condução";"Colisão traseira";"Com Vítimas Feridas";"Anoitecer";"Crescente";"Céu Claro";"Dupla";"Reta";"Não";2;0;1;0;1;0;1;2;-22,691826;-45,022411;"SPRF-SP";"DEL08-SP";"UOP02-DEL08-SP"
177443;2018-10-04;"quinta-feira";"17:20:00";"BA";415;49,2;"ITABUNA";"Falta de Atenção à Condução";"Colisão transversal";"Com Vítimas Feridas";"Anoitecer";"Crescente";"Céu Claro";"Simples";"Reta";"Sim";3;0;1;1;1;0;2;2;-14,82110453;-39,30803061;"SPRF-BA";"DEL05-BA";"UOP01-DEL05-BA"
177445;2018-12-11;"terça-feira";"15:45:00";"RJ";101;504;"ANGRA DOS REIS";"Falta de Atenção à Condução";"Colisão traseira";"Com Vítimas Feridas";"Pleno dia";"Crescente";"Sol";"Simples";"Reta";"Não";2;0;0;1;1;0;1;2;-22,93171295;-44,38868349;"SPRF-RJ";"DEL03-RJ";"UOP02-DEL03-RJ"
177447;2018-12-11;"terça-feira";"17:00:00";"GO";414;347;"COCALZINHO DE GOIAS";"Avarias e/ou desgaste excessivo no pneu";"Saída de leito carroçável";"Com Vítimas Feridas";"Pleno dia";"Decrescente";"Chuva";"Simples";"Curva";"Não";3;0;2;1;0;0;3;1;-15,580993;-48,628662;"SPRF-GO";"DEL02-GO";"UOP01-DEL02-GO"
177448;2018-12-11;"terça-feira";"18:00:00";"RJ";40;123,1;"DUQUE DE CAXIAS";"Desobediência às normas de trânsito pelo condutor";"Colisão lateral";"Com Vítimas Feridas";"Pleno dia";"Decrescente";"Céu Claro";"Múltipla";"Reta";"Sim";2;0;1;0;1;0;1;2;-22,8061;-43,2894;"SPRF-RJ";"DEL01-RJ";"UOP01-DEL01-RJ"
177449;2018-12-07;"sexta-feira";"18:30:00";"MA";222;666,3;"ACAILANDIA";"Ultrapassagem Indevida";"Colisão frontal";"Com Vítimas Feridas";"Plena Noite";"Crescente";"Céu Claro";"Simples";"Aclive";"Não";12;0;11;1;0;0;12;3;-4,92173331;-47,43244171;"SPRF-MA";"DEL04-MA";"UOP03-DEL04-MA"
177451;2018-12-11;"terça-feira";"18:30:00";"PI";316;16,9;"TERESINA";"Falta de Atenção à Condução";"Colisão lateral";"Com Vítimas Fatais";"Plena Noite";"Crescente";"Céu Claro";"Simples";"Declive;Reta";"Não";3;1;0;0;2;0;0;3;-5,238861;-42,740273;"SPRF-PI";"DEL01-PI";"UOP02-DEL01-PI"
177452;2018-12-11;"terça-feira";"18:30:00";"SC";282;437;"VARGEM BONITA";"Falta de Atenção à Condução";"Colisão traseira";"Sem Vítimas";"Pleno dia";"Crescente";"Céu Claro";"Simples";"Interseção de Vias";"Não";2;0;0;0;2;0;0;2;-26,963764;-51,854839;"SPRF-SC";"DEL07-SC";"UOP04-DEL07-SC"
177453;2018-12-11;"terça-feira";"19:50:00";"RJ";116;79;"TERESOPOLIS";"Falta de Atenção à Condução";"Atropelamento de Pedestre";"Com Vítimas Feridas";"Plena Noite";"Crescente";"Céu Claro";"Simples";"Reta";"Sim";3;0;0;3;0;0;3;2;-22,381704;-42,954777;"SPRF-RJ";"DEL04-RJ";"UOP01-DEL04-RJ"