"id";"data_inversa";"dia_semana";"horario";"uf";"br";"km";"municipio";"causa_acidente";"tipo_acidente";"classificacao_acidente";"fase_dia";"sentido_via";"condicao_metereologica";"tipo_pista";"tracado_via";"uso_solo";"pessoas";"mortos";"feridos_leves";"feridos_graves";"ilesos";"ignorados";"feridos";"veiculos";"latitude";"longitude";"regional";"delegacia";"uop"
177455;2018-12-11;"terça-feira";"18:10:00";"PI";316;9,2;"TERESINA";"Falta de Atenção à Condução";"Tombamento";"Com Vítimas Feridas";"Plena Noite";"Crescente";"Nublado";"Simples";"Reta";"Sim";1;0;1;0;0;0;1;1;-5,173879;-42,766232;"SPRF-PI";"DEL01-PI";"UOP02-DEL01-PI"
177456;2018-12-11;"terça-feira";"14:30:00";"PA";316;202;"SANTA LUZIA DO PARA";"Ultrapassagem Indevida";"Saída de leito carroçável";"Com Vítimas Feridas";"Pleno dia";"Decrescente";"Chuva";"Simples";"Reta";"Não";4;0;2;1;1;0;3;2;-1,55277;-46,873356;"SPRF-PA";"DEL01-PA";"UOP03-DEL01-PA"
177457;2018-12-11;"terça-feira";"19:40:00";"PR";277;331,2;"GUARAPUAVA";"Falta de Atenção à Condução";"Colisão transversal";"Com Vítimas Feridas";"Anoitecer";"Decrescente";"Céu Claro";"Simples";"Reta";"Sim";4;0;3;1;0;0;4;2;-25,34531142;-51,40291321;"SPRF-PR";"DEL03-PR";"UOP01-DEL08-PR"
177458;2018-12-11;"terça-feira";"20:57:00";"PR";376;243,5;"APUCARANA";"Desobediência às normas de trânsito pelo condutor";"Colisão lateral";"Com Vítimas Feridas";"Plena Noite";"Decrescente";"Céu Claro";"Simples";"Declive";"Não";2;0;1;0;1;0;1;2;-23,5807079;-51,48952961;"SPRF-PR";"DEL07-PR";"UOP03-DEL07-PR"
177459;2018-12-11;"terça-feira";"19:30:00";"BA";367;23,3;"PORTO SEGURO";"Falta de Atenção à Condução";"Colisão transversal";"Com Vítimas Feridas";"Plena Noite";"Crescente";"Nublado";"Simples";"Reta";"Sim";3;0;2;0;1;0;2;2;-16,435177;-39,072018;"SPRF-BA";"DEL09-BA";"UOP01-DEL09-BA"
177460;2018-11-27;"terça-feira";"21:00:00";"BA";324;513,2;"FEIRA DE SANTANA";"Animais na Pista";"Tombamento";"Com Vítimas Feridas";"Plena Noite";"Decrescente";"Céu Claro";"Simples";"Reta";"Sim";1;0;1;0;0;0;1;1;-12,23469454;-38,94509707;"SPRF-BA";"DEL02-BA";"UOP01-DEL02-BA"
177461;2018-12-11;"terça-feira";"18:00:00";"RR";174;704;"PACARAIMA";"Falta de Atenção à Condução";"Saída de leito carroçável";"Com Vítimas Feridas";"Plena Noite";"Decrescente";"Céu Claro";"Simples";"Reta";"Não";2;0;2;0;0;0;2;1;4,424421;-61,145256;"SPRF-RR";"DEL01-RR";"UOP02-DEL01-RR"
177462;2018-12-11;"terça-feira";"20:10:00";"PE";116;27;"SALGUEIRO";"Falta de Atenção do Pedestre";"Atropelamento de Pedestre";"Com Vítimas Feridas";"Plena Noite";"Decrescente";"Céu Claro";"Simples";"Aclive";"Sim";3;0;2;1;0;0;3;2;-8,078546;-39,130867;"SPRF-PE";"DEL05-PE";"UOP01-DEL05-PE"
177463;2018-12-11;"terça-feira";"20:30:00";"MG";356;265,1;"MURIAE";"Falta de Atenção à Condução";"Colisão transversal";"Com Vítimas Feridas";"Plena Noite";"Crescente";"Céu Claro";"Simples";"Interseção de Vias";"Sim";2;0;1;0;1;0;1;2;-21,125526;-42,375477;"SPRF-MG";"DEL07-MG";"UOP02-DEL07-MG"
177464;2018-12-11;"terça-feira";"20:00:00";"PI";343;24;"PARNAIBA";"Ingestão de álcool e/ou substâncias psicoativas pelo pedestre";"Atropelamento de Pedestre";"Com Vítimas Feridas";"Plena Noite";"Decrescente";"Nublado";"Simples";"Reta";"Não";2;0;1;0;1;0;1;2;-3,01677;-41,768826;"SPRF-PI";"DEL05-PI";"UOP01-DEL05-PI"
177465;2018-12-11;"terça-feira";"20:30:00";"MG";116;277,7;"TEOFILO OTONI";"Falta de Atenção à Condução";"Colisão transversal";"Com Vítimas Feridas";"Pleno dia";"Decrescente";"Chuva";"Simples";"Reta";"Sim";1;0;0;1;0;0;1;1;-17,86128703;-41,51484858;"SPRF-MG";"DEL11-MG";"UOP01-DEL11-MG"
177467;2018-12-11;"terça-feira";"20:40:00";"MT";70;8;"BARRA DO GARCAS";"Ingestão de Álcool";"Colisão transversal";"Com Vítimas Feridas";"Plena Noite";"Crescente";"Céu Claro";"Simples";"Reta";"Sim";5;0;1;0;4;0;1;2;-15,878259;-52,325825;"SPRF-MT";"DEL07-MT";"UOP01-DEL07-MT"
177470;2018-12-11;"terça-feira";"20:00:00";"RJ";393;255,7;"BARRA DO PIRAI";"Falta de Atenção do Pedestre";"Atropelamento de Pedestre";"Com Vítimas Feridas";"Plena Noite";"Crescente";"Céu Claro";"Dupla";"Interseção de Vias";"Sim";3;0;1;2;0;0;3;2;-22,453514;-43,833321;"SPRF-RJ";"DEL05-RJ";"UOP04-DEL05-RJ"
177471;2018-12-11;"terça-feira";"19:00:00";"RN";226;81,6;"TANGARA";"Animais na Pista";"Atropelamento de Animal";"Sem Vítimas";"Plena Noite";"Decrescente";"Céu Claro";"Simples";"Reta";"Não";3;0;0;0;3;0;0;1;-6,197418;-35,798233;"SPRF-RN";"DEL01-RN";"UOP02-DEL01-RN"
177472;2018-12-11;"terça-feira";"18:00:00";"GO";60;61;"ABADIANIA";"Desobediência às normas de trânsito pelo condutor";"Saída de leito carroçável";"Com Vítimas Feridas";"Pleno dia";"Crescente";"Céu Claro";"Dupla";"Curva";"Sim";1;0;1;0;0;0;1;1;-16,1903;-48,7114;"SPRF-GO";"DEL02-GO";"UOP01-DEL02-GO"
177474;2018-12-11;"terça-feira";"22:20:00";"PE";101;125;"ESCADA";"Restrição de Visibilidade";"Saída de leito carroçável";"Com Vítimas Fatais";"Plena Noite";"Decrescente";"Céu Claro";"Dupla";"Reta";"Não";1;1;0;0;0;0;0;1;-8,368;-35,2269;"SPRF-PE";"DEL01-PE";"UOP03-DEL01-PE"
177476;2018-12-11;"terça-feira";"20:20:00";"CE";20;399,5;"CAUCAIA";"Falta de Atenção à Condução";"Colisão traseira";"Com Vítimas Feridas";"Plena Noite";"Decrescente";"Céu Claro";"Simples";"Reta";"Não";3;0;1;0;2;0;1;2;-3,76999;-38,670063;"SPRF-CE";"DEL01-CE";"UOP01-DEL01-CE"
177478;2018-12-12;"quarta-feira";"00:10:00";"SP";488;1,5;"APARECIDA";"Ingestão de Álcool";"Colisão com objeto estático";"Com Vítimas Feridas";"Plena Noite";"Crescente";"Céu Claro";"Dupla";"Reta";"Sim";2;0;0;1;0;1;1;1;-22,850164;-45,231808;"SPRF-SP";"DEL08-SP";"UOP01-DEL08-SP"
177479;2018-12-11;"terça-feira";"19:00:00";"PI";135;311,9;"CRISTINO CASTRO";"Falta de Atenção à Condução";"Colisão frontal";"Com Vítimas Feridas";"Plena Noite";"Crescente";"Céu Claro";"Simples";"Reta";"Não";2;0;0;1;0;1;1;2;-8,777562;-44,187275;"SPRF-PI";"DEL03-PI";"UOP02-DEL03-PI"
177480;2018-12-11;"terça-feira";"23:55:00";"GO";60;181,5;"ABADIA DE GOIAS";"Defeito Mecânico no Veículo";"Queda de ocupante de veículo";"Com Vítimas Feridas";"Plena Noite";"Crescente";"Nublado";"Dupla";"Reta";"Não";2;0;0;2;0;0;2;1;-16,7709;-49,4844;"SPRF-GO";"DEL01-GO";"UOP02-DEL01-GO"
177481;2018-12-12;"quarta-feira";"00:25:00";"RS";116;268;"CANOAS";"Condutor Dormindo";"Colisão com objeto estático";"Com Vítimas Feridas";"Plena Noite";"Decrescente";"Céu Claro";"Dupla";"Reta";"Sim";2;0;1;0;0;1;1;2;-29,950392;-51,176533;"SPRF-RS";"DEL01-RS";"UOP01-DEL01-RS"
177482;2018-12-12;"quarta-feira";"00:10:00";"SP";116;220;"GUARULHOS";"Falta de Atenção à Condução";"Tombamento";"Com Vítimas Feridas";"Plena Noite";"Crescente";"Céu Claro";"Múltipla";"Reta";"Sim";1;0;1;0;0;0;1;1;-23,46635283;-46,50330968;"SPRF-SP";"DEL01-SP";"UOP01-DEL01-SP"
177483;2018-12-11;"terça-feira";"22:30:00";"BA";324;517,4;"FEIRA DE SANTANA";"Falta de Atenção à Condução";"Colisão transversal";"Com Vítimas Feridas";"Plena Noite";"Decrescente";"Nublado";"Dupla";"Reta";"Sim";2;0;1;0;1;0;1;2;-12,25894527;-38,93209219;"SPRF-BA";"DEL02-BA";"UOP01-DEL02-BA"
177484;2018-12-11;"terça-feira";"23:30:00";"GO";153;171;"CAMPINORTE";"Condutor Dormindo";"Saída de leito carroçável";"Com Vítimas Feridas";"Plena Noite";"Decrescente";"Céu Claro";"Simples";"Reta";"Não";1;0;0;1;0;0;1;1;-14,266398;-49,144051;"SPRF-GO";"DEL07-GO";"UOP02-DEL07-GO"
177485;2018-12-11;"terça-feira";"22:10:00";"RN";304;297;"MACAIBA";"Animais na Pista";"Atropelamento de Animal";"Com Vítimas Feridas";"Plena Noite";"Decrescente";"Garoa/Chuvisco";"Dupla";"Curva";"Não";2;0;2;0;0;0;2;1;-5,865341;-35,340694;"SPRF-RN";"DEL01-RN";"UOP02-DEL01-RN"
177486;2018-12-11;"terça-feira";"23:40:00";"PI";343;4;"TERESINA";"Não guardar distância de segurança";"Colisão traseira";"Sem Vítimas";"Plena Noite";"Crescente";"Céu Claro";"Dupla";"Reta";"Sim";2;0;0;0;2;0;0;2;-5,089569;-42,802288;"SPRF-PI";"DEL01-PI";"UOP01-DEL01-PI"
177488;2018-12-12;"quarta-feira";"01:12:00";"GO";50;97,5;"CRISTALINA";"Ingestão de Álcool";"Colisão traseira";"Sem Vítimas";"Plena Noite";"Decrescente";"Céu Claro";"Dupla";"Reta";"Sim";2;0;0;0;2;0;0;2;-16,9309;-47,7117;"SPRF-DF";"DEL01-DF";"UOP02-DEL01-DF"
177489;2018-12-12;"quarta-feira";"02:50:00";"PR";277;298,4;"PRUDENTOPOLIS";"Falta de Atenção à Condução";"Saída de leito carroçável";"Com Vítimas Feridas";"Plena Noite";"Crescente";"Céu Claro";"Dupla";"Reta";"Não";1;0;1;0;0;0;1;1;-25,29365052;-51,13345233;"SPRF-PR";"DEL03-PR";"UOP01-DEL08-PR"
177492;2018-12-12;"quarta-feira";"05:00:00";"RJ";101;407;"ITAGUAI";"Falta de Atenção à Condução";"Colisão com objeto estático";"Com Vítimas Feridas";"Amanhecer";"Decrescente";"Céu Claro";"Dupla";"Reta";"Sim";8;0;4;2;1;1;6;3;-22,87672;-43,816319;"SPRF-RJ";"DEL03-RJ";"UOP01-DEL03-RJ"
177496;2018-12-12;"quarta-feira";"06:30:00";"RJ";116;140;"DUQUE DE CAXIAS";"Falta de Atenção à Condução";"Colisão com objeto estático";"Com Vítimas Feridas";"Plena Noite";"Crescente";"Céu Claro";"Dupla";"Reta";"Não";2;0;1;0;1;0;1;1;-22,646624;-43,211174;"SPRF-RJ";"DEL04-RJ";"UOP02-DEL04-RJ"
177497;2018-12-12;"quarta-feira";"06:05:00";"GO";50;287;"CATALAO";"Defeito na Via";"Queda de ocupante de veículo";"Com Vítimas Feridas";"Amanhecer";"Crescente";"Céu Claro";"Simples";"Declive;Reta";"Não";1;0;0;1;0;0;1;1;-18,2261;-47,9777;"SPRF-GO";"DEL06-GO";"UOP01-DEL06-GO"
177498;2018-12-12;"quarta-feira";"06:30:00";"DF";70;5,6;"BRASILIA";"Desobediência às normas de trânsito pelo condutor";"Colisão lateral";"Com Vítimas Feridas";"Pleno dia";"Decrescente";"Céu Claro";"Dupla";"Reta";"Sim";3;0;0;1;2;0;1;2;-15,794656;-48,096779;"SPRF-DF";"DEL01-DF";"UOP02-DEL03-DF"
177500;2018-12-12;"quarta-feira";"07:00:00";"SC";282;5,8;"SAO JOSE";"Falta de Atenção à Condução";"Colisão lateral";"Com Vítimas Feridas";"Pleno dia";"Decrescente";"Céu Claro";"Dupla";"Reta";"Não";2;0;0;1;1;0;1;2;-27,588425;-48,612919;"SPRF-SC";"DEL01-SC";"UOP01-DEL01-SC"
177502;2018-12-12;"quarta-feira";"06:50:00";"MG";381;491,5;"BETIM";"Falta de Atenção à Condução";"Colisão lateral";"Com Vítimas Feridas";"Pleno dia";"Decrescente";"Sol";"Dupla";"Declive;Interseção de Vias;Curva";"Sim";2;0;1;0;1;0;1;2;-19,9616;-44,1603;"SPRF-MG";"DEL01-MG";"UOP03-DEL01-MG"
177503;2018-04-09;"segunda-feira";"13:55:00";"MG";354;731,4;"POUSO ALTO";"Falta de Atenção à Condução";"Colisão lateral";"Com Vítimas Feridas";"Pleno dia";"Decrescente";"Céu Claro";"Simples";"Curva";"Não";2;0;1;0;1;0;1;2;-22,17507519;-44,96709824;"SPRF-MG";"DEL05-MG";"UOP01-DEL17-MG"
177504;2018-12-11;"terça-feira";"20:50:00";"MG";262;446;"NOVA SERRANA";"Desobediência às normas de trânsito pelo condutor";"Colisão transversal";"Com Vítimas Feridas";"Plena Noite";"Decrescente";"Vento";"Dupla";"Interseção de Vias";"Sim";2;0;0;1;1;0;1;2;-19,880623;-44,912323;"SPRF-MG";"DEL08-MG";"UOP03-DEL08-MG"
177505;2018-12-12;"quarta-feira";"04:45:00";"MG";153;32,2;"CENTRALINA";"Avarias e/ou desgaste excessivo no pneu";"Saída de leito carroçável";"Com Vítimas Feridas";"Plena Noite";"Decrescente";"Céu Claro";"Dupla";"Reta";"Não";2;0;1;0;1;0;1;1;-18,7012;-49,1437;"SPRF-MG";"DEL15-MG";"UOP03-DEL15-MG"
177506;2018-12-12;"quarta-feira";"07:30:00";"ES";101;287;"CARIACICA";"Falta de Atenção do Pedestre";"Atropelamento de Pedestre";"Com Vítimas Feridas";"Pleno dia";"Crescente";"Sol";"Dupla";"Reta";"Sim";3;0;0;1;0;2;1;2;-20,25723276;-40,37713858;"SPRF-ES";"DEL01-ES";"UOP01-DEL01-ES"
177507;2018-12-12;"quarta-feira";"08:00:00";"SC";470;55;"BLUMENAU";"Falta de Atenção à Condução";"Colisão traseira";"Com Vítimas Feridas";"Pleno dia";"Crescente";"Céu Claro";"Simples";"Reta";"Sim";2;0;0;2;0;0;2;2;-26,875601;-49,117992;"SPRF-SC";"DEL04-SC";"UOP01-DEL04-SC"
177508;2018-12-12;"quarta-feira";"08:00:00";"SC";101;133,2;"BALNEARIO CAMBORIU";"Não guardar distância de segurança";"Colisão lateral";"Com Vítimas Feridas";"Pleno dia";"Crescente";"Céu Claro";"Simples";"Reta";"Sim";3;0;1;0;2;0;1;3;-27,0021;-48,6362;"SPRF-SC";"DEL04-SC";"UOP03-DEL04-SC"
177511;2018-12-12;"quarta-feira";"08:30:00";"SC";101;214,9;"PALHOCA";"Falta de Atenção à Condução";"Colisão lateral";"Com Vítimas Feridas";"Pleno dia";"Decrescente";"Céu Claro";"Dupla";"Reta";"Sim";2;0;0;1;1;0;1;2;-27,652;-48,676;"SPRF-SC";"DEL01-SC";"UOP02-DEL01-SC"
177512;2018-12-12;"quarta-feira";"07:35:00";"SP";116;226,3;"GUARULHOS";"Falta de Atenção à Condução";"Colisão lateral";"Com Vítimas Feridas";"Pleno dia";"Crescente";"Céu Claro";"Múltipla";"Reta";"Sim";3;0;1;0;2;0;1;3;-23,49461804;-46,55454397;"SPRF-SP";"DEL01-SP";"UOP01-DEL01-SP"
177513;2018-12-12;"quarta-feira";"07:30:00";"PE";232;7;"RECIFE";"Falta de Atenção à Condução";"Colisão lateral";"Com Vítimas Feridas";"Pleno dia";"Decrescente";"Nublado";"Dupla";"Reta";"Sim";2;0;1;0;0;1;1;2;-8,073346;-34,96188;"SPRF-PE";"DEL01-PE";"UOP01-DEL01-PE"
177514;2018-12-12;"quarta-feira";"08:20:00";"ES";101;254,7;"SERRA";"Não guardar distância de segurança";"Colisão traseira";"Sem Vítimas";"Pleno dia";"Crescente";"Céu Claro";"Simples";"Declive";"Sim";3;0;0;0;3;0;0;3;-20,11469919;-40,31998423;"SPRF-ES";"DEL02-ES";"UOP01-DEL02-ES"
177515;2018-12-12;"quarta-feira";"08:05:00";"MT";158;720,8;"BARRA DO GARCAS";"Condutor Dormindo";"Saída de leito carroçável";"Com Vítimas Feridas";"Pleno dia";"Decrescente";"Céu Claro";"Simples";"Reta";"Não";3;0;1;1;1;0;2;1;-15,08687533;-52,21939087;"SPRF-MT";"DEL07-MT";"UOP01-DEL07-MT"
177516;2018-12-12;"quarta-feira";"08:30:00";"ES";101;287,3;"CARIACICA";"Velocidade Incompatível";"Tombamento";"Com Vítimas Feridas";"Pleno dia";"Crescente";"Céu Claro";"Dupla";"Interseção de Vias";"Sim";1;0;0;1;0;0;1;1;-20,26669151;-40,38709586;"SPRF-ES";"DEL01-ES";"UOP01-DEL01-ES"
177518;2018-12-12;"quarta-feira";"06:00:00";"RN";226;51,8;"BOM JESUS";"Falta de Atenção à Condução";"Capotamento";"Com Vítimas Feridas";"Pleno dia";"Decrescente";"Sol";"Simples";"Reta";"Não";2;0;1;0;1;0;1;2;-6,00006967;-35,60840607;"SPRF-RN";"DEL01-RN";"UOP02-DEL01-RN"
177522;2018-12-12;"quarta-feira";"07:15:00";"MT";163;787;"SORRISO";"Falta de Atenção à Condução";"Queda de ocupante de veículo";"Com Vítimas Feridas";"Pleno dia";"Crescente";"Nublado";"Simples";"Curva";"Não";2;0;1;1;0;0;2;2;-12,28348239;-55,56095123;"SPRF-MT";"DEL06-MT";"UOP01-DEL06-MT"
177525;2018-12-12;"quarta-feira";"07:50:00";"PI";316;1,3;"TERESINA";"Falta de Atenção à Condução";"Colisão lateral";"Sem Vítimas";"Pleno dia";"Crescente";"Nublado";"Múltipla";"Reta";"Sim";2;0;0;0;2;0;0;2;-5,128619;-42,807068;"SPRF-PI";"DEL01-PI";"UOP02-DEL01-PI"
177527;2018-12-12;"quarta-feira";"06:55:00";"PB";230;22,5;"JOAO PESSOA";"Não guardar distância de segurança";"Colisão traseira";"Com Vítimas Feridas";"Pleno dia";"Decrescente";"Chuva";"Dupla";"Reta";"Sim";2;0;1;0;0;1;1;2;-7,1495;-34,8517;"SPRF-PB";"DEL01-PB";"UOP01-DEL01-PB"
177529;2018-12-12;"quarta-feira";"08:30:00";"RJ";116;167,7;"SAO JOAO DE MERITI";"Agressão Externa";"Colisão traseira";"Com Vítimas Feridas";"Pleno dia";"Decrescente";"Céu Claro";"Dupla";"Reta";"Não";2;0;1;0;1;0;1;2;-22,80217585;-43,34994793;"SPRF-RJ";"DEL01-RJ";"UOP02-DEL01-RJ"
177530;2018-12-11;"terça-feira";"19:00:00";"RO";429;174,3;"SAO MIGUEL DO GUAPORE";"Ingestão de Álcool";"Colisão traseira";"Sem Vítimas";"Plena Noite";"Decrescente";"Nublado";"Simples";"Reta";"Não";2;0;0;0;2;0;0;2;-11,751817;-62,822182;"SPRF-RO";"DEL02-RO";"UOP03-DEL02-RO"
177534;2018-12-12;"quarta-feira";"08:45:00";"BA";110;352;"CATU";"Falta de Atenção à Condução";"Saída de leito carroçável";"Com Vítimas Feridas";"Pleno dia";"Crescente";"Sol";"Simples";"Curva";"Não";1;0;1;0;0;0;1;1;-12,2525;-38,3913;"SPRF-BA";"DEL01-BA";"UOP04-DEL01-BA"
177535;2018-11-15;"quinta-feira";"05:30:00";"SP";116;206,7;"GUARULHOS";"Falta de Atenção à Condução";"Colisão traseira";"Com Vítimas Feridas";"Amanhecer";"Decrescente";"Nublado";"Dupla";"Reta";"Sim";3;0;1;0;2;0;1;2;-23,4172873;-46,37524366;"SPRF-SP";"DEL01-SP";"UOP01-DEL01-SP"
177536;2018-11-30;"sexta-feira";"18:40:00";"PR";476;121;"CURITIBA";"Falta de Atenção do Pedestre";"Atropelamento de Pedestre";"Com Vítimas Feridas";"Anoitecer";"Crescente";"Chuva";"Simples";"Reta";"Sim";2;0;1;0;1;0;1;2;-25,379221;-49,197685;"SPRF-PR";"DEL01-PR";"UOP01-DEL01-PR"
177539;2018-12-12;"quarta-feira";"11:00:00";"SC";282;221,5;"LAGES";"Pista Escorregadia";"Tombamento";"Com Vítimas Feridas";"Pleno dia";"Decrescente";"Sol";"Simples";"Curva;Aclive";"Sim";1;0;1;0;0;0;1;1;-27,796358;-50,343426;"SPRF-SC";"DEL05-SC";"UOP01-DEL05-SC"
177540;2018-12-12;"quarta-feira";"11:00:00";"RS";392;351,5;"SANTA MARIA";"Falta de Atenção à Condução";"Colisão transversal";"Com Vítimas Feridas";"Pleno dia";"Crescente";"Nublado";"Simples";"Reta";"Sim";3;0;1;0;1;1;1;3;-29,728384;-53,803284;"SPRF-RS";"DEL09-RS";"UOP01-DEL09-RS"
177541;2018-12-12;"quarta-feira";"11:25:00";"GO";60;37,5;"GOIANIA";"Desobediência às normas de trânsito pelo condutor";"Queda de ocupante de veículo";"Com Vítimas Feridas";"Pleno dia";"Decrescente";"Céu Claro";"Dupla";"Curva";"Sim";2;0;1;0;1;0;1;1;-16,75030415;-49,34140205;"SPRF-GO";"DEL01-GO";"UOP02-DEL01-GO"
177542;2018-11-18;"domingo";"16:51:00";"AM";174;887;"MANAUS";"Falta de Atenção à Condução";"Colisão traseira";"Com Vítimas Feridas";"Pleno dia";"Decrescente";"Nublado";"Simples";"Aclive";"Não";5;0;1;0;3;1;1;2;-2,94441239;-60,03341675;"SPRF-AM";"DEL01-AM";"UOP01-DEL01-AM"
177544;2018-12-12;"quarta-feira";"08:30:00";"RO";319;61,9;"PORTO VELHO";"Desobediência às normas de trânsito pelo condutor";"Colisão transversal";"Com Vítimas Feridas";"Pleno dia";"Crescente";"Céu Claro";"Dupla";"Reta";"Sim";2;0;1;0;0;1;1;2;-8,74024;-63,892185;"SPRF-RO";"DEL01-RO";"UOP01-DEL01-RO"
177545;2018-12-12;"quarta-feira";"08:00:00";"RJ";116;187;"NOVA IGUACU";"Não guardar distância de segurança";"Colisão traseira";"Com Vítimas Feridas";"Pleno dia";"Decrescente";"Sol";"Dupla";"Reta";"Não";4;0;2;0;2;0;2;3;-22,738836;-43,472469;"SPRF-RJ";"DEL01-RJ";"UOP03-DEL01-RJ"
177546;2018-12-12;"quarta-feira";"09:55:00";"PE";232;30,9;"MORENO";"Agressão Externa";"Saída de leito carroçável";"Com Vítimas Fatais";"Pleno dia";"Decrescente";"Céu Claro";"Dupla";"Reta";"Não";5;1;2;1;0;1;3;2;-8,110632;-35,151997;"SPRF-PE";"DEL01-PE";"UOP02-DEL02PE"
177547;2018-12-12;"quarta-feira";"11:00:00";"RJ";393;178;"PARAIBA DO SUL";"Falta de Atenção à Condução";"Queda de ocupante de veículo";"Com Vítimas Feridas";"Pleno dia";"Decrescente";"Céu Claro";"Simples";"Reta";"Sim";1;0;1;0;0;0;1;1;-22,126343;-43,228119;"SPRF-RJ";"DEL05-RJ";"UOP03-DEL05-RJ"
177549;2018-12-12;"quarta-feira";"11:20:00";"CE";116;4;"FORTALEZA";"Não guardar distância de segurança";"Colisão traseira";"Com Vítimas Feridas";"Pleno dia";"Decrescente";"Céu Claro";"Dupla";"Reta";"Sim";2;0;1;0;1;0;1;2;-3,79113478;-38,50748241;"SPRF-CE";"DEL01-CE";"UOP02-DEL01-CE"
177551;2018-12-12;"quarta-feira";"11:30:00";"TO";226;12;"PALMEIRAS DO TOCANTINS";"Falta de Atenção à Condução";"Colisão transversal";"Com Vítimas Feridas";"Pleno dia";"Decrescente";"Sol";"Simples";"Retorno Regulamentado";"Sim";2;0;1;0;1;0;1;2;-6,614072;-47,545609;"SPRF-TO";"DEL02-TO";"UOP03-DEL02-TO"
177552;2018-12-12;"quarta-feira";"12:40:00";"ES";101;1,5;"SERRA";"Mal Súbito";"Tombamento";"Com Vítimas Feridas";"Pleno dia";"Crescente";"Sol";"Dupla";"Reta";"Sim";1;0;1;0;0;0;1;1;-20,24268842;-40,2812773;"SPRF-ES";"DEL02-ES";"UOP01-DEL02-ES"
177555;2018-12-12;"quarta-feira";"12:05:00";"RJ";393;235;"VASSOURAS";"Falta de Atenção à Condução";"Colisão transversal";"Com Vítimas Feridas";"Pleno dia";"Decrescente";"Céu Claro";"Simples";"Reta";"Sim";2;0;1;0;1;0;1;2;-22,41023504;-43,67185593;"SPRF-RJ";"DEL05-RJ";"UOP03-DEL05-RJ"
177556;2018-12-12;"quarta-feira";"12:20:00";"SC";101;334;"TUBARAO";"Desobediência às normas de trânsito pelo condutor";"Colisão transversal";"Com Vítimas Feridas";"Pleno dia";"Decrescente";"Céu Claro";"Múltipla";"Viaduto;Interseção de Vias";"Sim";2;0;1;0;1;0;1;2;-28,4701;-49,0169;"SPRF-SC";"DEL02-SC";"UOP01-DEL02-SC"
177557;2018-12-12;"quarta-feira";"13:05:00";"RS";116;397,8;"CAMAQUA";"Velocidade Incompatível";"Colisão com objeto estático";"Com Vítimas Feridas";"Pleno dia";"Decrescente";"Nublado";"Simples";"Rotatória";"Sim";1;0;1;0;0;0;1;1;-30,85878;-51,787433;"SPRF-RS";"DEL02-RS";"UOP03-DEL02-RS"
177560;2018-12-12;"quarta-feira";"10:20:00";"PI";343;8;"PARNAIBA";"Desobediência às normas de trânsito pelo condutor";"Colisão transversal";"Com Vítimas Feridas";"Pleno dia";"Decrescente";"Céu Claro";"Simples";"Reta";"Sim";2;0;1;0;1;0;1;2;-2,899382;-41,723724;"SPRF-PI";"DEL05-PI";"UOP01-DEL05-PI"
177565;2018-09-04;"terça-feira";"03:00:00";"BA";324;623;"SALVADOR";"Falta de Atenção do Pedestre";"Atropelamento de Pedestre";"Com Vítimas Fatais";"Amanhecer";"Decrescente";"Nublado";"Dupla";"Curva";"Não";2;1;0;0;1;0;0;2;-12,93683624;-38,47252274;"SPRF-BA";"DEL01-BA";"UOP01-DEL01-BA"
177567;2018-12-12;"quarta-feira";"13:40:00";"PR";469;12;"FOZ DO IGUACU";"Falta de Atenção à Condução";"Colisão transversal";"Com Vítimas Feridas";"Pleno dia";"Crescente";"Sol";"Simples";"Interseção de Vias";"Sim";2;0;1;0;1;0;1;2;-25,57422725;-54,55192566;"SPRF-PR";"DEL05-PR";"UOP04-DEL05-PR"
177568;2018-12-12;"quarta-feira";"12:38:00";"RO";364;340;"JI-PARANA";"Falta de Atenção à Condução";"Colisão transversal";"Com Vítimas Feridas";"Pleno dia";"Decrescente";"Céu Claro";"Dupla";"Interseção de Vias";"Sim";3;0;2;0;1;0;2;2;-10,898911;-61,930458;"SPRF-RO";"DEL02-RO";"UOP01-DEL02-RO"
177569;2018-12-12;"quarta-feira";"13:30:00";"RN";110;49,8;"MOSSORO";"Ingestão de Álcool";"Colisão traseira";"Com Vítimas Feridas";"Pleno dia";"Crescente";"Céu Claro";"Dupla";"Reta";"Sim";3;0;2;0;1;0;2;2;-5,21646;-37,329269;"SPRF-RN";"DEL04-RN";"UOP01-DEL04-RN"
177575;2018-12-12;"quarta-feira";"14:00:00";"MG";381;491;"BETIM";"Falta de Atenção do Pedestre";"Atropelamento de Pedestre";"Com Vítimas Feridas";"Pleno dia";"Crescente";"Céu Claro";"Dupla";"Reta";"Sim";2;0;0;1;1;0;1;2;-19,9616;-44,1603;"SPRF-MG";"DEL01-MG";"UOP03-DEL01-MG"
177577;2018-12-12;"quarta-feira";"11:30:00";"ES";101;70,1;"SAO MATEUS";"Desobediência às normas de trânsito pelo condutor";"Queda de ocupante de veículo";"Sem Vítimas";"Pleno dia";"Crescente";"Sol";"Simples";"Reta";"Não";2;0;0;0;1;1;0;2;-18,720545;-39,865883;"SPRF-ES";"DEL04-ES";"UOP02-DEL04-ES"