"id";"data_inversa";"dia_semana";"horario";"uf";"br";"km";"municipio";"causa_acidente";"tipo_acidente";"classificacao_acidente";"fase_dia";"sentido_via";"condicao_metereologica";"tipo_pista";"tracado_via";"uso_solo";"pessoas";"mortos";"feridos_leves";"feridos_graves";"ilesos";"ignorados";"feridos";"veiculos";"latitude";"longitude";"regional";"delegacia";"uop"
177851;2018-12-13;"quinta-feira";"17:40:00";"RS";116;249;"SAO LEOPOLDO";"Desobediência às normas de trânsito pelo condutor";"Colisão lateral";"Com Vítimas Feridas";"Pleno dia";"Decrescente";"Nublado";"Dupla";"Reta";"Sim";2;0;1;0;1;0;1;2;-29,783234;-51,161049;"SPRF-RS";"DEL01-RS";"UOP02-DEL01-RS"
177854;2018-12-13;"quinta-feira";"18:00:00";"SP";153;72,5;"SAO JOSE DO RIO PRETO";"Pista Escorregadia";"Tombamento";"Com Vítimas Feridas";"Pleno dia";"Crescente";"Sol";"Dupla";"Em Obras;Curva";"Sim";2;0;2;0;0;0;2;1;-20,867146;-49,413338;"SPRF-SP";"DEL09-SP";"UOP01-DEL09-SP"
177855;2018-12-13;"quinta-feira";"16:50:00";"PR";369;91,9;"CORNELIO PROCOPIO";"Não guardar distância de segurança";"Colisão traseira";"Com Vítimas Feridas";"Pleno dia";"Decrescente";"Sol";"Simples";"Reta";"Não";2;0;1;0;1;0;1;2;-23,20653226;-50,65689683;"SPRF-PR";"DEL07-PR";"UOP05-DEL07-PR"
177856;2018-12-13;"quinta-feira";"17:40:00";"DF";20;10,3;"BRASILIA";"Falta de Atenção à Condução";"Colisão lateral";"Com Vítimas Feridas";"Pleno dia";"Decrescente";"Sol";"Dupla";"Reta";"Sim";2;0;1;0;1;0;1;2;-15,650243;-47,773872;"SPRF-DF";"DEL02-DF";"UOP01-DEL02-DF"
177859;2018-12-13;"quinta-feira";"11:00:00";"PR";476;240,7;"LAPA";"Velocidade Incompatível";"Capotamento";"Sem Vítimas";"Pleno dia";"Crescente";"Sol";"Simples";"Curva";"Não";1;0;0;0;0;1;0;1;-25,864338;-50,069801;"SPRF-PR";"DEL02-PR";"UOP04-DEL02-PR"
177860;2018-12-13;"quinta-feira";"17:30:00";"RJ";101;74;"CAMPOS DOS GOYTACAZES";"Falta de Atenção à Condução";"Colisão transversal";"Com Vítimas Feridas";"Pleno dia";"Decrescente";"Céu Claro";"Simples";"Reta";"Não";2;0;1;0;1;0;1;2;-21,8373149;-41,4162103;"SPRF-RJ";"DEL08-RJ";"UOP02-DEL08-RJ"
177862;2018-12-13;"quinta-feira";"18:15:00";"SC";101;214,3;"PALHOCA";"Velocidade Incompatível";"Colisão lateral";"Com Vítimas Feridas";"Pleno dia";"Decrescente";"Céu Claro";"Dupla";"Reta";"Sim";2;0;0;1;1;0;1;2;-27,652;-48,676;"SPRF-SC";"DEL01-SC";"UOP02-DEL01-SC"
177864;2018-12-13;"quinta-feira";"16:50:00";"CE";116;7,1;"FORTALEZA";"Desobediência às normas de trânsito pelo condutor";"Colisão transversal";"Com Vítimas Feridas";"Pleno dia";"Decrescente";"Sol";"Múltipla";"Curva";"Sim";2;0;1;0;1;0;1;2;-3,80980037;-38,50038897;"SPRF-CE";"DEL01-CE";"UOP02-DEL01-CE"
177867;2018-12-13;"quinta-feira";"17:20:00";"MT";364;205;"RONDONOPOLIS";"Falta de Atenção à Condução";"Colisão transversal";"Com Vítimas Feridas";"Pleno dia";"Decrescente";"Céu Claro";"Dupla";"Retorno Regulamentado";"Sim";2;0;0;1;1;0;1;2;-16,459299;-54,660919;"SPRF-MT";"DEL02-MT";"UOP01-DEL02-MT"
177868;2018-12-13;"quinta-feira";"16:30:00";"MA";10;257;"IMPERATRIZ";"Desobediência às normas de trânsito pelo condutor";"Colisão transversal";"Com Vítimas Feridas";"Pleno dia";"Crescente";"Sol";"Simples";"Reta";"Sim";3;0;2;0;1;0;2;2;-5,490634;-47,471973;"SPRF-MA";"DEL04-MA";"UOP01-DEL04-MA"
177869;2018-12-13;"quinta-feira";"17:32:00";"MG";381;650,8;"SANTO ANTONIO DO AMPARO";"Velocidade Incompatível";"Saída de leito carroçável";"Sem Vítimas";"Pleno dia";"Decrescente";"Chuva";"Dupla";"Curva";"Não";1;0;0;0;1;0;0;1;-20,9571;-44,9206;"SPRF-MG";"DEL04-MG";"UOP02-DEL04-MG"
177871;2018-12-13;"quinta-feira";"13:30:00";"MT";174;283,5;"PONTES E LACERDA";"Ultrapassagem Indevida";"Colisão frontal";"Com Vítimas Feridas";"Pleno dia";"Decrescente";"Céu Claro";"Simples";"Curva";"Não";3;0;2;0;1;0;2;2;-15,275687;-59,291515;"SPRF-MT";"DEL04-MT";"UOP01-DEL04-MT"
177875;2018-12-13;"quinta-feira";"18:50:00";"RS";116;264;"CANOAS";"Falta de Atenção à Condução";"Colisão traseira";"Sem Vítimas";"Pleno dia";"Decrescente";"Chuva";"Múltipla";"Reta";"Sim";2;0;0;0;2;0;0;2;-29,914425;-51,177544;"SPRF-RS";"DEL01-RS";"UOP01-DEL01-RS"
177876;2018-12-13;"quinta-feira";"18:15:00";"SC";101;341,2;"TUBARAO";"Desobediência às normas de trânsito pelo condutor";"Colisão transversal";"Com Vítimas Feridas";"Pleno dia";"Decrescente";"Sol";"Simples";"Interseção de Vias";"Sim";2;0;1;0;1;0;1;2;-28,50717416;-49,04934168;"SPRF-SC";"DEL02-SC";"UOP01-DEL02-SC"
177879;2018-12-13;"quinta-feira";"16:30:00";"BA";101;717,6;"EUNAPOLIS";"Pista Escorregadia";"Tombamento";"Com Vítimas Feridas";"Pleno dia";"Decrescente";"Céu Claro";"Múltipla";"Declive;Curva";"Sim";2;0;1;0;0;1;1;2;-16,3638;-39,5811;"SPRF-BA";"DEL09-BA";"UOP01-DEL09-BA"
177881;2018-11-27;"terça-feira";"10:30:00";"PR";277;72;"SAO JOSE DOS PINHAIS";"Falta de Atenção à Condução";"Colisão traseira";"Com Vítimas Feridas";"Pleno dia";"Crescente";"Céu Claro";"Dupla";"Declive";"Não";2;0;1;0;1;0;1;2;-25,50569318;-49,14150238;"SPRF-PR";"DEL01-PR";"UOP01-DEL01-PR"
177882;2018-12-13;"quinta-feira";"18:20:00";"RN";304;30,1;"MOSSORO";"Ultrapassagem Indevida";"Colisão frontal";"Com Vítimas Feridas";"Pleno dia";"Decrescente";"Céu Claro";"Simples";"Declive";"Sim";3;0;0;2;1;0;2;2;-5,117088;-37,341011;"SPRF-RN";"DEL04-RN";"UOP02-DEL04-RN"
177883;2018-12-13;"quinta-feira";"17:40:00";"RO";364;62;"PORTO VELHO";"Falta de Atenção à Condução";"Colisão transversal";"Com Vítimas Feridas";"Pleno dia";"Decrescente";"Céu Claro";"Múltipla";"Interseção de Vias";"Não";3;0;0;1;2;0;1;2;-8,75129542;-63,88747215;"SPRF-RO";"DEL04-RO";"DEL21/4-UOP03/RO"
177884;2018-12-13;"quinta-feira";"18:50:00";"RJ";116;172;"BELFORD ROXO";"Condutor Dormindo";"Colisão traseira";"Com Vítimas Feridas";"Anoitecer";"Crescente";"Céu Claro";"Múltipla";"Reta";"Sim";2;0;1;0;1;0;1;2;-22,801882;-43,350437;"SPRF-RJ";"DEL01-RJ";"UOP02-DEL01-RJ"
177885;2018-12-13;"quinta-feira";"19:30:00";"SC";280;59;"GUARAMIRIM";"Ultrapassagem Indevida";"Colisão frontal";"Com Vítimas Feridas";"Anoitecer";"Decrescente";"Céu Claro";"Simples";"Reta";"Sim";2;0;0;1;1;0;1;2;-26,47440498;-49,02519107;"SPRF-SC";"DEL03-SC";"UOP03-DEL03-SC"
177886;2018-12-13;"quinta-feira";"19:00:00";"PR";277;103,8;"CURITIBA";"Falta de Atenção do Pedestre";"Atropelamento de Pedestre";"Com Vítimas Feridas";"Anoitecer";"Decrescente";"Céu Claro";"Dupla";"Declive";"Sim";2;0;2;0;0;0;2;2;-25,43217317;-49,41892862;"SPRF-PR";"DEL01-PR";"UOP06-DEL01-PR"
177896;2018-12-13;"quinta-feira";"19:30:00";"GO";40;8;"VALPARAISO DE GOIAS";"Falta de Atenção à Condução";"Colisão transversal";"Sem Vítimas";"Plena Noite";"Crescente";"Céu Claro";"Dupla";"Retorno Regulamentado";"Sim";2;0;0;0;2;0;0;2;-16,116158;-47,96761;"SPRF-DF";"DEL01-DF";"UOP01-DEL01-DF"
177899;2018-12-13;"quinta-feira";"19:55:00";"PR";153;349,9;"REBOUCAS";"Falta de Atenção à Condução";"Colisão transversal";"Com Vítimas Feridas";"Plena Noite";"Crescente";"Céu Claro";"Simples";"Reta";"Não";2;0;1;0;1;0;1;2;-25,60375;-50,692055;"SPRF-PR";"DEL03-PR";"UOP02-DEL08-PR"
177901;2018-12-13;"quinta-feira";"18:30:00";"BA";324;615;"SALVADOR";"Não guardar distância de segurança";"Colisão traseira";"Com Vítimas Feridas";"Plena Noite";"Crescente";"Céu Claro";"Dupla";"Reta";"Sim";2;0;1;0;1;0;1;2;-12,882863;-38,43439;"SPRF-BA";"DEL01-BA";"UOP01-DEL01-BA"
177902;2018-12-13;"quinta-feira";"12:00:00";"GO";20;73;"FORMOSA";"Velocidade Incompatível";"Saída de leito carroçável";"Sem Vítimas";"Plena Noite";"Crescente";"Ignorado";"Simples";"Reta";"Não";1;0;0;0;0;1;0;1;-15,145144;-47,133999;"SPRF-DF";"DEL02-DF";"UOP01-DEL02-DF"
177903;2018-12-13;"quinta-feira";"17:00:00";"SC";101;327,2;"CAPIVARI DE BAIXO";"Falta de Atenção à Condução";"Colisão transversal";"Com Vítimas Feridas";"Pleno dia";"Decrescente";"Nublado";"Dupla";"Rotatória";"Sim";3;0;2;0;1;0;2;2;-28,4326;-48,9557;"SPRF-SC";"DEL02-SC";"UOP01-DEL02-SC"
177904;2018-12-13;"quinta-feira";"18:15:00";"RN";405;163;"RAFAEL FERNANDES";"Defeito Mecânico no Veículo";"Capotamento";"Com Vítimas Feridas";"Plena Noite";"Crescente";"Céu Claro";"Simples";"Reta";"Não";4;0;2;1;1;0;3;1;-6,15949953;-38,2078743;"SPRF-RN";"DEL04-RN";"UOP02-DEL04-RN"
177905;2018-12-13;"quinta-feira";"20:00:00";"DF";60;5;"BRASILIA";"Falta de Atenção à Condução";"Colisão traseira";"Com Vítimas Feridas";"Plena Noite";"Crescente";"Céu Claro";"Dupla";"Reta;Declive";"Sim";3;0;1;0;2;0;1;2;-15,895438;-48,104771;"SPRF-DF";"DEL01-DF";"UOP01-DEL03-DF"
177906;2018-12-13;"quinta-feira";"19:00:00";"GO";153;71;"PORANGATU";"Falta de Atenção à Condução";"Colisão transversal";"Sem Vítimas";"Plena Noite";"Decrescente";"Céu Claro";"Simples";"Interseção de Vias";"Sim";2;0;0;0;2;0;0;2;-13,45846;-49,135578;"SPRF-GO";"DEL07-GO";"UOP01-DEL07-GO"
177907;2018-12-13;"quinta-feira";"20:10:00";"PR";277;694;"SAO MIGUEL DO IGUACU";"Falta de Atenção à Condução";"Colisão lateral";"Com Vítimas Feridas";"Pleno dia";"Crescente";"Céu Claro";"Dupla";"Reta";"Não";3;0;1;0;2;0;1;2;-25,377277;-54,278534;"SPRF-PR";"DEL05-PR";"UOP01-DEL05-PR"
177909;2018-12-13;"quinta-feira";"21:10:00";"GO";40;10,5;"LUZIANIA";"Animais na Pista";"Atropelamento de Animal";"Sem Vítimas";"Plena Noite";"Decrescente";"Céu Claro";"Dupla";"Reta";"Sim";1;0;0;0;1;0;0;1;-16,131285;-47,957923;"SPRF-DF";"DEL01-DF";"UOP01-DEL01-DF"
177911;2018-12-13;"quinta-feira";"20:40:00";"SP";116;273,5;"TABOAO DA SERRA";"Falta de Atenção à Condução";"Queda de ocupante de veículo";"Com Vítimas Feridas";"Plena Noite";"Decrescente";"Céu Claro";"Dupla";"Reta";"Sim";2;0;1;0;1;0;1;2;-23,61750471;-46,79407965;"SPRF-SP";"DEL04-SP";"UOP01-DEL04-SP"
177912;2018-12-13;"quinta-feira";"19:20:00";"CE";116;6,7;"FORTALEZA";"Falta de Atenção do Pedestre";"Atropelamento de Pedestre";"Com Vítimas Feridas";"Plena Noite";"Crescente";"Nublado";"Múltipla";"Reta";"Sim";4;0;1;1;0;2;2;2;-3,80738359;-38,50187213;"SPRF-CE";"DEL01-CE";"UOP02-DEL01-CE"
177913;2018-12-13;"quinta-feira";"20:50:00";"SC";163;83,6;"GUARACIABA";"Ingestão de Álcool";"Queda de ocupante de veículo";"Com Vítimas Feridas";"Plena Noite";"Crescente";"Céu Claro";"Simples";"Rotatória";"Sim";1;0;0;1;0;0;1;1;-26,624254;-53,515961;"SPRF-SC";"DEL07-SC";"UOP03-DEL07-SC"
177914;2018-12-13;"quinta-feira";"20:45:00";"MG";116;414;"GOVERNADOR VALADARES";"Falta de Atenção à Condução";"Colisão frontal";"Com Vítimas Feridas";"Plena Noite";"Crescente";"Céu Claro";"Simples";"Reta";"Sim";2;0;1;0;1;0;1;2;-18,88174952;-41,95824177;"SPRF-MG";"DEL06-MG";"UOP01-DEL06-MG"
177915;2018-12-13;"quinta-feira";"20:05:00";"BA";324;0;"FEIRA DE SANTANA";"Desobediência às normas de trânsito pelo condutor";"Colisão traseira";"Com Vítimas Feridas";"Plena Noite";"Crescente";"Céu Claro";"Dupla";"Reta";"Sim";3;0;1;0;2;0;1;2;-12,267113;-38,966988;"SPRF-BA";"DEL02-BA";"UOP01-DEL02-BA"
177916;2018-12-13;"quinta-feira";"14:30:00";"RO";364;385,4;"OURO PRETO DO OESTE";"Defeito na Via";"Colisão lateral";"Com Vítimas Feridas";"Pleno dia";"Decrescente";"Céu Claro";"Simples";"Reta";"Sim";2;0;1;0;1;0;1;2;-10,708189;-62,256481;"SPRF-RO";"DEL02-RO";"UOP01-DEL02-RO"
177919;2018-12-13;"quinta-feira";"19:30:00";"PA";316;40;"SANTA IZABEL DO PARA";"Falta de Atenção à Condução";"Colisão com objeto estático";"Com Vítimas Fatais";"Plena Noite";"Decrescente";"Chuva";"Dupla";"Reta";"Não";2;1;0;0;1;0;0;1;-1,285225;-48,148689;"SPRF-PA";"DEL01-PA";"UOP01-DEL01-PA"
177920;2018-12-13;"quinta-feira";"21:50:00";"RJ";101;487,3;"ANGRA DOS REIS";"Falta de Atenção à Condução";"Colisão transversal";"Com Vítimas Feridas";"Plena Noite";"Crescente";"Céu Claro";"Simples";"Reta";"Sim";2;0;0;1;1;0;1;2;-22,9384327;-44,39535788;"SPRF-RJ";"DEL03-RJ";"UOP03-DEL03-RJ"
177921;2018-12-13;"quinta-feira";"20:00:00";"PB";230;156,8;"CAMPINA GRANDE";"Falta de Atenção à Condução";"Colisão transversal";"Com Vítimas Feridas";"Plena Noite";"Crescente";"Céu Claro";"Simples";"Reta";"Sim";2;0;1;0;1;0;1;2;-7,2693;-35,9138;"SPRF-PB";"DEL02-PB";"UOP01-DEL02-PB"
177923;2018-12-13;"quinta-feira";"19:30:00";"AC";317;248;"XAPURI";"Animais na Pista";"Atropelamento de Animal";"Com Vítimas Feridas";"Plena Noite";"Decrescente";"Céu Claro";"Simples";"Reta";"Não";3;0;0;2;0;1;2;2;-10,77395219;-68,4475708;"SPRF-AC";"DEL01-AC";"UOP02-DEL01-AC"
177924;2018-12-13;"quinta-feira";"18:40:00";"RJ";101;533;"PARATY";"Desobediência às normas de trânsito pelo condutor";"Colisão frontal";"Com Vítimas Feridas";"Pleno dia";"Crescente";"Céu Claro";"Simples";"Rotatória";"Sim";2;0;1;0;1;0;1;2;-23,02966787;-44,54413176;"SPRF-RJ";"DEL03-RJ";"UOP02-DEL03-RJ"
177927;2018-12-13;"quinta-feira";"16:50:00";"SC";282;502,5;"XANXERE";"Defeito Mecânico no Veículo";"Queda de ocupante de veículo";"Com Vítimas Feridas";"Pleno dia";"Decrescente";"Céu Claro";"Múltipla";"Rotatória";"Não";2;0;1;0;1;0;1;1;-26,884584;-52,390911;"SPRF-SC";"DEL07-SC";"UOP01-DEL07-SC"
177928;2018-12-13;"quinta-feira";"21:40:00";"SC";101;87;"BARRA VELHA";"Falta de Atenção à Condução";"Colisão lateral";"Com Vítimas Feridas";"Pleno dia";"Decrescente";"Céu Claro";"Múltipla";"Interseção de Vias";"Não";3;0;1;0;2;0;1;2;-26,6504;-48,6869;"SPRF-SC";"DEL03-SC";"UOP02-DEL03-SC"
177929;2018-12-13;"quinta-feira";"22:45:00";"PR";369;154,4;"LONDRINA";"Falta de Atenção à Condução";"Colisão traseira";"Com Vítimas Feridas";"Plena Noite";"Decrescente";"Céu Claro";"Dupla";"Reta";"Sim";3;0;1;1;1;0;2;2;-23,29730475;-51,20196998;"SPRF-PR";"DEL07-PR";"UOP01-DEL07-PR"
177932;2018-12-13;"quinta-feira";"18:00:00";"SC";280;66;"JARAGUA DO SUL";"Desobediência às normas de trânsito pelo condutor";"Colisão transversal";"Com Vítimas Feridas";"Pleno dia";"Decrescente";"Sol";"Simples";"Reta";"Sim";2;0;1;0;1;0;1;2;-26,476068;-49,095695;"SPRF-SC";"DEL03-SC";"UOP03-DEL03-SC"
177934;2018-12-13;"quinta-feira";"23:15:00";"PR";277;724;"FOZ DO IGUACU";"Desobediência às normas de trânsito pelo condutor";"Colisão transversal";"Com Vítimas Feridas";"Plena Noite";"Crescente";"Céu Claro";"Dupla";"Interseção de Vias";"Sim";5;0;2;0;3;0;2;4;-25,502563;-54,538681;"SPRF-PR";"DEL05-PR";"UOP01-DEL05-PR"
177935;2018-12-13;"quinta-feira";"23:00:00";"SC";101;415,7;"ARARANGUA";"Falta de Atenção à Condução";"Colisão frontal";"Com Vítimas Feridas";"Plena Noite";"Decrescente";"Céu Claro";"Dupla";"Interseção de Vias";"Sim";2;0;1;0;1;0;1;2;-28,9661324;-49,5220311;"SPRF-SC";"DEL02-SC";"UOP02-DEL02-SC"
177936;2018-12-13;"quinta-feira";"23:20:00";"DF";20;10;"BRASILIA";"Ingestão de Álcool";"Colisão transversal";"Com Vítimas Feridas";"Plena Noite";"Crescente";"Nublado";"Dupla";"Reta";"Sim";3;0;0;2;1;0;2;2;-15,650243;-47,773872;"SPRF-DF";"DEL02-DF";"UOP01-DEL02-DF"
177939;2018-12-14;"sexta-feira";"00:05:00";"PR";369;127,5;"JATAIZINHO";"Mal Súbito";"Saída de leito carroçável";"Com Vítimas Feridas";"Plena Noite";"Decrescente";"Céu Claro";"Dupla";"Reta";"Não";1;0;1;0;0;0;1;1;-23,26985297;-50,96755028;"SPRF-PR";"DEL07-PR";"UOP01-DEL07-PR"
177940;2018-12-13;"quinta-feira";"22:30:00";"PI";343;277,4;"CAMPO MAIOR";"Animais na Pista";"Atropelamento de Animal";"Sem Vítimas";"Plena Noite";"Decrescente";"Nublado";"Simples";"Reta";"Sim";1;0;0;0;1;0;0;1;-4,898688;-42,244488;"SPRF-PI";"DEL01-PI";"UOP03-DEL01-PI"
177945;2018-12-13;"quinta-feira";"21:30:00";"MS";262;484,2;"ANASTACIO";"Animais na Pista";"Saída de leito carroçável";"Sem Vítimas";"Plena Noite";"Crescente";"Céu Claro";"Simples";"Reta";"Não";1;0;0;0;1;0;0;1;-20,50078776;-55,77251407;"SPRF-MS";"DEL03-MS";"UOP01-DEL03-MS"
177946;2018-12-13;"quinta-feira";"19:00:00";"AM";174;994;"PRESIDENTE FIGUEIREDO";"Restrição de Visibilidade";"Saída de leito carroçável";"Com Vítimas Feridas";"Plena Noite";"Decrescente";"Chuva";"Simples";"Reta";"Não";2;0;2;0;0;0;2;1;-2,03032904;-60,02655029;"SPRF-AM";"DEL01-AM";"UOP02-DEL01-AM"
177948;2018-12-14;"sexta-feira";"01:40:00";"SC";282;2,3;"FLORIANOPOLIS";"Falta de Atenção à Condução";"Colisão traseira";"Com Vítimas Fatais";"Plena Noite";"Decrescente";"Céu Claro";"Dupla";"Desvio Temporário;Reta;Em Obras";"Sim";5;1;0;0;1;3;0;3;-27,603289;-48,590416;"SPRF-SC";"DEL01-SC";"UOP01-DEL01-SC"
177949;2018-12-14;"sexta-feira";"01:10:00";"PR";476;192;"LAPA";"Falta de Atenção do Pedestre";"Colisão transversal";"Com Vítimas Feridas";"Plena Noite";"Crescente";"Céu Claro";"Dupla";"Curva;Declive";"Não";2;0;0;1;1;0;1;2;-25,7293;-49,701283;"SPRF-PR";"DEL01-PR";"UOP06-DEL01-PR"
177950;2018-12-14;"sexta-feira";"02:15:00";"RS";116;252,1;"SAPUCAIA DO SUL";"Falta de Atenção à Condução";"Capotamento";"Sem Vítimas";"Plena Noite";"Decrescente";"Nublado";"Dupla";"Reta";"Sim";1;0;0;0;1;0;0;1;-29,809242;-51,167557;"SPRF-RS";"DEL01-RS";"UOP02-DEL01-RS"
177951;2018-12-11;"terça-feira";"13:00:00";"PB";230;13,7;"CABEDELO";"Não guardar distância de segurança";"Engavetamento";"Com Vítimas Feridas";"Pleno dia";"Crescente";"Céu Claro";"Dupla";"Reta";"Não";4;0;0;1;3;0;1;4;-7,0772;-34,8494;"SPRF-PB";"DEL01-PB";"UOP01-DEL01-PB"
177952;2018-12-14;"sexta-feira";"02:00:00";"SC";101;210;"SAO JOSE";"Ingestão de Álcool";"Colisão com objeto estático";"Com Vítimas Fatais";"Plena Noite";"Crescente";"Céu Claro";"Dupla";"Declive";"Sim";2;1;0;0;1;0;0;2;-27,6235;-48,6524;"SPRF-SC";"DEL01-SC";"UOP01-DEL01-SC"
177956;2018-12-14;"sexta-feira";"01:03:00";"RO";319;62,1;"PORTO VELHO";"Ingestão de Álcool";"Engavetamento";"Com Vítimas Feridas";"Plena Noite";"Decrescente";"Nublado";"Dupla";"Interseção de Vias";"Sim";4;0;1;0;3;0;1;4;-8,75036426;-63,88756536;"SPRF-RO";"DEL01-RO";"UOP01-DEL01-RO"
177958;2018-12-14;"sexta-feira";"03:30:00";"PR";376;221,4;"CAMBIRA";"Falta de Atenção à Condução";"Saída de leito carroçável";"Sem Vítimas";"Plena Noite";"Crescente";"Céu Claro";"Dupla";"Curva";"Não";1;0;0;0;0;1;0;1;-23,602331;-51,598296;"SPRF-PR";"DEL07-PR";"UOP03-DEL07-PR"
177959;2018-12-14;"sexta-feira";"05:00:00";"PR";373;268;"PRUDENTOPOLIS";"Ingestão de Álcool";"Colisão traseira";"Sem Vítimas";"Plena Noite";"Crescente";"Nublado";"Simples";"Reta";"Sim";2;0;0;0;0;2;0;2;-25,20351869;-50,98698092;"SPRF-PR";"DEL03-PR";"UOP01-DEL03-PR"
177965;2018-12-14;"sexta-feira";"06:50:00";"DF";70;19;"BRASILIA";"Não guardar distância de segurança";"Colisão traseira";"Com Vítimas Feridas";"Pleno dia";"Decrescente";"Céu Claro";"Dupla";"Declive";"Sim";2;0;2;0;0;0;2;2;-15,791093;-48,21096;"SPRF-DF";"DEL01-DF";"UOP02-DEL03-DF"
177966;2018-12-14;"sexta-feira";"06:45:00";"SP";116;162;"JACAREI";"Pista Escorregadia";"Queda de ocupante de veículo";"Com Vítimas Feridas";"Pleno dia";"Crescente";"Céu Claro";"Simples";"Curva";"Sim";1;0;1;0;0;0;1;1;-23,27809241;-45,97967148;"SPRF-SP";"DEL02-SP";"UOP01-DEL02-SP"
177967;2018-12-14;"sexta-feira";"06:20:00";"ES";101;144,9;"LINHARES";"Desobediência às normas de trânsito pelo condutor";"Colisão transversal";"Com Vítimas Feridas";"Pleno dia";"Crescente";"Sol";"Múltipla";"Interseção de Vias";"Não";2;0;0;1;1;0;1;2;-19,39845488;-40,0644511;"SPRF-ES";"DEL04-ES";"UOP01-DEL04-ES"
177969;2018-12-14;"sexta-feira";"06:30:00";"RJ";116;165;"RIO DE JANEIRO";"Falta de Atenção à Condução";"Colisão traseira";"Com Vítimas Feridas";"Pleno dia";"Decrescente";"Céu Claro";"Múltipla";"Reta";"Sim";2;0;2;0;0;0;2;2;-22,815485;-43,290874;"SPRF-RJ";"DEL01-RJ";"UOP02-DEL01-RJ"
177972;2018-12-10;"segunda-feira";"20:30:00";"RJ";101;294;"ITABORAI";"Defeito Mecânico no Veículo";"Incêndio";"Sem Vítimas";"Pleno dia";"Decrescente";"Céu Claro";"Dupla";"Reta";"Sim";1;0;0;0;1;0;0;1;-22,758444;-42,895023;"SPRF-RJ";"DEL02-RJ";"DEL5/2-UOP04/RJ"
177973;2018-12-14;"sexta-feira";"07:50:00";"GO";70;2,6;"AGUAS LINDAS DE GOIAS";"Não guardar distância de segurança";"Colisão lateral";"Com Vítimas Feridas";"Pleno dia";"Decrescente";"Céu Claro";"Dupla";"Reta";"Sim";1;0;1;0;0;0;1;1;-15,7481;-48,2635;"SPRF-DF";"DEL01-DF";"UOP02-DEL03-DF"
177974;2018-12-14;"sexta-feira";"07:45:00";"RS";116;265,7;"CANOAS";"Falta de Atenção à Condução";"Colisão lateral";"Com Vítimas Feridas";"Pleno dia";"Crescente";"Céu Claro";"Múltipla";"Aclive";"Sim";3;0;2;0;1;0;2;2;-29,923407;-51,177811;"SPRF-RS";"DEL01-RS";"UOP01-DEL01-RS"
177977;2018-12-14;"sexta-feira";"07:40:00";"MG";50;71;"UBERLANDIA";"Não guardar distância de segurança";"Colisão traseira";"Com Vítimas Feridas";"Pleno dia";"Decrescente";"Céu Claro";"Dupla";"Reta";"Sim";3;0;1;0;2;0;1;3;-18,9002;-48,2401;"SPRF-MG";"DEL15-MG";"UOP01-DEL15-MG"
177978;2018-12-14;"sexta-feira";"07:25:00";"PE";232;510;"SALGUEIRO";"Falta de Atenção à Condução";"Colisão lateral";"Com Vítimas Feridas";"Pleno dia";"Decrescente";"Céu Claro";"Simples";"Reta";"Sim";2;0;0;1;1;0;1;2;-8,068;-39,140304;"SPRF-PE";"DEL05-PE";"UOP01-DEL05-PE"
177979;2018-12-14;"sexta-feira";"07:10:00";"CE";116;15;"EUSEBIO";"Desobediência às normas de trânsito pelo condutor";"Queda de ocupante de veículo";"Sem Vítimas";"Pleno dia";"Decrescente";"Céu Claro";"Múltipla";"Reta";"Sim";1;0;0;0;1;0;0;1;-3,891;-38,502;"SPRF-CE";"DEL01-CE";"UOP02-DEL01-CE"
177980;2018-12-14;"sexta-feira";"08:10:00";"PR";376;212,7;"MANDAGUARI";"Desobediência às normas de trânsito pelo condutor";"Saída de leito carroçável";"Com Vítimas Feridas";"Pleno dia";"Crescente";"Sol";"Dupla";"Reta";"Não";1;0;1;0;0;0;1;1;-23,56314;-51,65901;"SPRF-PR";"DEL07-PR";"UOP01-DEL09-PR"
177983;2018-12-14;"sexta-feira";"07:30:00";"PE";232;410,9;"SERRA TALHADA";"Falta de Atenção à Condução";"Colisão traseira";"Com Vítimas Feridas";"Pleno dia";"Decrescente";"Céu Claro";"Simples";"Reta";"Sim";2;0;0;1;1;0;1;2;-7,98222773;-38,30160141;"SPRF-PE";"DEL04-PE";"UOP01-DEL04-PE"
177984;2018-12-14;"sexta-feira";"08:30:00";"MG";146;580;"BOTELHOS";"Desobediência às normas de trânsito pelo condutor";"Colisão transversal";"Com Vítimas Feridas";"Pleno dia";"Decrescente";"Céu Claro";"Simples";"Reta";"Não";3;0;3;0;0;0;3;2;-21,631355;-46,407696;"SPRF-MG";"DEL13-MG";"UOP01-DEL13-MG"
177985;2018-12-14;"sexta-feira";"05:50:00";"MA";135;23,7;"SAO LUIS";"Falta de Atenção do Pedestre";"Atropelamento de Pedestre";"Com Vítimas Feridas";"Amanhecer";"Crescente";"Céu Claro";"Dupla";"Reta";"Sim";2;0;0;1;1;0;1;2;-2,55123549;-44,30659533;"SPRF-MA";"DEL01-MA";"UOP01-DEL01-MA"
177986;2018-12-14;"sexta-feira";"07:30:00";"RS";153;51,1;"ERECHIM";"Não guardar distância de segurança";"Colisão traseira";"Com Vítimas Feridas";"Pleno dia";"Crescente";"Céu Claro";"Simples";"Reta";"Não";2;0;1;0;1;0;1;2;-27,66025;-52,284142;"SPRF-RS";"DEL08-RS";"UOP04-DEL08-RS"