"id";"data_inversa";"dia_semana";"horario";"uf";"br";"km";"municipio";"causa_acidente";"tipo_acidente";"classificacao_acidente";"fase_dia";"sentido_via";"condicao_metereologica";"tipo_pista";"tracado_via";"uso_solo";"pessoas";"mortos";"feridos_leves";"feridos_graves";"ilesos";"ignorados";"feridos";"veiculos";"latitude";"longitude";"regional";"delegacia";"uop"
178211;2018-12-15;"sábado";"03:10:00";"PR";277;509,3;"GUARANIACU";"Desobediência às normas de trânsito pelo condutor";"Colisão transversal";"Com Vítimas Feridas";"Plena Noite";"Decrescente";"Céu Claro";"Simples";"Reta";"Não";7;0;4;0;3;0;4;2;-25,12193229;-52,77164253;"SPRF-PR";"DEL04-PR";"UOP04-DEL04-PR"
178212;2018-12-15;"sábado";"03:00:00";"SC";101;206;"SAO JOSE";"Falta de Atenção à Condução";"Colisão traseira";"Sem Vítimas";"Plena Noite";"Decrescente";"Nublado";"Múltipla";"Reta";"Sim";3;0;0;0;3;0;0;3;-27,6001;-48,6225;"SPRF-SC";"DEL01-SC";"UOP01-DEL01-SC"
178213;2018-12-15;"sábado";"04:15:00";"PR";158;521;"PATO BRANCO";"Desobediência às normas de trânsito pelo condutor";"Colisão frontal";"Com Vítimas Feridas";"Plena Noite";"Crescente";"Céu Claro";"Simples";"Retorno Regulamentado;Reta;Interseção de Vias";"Sim";3;0;2;0;0;1;2;2;-26,20228;-52,678215;"SPRF-PR";"DEL02-PR";"UOP01-DEL02-PR"
178214;2018-12-15;"sábado";"03:25:00";"MG";40;509;"RIBEIRAO DAS NEVES";"Falta de Atenção à Condução";"Colisão traseira";"Com Vítimas Feridas";"Plena Noite";"Decrescente";"Céu Claro";"Dupla";"Reta";"Sim";5;0;3;1;1;0;4;3;-19,7774;-44,1209;"SPRF-MG";"DEL01-MG";"UOP03-DEL01-MG"
178215;2018-12-15;"sábado";"03:20:00";"PI";343;348;"TERESINA";"Desobediência às normas de trânsito pelo condutor";"Colisão frontal";"Com Vítimas Feridas";"Plena Noite";"Crescente";"Chuva";"Simples";"Reta";"Sim";3;0;0;2;1;0;2;2;-5,118706;-42,786411;"SPRF-PI";"DEL01-PI";"UOP01-DEL01-PI"
178218;2018-12-15;"sábado";"04:00:00";"MG";381;919,1;"CAMANDUCAIA";"Ingestão de Álcool";"Colisão com objeto estático";"Com Vítimas Feridas";"Plena Noite";"Decrescente";"Céu Claro";"Dupla";"Declive;Curva";"Não";2;0;2;0;0;0;2;1;-22,7599;-46,1594;"SPRF-MG";"DEL16-MG";"UOP03-DEL16-MG"
178219;2018-12-15;"sábado";"04:00:00";"MS";262;736,4;"CORUMBA";"Animais na Pista";"Atropelamento de Animal";"Com Vítimas Feridas";"Plena Noite";"Crescente";"Céu Claro";"Simples";"Curva";"Não";2;0;1;0;1;0;1;1;-19;-57;"SPRF-MS";"DEL03-MS";"UOP03-DEL03-MS"
178220;2018-12-15;"sábado";"04:00:00";"MT";163;760;"SORRISO";"Falta de Atenção à Condução";"Colisão traseira";"Com Vítimas Feridas";"Plena Noite";"Crescente";"Céu Claro";"Simples";"Reta";"Não";2;0;1;0;1;0;1;2;-12,47043626;-55,67253113;"SPRF-MT";"DEL06-MT";"UOP01-DEL06-MT"
178221;2018-12-15;"sábado";"04:40:00";"SC";101;112,1;"ITAJAI";"Falta de Atenção à Condução";"Colisão com objeto estático";"Sem Vítimas";"Plena Noite";"Decrescente";"Nublado";"Dupla";"Reta";"Não";1;0;0;0;1;0;0;1;-26,8533;-48,7265;"SPRF-SC";"DEL04-SC";"UOP04-DEL04-SC"
178224;2018-12-15;"sábado";"04:50:00";"MG";40;510;"RIBEIRAO DAS NEVES";"Falta de Atenção à Condução";"Saída de leito carroçável";"Sem Vítimas";"Plena Noite";"Crescente";"Céu Claro";"Dupla";"Reta";"Sim";1;0;0;0;0;1;0;1;-19,77828401;-44,12034273;"SPRF-MG";"DEL01-MG";"UOP03-DEL01-MG"
178225;2018-12-15;"sábado";"05:00:00";"GO";40;2,6;"VALPARAISO DE GOIAS";"Falta de Atenção à Condução";"Queda de ocupante de veículo";"Com Vítimas Feridas";"Plena Noite";"Crescente";"Céu Claro";"Dupla";"Reta";"Sim";1;0;1;0;0;0;1;1;-16,067129;-47,984235;"SPRF-DF";"DEL01-DF";"UOP01-DEL01-DF"
178227;2018-12-14;"sexta-feira";"20:00:00";"BA";116;16;"VITORIA DA CONQUISTA";"Desobediência às normas de trânsito pelo condutor";"Colisão lateral";"Com Vítimas Feridas";"Plena Noite";"Decrescente";"Céu Claro";"Simples";"Reta";"Sim";2;0;2;0;0;0;2;2;-14,851;-40,8485;"SPRF-BA";"DEL08-BA";"UOP01-DEL08-BA"
178228;2018-12-15;"sábado";"05:10:00";"SC";101;165;"TIJUCAS";"Condutor Dormindo";"Colisão com objeto estático";"Sem Vítimas";"Amanhecer";"Crescente";"Céu Claro";"Dupla";"Reta";"Não";1;0;0;0;1;0;0;1;-27,2595;-48,6316;"SPRF-SC";"DEL04-SC";"UOP03-DEL04-SC"
178230;2018-12-15;"sábado";"05:45:00";"SP";381;35;"ATIBAIA";"Condutor Dormindo";"Atropelamento de Pedestre";"Com Vítimas Fatais";"Amanhecer";"Crescente";"Céu Claro";"Dupla";"Declive";"Sim";2;1;0;0;1;0;0;2;-23,090072;-46,572388;"SPRF-SP";"DEL03-SP";"UOP02-DEL03-SP"
178231;2018-12-15;"sábado";"06:00:00";"SC";470;90,8;"APIUNA";"Ingestão de Álcool";"Colisão lateral";"Com Vítimas Feridas";"Amanhecer";"Crescente";"Céu Claro";"Simples";"Reta";"Não";2;0;1;0;1;0;1;2;-26,969337;-49,367718;"SPRF-SC";"DEL04-SC";"UOP01-DEL04-SC"
178233;2018-12-15;"sábado";"06:20:00";"SC";470;66,2;"INDAIAL";"Ingestão de Álcool";"Saída de leito carroçável";"Com Vítimas Feridas";"Pleno dia";"Crescente";"Céu Claro";"Simples";"Rotatória";"Sim";2;0;2;0;0;0;2;1;-26,87002802;-49,22486544;"SPRF-SC";"DEL04-SC";"UOP01-DEL04-SC"
178235;2018-12-15;"sábado";"07:05:00";"SC";101;129;"CAMBORIU";"Falta de Atenção à Condução";"Tombamento";"Com Vítimas Feridas";"Amanhecer";"Crescente";"Nublado";"Dupla";"Reta";"Não";1;0;1;0;0;0;1;1;-26,9806;-48,6788;"SPRF-SC";"DEL04-SC";"UOP03-DEL04-SC"
178238;2018-12-15;"sábado";"07:00:00";"SP";116;274;"TABOAO DA SERRA";"Falta de Atenção à Condução";"Capotamento";"Com Vítimas Feridas";"Pleno dia";"Crescente";"Céu Claro";"Dupla";"Reta";"Sim";3;0;3;0;0;0;3;1;-23,6169238;-46,79240227;"SPRF-SP";"DEL04-SP";"UOP01-DEL04-SP"
178239;2018-12-15;"sábado";"07:00:00";"SC";282;4,6;"SAO JOSE";"Condutor Dormindo";"Saída de leito carroçável";"Com Vítimas Feridas";"Pleno dia";"Decrescente";"Céu Claro";"Múltipla";"Reta";"Não";1;0;1;0;0;0;1;1;-27,59108069;-48,6076355;"SPRF-SC";"DEL01-SC";"UOP01-DEL01-SC"
178240;2018-12-15;"sábado";"05:00:00";"SC";280;249,5;"CANOINHAS";"Ingestão de Álcool";"Saída de leito carroçável";"Sem Vítimas";"Amanhecer";"Decrescente";"Céu Claro";"Simples";"Reta";"Não";1;0;0;0;1;0;0;1;-26,253103;-50,53278;"SPRF-SC";"DEL06-SC";"UOP04-DEL06-SC"
178242;2018-12-15;"sábado";"06:45:00";"MG";262;29,8;"REDUTO";"Ingestão de Álcool";"Atropelamento de Pedestre";"Com Vítimas Fatais";"Amanhecer";"Decrescente";"Céu Claro";"Simples";"Curva";"Não";3;1;0;0;2;0;0;2;-20,247223;-41,982025;"SPRF-MG";"DEL06-MG";"UOP03-DEL06-MG"
178243;2018-12-15;"sábado";"05:30:00";"RJ";493;120;"ITAGUAI";"Defeito na Via";"Capotamento";"Sem Vítimas";"Amanhecer";"Decrescente";"Céu Claro";"Dupla";"Em Obras";"Sim";1;0;0;0;1;0;0;1;-22,87919502;-43,82074535;"SPRF-RJ";"DEL03-RJ";"UOP01-DEL03-RJ"
178245;2018-12-15;"sábado";"07:00:00";"RS";290;91,9;"PORTO ALEGRE";"Pista Escorregadia";"Colisão com objeto estático";"Com Vítimas Feridas";"Pleno dia";"Decrescente";"Chuva";"Simples";"Curva";"Sim";1;0;1;0;0;0;1;1;-29,969055;-51,167439;"SPRF-RS";"DEL01-RS";"UOP01-DEL01-RS"
178246;2018-12-15;"sábado";"07:05:00";"MG";262;442,7;"NOVA SERRANA";"Desobediência às normas de trânsito pelo condutor";"Colisão transversal";"Com Vítimas Feridas";"Pleno dia";"Decrescente";"Céu Claro";"Dupla";"Reta";"Sim";2;0;0;1;1;0;1;2;-19,880623;-44,912323;"SPRF-MG";"DEL08-MG";"UOP03-DEL08-MG"
178247;2018-12-15;"sábado";"08:00:00";"ES";101;66,2;"SAO MATEUS";"Falta de Atenção à Condução";"Colisão traseira";"Com Vítimas Feridas";"Pleno dia";"Crescente";"Nublado";"Simples";"Reta";"Sim";2;0;1;0;1;0;1;2;-18,716522;-39,874359;"SPRF-ES";"DEL04-ES";"UOP02-DEL04-ES"
178249;2018-12-15;"sábado";"08:30:00";"MG";40;511;"RIBEIRAO DAS NEVES";"Não guardar distância de segurança";"Colisão traseira";"Com Vítimas Feridas";"Pleno dia";"Crescente";"Céu Claro";"Dupla";"Reta";"Sim";2;0;1;0;1;0;1;2;-19,7926;-44,1112;"SPRF-MG";"DEL01-MG";"UOP03-DEL01-MG"
178250;2018-12-12;"quarta-feira";"01:30:00";"RS";472;405;"SAO BORJA";"Defeito Mecânico no Veículo";"Saída de leito carroçável";"Com Vítimas Feridas";"Plena Noite";"Crescente";"Nublado";"Simples";"Reta";"Não";32;0;2;0;30;0;2;1;-28,71347417;-56,00624084;"SPRF-RS";"DEL12-RS";"UOP01-DEL12-RS"
178251;2018-12-15;"sábado";"08:30:00";"PR";369;185;"ARAPONGAS";"Falta de Atenção à Condução";"Colisão transversal";"Com Vítimas Feridas";"Pleno dia";"Decrescente";"Céu Claro";"Simples";"Reta";"Sim";2;0;1;0;1;0;1;2;-23,40189843;-51,42772079;"SPRF-PR";"DEL07-PR";"UOP03-DEL07-PR"
178252;2018-12-15;"sábado";"09:00:00";"MG";262;136;"RIO CASCA";"Falta de Atenção à Condução";"Saída de leito carroçável";"Com Vítimas Feridas";"Pleno dia";"Decrescente";"Sol";"Simples";"Curva";"Não";2;0;2;0;0;0;2;1;-20,104513;-42,697918;"SPRF-MG";"DEL03-MG";"UOP03-DEL03-MG"
178253;2018-12-15;"sábado";"08:40:00";"PR";476;145,5;"CURITIBA";"Falta de Atenção à Condução";"Colisão transversal";"Sem Vítimas";"Pleno dia";"Decrescente";"Céu Claro";"Dupla";"Reta";"Não";2;0;0;0;2;0;0;2;-25,547749;-49,32095;"SPRF-PR";"DEL01-PR";"UOP06-DEL01-PR"
178254;2018-11-10;"sábado";"03:40:00";"MT";70;22;"BARRA DO GARCAS";"Fenômenos da Natureza";"Tombamento";"Com Vítimas Fatais";"Plena Noite";"Decrescente";"Chuva";"Simples";"Reta";"Não";1;1;0;0;0;0;0;1;-15,842041;-52,441063;"SPRF-MT";"DEL07-MT";"UOP01-DEL07-MT"
178256;2018-12-15;"sábado";"05:40:00";"RJ";101;93,5;"CAMPOS DOS GOYTACAZES";"Condutor Dormindo";"Saída de leito carroçável";"Com Vítimas Feridas";"Amanhecer";"Decrescente";"Céu Claro";"Dupla";"Curva";"Não";4;0;4;0;0;0;4;1;-21,860159;-41,532856;"SPRF-RJ";"DEL08-RJ";"UOP02-DEL08-RJ"
178257;2018-12-15;"sábado";"08:30:00";"SP";116;225;"GUARULHOS";"Defeito Mecânico no Veículo";"Colisão com objeto estático";"Com Vítimas Feridas";"Pleno dia";"Decrescente";"Sol";"Múltipla";"Reta";"Sim";1;0;1;0;0;0;1;1;-23,48979665;-46,54706061;"SPRF-SP";"DEL01-SP";"UOP01-DEL01-SP"
178259;2018-12-15;"sábado";"08:30:00";"PR";116;117;"CURITIBA";"Falta de Atenção à Condução";"Queda de ocupante de veículo";"Com Vítimas Feridas";"Pleno dia";"Decrescente";"Céu Claro";"Dupla";"Retorno Regulamentado";"Sim";1;0;1;0;0;0;1;1;-25,56483248;-49,30884272;"SPRF-PR";"DEL01-PR";"UOP07-DEL01-PR"
178260;2018-12-15;"sábado";"08:15:00";"SC";101;352,5;"JAGUARUNA";"Ingestão de Álcool";"Colisão traseira";"Com Vítimas Feridas";"Pleno dia";"Crescente";"Céu Claro";"Dupla";"Reta";"Não";2;0;1;0;1;0;1;2;-28,6095;-49,0592;"SPRF-SC";"DEL02-SC";"UOP01-DEL02-SC"
178261;2018-12-15;"sábado";"08:15:00";"PI";343;110;"COCAL";"Falta de Atenção à Condução";"Colisão frontal";"Com Vítimas Feridas";"Pleno dia";"Decrescente";"Céu Claro";"Simples";"Reta";"Não";2;0;0;2;0;0;2;2;-3,657759;-41,674343;"SPRF-PI";"DEL05-PI";"UOP01-DEL05-PI"
178263;2018-12-15;"sábado";"09:30:00";"MG";116;658,8;"SAO FRANCISCO DO GLORIA";"Falta de Atenção à Condução";"Colisão transversal";"Com Vítimas Feridas";"Pleno dia";"Decrescente";"Sol";"Simples";"Aclive;Reta";"Sim";3;0;2;0;1;0;2;2;-20,76986327;-42,30080908;"SPRF-MG";"DEL07-MG";"UOP03-DEL07-MG"
178264;2018-12-15;"sábado";"08:00:00";"PB";101;105,8;"ALHANDRA";"Defeito Mecânico no Veículo";"Incêndio";"Sem Vítimas";"Pleno dia";"Crescente";"Céu Claro";"Dupla";"Reta";"Não";1;0;0;0;1;0;0;1;-7,3262;-34,947;"SPRF-PB";"DEL01-PB";"UOP01-DEL01-PB"
178265;2018-12-15;"sábado";"05:50:00";"BA";116;614;"IRAJUBA";"Condutor Dormindo";"Atropelamento de Pedestre";"Com Vítimas Fatais";"Amanhecer";"Crescente";"Ignorado";"Simples";"Declive";"Não";2;1;0;0;1;0;0;2;-13,3191373;-40,0171262;"SPRF-BA";"DEL03-BA";"UOP01-DEL03-BA"
178266;2018-12-15;"sábado";"09:40:00";"SC";101;197;"BIGUACU";"Falta de Atenção à Condução";"Colisão com objeto estático";"Com Vítimas Feridas";"Pleno dia";"Decrescente";"Céu Claro";"Múltipla";"Aclive;Curva";"Sim";2;0;2;0;0;0;2;1;-27,5267;-48,6349;"SPRF-SC";"DEL01-SC";"UOP01-DEL01-SC"
178267;2018-12-04;"terça-feira";"05:15:00";"MG";381;549,5;"ITATIAIUCU";"Objeto estático sobre o leito carroçável";"Saída de leito carroçável";"Com Vítimas Feridas";"Plena Noite";"Crescente";"Céu Claro";"Dupla";"Curva";"Não";1;0;1;0;0;0;1;1;-20,2993;-44,4409;"SPRF-MG";"DEL04-MG";"UOP03-DEL04-MG"
178269;2018-12-15;"sábado";"05:15:00";"BA";110;354;"CATU";"Falta de Atenção à Condução";"Colisão frontal";"Com Vítimas Feridas";"Amanhecer";"Decrescente";"Chuva";"Simples";"Reta";"Sim";3;0;3;0;0;0;3;2;-12,2592;-38,3853;"SPRF-BA";"DEL01-BA";"UOP04-DEL01-BA"
178270;2018-12-15;"sábado";"09:50:00";"RS";116;135,8;"CAXIAS DO SUL";"Mal Súbito";"Colisão frontal";"Sem Vítimas";"Pleno dia";"Decrescente";"Céu Claro";"Simples";"Curva";"Não";3;0;0;0;3;0;0;2;-29,069513;-51,099876;"SPRF-RS";"DEL05-RS";"UOP01-DEL05-RS"
178274;2018-12-14;"sexta-feira";"23:00:00";"MT";163;841;"SINOP";"Defeito Mecânico no Veículo";"Saída de leito carroçável";"Sem Vítimas";"Plena Noite";"Crescente";"Céu Claro";"Simples";"Reta";"Sim";1;0;0;0;1;0;0;1;-11,83375037;-55,48851013;"SPRF-MT";"DEL06-MT";"UOP02-DEL06-MT"
178276;2018-12-15;"sábado";"09:45:00";"PE";101;48,6;"ABREU E LIMA";"Falta de Atenção à Condução";"Colisão transversal";"Com Vítimas Feridas";"Pleno dia";"Decrescente";"Céu Claro";"Múltipla";"Reta";"Sim";2;0;0;1;0;1;1;2;-7,898;-34,9025;"SPRF-PE";"DEL01-PE";"UOP02-DEL01-PE"
178278;2018-12-15;"sábado";"10:50:00";"RS";116;153;"CAXIAS DO SUL";"Não guardar distância de segurança";"Colisão lateral";"Com Vítimas Feridas";"Pleno dia";"Crescente";"Nublado";"Dupla";"Interseção de Vias";"Sim";2;0;1;0;1;0;1;2;-29,185799;-51,177132;"SPRF-RS";"DEL05-RS";"UOP01-DEL05-RS"
178280;2018-12-15;"sábado";"04:15:00";"PI";230;244,8;"SAO FRANCISCO DO PIAUI";"Falta de Atenção à Condução";"Capotamento";"Com Vítimas Fatais";"Plena Noite";"Crescente";"Céu Claro";"Simples";"Curva";"Não";4;1;3;0;0;0;3;1;-6,9856;-42,491058;"SPRF-PI";"DEL03-PI";"UOP01-DEL03-PI"
178281;2018-12-15;"sábado";"11:00:00";"PR";476;101,7;"BOCAIUVA DO SUL";"Ultrapassagem Indevida";"Colisão traseira";"Com Vítimas Feridas";"Pleno dia";"Decrescente";"Céu Claro";"Simples";"Reta";"Não";2;0;0;1;1;0;1;2;-25,255327;-49,141785;"SPRF-PR";"DEL01-PR";"UOP01-DEL01-PR"
178282;2018-12-15;"sábado";"11:00:00";"PR";277;70;"SAO JOSE DOS PINHAIS";"Não guardar distância de segurança";"Colisão traseira";"Com Vítimas Feridas";"Pleno dia";"Crescente";"Céu Claro";"Dupla";"Reta";"Não";1;0;1;0;0;0;1;1;-25,5104373;-49,13029785;"SPRF-PR";"DEL01-PR";"UOP07-DEL01-PR"
178283;2018-12-15;"sábado";"10:40:00";"SC";282;0,3;"FLORIANOPOLIS";"Falta de Atenção à Condução";"Colisão traseira";"Com Vítimas Feridas";"Pleno dia";"Crescente";"Sol";"Dupla";"Reta";"Sim";3;0;1;0;2;0;1;2;-27,59845;-48,571995;"SPRF-SC";"DEL01-SC";"UOP01-DEL01-SC"
178285;2018-12-15;"sábado";"11:00:00";"GO";70;12,1;"AGUAS LINDAS DE GOIAS";"Falta de Atenção à Condução";"Queda de ocupante de veículo";"Sem Vítimas";"Pleno dia";"Crescente";"Céu Claro";"Dupla";"Reta";"Sim";1;0;0;0;0;1;0;1;-15,74047273;-48,31072569;"SPRF-DF";"DEL01-DF";"UOP02-DEL03-DF"
178288;2018-12-15;"sábado";"11:15:00";"RJ";116;61;"TERESOPOLIS";"Condutor Dormindo";"Queda de ocupante de veículo";"Com Vítimas Feridas";"Pleno dia";"Crescente";"Céu Claro";"Simples";"Reta";"Não";1;0;0;1;0;0;1;1;-22,244183;-42,915752;"SPRF-RJ";"DEL04-RJ";"UOP01-DEL04-RJ"
178290;2018-12-15;"sábado";"12:10:00";"RJ";116;268,8;"BARRA MANSA";"Falta de Atenção do Pedestre";"Atropelamento de Pedestre";"Com Vítimas Fatais";"Pleno dia";"Crescente";"Céu Claro";"Dupla";"Curva";"Sim";2;1;0;0;1;0;0;2;-22,560883;-44,122238;"SPRF-RJ";"DEL07-RJ";"UOP02-DEL07-RJ"
178292;2018-12-15;"sábado";"12:50:00";"MG";50;74;"UBERLANDIA";"Falta de Atenção à Condução";"Colisão traseira";"Com Vítimas Feridas";"Pleno dia";"Crescente";"Céu Claro";"Dupla";"Curva";"Não";2;0;2;0;0;0;2;2;-18,9121734;-48,22365046;"SPRF-MG";"DEL15-MG";"UOP01-DEL15-MG"
178293;2018-12-15;"sábado";"10:50:00";"MS";60;185,8;"CAMAPUA";"Ultrapassagem Indevida";"Saída de leito carroçável";"Com Vítimas Feridas";"Pleno dia";"Crescente";"Céu Claro";"Simples";"Curva;Declive";"Não";5;0;2;0;3;0;2;1;-19,516068;-53,950001;"SPRF-MS";"DEL06-MS";"UOP02-DEL06-MS"
178294;2018-12-15;"sábado";"12:00:00";"PR";272;391,8;"FAROL";"Desobediência às normas de trânsito pelo condutor";"Colisão transversal";"Com Vítimas Feridas";"Pleno dia";"Crescente";"Céu Claro";"Simples";"Rotatória";"Não";4;0;1;0;3;0;1;2;-24,0887984;-52,62098378;"SPRF-PR";"DEL04-PR";"UOP03-DEL09-PR"
178297;2018-12-15;"sábado";"12:30:00";"PR";277;99;"CURITIBA";"Falta de Atenção à Condução";"Saída de leito carroçável";"Sem Vítimas";"Pleno dia";"Crescente";"Céu Claro";"Dupla";"Reta";"Sim";2;0;0;0;2;0;0;2;-25,43178433;-49,36159671;"SPRF-PR";"DEL01-PR";"UOP06-DEL01-PR"
178298;2018-12-15;"sábado";"11:55:00";"PR";153;331;"IRATI";"Desobediência às normas de trânsito pelo condutor";"Colisão transversal";"Com Vítimas Feridas";"Pleno dia";"Decrescente";"Sol";"Dupla";"Curva";"Sim";3;0;1;0;1;1;1;3;-25,463053;-50,623066;"SPRF-PR";"DEL03-PR";"UOP02-DEL08-PR"
178300;2018-12-15;"sábado";"12:01:00";"RJ";101;316;"SAO GONCALO";"Falta de Atenção à Condução";"Colisão lateral";"Com Vítimas Feridas";"Pleno dia";"Crescente";"Céu Claro";"Dupla";"Reta";"Não";2;0;1;0;1;0;1;2;-22,828388;-43,092102;"SPRF-RJ";"DEL02-RJ";"DEL5/2-UOP04/RJ"
178301;2018-12-15;"sábado";"11:28:00";"PB";101;60,8;"SANTA RITA";"Ingestão de Álcool";"Saída de leito carroçável";"Com Vítimas Feridas";"Pleno dia";"Decrescente";"Céu Claro";"Dupla";"Aclive;Curva";"Não";2;0;2;0;0;0;2;1;-7,013;-35,061;"SPRF-PB";"DEL01-PB";"UOP04-DEL01-PB"
178305;2018-12-15;"sábado";"14:30:00";"PR";277;75;"SAO JOSE DOS PINHAIS";"Desobediência às normas de trânsito pelo condutor";"Colisão traseira";"Com Vítimas Feridas";"Pleno dia";"Crescente";"Céu Claro";"Dupla";"Reta";"Não";3;0;2;0;1;0;2;2;-25,49365523;-49,16770915;"SPRF-PR";"DEL01-PR";"UOP01-DEL01-PR"
178306;2018-12-15;"sábado";"13:23:00";"PB";101;86,1;"JOAO PESSOA";"Desobediência às normas de trânsito pelo condutor";"Colisão traseira";"Com Vítimas Feridas";"Pleno dia";"Crescente";"Sol";"Dupla";"Declive";"Não";3;0;0;1;2;0;1;2;-7,15176792;-34,90904868;"SPRF-PB";"DEL01-PB";"UOP01-DEL01-PB"
178308;2018-12-15;"sábado";"13:30:00";"AL";101;74,4;"MESSIAS";"Falta de Atenção do Pedestre";"Atropelamento de Pedestre";"Sem Vítimas";"Pleno dia";"Crescente";"Céu Claro";"Dupla";"Reta";"Sim";2;0;0;0;1;1;0;2;-9,395576;-35,838703;"SPRF-AL";"DEL01-AL";"UOP01-DEL01-AL"
178309;2018-12-15;"sábado";"10:00:00";"ES";101;311;"VIANA";"Defeito Mecânico no Veículo";"Tombamento";"Com Vítimas Feridas";"Pleno dia";"Decrescente";"Céu Claro";"Simples";"Reta";"Não";2;0;2;0;0;0;2;1;-20,43988163;-40,46024323;"SPRF-ES";"DEL03-ES";"UOP01-DEL03-ES"
178310;2018-12-15;"sábado";"14:30:00";"PE";101;89;"CABO DE SANTO AGOSTINHO";"Velocidade Incompatível";"Saída de leito carroçável";"Com Vítimas Feridas";"Pleno dia";"Decrescente";"Céu Claro";"Dupla";"Reta";"Não";1;0;1;0;0;0;1;1;-8,2155;-34,9874;"SPRF-PE";"DEL01-PE";"UOP03-DEL01-PE"
178311;2018-12-15;"sábado";"14:30:00";"RJ";101;294;"ITABORAI";"Desobediência às normas de trânsito pelo condutor";"Colisão lateral";"Com Vítimas Feridas";"Pleno dia";"Decrescente";"Céu Claro";"Dupla";"Reta";"Sim";3;0;1;0;2;0;1;3;-22,758444;-42,895023;"SPRF-RJ";"DEL02-RJ";"DEL5/2-UOP04/RJ"
178312;2018-12-15;"sábado";"09:15:00";"PI";316;0,7;"TERESINA";"Não guardar distância de segurança";"Colisão traseira";"Com Vítimas Feridas";"Pleno dia";"Decrescente";"Céu Claro";"Múltipla";"Reta";"Sim";2;0;0;1;1;0;1;2;-5,131168;-42,81564;"SPRF-PI";"DEL01-PI";"UOP02-DEL01-PI"
178313;2018-12-15;"sábado";"09:40:00";"AC";317;154;"CAPIXABA";"Desobediência às normas de trânsito pelo condutor";"Colisão frontal";"Com Vítimas Feridas";"Pleno dia";"Decrescente";"Nublado";"Simples";"Reta";"Não";2;0;1;0;1;0;1;2;-10,602827;-67,738914;"SPRF-AC";"DEL01-AC";"UOP02-DEL01-AC"
178314;2018-12-15;"sábado";"11:30:00";"AC";364;175;"CAPIXABA";"Defeito na Via";"Saída de leito carroçável";"Com Vítimas Feridas";"Pleno dia";"Crescente";"Chuva";"Simples";"Declive";"Não";3;0;3;0;0;0;3;1;-10,59422576;-67,94108391;"SPRF-AC";"DEL01-AC";"UOP01-DEL01-AC"
178315;2018-12-15;"sábado";"14:45:00";"GO";153;508,1;"APARECIDA DE GOIANIA";"Falta de Atenção à Condução";"Colisão lateral";"Com Vítimas Feridas";"Pleno dia";"Decrescente";"Céu Claro";"Dupla";"Reta";"Não";5;0;2;0;3;0;2;2;-16,7804;-49,2371;"SPRF-GO";"DEL01-GO";"UOP03-DEL01-GO"
178318;2018-12-15;"sábado";"14:40:00";"SP";116;199,5;"GUARULHOS";"Desobediência às normas de trânsito pelo condutor";"Colisão traseira";"Com Vítimas Feridas";"Pleno dia";"Decrescente";"Sol";"Dupla";"Reta";"Sim";2;0;1;0;1;0;1;2;-23,41757281;-46,37191772;"SPRF-SP";"DEL01-SP";"UOP02-DEL01-SP"
178319;2018-12-15;"sábado";"15:10:00";"SP";116;89;"PINDAMONHANGABA";"Defeito Mecânico no Veículo";"Tombamento";"Com Vítimas Feridas";"Pleno dia";"Crescente";"Céu Claro";"Dupla";"Reta";"Não";2;0;2;0;0;0;2;1;-22,939379;-45,378887;"SPRF-SP";"DEL06-SP";"UOP01-DEL06-SP"
178320;2018-12-15;"sábado";"15:30:00";"RS";386;426,5;"MONTENEGRO";"Desobediência às normas de trânsito pelo condutor";"Colisão frontal";"Com Vítimas Fatais";"Pleno dia";"Decrescente";"Chuva";"Simples";"Ponte;Em Obras;Reta;Desvio Temporário";"Não";9;4;4;0;0;1;4;4;-29,8201958;-51,35721087;"SPRF-RS";"DEL04-RS";"UOP02-DEL04-RS"
178323;2018-12-15;"sábado";"11:30:00";"MT";70;28,5;"BARRA DO GARCAS";"Velocidade Incompatível";"Saída de leito carroçável";"Com Vítimas Fatais";"Pleno dia";"Decrescente";"Céu Claro";"Simples";"Declive";"Não";4;1;0;3;0;0;3;1;-15,813926;-52,477566;"SPRF-MT";"DEL07-MT";"UOP01-DEL07-MT"
178326;2018-12-15;"sábado";"16:15:00";"DF";70;14;"BRASILIA";"Ingestão de Substâncias Psicoativas";"Colisão lateral";"Com Vítimas Feridas";"Pleno dia";"Crescente";"Nublado";"Dupla";"Reta";"Sim";2;0;1;0;1;0;1;2;-15,797312;-48,176056;"SPRF-DF";"DEL01-DF";"UOP02-DEL03-DF"
178328;2018-12-15;"sábado";"14:40:00";"RS";153;25;"TRES ARROIOS";"Pista Escorregadia";"Tombamento";"Com Vítimas Feridas";"Pleno dia";"Crescente";"Chuva";"Simples";"Curva";"Não";1;0;1;0;0;0;1;1;-27,50243;-52,126068;"SPRF-RS";"DEL08-RS";"UOP04-DEL08-RS"
178331;2018-12-15;"sábado";"14:50:00";"SC";280;31,4;"ARAQUARI";"Falta de Atenção à Condução";"Colisão frontal";"Com Vítimas Feridas";"Pleno dia";"Decrescente";"Céu Claro";"Simples";"Reta";"Não";3;0;0;2;1;0;2;2;-26,416498;-48,771812;"SPRF-SC";"DEL03-SC";"UOP03-DEL03-SC"