"id";"data_inversa";"dia_semana";"horario";"uf";"br";"km";"municipio";"causa_acidente";"tipo_acidente";"classificacao_acidente";"fase_dia";"sentido_via";"condicao_metereologica";"tipo_pista";"tracado_via";"uso_solo";"pessoas";"mortos";"feridos_leves";"feridos_graves";"ilesos";"ignorados";"feridos";"veiculos";"latitude";"longitude";"regional";"delegacia";"uop"
178332;2018-12-15;"sábado";"16:30:00";"RJ";101;123;"CAMPOS DOS GOYTACAZES";"Falta de Atenção à Condução";"Colisão lateral";"Com Vítimas Feridas";"Pleno dia";"Decrescente";"Céu Claro";"Múltipla";"Reta";"Não";2;0;1;0;1;0;1;2;-22,049772;-41,684048;"SPRF-RJ";"DEL08-RJ";"UOP02-DEL08-RJ"
178333;2018-12-15;"sábado";"14:15:00";"AL";423;50,8;"INHAPI";"Animais na Pista";"Capotamento";"Com Vítimas Feridas";"Pleno dia";"Decrescente";"Céu Claro";"Simples";"Reta";"Não";3;0;3;0;0;0;3;1;-9,26391;-37,728892;"SPRF-AL";"DEL03-AL";"UOP02-DEL03-AL"
178334;2018-12-15;"sábado";"15:20:00";"PA";163;995;"SANTAREM";"Falta de Atenção do Pedestre";"Atropelamento de Pedestre";"Com Vítimas Feridas";"Pleno dia";"Crescente";"Nublado";"Simples";"Reta";"Não";3;0;2;0;0;1;2;2;-2,53116014;-54,72275019;"SPRF-PA";"DEL05-PA";"UOP01-DEL05-PA"
178335;2018-12-15;"sábado";"11:15:00";"RO";435;85;"COLORADO DO OESTE";"Falta de Atenção à Condução";"Colisão lateral";"Sem Vítimas";"Pleno dia";"Crescente";"Céu Claro";"Simples";"Interseção de Vias";"Sim";2;0;0;0;2;0;0;2;-13,118861;-60,531811;"SPRF-RO";"DEL04-RO";"UOP02-DEL04-RO"
178336;2018-12-15;"sábado";"15:50:00";"MS";163;476;"CAMPO GRANDE";"Avarias e/ou desgaste excessivo no pneu";"Saída de leito carroçável";"Sem Vítimas";"Pleno dia";"Decrescente";"Céu Claro";"Simples";"Curva";"Não";1;0;0;0;1;0;0;1;-20,50664;-54,555846;"SPRF-MS";"DEL01-MS";"UOP01-DEL01-MS"
178337;2018-12-15;"sábado";"15:30:00";"MG";381;699,6;"LAVRAS";"Condutor Dormindo";"Saída de leito carroçável";"Com Vítimas Feridas";"Pleno dia";"Crescente";"Sol";"Dupla";"Curva";"Não";2;0;2;0;0;0;2;1;-21,2822;-45,14;"SPRF-MG";"DEL04-MG";"UOP02-DEL04-MG"
178338;2018-12-15;"sábado";"16:50:00";"AL";101;76,3;"MESSIAS";"Falta de Atenção do Pedestre";"Atropelamento de Pedestre";"Com Vítimas Feridas";"Pleno dia";"Decrescente";"Céu Claro";"Dupla";"Reta";"Não";3;0;2;1;0;0;3;2;-9,41817847;-35,8398056;"SPRF-AL";"DEL01-AL";"UOP01-DEL01-AL"
178339;2018-12-15;"sábado";"16:00:00";"TO";153;761,3;"ALVORADA";"Falta de Atenção à Condução";"Colisão lateral";"Sem Vítimas";"Pleno dia";"Decrescente";"Céu Claro";"Simples";"Reta";"Não";3;0;0;0;3;0;0;2;-12,51015;-49,11068;"SPRF-TO";"DEL02-TO";"UOP02-DEL01-TO"
178342;2018-12-15;"sábado";"14:20:00";"SC";101;398,5;"MARACAJA";"Objeto estático sobre o leito carroçável";"Colisão com objeto estático";"Com Vítimas Feridas";"Pleno dia";"Crescente";"Chuva";"Múltipla";"Reta";"Sim";2;0;1;0;1;0;1;1;-28,8434;-49,4302;"SPRF-SC";"DEL02-SC";"UOP02-DEL02-SC"
178343;2018-12-15;"sábado";"03:00:00";"SC";101;393;"CRICIUMA";"Falta de Atenção à Condução";"Saída de leito carroçável";"Sem Vítimas";"Plena Noite";"Decrescente";"Ignorado";"Dupla";"Reta";"Não";1;0;0;0;1;0;0;1;-28,8144;-49,3909;"SPRF-SC";"DEL02-SC";"UOP02-DEL02-SC"
178345;2018-12-15;"sábado";"16:00:00";"PE";104;17,1;"TAQUARITINGA DO NORTE";"Falta de Atenção à Condução";"Colisão transversal";"Com Vítimas Feridas";"Pleno dia";"Decrescente";"Céu Claro";"Simples";"Reta";"Não";2;0;1;0;1;0;1;2;-7,931927;-36,11956;"SPRF-PE";"DEL02-PE";"UOP01-DEL02-PE"
178346;2018-12-15;"sábado";"15:45:00";"MS";163;476;"CAMPO GRANDE";"Falta de Atenção à Condução";"Colisão com objeto estático";"Com Vítimas Feridas";"Pleno dia";"Crescente";"Céu Claro";"Simples";"Reta";"Sim";2;0;1;0;1;0;1;1;-20,509857;-54,558698;"SPRF-MS";"DEL01-MS";"UOP01-DEL01-MS"
178347;2018-12-15;"sábado";"17:20:00";"SC";101;203,2;"SAO JOSE";"Desobediência às normas de trânsito pelo condutor";"Colisão traseira";"Com Vítimas Feridas";"Pleno dia";"Decrescente";"Céu Claro";"Múltipla";"Reta";"Sim";3;0;1;0;2;0;1;3;-27,5742;-48,6134;"SPRF-SC";"DEL01-SC";"UOP01-DEL01-SC"
178348;2018-12-15;"sábado";"17:30:00";"SP";101;50,1;"UBATUBA";"Falta de Atenção à Condução";"Colisão transversal";"Com Vítimas Feridas";"Pleno dia";"Decrescente";"Céu Claro";"Simples";"Reta";"Sim";2;0;1;0;1;0;1;2;-23,45022;-45,077404;"SPRF-SP";"DEL06-SP";"UOP01-DEL06-SP"
178349;2018-12-15;"sábado";"17:30:00";"ES";101;142;"LINHARES";"Falta de Atenção à Condução";"Colisão traseira";"Com Vítimas Feridas";"Pleno dia";"Crescente";"Céu Claro";"Múltipla";"Reta";"Sim";2;0;1;0;1;0;1;2;-19,32993464;-40,07091522;"SPRF-ES";"DEL04-ES";"UOP01-DEL04-ES"
178351;2018-12-15;"sábado";"17:28:00";"SP";116;53;"LORENA";"Ingestão de Álcool";"Colisão com objeto estático";"Com Vítimas Feridas";"Pleno dia";"Decrescente";"Céu Claro";"Dupla";"Curva";"Não";1;0;0;1;0;0;1;1;-22,752562;-45,107422;"SPRF-SP";"DEL08-SP";"UOP01-DEL08-SP"
178352;2018-12-15;"sábado";"16:00:00";"BA";242;585;"MUQUEM DE SAO FRANCISCO";"Ingestão de Álcool";"Saída de leito carroçável";"Com Vítimas Feridas";"Pleno dia";"Crescente";"Céu Claro";"Simples";"Ponte";"Não";1;0;1;0;0;0;1;1;-12,181816;-43,23163;"SPRF-BA";"DEL10-BA";"UOP03-DEL06-BA"
178353;2018-12-15;"sábado";"17:48:00";"DF";70;15,9;"BRASILIA";"Ingestão de Álcool";"Saída de leito carroçável";"Com Vítimas Feridas";"Pleno dia";"Crescente";"Céu Claro";"Dupla";"Reta";"Sim";5;0;1;1;3;0;2;1;-15,7967111;-48,19243759;"SPRF-DF";"DEL01-DF";"UOP02-DEL03-DF"
178354;2018-12-15;"sábado";"17:37:00";"RS";471;150,2;"SANTA CRUZ DO SUL";"Falta de Atenção à Condução";"Colisão transversal";"Com Vítimas Feridas";"Pleno dia";"Decrescente";"Céu Claro";"Simples";"Reta";"Sim";2;0;0;1;1;0;1;2;-29,817495;-52,403397;"SPRF-RS";"DEL02-RS";"UOP02-DEL02-RS"
178355;2018-12-15;"sábado";"17:10:00";"SP";116;218,2;"GUARULHOS";"Defeito Mecânico no Veículo";"Colisão com objeto em movimento";"Com Vítimas Feridas";"Pleno dia";"Decrescente";"Nublado";"Múltipla";"Reta";"Sim";2;0;0;1;1;0;1;1;-23,4595315;-46,4843933;"SPRF-SP";"DEL01-SP";"UOP01-DEL01-SP"
178357;2018-12-15;"sábado";"18:05:00";"SC";101;190;"BIGUACU";"Falta de Atenção à Condução";"Colisão traseira";"Sem Vítimas";"Anoitecer";"Crescente";"Nublado";"Dupla";"Reta";"Sim";2;0;0;0;2;0;0;2;-27,4775;-48,6413;"SPRF-SC";"DEL01-SC";"UOP01-DEL01-SC"
178358;2018-12-15;"sábado";"16:00:00";"MG";40;617,1;"CONGONHAS";"Falta de Atenção à Condução";"Engavetamento";"Com Vítimas Feridas";"Pleno dia";"Crescente";"Céu Claro";"Simples";"Reta";"Não";9;0;3;0;6;0;3;3;-20,5647;-43,8114;"SPRF-MG";"DEL05-MG";"UOP02-DEL05-MG"
178359;2018-12-15;"sábado";"15:30:00";"PE";408;103,9;"JABOATAO DOS GUARARAPES";"Velocidade Incompatível";"Saída de leito carroçável";"Sem Vítimas";"Pleno dia";"Decrescente";"Céu Claro";"Dupla";"Curva";"Não";1;0;0;0;0;1;0;1;-8,067297;-34,989927;"SPRF-PE";"DEL01-PE";"UOP01-DEL01-PE"
178360;2018-12-15;"sábado";"16:30:00";"RJ";40;109;"DUQUE DE CAXIAS";"Condutor Dormindo";"Capotamento";"Com Vítimas Feridas";"Pleno dia";"Crescente";"Céu Claro";"Múltipla";"Reta";"Não";1;0;1;0;0;0;1;1;-22,6836;-43,2852;"SPRF-RJ";"DEL01-RJ";"UOP01-DEL01-RJ"
178361;2018-12-15;"sábado";"15:00:00";"SC";470;50;"BLUMENAU";"Desobediência às normas de trânsito pelo condutor";"Colisão transversal";"Com Vítimas Feridas";"Pleno dia";"Crescente";"Céu Claro";"Simples";"Reta";"Não";2;0;1;0;1;0;1;2;-26,859768;-49,074493;"SPRF-SC";"DEL04-SC";"UOP01-DEL04-SC"
178362;2018-12-15;"sábado";"18:00:00";"RJ";393;288;"VOLTA REDONDA";"Não guardar distância de segurança";"Colisão traseira";"Sem Vítimas";"Pleno dia";"Decrescente";"Céu Claro";"Múltipla";"Reta";"Sim";7;0;0;0;7;0;0;3;-22,510941;-44,084461;"SPRF-RJ";"DEL05-RJ";"UOP04-DEL05-RJ"
178364;2018-12-15;"sábado";"18:35:00";"ES";101;255,1;"SERRA";"Desobediência às normas de trânsito pelo condutor";"Atropelamento de Pedestre";"Com Vítimas Feridas";"Anoitecer";"Crescente";"Céu Claro";"Simples";"Reta";"Sim";2;0;2;0;0;0;2;2;-20,11489336;-40,31983679;"SPRF-ES";"DEL02-ES";"UOP01-DEL02-ES"
178365;2018-12-15;"sábado";"18:35:00";"RS";116;143,5;"CAXIAS DO SUL";"Velocidade Incompatível";"Tombamento";"Com Vítimas Feridas";"Pleno dia";"Decrescente";"Céu Claro";"Dupla";"Curva";"Sim";1;0;1;0;0;0;1;1;-29,12022;-51,122593;"SPRF-RS";"DEL05-RS";"UOP01-DEL05-RS"
178367;2018-12-15;"sábado";"18:35:00";"SC";101;213,5;"PALHOCA";"Não guardar distância de segurança";"Colisão traseira";"Sem Vítimas";"Pleno dia";"Decrescente";"Nublado";"Múltipla";"Reta";"Sim";2;0;0;0;2;0;0;2;-27,6446;-48,6705;"SPRF-SC";"DEL01-SC";"UOP02-DEL01-SC"
178368;2018-12-15;"sábado";"14:40:00";"SC";282;516;"XAXIM";"Velocidade Incompatível";"Saída de leito carroçável";"Com Vítimas Feridas";"Pleno dia";"Decrescente";"Nublado";"Simples";"Curva";"Não";1;0;0;1;0;0;1;1;-26,930862;-52,499157;"SPRF-SC";"DEL07-SC";"UOP01-DEL07-SC"
178369;2018-12-15;"sábado";"13:30:00";"SC";470;70,3;"INDAIAL";"Falta de Atenção à Condução";"Colisão transversal";"Com Vítimas Feridas";"Pleno dia";"Crescente";"Céu Claro";"Simples";"Reta";"Sim";3;0;1;1;1;0;2;2;-26,889374;-49,254478;"SPRF-SC";"DEL04-SC";"UOP01-DEL04-SC"
178371;2018-12-15;"sábado";"14:45:00";"SC";470;65,7;"INDAIAL";"Falta de Atenção à Condução";"Colisão transversal";"Com Vítimas Feridas";"Pleno dia";"Crescente";"Céu Claro";"Simples";"Reta";"Sim";3;0;0;2;1;0;2;2;-26,87025293;-49,21059608;"SPRF-SC";"DEL04-SC";"UOP01-DEL04-SC"
178372;2018-12-15;"sábado";"17:26:00";"DF";40;6;"BRASILIA";"Falta de Atenção à Condução";"Engavetamento";"Sem Vítimas";"Pleno dia";"Crescente";"Sol";"Dupla";"Reta";"Sim";4;0;0;0;4;0;0;4;-16,029741;-47,978867;"SPRF-DF";"DEL01-DF";"UOP01-DEL01-DF"
178373;2018-12-15;"sábado";"15:40:00";"SC";470;69,9;"INDAIAL";"Falta de Atenção à Condução";"";"Com Vítimas Feridas";"Pleno dia";"Crescente";"Céu Claro";"Simples";"Reta";"Sim";2;0;1;0;0;1;1;2;-26,88586869;-49,2499575;"SPRF-SC";"DEL04-SC";"UOP01-DEL04-SC"
178374;2018-12-15;"sábado";"17:50:00";"PI";343;327,9;"TERESINA";"Defeito Mecânico no Veículo";"Tombamento";"Com Vítimas Feridas";"Anoitecer";"Crescente";"Céu Claro";"Simples";"Reta";"Não";2;0;2;0;0;0;2;1;-5,071425;-42,625938;"SPRF-PI";"DEL01-PI";"UOP01-DEL01-PI"
178375;2018-12-15;"sábado";"16:47:00";"RO";174;15;"VILHENA";"Desobediência às normas de trânsito pelo condutor";"Colisão transversal";"Com Vítimas Feridas";"Pleno dia";"Crescente";"Céu Claro";"Simples";"Reta";"Sim";2;0;1;0;1;0;1;2;-12,723321;-60,12801;"SPRF-RO";"DEL04-RO";"UOP01-DEL04-RO"
178377;2018-12-15;"sábado";"17:10:00";"SC";101;332;"TUBARAO";"Falta de Atenção à Condução";"Colisão lateral";"Com Vítimas Feridas";"Pleno dia";"Decrescente";"Céu Claro";"Dupla";"Reta";"Sim";1;0;0;1;0;0;1;1;-28,4669;-48,9973;"SPRF-SC";"DEL02-SC";"UOP01-DEL02-SC"
178379;2018-12-15;"sábado";"18:40:00";"SP";116;219;"GUARULHOS";"Falta de Atenção à Condução";"Colisão com objeto estático";"Com Vítimas Feridas";"Pleno dia";"Crescente";"Sol";"Múltipla";"Declive";"Sim";1;0;1;0;0;0;1;1;-23,46158845;-46,49045175;"SPRF-SP";"DEL01-SP";"UOP01-DEL01-SP"
178381;2018-12-15;"sábado";"19:20:00";"SC";101;179,7;"BIGUACU";"Ingestão de Álcool";"Colisão transversal";"Com Vítimas Feridas";"Anoitecer";"Crescente";"Céu Claro";"Dupla";"Viaduto";"Não";2;0;1;0;1;0;1;2;-27,382;-48,6309;"SPRF-SC";"DEL01-SC";"UOP01-DEL01-SC"
178382;2018-12-15;"sábado";"18:30:00";"GO";70;39;"COCALZINHO DE GOIAS";"Falta de Atenção à Condução";"Colisão lateral";"Sem Vítimas";"Anoitecer";"Decrescente";"Céu Claro";"Simples";"Declive";"Não";2;0;0;0;1;1;0;2;-15,7773;-48,5249;"SPRF-DF";"DEL01-DF";"UOP02-DEL03-DF"
178383;2018-12-15;"sábado";"17:30:00";"BA";101;497;"ITABUNA";"Velocidade Incompatível";"Capotamento";"Com Vítimas Feridas";"Pleno dia";"Decrescente";"Sol";"Simples";"Reta";"Não";1;0;1;0;0;0;1;1;-14,7357;-39,336;"SPRF-BA";"DEL05-BA";"UOP01-DEL05-BA"
178384;2018-12-15;"sábado";"19:30:00";"ES";101;63;"SAO MATEUS";"Defeito Mecânico no Veículo";"Colisão traseira";"Com Vítimas Feridas";"Plena Noite";"Decrescente";"Céu Claro";"Simples";"Reta";"Não";4;0;1;0;3;0;1;3;-18,698418;-39,864826;"SPRF-ES";"DEL04-ES";"UOP02-DEL04-ES"
178385;2018-12-15;"sábado";"18:50:00";"MG";267;124,5;"JUIZ DE FORA";"Falta de Atenção à Condução";"Tombamento";"Com Vítimas Feridas";"Anoitecer";"Crescente";"Céu Claro";"Simples";"Curva";"Não";1;0;1;0;0;0;1;1;-21,70560222;-43,50002289;"SPRF-MG";"DEL05-MG";"UOP01-DEL05-MG"
178386;2018-12-15;"sábado";"19:15:00";"MG";40;619,9;"CONSELHEIRO LAFAIETE";"Falta de Atenção à Condução";"Colisão transversal";"Com Vítimas Feridas";"Anoitecer";"Crescente";"Céu Claro";"Simples";"Reta";"Não";2;0;1;0;1;0;1;2;-20,5784;-43,8085;"SPRF-MG";"DEL05-MG";"UOP02-DEL05-MG"
178387;2018-12-15;"sábado";"19:00:00";"RJ";101;419;"MANGARATIBA";"Falta de Atenção à Condução";"Colisão traseira";"Com Vítimas Feridas";"Plena Noite";"Decrescente";"Céu Claro";"Simples";"Reta";"Não";2;0;0;1;1;0;1;2;-22,918102;-43,913616;"SPRF-RJ";"DEL03-RJ";"UOP01-DEL03-RJ"
178388;2018-12-15;"sábado";"18:00:00";"BA";324;561;"AMELIA RODRIGUES";"Não guardar distância de segurança";"Colisão traseira";"Sem Vítimas";"Plena Noite";"Decrescente";"Céu Claro";"Múltipla";"Reta";"Não";1;0;0;0;1;0;0;1;-12,46553524;-38,68969636;"SPRF-BA";"DEL01-BA";"UOP01-DEL01-BA"
178390;2018-12-15;"sábado";"19:30:00";"PR";158;393,4;"LARANJEIRAS DO SUL";"Falta de Atenção à Condução";"Capotamento";"Com Vítimas Feridas";"Anoitecer";"Decrescente";"Céu Claro";"Simples";"Curva";"Não";1;0;1;0;0;0;1;1;-25,35528547;-52,38001666;"SPRF-PR";"DEL04-PR";"UOP02-DEL04-PR"
178391;2018-12-15;"sábado";"19:15:00";"MA";10;254,7;"IMPERATRIZ";"Desobediência às normas de trânsito pelo condutor";"Colisão transversal";"Com Vítimas Feridas";"Plena Noite";"Crescente";"Céu Claro";"Simples";"Interseção de Vias";"Sim";2;0;0;1;1;0;1;2;-5,517879;-47,471581;"SPRF-MA";"DEL04-MA";"UOP01-DEL04-MA"
178396;2018-12-15;"sábado";"20:30:00";"GO";40;25;"LUZIANIA";"Ingestão de Álcool";"Colisão transversal";"Com Vítimas Feridas";"Plena Noite";"Crescente";"Céu Claro";"Dupla";"Interseção de Vias";"Sim";2;0;1;0;1;0;1;2;-16,252751;-47,900453;"SPRF-DF";"DEL01-DF";"UOP01-DEL01-DF"
178397;2018-12-15;"sábado";"20:30:00";"ES";101;316,5;"GUARAPARI";"Ultrapassagem Indevida";"Tombamento";"Com Vítimas Feridas";"Plena Noite";"Crescente";"Céu Claro";"Simples";"Reta";"Não";1;0;0;1;0;0;1;1;-20,4903813;-40,47740936;"SPRF-ES";"DEL03-ES";"UOP01-DEL03-ES"
178400;2018-12-15;"sábado";"20:45:00";"RS";386;440;"NOVA SANTA RITA";"Ingestão de Álcool";"Colisão com objeto estático";"Com Vítimas Feridas";"Plena Noite";"Crescente";"Céu Claro";"Dupla";"Ponte";"Não";2;0;2;0;0;0;2;1;-29,878265;-51,241951;"SPRF-RS";"DEL01-RS";"UOP01-DEL01-RS"
178401;2018-12-15;"sábado";"15:30:00";"PR";116;159;"QUITANDINHA";"Falta de Atenção à Condução";"Colisão transversal";"Com Vítimas Feridas";"Pleno dia";"Crescente";"Sol";"Simples";"Curva";"Sim";2;0;0;1;1;0;1;2;-25,867712;-49,3647;"SPRF-PR";"DEL01-PR";"UOP03-DEL01-PR"
178402;2018-12-15;"sábado";"18:00:00";"GO";70;19;"COCALZINHO DE GOIAS";"Velocidade Incompatível";"Colisão traseira";"Com Vítimas Feridas";"Pleno dia";"Crescente";"Céu Claro";"Simples";"Declive";"Não";6;0;0;3;3;0;3;2;-15,7434;-48,3653;"SPRF-DF";"DEL01-DF";"UOP02-DEL03-DF"
178403;2018-12-15;"sábado";"19:50:00";"BA";407;143;"FILADELFIA";"Velocidade Incompatível";"Saída de leito carroçável";"Com Vítimas Feridas";"Plena Noite";"Crescente";"Céu Claro";"Simples";"Reta";"Não";1;0;1;0;0;0;1;1;-10,59795;-40,13322;"SPRF-BA";"DEL04-BA";"UOP01-DEL04-BA"
178404;2018-12-15;"sábado";"21:15:00";"SC";101;224;"PALHOCA";"Desobediência às normas de trânsito pelo pedestre";"Colisão com objeto estático";"Sem Vítimas";"Plena Noite";"Crescente";"Céu Claro";"Dupla";"Reta";"Não";1;0;0;0;1;0;0;1;-27,7336;-48,6407;"SPRF-SC";"DEL01-SC";"UOP02-DEL01-SC"
178406;2018-12-15;"sábado";"18:15:00";"RN";406;147,5;"CEARA-MIRIM";"Falta de Atenção à Condução";"Colisão traseira";"Com Vítimas Feridas";"Plena Noite";"Crescente";"Céu Claro";"Simples";"Reta";"Não";3;0;0;2;1;0;2;2;-5,64975276;-35,5099092;"SPRF-RN";"DEL02-RN";"UOP01-DEL02-RN"
178407;2018-12-15;"sábado";"15:25:00";"PR";369;63,4;"BANDEIRANTES";"Falta de Atenção à Condução";"Colisão transversal";"Com Vítimas Fatais";"Pleno dia";"Decrescente";"Céu Claro";"Simples";"Reta";"Não";7;3;1;2;0;1;3;3;-23,13185553;-50,43521762;"SPRF-PR";"DEL07-PR";"UOP05-DEL07-PR"
178409;2018-12-15;"sábado";"16:00:00";"SC";101;330,7;"TUBARAO";"Falta de Atenção à Condução";"Colisão com objeto estático";"Com Vítimas Feridas";"Pleno dia";"Decrescente";"Céu Claro";"Dupla";"Curva";"Não";1;0;0;1;0;0;1;1;-28,4561;-48,9819;"SPRF-SC";"DEL02-SC";"UOP01-DEL02-SC"
178410;2018-12-15;"sábado";"21:40:00";"RS";448;13,1;"CANOAS";"Velocidade Incompatível";"Colisão com objeto estático";"Com Vítimas Feridas";"Plena Noite";"Decrescente";"Céu Claro";"Simples";"Curva";"Não";1;0;0;1;0;0;1;1;-29,92053139;-51,23145256;"SPRF-RS";"DEL01-RS";"UOP01-DEL01-RS"
178411;2018-12-15;"sábado";"19:55:00";"SC";101;368,2;"ICARA";"Falta de Atenção à Condução";"Colisão com objeto estático";"Com Vítimas Feridas";"Plena Noite";"Crescente";"Chuva";"Dupla";"Reta";"Sim";1;0;1;0;0;0;1;1;-28,6976;-49,1787;"SPRF-SC";"DEL02-SC";"UOP01-DEL02-SC"
178412;2018-12-15;"sábado";"20:40:00";"PR";277;7,5;"PARANAGUA";"Falta de Atenção à Condução";"Colisão traseira";"Com Vítimas Feridas";"Plena Noite";"Decrescente";"Nublado";"Dupla";"Reta";"Não";3;0;1;1;1;0;2;2;-25,56226501;-48,58909607;"SPRF-PR";"DEL01-PR";"UOP05-DEL01-PR"
178413;2018-12-15;"sábado";"20:55:00";"SC";280;49,9;"GUARAMIRIM";"Falta de Atenção à Condução";"Colisão traseira";"Com Vítimas Feridas";"Plena Noite";"Decrescente";"Céu Claro";"Simples";"Reta";"Sim";4;0;1;1;2;0;2;2;-26,46189062;-48,94529343;"SPRF-SC";"DEL03-SC";"UOP03-DEL03-SC"
178414;2018-12-15;"sábado";"21:20:00";"SC";282;231,2;"LAGES";"Desobediência às normas de trânsito pelo condutor";"Colisão transversal";"Com Vítimas Feridas";"Plena Noite";"Crescente";"Céu Claro";"Simples";"Reta";"Não";7;0;6;0;1;0;6;2;-27,787624;-50,435722;"SPRF-SC";"DEL05-SC";"UOP02-DEL05-SC"
178416;2018-12-15;"sábado";"21:45:00";"PR";373;412,6;"CANDOI";"Falta de Atenção à Condução";"Colisão transversal";"Com Vítimas Feridas";"Plena Noite";"Crescente";"Céu Claro";"Simples";"Reta";"Não";3;0;1;1;1;0;2;2;-25,65510915;-52,11342815;"SPRF-PR";"DEL03-PR";"UOP01-DEL08-PR"
178417;2018-12-15;"sábado";"21:00:00";"MT";70;280;"PRIMAVERA DO LESTE";"Ingestão de Álcool";"Colisão traseira";"Com Vítimas Feridas";"Plena Noite";"Crescente";"Céu Claro";"Simples";"Reta";"Sim";2;0;0;1;1;0;1;2;-15,56281;-54,297016;"SPRF-MT";"DEL05-MT";"UOP01-DEL05-MT"
178418;2018-12-15;"sábado";"21:30:00";"GO";40;22;"LUZIANIA";"Defeito Mecânico no Veículo";"Saída de leito carroçável";"Sem Vítimas";"Plena Noite";"Decrescente";"Céu Claro";"Dupla";"Reta";"Não";2;0;0;0;2;0;0;1;-16,227484;-47,914109;"SPRF-DF";"DEL01-DF";"UOP01-DEL01-DF"
178419;2018-12-15;"sábado";"21:45:00";"SC";470;128,7;"LONTRAS";"Ingestão de Álcool";"Tombamento";"Sem Vítimas";"Plena Noite";"Crescente";"Chuva";"Simples";"Curva";"Não";1;0;0;0;1;0;0;1;-27,143742;-49,548897;"SPRF-SC";"DEL04-SC";"UOP02-DEL04-SC"
178421;2018-12-15;"sábado";"21:10:00";"RN";304;48,5;"MOSSORO";"Ingestão de Álcool";"Colisão lateral";"Sem Vítimas";"Plena Noite";"Decrescente";"Céu Claro";"Dupla";"Declive";"Sim";2;0;0;0;2;0;0;2;-5,228686;-37,322033;"SPRF-RN";"DEL04-RN";"UOP01-DEL04-RN"
178423;2018-12-15;"sábado";"22:15:00";"CE";116;12;"FORTALEZA";"Velocidade Incompatível";"Colisão com objeto estático";"Sem Vítimas";"Plena Noite";"Crescente";"Céu Claro";"Dupla";"Reta";"Sim";2;0;0;0;0;2;0;2;-3,882;-38,501;"SPRF-CE";"DEL01-CE";"UOP02-DEL01-CE"
178424;2018-12-15;"sábado";"20:00:00";"RO";364;4;"VILHENA";"Falta de Atenção à Condução";"Colisão lateral";"Sem Vítimas";"Plena Noite";"Decrescente";"Céu Claro";"Simples";"Reta";"Sim";2;0;0;0;1;1;0;2;-12,791627;-60,088108;"SPRF-RO";"DEL04-RO";"UOP01-DEL04-RO"
178426;2018-12-15;"sábado";"23:00:00";"DF";20;0;"BRASILIA";"Falta de Atenção à Condução";"Colisão traseira";"Com Vítimas Feridas";"Plena Noite";"Decrescente";"Céu Claro";"Dupla";"Reta";"Sim";2;0;1;0;1;0;1;2;-15,688145;-47,858797;"SPRF-DF";"DEL02-DF";"UOP01-DEL02-DF"
178427;2018-12-15;"sábado";"18:55:00";"PB";230;155;"CAMPINA GRANDE";"Falta de Atenção à Condução";"Colisão traseira";"Com Vítimas Feridas";"Plena Noite";"Decrescente";"Céu Claro";"Simples";"Reta";"Sim";2;0;0;1;1;0;1;2;-7,2748;-35,9058;"SPRF-PB";"DEL02-PB";"UOP01-DEL02-PB"
178428;2018-12-15;"sábado";"21:50:00";"BA";116;758,7;"POCOES";"Falta de Atenção à Condução";"Queda de ocupante de veículo";"Com Vítimas Fatais";"Plena Noite";"Decrescente";"Céu Claro";"Simples";"Reta";"Sim";2;1;0;0;0;1;0;2;-14,53235;-40,38503;"SPRF-BA";"DEL08-BA";"UOP02-DEL08-BA"
178430;2018-12-15;"sábado";"17:50:00";"BA";324;524;"FEIRA DE SANTANA";"Falta de Atenção à Condução";"Queda de ocupante de veículo";"Com Vítimas Feridas";"Anoitecer";"Crescente";"Céu Claro";"Dupla";"Reta";"Não";1;0;1;0;0;0;1;1;-12,29975184;-38,90018463;"SPRF-BA";"DEL01-BA";"UOP01-DEL01-BA"
178431;2018-12-15;"sábado";"21:45:00";"MS";163;473;"CAMPO GRANDE";"Ingestão de Álcool";"Saída de leito carroçável";"Sem Vítimas";"Plena Noite";"Crescente";"Céu Claro";"Simples";"Reta";"Não";1;0;0;0;0;1;0;1;-20,532058;-54,565041;"SPRF-MS";"DEL01-MS";"UOP01-DEL01-MS"
178433;2018-12-15;"sábado";"21:45:00";"SP";153;119,3;"UBARANA";"Ingestão de Álcool";"Colisão transversal";"Com Vítimas Feridas";"Plena Noite";"Decrescente";"Céu Claro";"Simples";"Interseção de Vias";"Sim";3;0;1;0;2;0;1;2;-21,162096;-49,71114;"SPRF-SP";"DEL09-SP";"UOP01-DEL09-SP"
178434;2018-12-15;"sábado";"17:40:00";"MT";364;496,5;"JANGADA";"Falta de Atenção à Condução";"Colisão transversal";"Sem Vítimas";"Pleno dia";"Decrescente";"Garoa/Chuvisco";"Simples";"Reta";"Sim";2;0;0;0;2;0;0;2;-15,276679;-56,442764;"SPRF-MT";"DEL01-MT";"DEL2/4-UOP02/MT"
178435;2018-12-15;"sábado";"22:00:00";"SC";280;36;"ARAQUARI";"Falta de Atenção à Condução";"Colisão transversal";"Com Vítimas Feridas";"Plena Noite";"Decrescente";"Nublado";"Simples";"Curva";"Não";2;0;2;0;0;0;2;2;-26,442017;-48,809643;"SPRF-SC";"DEL03-SC";"UOP03-DEL03-SC"
178437;2018-12-15;"sábado";"20:00:00";"RO";429;94,2;"ALVORADA DOESTE";"Falta de Atenção à Condução";"Colisão transversal";"Com Vítimas Feridas";"Plena Noite";"Decrescente";"Nublado";"Dupla";"Reta";"Sim";2;0;1;0;1;0;1;2;-11,35985;-62,299236;"SPRF-RO";"DEL02-RO";"UOP03-DEL02-RO"