"id";"data_inversa";"dia_semana";"horario";"uf";"br";"km";"municipio";"causa_acidente";"tipo_acidente";"classificacao_acidente";"fase_dia";"sentido_via";"condicao_metereologica";"tipo_pista";"tracado_via";"uso_solo";"pessoas";"mortos";"feridos_leves";"feridos_graves";"ilesos";"ignorados";"feridos";"veiculos";"latitude";"longitude";"regional";"delegacia";"uop"
178438;2018-12-15;"sábado";"23:50:00";"PR";376;177;"MARINGA";"Velocidade Incompatível";"Colisão traseira";"Com Vítimas Feridas";"Plena Noite";"Crescente";"Céu Claro";"Dupla";"Reta";"Sim";3;0;1;0;2;0;1;2;-23,412691;-51,931583;"SPRF-PR";"DEL07-PR";"UOP01-DEL09-PR"
178439;2018-12-15;"sábado";"20:00:00";"MT";163;688;"LUCAS DO RIO VERDE";"Desobediência às normas de trânsito pelo condutor";"Colisão transversal";"Com Vítimas Feridas";"Plena Noite";"Crescente";"Nublado";"Dupla";"Interseção de Vias";"Sim";3;0;1;0;2;0;1;2;-13,0693468;-55,92681712;"SPRF-MT";"DEL06-MT";"UOP01-DEL06-MT"
178440;2018-12-15;"sábado";"22:40:00";"SP";116;325,5;"JUQUITIBA";"Restrição de Visibilidade";"Atropelamento de Pedestre";"Com Vítimas Feridas";"Plena Noite";"Crescente";"Céu Claro";"Dupla";"Reta";"Não";2;0;1;1;0;0;2;2;-23,93821003;-47,06302735;"SPRF-SP";"DEL04-SP";"UOP03-DEL04-SP"
178441;2018-12-15;"sábado";"22:15:00";"CE";116;10;"FORTALEZA";"Desobediência às normas de trânsito pelo condutor";"Colisão frontal";"Com Vítimas Fatais";"Plena Noite";"Crescente";"Céu Claro";"Múltipla";"Reta";"Sim";4;1;0;0;3;0;0;2;-3,8466;-38,4974;"SPRF-CE";"DEL01-CE";"UOP02-DEL01-CE"
178442;2018-12-15;"sábado";"19:00:00";"PE";423;23;"SAO CAITANO";"Falta de Atenção do Pedestre";"Atropelamento de Pedestre";"Com Vítimas Fatais";"Plena Noite";"Decrescente";"Céu Claro";"Simples";"Reta";"Não";2;1;0;0;0;1;0;2;-8,361423;-36,172173;"SPRF-PE";"DEL02-PE";"UOP03-DEL02-PE"
178444;2018-12-16;"domingo";"00:05:00";"GO";153;501,8;"GOIANIA";"Ingestão de Álcool";"Colisão com objeto estático";"Com Vítimas Feridas";"Plena Noite";"Decrescente";"Céu Claro";"Múltipla";"Reta";"Sim";1;0;1;0;0;0;1;1;-16,7189;-49,2382;"SPRF-GO";"DEL01-GO";"UOP01-DEL01-GO"
178445;2018-12-15;"sábado";"22:30:00";"RN";304;112,9;"ACU";"Falta de Atenção à Condução";"Colisão lateral";"Com Vítimas Feridas";"Plena Noite";"Crescente";"Céu Claro";"Simples";"Reta";"Não";2;0;1;0;1;0;1;2;-5,601821;-36,921219;"SPRF-RN";"DEL04-RN";"UOP01-DEL04-RN"
178446;2018-12-16;"domingo";"00:20:00";"ES";101;283;"CARIACICA";"Falta de Atenção à Condução";"Queda de ocupante de veículo";"Com Vítimas Feridas";"Plena Noite";"Crescente";"Céu Claro";"Dupla";"Curva";"Não";1;0;0;1;0;0;1;1;-20,23744648;-40,36993157;"SPRF-ES";"DEL01-ES";"UOP01-DEL01-ES"
178448;2018-12-16;"domingo";"00:14:00";"SP";116;7,8;"QUELUZ";"Falta de Atenção à Condução";"Colisão traseira";"Com Vítimas Feridas";"Plena Noite";"Decrescente";"Céu Claro";"Dupla";"Reta";"Sim";5;0;2;1;2;0;3;2;-22,535345;-44,76223;"SPRF-SP";"DEL08-SP";"UOP02-DEL08-SP"
178449;2018-12-16;"domingo";"00:30:00";"SP";381;52,1;"MAIRIPORA";"Velocidade Incompatível";"Tombamento";"Com Vítimas Feridas";"Plena Noite";"Crescente";"Céu Claro";"Dupla";"Reta;Aclive";"Sim";2;0;0;2;0;0;2;1;-23,231017;-46,600632;"SPRF-SP";"DEL03-SP";"UOP01-DEL03-SP"
178450;2018-12-16;"domingo";"00:01:00";"SP";116;218,5;"GUARULHOS";"Falta de Atenção à Condução";"Colisão com objeto estático";"Com Vítimas Feridas";"Plena Noite";"Crescente";"Céu Claro";"Múltipla";"Reta";"Sim";5;0;1;0;4;0;1;4;-23,45986073;-46,48555219;"SPRF-SP";"DEL01-SP";"UOP01-DEL01-SP"
178451;2018-12-15;"sábado";"22:20:00";"AL";316;12;"MATA GRANDE";"Ingestão de Álcool";"Colisão com objeto estático";"Com Vítimas Fatais";"Plena Noite";"Decrescente";"Céu Claro";"Simples";"Reta";"Não";1;1;0;0;0;0;0;1;-9,04837716;-37,76830852;"SPRF-AL";"DEL03-AL";"UOP02-DEL03-AL"
178452;2018-12-16;"domingo";"00:35:00";"PR";476;152;"ARAUCARIA";"Falta de Atenção à Condução";"Colisão com objeto estático";"Sem Vítimas";"Plena Noite";"Crescente";"Garoa/Chuvisco";"Dupla";"Reta";"Sim";1;0;0;0;1;0;0;1;-25,570036;-49,384193;"SPRF-PR";"DEL01-PR";"UOP06-DEL01-PR"
178453;2018-12-16;"domingo";"00:20:00";"ES";101;293,6;"CARIACICA";"Desobediência às normas de trânsito pelo condutor";"Colisão transversal";"Com Vítimas Feridas";"Plena Noite";"Crescente";"Céu Claro";"Múltipla";"Curva";"Sim";4;0;3;0;1;0;3;2;-20,32105836;-40,39602309;"SPRF-ES";"DEL01-ES";"UOP01-DEL01-ES"
178454;2018-12-16;"domingo";"00:20:00";"PR";376;660,3;"TIJUCAS DO SUL";"Velocidade Incompatível";"Capotamento";"Com Vítimas Feridas";"Plena Noite";"Crescente";"Nevoeiro/Neblina";"Dupla";"Reta";"Não";2;0;2;0;0;0;2;1;-25,85196312;-49,00305748;"SPRF-PR";"DEL01-PR";"DEL7/1-UOP08/PR"
178455;2018-12-13;"quinta-feira";"19:50:00";"RS";285;146,1;"MUITOS CAPOES";"Velocidade Incompatível";"Saída de leito carroçável";"Com Vítimas Feridas";"Pleno dia";"Crescente";"Nublado";"Simples";"Aclive;Curva";"Não";1;0;1;0;0;0;1;1;-28,35658595;-51,10736847;"SPRF-RS";"DEL05-RS";"UOP03-DEL05-RS"
178456;2018-12-15;"sábado";"23:20:00";"SC";470;178,8;"POUSO REDONDO";"Velocidade Incompatível";"Colisão frontal";"Com Vítimas Feridas";"Plena Noite";"Decrescente";"Chuva";"Simples";"Curva";"Sim";3;0;2;1;0;0;3;2;-27,248392;-49,967083;"SPRF-SC";"DEL04-SC";"UOP02-DEL04-SC"
178457;2018-12-15;"sábado";"22:45:00";"PR";376;596,7;"CURITIBA";"Velocidade Incompatível";"Saída de leito carroçável";"Com Vítimas Feridas";"Plena Noite";"Crescente";"Chuva";"Dupla";"Reta";"Não";1;0;1;0;0;0;1;1;-25,50856635;-49,33986079;"SPRF-PR";"DEL01-PR";"UOP06-DEL01-PR"
178458;2018-12-15;"sábado";"22:55:00";"PE";101;91;"CABO DE SANTO AGOSTINHO";"Falta de Atenção à Condução";"Colisão lateral";"Com Vítimas Feridas";"Plena Noite";"Crescente";"Céu Claro";"Dupla";"Reta";"Não";4;0;3;0;1;0;3;2;-8,2308;-34,9969;"SPRF-PE";"DEL01-PE";"UOP03-DEL01-PE"
178459;2018-12-16;"domingo";"00:45:00";"BA";407;6;"JUAZEIRO";"Velocidade Incompatível";"Saída de leito carroçável";"Com Vítimas Feridas";"Plena Noite";"Crescente";"Céu Claro";"Dupla";"Reta";"Sim";1;0;1;0;0;0;1;1;-9,455955;-40,486561;"SPRF-PE";"DEL06-PE";"UOP01-DEL06-PE"
178460;2018-12-16;"domingo";"01:10:00";"ES";262;177;"IBATIBA";"Condutor Dormindo";"Queda de ocupante de veículo";"Com Vítimas Fatais";"Plena Noite";"Decrescente";"Céu Claro";"Simples";"Curva";"Sim";1;1;0;0;0;0;0;1;-20,28475095;-41,65155172;"SPRF-ES";"DEL01-ES";"UOP02-DEL01-ES"
178461;2018-12-15;"sábado";"23:30:00";"MA";135;22;"SAO LUIS";"Falta de Atenção à Condução";"Colisão lateral";"Sem Vítimas";"Plena Noite";"Crescente";"Chuva";"Dupla";"Reta";"Sim";2;0;0;0;2;0;0;2;-2,55543129;-44,31068454;"SPRF-MA";"DEL01-MA";"UOP01-DEL01-MA"
178462;2018-12-16;"domingo";"00:10:00";"MS";463;1,8;"DOURADOS";"Não guardar distância de segurança";"Colisão traseira";"Sem Vítimas";"Plena Noite";"Crescente";"Nublado";"Simples";"Reta";"Sim";3;0;0;0;3;0;0;2;-22,259064;-54,813751;"SPRF-MS";"DEL04-MS";"UOP01-DEL04-MS"
178463;2018-12-15;"sábado";"20:00:00";"PE";101;15;"GOIANA";"Falta de Atenção à Condução";"Saída de leito carroçável";"Com Vítimas Feridas";"Plena Noite";"Decrescente";"Céu Claro";"Dupla";"Reta";"Não";1;0;1;0;0;0;1;1;-7,6331;-34,9611;"SPRF-PE";"DEL01-PE";"UOP02-DEL01-PE"
178464;2018-12-16;"domingo";"02:45:00";"SC";101;190,8;"BIGUACU";"Falta de Atenção à Condução";"Saída de leito carroçável";"Com Vítimas Fatais";"Plena Noite";"Decrescente";"Nublado";"Dupla";"Curva";"Sim";1;1;0;0;0;0;0;1;-27,4775;-48,6413;"SPRF-SC";"DEL01-SC";"UOP01-DEL01-SC"
178465;2018-12-16;"domingo";"01:58:00";"SP";153;61,7;"SAO JOSE DO RIO PRETO";"Ingestão de Álcool";"Colisão traseira";"Sem Vítimas";"Plena Noite";"Crescente";"Nublado";"Dupla";"Reta";"Sim";2;0;0;0;1;1;0;2;-20,805029;-49,355747;"SPRF-SP";"DEL09-SP";"UOP01-DEL09-SP"
178466;2018-12-16;"domingo";"01:40:00";"PI";316;314;"PICOS";"Condutor Dormindo";"Queda de ocupante de veículo";"Com Vítimas Feridas";"Plena Noite";"Crescente";"Céu Claro";"Simples";"Reta";"Sim";1;0;0;1;0;0;1;1;-7,02612124;-41,46520793;"SPRF-PI";"DEL04-PI";"UOP01-DEL04-PI"
178467;2018-12-15;"sábado";"23:50:00";"PR";369;141,5;"IBIPORA";"Ingestão de Álcool";"Colisão com objeto estático";"Com Vítimas Feridas";"Plena Noite";"Crescente";"Chuva";"Simples";"Reta";"Sim";2;0;1;0;1;0;1;1;-23,27743702;-51,06411517;"SPRF-PR";"DEL07-PR";"UOP01-DEL07-PR"
178468;2018-12-16;"domingo";"03:50:00";"PR";376;219;"JANDAIA DO SUL";"Falta de Atenção à Condução";"Saída de leito carroçável";"Com Vítimas Feridas";"Plena Noite";"Decrescente";"Céu Claro";"Simples";"Reta";"Não";2;0;2;0;0;0;2;1;-23,597046;-51,623027;"SPRF-PR";"DEL07-PR";"UOP03-DEL07-PR"
178469;2018-12-16;"domingo";"02:20:00";"CE";222;4;"CAUCAIA";"Ingestão de Álcool";"Colisão com objeto estático";"Sem Vítimas";"Plena Noite";"Crescente";"Céu Claro";"Múltipla";"Reta";"Sim";1;0;0;0;0;1;0;1;-3,741658;-38,604572;"SPRF-CE";"DEL01-CE";"UOP01-DEL01-CE"
178470;2018-12-16;"domingo";"04:00:00";"GO";60;164,3;"GOIANIA";"Falta de Atenção à Condução";"Colisão traseira";"Com Vítimas Feridas";"Plena Noite";"Crescente";"Céu Claro";"Dupla";"Reta";"Sim";3;0;0;1;2;0;1;2;-16,70573364;-49,34578018;"SPRF-GO";"DEL01-GO";"UOP02-DEL01-GO"
178471;2018-12-16;"domingo";"02:30:00";"SP";381;86;"SAO PAULO";"Não guardar distância de segurança";"Colisão traseira";"Com Vítimas Feridas";"Plena Noite";"Crescente";"Céu Claro";"Múltipla";"Curva";"Não";3;0;1;0;1;1;1;2;-23,47292308;-46,56435404;"SPRF-SP";"DEL03-SP";"UOP01-DEL03-SP"
178472;2018-12-16;"domingo";"04:00:00";"RS";285;485,4;"ENTRE-IJUIS";"Condutor Dormindo";"Saída de leito carroçável";"Com Vítimas Feridas";"Plena Noite";"Decrescente";"Nublado";"Simples";"Curva";"Não";2;0;1;0;1;0;1;1;-28,372606;-54,147831;"SPRF-RS";"DEL10-RS";"UOP01-DEL10-RS"
178473;2018-12-16;"domingo";"02:50:00";"RJ";393;167,2;"TRES RIOS";"Falta de Atenção à Condução";"Colisão lateral";"Sem Vítimas";"Plena Noite";"Decrescente";"Céu Claro";"Dupla";"Curva";"Não";4;0;0;0;4;0;0;2;-22,127502;-43,147022;"SPRF-RJ";"DEL06-RJ";"UOP01-DEL05-RJ"
178475;2018-12-15;"sábado";"23:30:00";"MG";116;498,3;"INHAPIM";"Ingestão de Álcool";"Atropelamento de Pedestre";"Com Vítimas Fatais";"Plena Noite";"Decrescente";"Céu Claro";"Simples";"Curva";"Não";2;1;0;0;1;0;0;2;-19,534167;-42,126062;"SPRF-MG";"DEL06-MG";"UOP02-DEL06-MG"
178476;2018-12-16;"domingo";"03:30:00";"MG";381;477,3;"CONTAGEM";"Falta de Atenção à Condução";"Colisão com objeto estático";"Com Vítimas Feridas";"Plena Noite";"Decrescente";"Céu Claro";"Dupla";"Declive;Reta";"Sim";1;0;1;0;0;0;1;1;-19,9605;-44,0357;"SPRF-MG";"DEL01-MG";"UOP03-DEL01-MG"
178477;2018-12-16;"domingo";"04:10:00";"GO";153;492;"GOIANIA";"Ingestão de Álcool";"Colisão frontal";"Com Vítimas Feridas";"Plena Noite";"Decrescente";"Céu Claro";"Dupla";"Curva";"Não";2;0;1;0;1;0;1;2;-16,6461;-49,2114;"SPRF-GO";"DEL01-GO";"UOP01-DEL01-GO"
178478;2018-12-16;"domingo";"02:05:00";"BA";116;823,7;"VITORIA DA CONQUISTA";"Velocidade Incompatível";"Colisão transversal";"Com Vítimas Feridas";"Plena Noite";"Crescente";"Céu Claro";"Dupla";"Interseção de Vias";"Sim";2;0;1;0;1;0;1;2;-14,86006817;-40,84980726;"SPRF-BA";"DEL08-BA";"UOP01-DEL08-BA"
178479;2018-12-16;"domingo";"03:45:00";"PE";407;120,2;"PETROLINA";"Não guardar distância de segurança";"Colisão traseira";"Sem Vítimas";"Plena Noite";"Crescente";"Nublado";"Simples";"Reta";"Não";2;0;0;0;2;0;0;2;-9,34101095;-40,55843353;"SPRF-PE";"DEL06-PE";"UOP01-DEL06-PE"
178480;2018-12-16;"domingo";"03:20:00";"PR";277;99,4;"CURITIBA";"Falta de Atenção à Condução";"Colisão traseira";"Com Vítimas Feridas";"Plena Noite";"Crescente";"Céu Claro";"Dupla";"Reta";"Sim";2;0;1;0;0;1;1;2;-25,43149311;-49,36122894;"SPRF-PR";"DEL01-PR";"UOP06-DEL01-PR"
178481;2018-12-16;"domingo";"04:30:00";"SC";101;120,2;"ITAJAI";"Velocidade Incompatível";"Colisão com objeto estático";"Com Vítimas Feridas";"Plena Noite";"Decrescente";"Céu Claro";"Dupla";"Reta";"Sim";2;0;2;0;0;0;2;1;-26,9211;-48,7084;"SPRF-SC";"DEL04-SC";"UOP04-DEL04-SC"
178482;2018-12-16;"domingo";"04:30:00";"ES";259;60;"COLATINA";"Ingestão de Álcool";"Colisão frontal";"Com Vítimas Feridas";"Amanhecer";"Crescente";"Céu Claro";"Simples";"Curva";"Não";2;0;0;1;1;0;1;2;-19,525307;-40,674618;"SPRF-ES";"DEL02-ES";"UOP01-DEL02-ES"
178483;2018-12-16;"domingo";"05:10:00";"ES";101;296,5;"CARIACICA";"Velocidade Incompatível";"Queda de ocupante de veículo";"Com Vítimas Feridas";"Amanhecer";"Crescente";"Céu Claro";"Múltipla";"Curva";"Sim";2;0;0;2;0;0;2;1;-20,34271097;-40,4046515;"SPRF-ES";"DEL01-ES";"UOP01-DEL01-ES"
178484;2018-12-16;"domingo";"03:30:00";"PE";232;129,1;"CARUARU";"Falta de Atenção à Condução";"Colisão traseira";"Sem Vítimas";"Amanhecer";"Crescente";"Nublado";"Dupla";"Reta";"Não";2;0;0;0;1;1;0;2;-8,301935;-35,980919;"SPRF-PE";"DEL02-PE";"UOP03-DEL02-PE"
178485;2018-12-16;"domingo";"05:30:00";"PR";116;4;"CAMPINA GRANDE DO SUL";"Falta de Atenção à Condução";"Saída de leito carroçável";"Com Vítimas Feridas";"Amanhecer";"Decrescente";"Céu Claro";"Dupla";"Reta";"Não";1;0;1;0;0;0;1;1;-25,3629;-49,0822;"SPRF-PR";"DEL01-PR";"UOP02-DEL01-PR"
178486;2018-12-16;"domingo";"03:50:00";"BA";324;5;"FEIRA DE SANTANA";"Falta de Atenção à Condução";"Colisão lateral";"Com Vítimas Feridas";"Plena Noite";"Crescente";"Céu Claro";"Dupla";"Declive";"Sim";2;0;1;0;1;0;1;2;-12,267113;-38,966988;"SPRF-BA";"DEL02-BA";"UOP01-DEL02-BA"
178487;2018-12-16;"domingo";"04:50:00";"RS";158;327,6;"SANTA MARIA";"Ingestão de Álcool";"Saída de leito carroçável";"Com Vítimas Feridas";"Plena Noite";"Crescente";"Céu Claro";"Simples";"Reta";"Sim";2;0;1;0;1;0;1;1;-29,71044745;-53,82091641;"SPRF-RS";"DEL09-RS";"UOP01-DEL09-RS"
178488;2018-12-16;"domingo";"04:00:00";"MG";153;28,4;"CENTRALINA";"Falta de Atenção à Condução";"Saída de leito carroçável";"Com Vítimas Feridas";"Plena Noite";"Decrescente";"Céu Claro";"Dupla";"Declive";"Não";1;0;1;0;0;0;1;1;-18,6699;-49,1616;"SPRF-MG";"DEL15-MG";"UOP03-DEL15-MG"
178489;2018-12-16;"domingo";"03:00:00";"MT";364;612,2;"DIAMANTINO";"Ingestão de Álcool";"Capotamento";"Sem Vítimas";"Plena Noite";"Decrescente";"Ignorado";"Simples";"Curva";"Não";1;0;0;0;1;0;0;1;-14,440617;-56,297287;"SPRF-MT";"DEL01-MT";"UOP01-DEL01-MT"
178490;2018-12-16;"domingo";"05:30:00";"SC";470;46;"BLUMENAU";"Falta de Atenção à Condução";"Colisão frontal";"Com Vítimas Feridas";"Pleno dia";"Crescente";"Céu Claro";"Simples";"Curva";"Não";5;0;1;4;0;0;5;2;-26,860388;-49,037617;"SPRF-SC";"DEL04-SC";"UOP01-DEL04-SC"
178491;2018-12-16;"domingo";"06:00:00";"SC";101;144,2;"ITAPEMA";"Desobediência às normas de trânsito pelo condutor";"Colisão traseira";"Sem Vítimas";"Amanhecer";"Decrescente";"Nublado";"Dupla";"Reta";"Sim";2;0;0;0;1;1;0;2;-27,0816;-48,6012;"SPRF-SC";"DEL04-SC";"UOP03-DEL04-SC"
178492;2018-12-16;"domingo";"03:30:00";"ES";262;98;"VENDA NOVA DO IMIGRANTE";"Condutor Dormindo";"Tombamento";"Com Vítimas Feridas";"Plena Noite";"Crescente";"Céu Claro";"Simples";"Reta";"Não";1;0;1;0;0;0;1;1;-20,3561;-41,0852;"SPRF-ES";"DEL01-ES";"UOP02-DEL01-ES"
178493;2018-12-16;"domingo";"05:20:00";"MG";40;521,9;"CONTAGEM";"Velocidade Incompatível";"Atropelamento de Pedestre";"Com Vítimas Fatais";"Amanhecer";"Crescente";"Céu Claro";"Dupla";"Reta";"Não";2;1;0;0;1;0;0;2;-19,8665;-44,064;"SPRF-MG";"DEL01-MG";"UOP03-DEL01-MG"
178494;2018-12-16;"domingo";"06:50:00";"ES";101;258;"SERRA";"Animais na Pista";"Atropelamento de Animal";"Com Vítimas Feridas";"Pleno dia";"Crescente";"Céu Claro";"Dupla";"Reta";"Sim";1;0;0;1;0;0;1;1;-20,13091088;-40,2959544;"SPRF-ES";"DEL02-ES";"UOP01-DEL02-ES"
178495;2018-12-16;"domingo";"05:00:00";"SC";163;95,9;"SAO JOSE DO CEDRO";"Ingestão de Álcool";"Saída de leito carroçável";"Com Vítimas Feridas";"Plena Noite";"Crescente";"Céu Claro";"Simples";"Reta;Declive";"Não";2;0;1;0;1;0;1;1;-26,50436475;-53,51071358;"SPRF-SC";"DEL07-SC";"UOP03-DEL07-SC"
178496;2018-12-16;"domingo";"06:20:00";"PE";408;101;"SAO LOURENCO DA MATA";"Condutor Dormindo";"Saída de leito carroçável";"Com Vítimas Feridas";"Pleno dia";"Decrescente";"Céu Claro";"Dupla";"Reta";"Sim";1;0;0;1;0;0;1;1;-8,055622;-34,99856;"SPRF-PE";"DEL01-PE";"UOP01-DEL01-PE"
178501;2018-12-15;"sábado";"13:00:00";"BA";101;107,4;"ALAGOINHAS";"Objeto estático sobre o leito carroçável";"Danos eventuais";"Sem Vítimas";"Pleno dia";"Decrescente";"Sol";"Simples";"Reta";"Sim";2;0;0;0;2;0;0;2;-12,1438;-38,3922;"SPRF-BA";"DEL01-BA";"UOP04-DEL01-BA"
178503;2018-12-16;"domingo";"05:45:00";"BA";324;606;"SIMOES FILHO";"Ingestão de Álcool";"Queda de ocupante de veículo";"Com Vítimas Feridas";"Pleno dia";"Crescente";"Nublado";"Dupla";"Reta";"Sim";1;0;1;0;0;0;1;1;-12,813033;-38,405248;"SPRF-BA";"DEL01-BA";"UOP01-DEL01-BA"
178504;2018-12-13;"quinta-feira";"01:20:00";"SP";116;109,6;"TAUBATE";"Falta de Atenção à Condução";"Colisão com objeto estático";"Com Vítimas Fatais";"Plena Noite";"Crescente";"Céu Claro";"Dupla";"Reta";"Sim";1;1;0;0;0;0;0;1;-23,028759;-45,545235;"SPRF-SP";"DEL06-SP";"UOP01-DEL06-SP"
178508;2018-12-16;"domingo";"06:00:00";"SC";280;24,4;"ARAQUARI";"Ingestão de Álcool";"Colisão frontal";"Com Vítimas Feridas";"Amanhecer";"Decrescente";"Céu Claro";"Simples";"Reta";"Sim";2;0;2;0;0;0;2;2;-26,37726;-48,719547;"SPRF-SC";"DEL03-SC";"UOP03-DEL03-SC"
178510;2018-12-16;"domingo";"07:40:00";"RJ";116;315;"RESENDE";"Ingestão de Substâncias Psicoativas";"Colisão traseira";"Com Vítimas Feridas";"Pleno dia";"Decrescente";"Céu Claro";"Dupla";"Declive";"Não";4;0;2;1;1;0;3;2;-22,465601;-44,491028;"SPRF-RJ";"DEL07-RJ";"DEL5/7-UOP03/RJ"
178512;2018-12-16;"domingo";"06:40:00";"SP";116;310,4;"SAO LOURENCO DA SERRA";"Condutor Dormindo";"Colisão lateral";"Com Vítimas Feridas";"Pleno dia";"Decrescente";"Sol";"Dupla";"Aclive;Reta";"Não";3;0;1;0;2;0;1;2;-23,87194384;-46,96179542;"SPRF-SP";"DEL04-SP";"UOP01-DEL04-SP"
178513;2018-12-16;"domingo";"08:20:00";"MG";50;179;"UBERABA";"Velocidade Incompatível";"Colisão com objeto estático";"Com Vítimas Feridas";"Pleno dia";"Crescente";"Céu Claro";"Dupla";"Curva";"Sim";3;0;0;2;1;0;2;1;-19,7783;-47,9223;"SPRF-MG";"DEL13-MG";"UOP01-DEL13-MG"
178514;2018-12-06;"quinta-feira";"20:40:00";"MS";163;650;"RIO VERDE DE MATO GROSSO";"Ingestão de Álcool";"Saída de leito carroçável";"Sem Vítimas";"Plena Noite";"Decrescente";"Céu Claro";"Simples";"Reta";"Não";1;0;0;0;1;0;0;1;-18,9439591;-54,82933044;"SPRF-MS";"DEL06-MS";"UOP02-DEL06-MS"
178518;2018-12-16;"domingo";"06:40:00";"CE";116;16;"EUSEBIO";"Falta de Atenção à Condução";"Queda de ocupante de veículo";"Com Vítimas Feridas";"Pleno dia";"Crescente";"Céu Claro";"Dupla";"Reta;Declive";"Não";1;0;1;0;0;0;1;1;-3,8998;-38,5038;"SPRF-CE";"DEL01-CE";"UOP02-DEL01-CE"
178521;2018-12-16;"domingo";"04:10:00";"SC";101;332;"TUBARAO";"Ingestão de Álcool";"Colisão com objeto estático";"Com Vítimas Feridas";"Plena Noite";"Decrescente";"Céu Claro";"Simples";"Reta";"Sim";3;0;2;1;0;0;3;1;-28,4669;-48,9973;"SPRF-SC";"DEL02-SC";"UOP01-DEL02-SC"
178522;2018-12-16;"domingo";"06:00:00";"RO";364;229;"CACOAL";"Ingestão de Álcool";"Saída de leito carroçável";"Com Vítimas Feridas";"Pleno dia";"Crescente";"Céu Claro";"Simples";"Reta";"Não";4;0;4;0;0;0;4;1;-11,483529;-61,386856;"SPRF-RO";"DEL02-RO";"UOP02-DEL02-RO"
178523;2018-12-16;"domingo";"07:55:00";"PR";369;131,3;"IBIPORA";"Condutor Dormindo";"Saída de leito carroçável";"Com Vítimas Feridas";"Pleno dia";"Crescente";"Nublado";"Dupla";"Reta";"Não";1;0;0;1;0;0;1;1;-23,26197325;-50,99374473;"SPRF-PR";"DEL07-PR";"UOP01-DEL07-PR"
178525;2018-12-16;"domingo";"08:00:00";"PE";104;29;"TORITAMA";"Desobediência às normas de trânsito pelo condutor";"Colisão lateral";"Sem Vítimas";"Pleno dia";"Crescente";"Céu Claro";"Simples";"Rotatória";"Sim";2;0;0;0;2;0;0;2;-8,0078;-36,0621;"SPRF-PE";"DEL02-PE";"UOP01-DEL02-PE"
178526;2018-12-16;"domingo";"08:50:00";"MG";262;371;"JUATUBA";"Falta de Atenção à Condução";"Colisão traseira";"Com Vítimas Feridas";"Pleno dia";"Crescente";"Céu Claro";"Dupla";"Curva";"Não";3;0;1;0;1;1;1;3;-19,9537;-44,3708;"SPRF-MG";"DEL01-MG";"UOP03-DEL01-MG"
178530;2018-12-16;"domingo";"09:45:00";"MG";381;3,5;"BETIM";"Velocidade Incompatível";"Colisão com objeto estático";"Com Vítimas Feridas";"Pleno dia";"Decrescente";"Sol";"Dupla";"Curva";"Não";1;0;1;0;0;0;1;1;-19,98654957;-44,170573;"SPRF-MG";"DEL01-MG";"UOP03-DEL01-MG"
178531;2018-12-15;"sábado";"20:10:00";"MT";158;551,5;"AGUA BOA";"Falta de Atenção à Condução";"Capotamento";"Sem Vítimas";"Plena Noite";"Decrescente";"Céu Claro";"Simples";"Declive";"Não";1;0;0;0;0;1;0;1;-13,81444041;-52,03912974;"SPRF-MT";"DEL07-MT";"UOP02-DEL07-MT"
178532;2018-12-16;"domingo";"02:00:00";"PE";316;24,2;"ARARIPINA";"Ingestão de Álcool";"Saída de leito carroçável";"Com Vítimas Feridas";"Plena Noite";"Crescente";"Céu Claro";"Simples";"Reta";"Não";2;0;1;1;0;0;2;1;-7,58964933;-40,49603462;"SPRF-PE";"DEL05-PE";"UOP02-DEL05-PE"
178533;2018-12-16;"domingo";"08:35:00";"RS";392;52,2;"RIO GRANDE";"Condutor Dormindo";"Colisão com objeto estático";"Com Vítimas Feridas";"Pleno dia";"Decrescente";"Sol";"Múltipla";"Reta";"Não";1;0;1;0;0;0;1;1;-31,857796;-52,325077;"SPRF-RS";"DEL07-RS";"UOP02-DEL07-RS"
178536;2018-12-16;"domingo";"09:45:00";"MG";40;519;"CONTAGEM";"Não guardar distância de segurança";"Engavetamento";"Com Vítimas Feridas";"Pleno dia";"Decrescente";"Sol";"Dupla";"Reta";"Não";4;0;1;0;3;0;1;4;-19,8511;-44,0724;"SPRF-MG";"DEL01-MG";"UOP03-DEL01-MG"
178537;2018-12-16;"domingo";"07:50:00";"MG";381;926,4;"ITAPEVA";"Velocidade Incompatível";"Saída de leito carroçável";"Com Vítimas Feridas";"Pleno dia";"Decrescente";"Chuva";"Dupla";"Curva";"Não";3;0;1;0;2;0;1;1;-22,7676;-46,2165;"SPRF-MG";"DEL16-MG";"UOP03-DEL16-MG"
178539;2018-12-16;"domingo";"11:00:00";"SC";101;199;"SAO JOSE";"Não guardar distância de segurança";"Colisão traseira";"Com Vítimas Feridas";"Pleno dia";"Decrescente";"Sol";"Múltipla";"Reta";"Sim";6;0;0;1;5;0;1;5;-27,53480324;-48,6291039;"SPRF-SC";"DEL01-SC";"UOP01-DEL01-SC"
178541;2018-12-16;"domingo";"11:05:00";"RS";290;500,9;"ROSARIO DO SUL";"Ultrapassagem Indevida";"Saída de leito carroçável";"Com Vítimas Feridas";"Pleno dia";"Crescente";"Céu Claro";"Simples";"Reta";"Não";2;0;2;0;0;0;2;1;-30,18096;-55,103222;"SPRF-RS";"DEL11-RS";"UOP02-DEL11-RS"