"id";"data_inversa";"dia_semana";"horario";"uf";"br";"km";"municipio";"causa_acidente";"tipo_acidente";"classificacao_acidente";"fase_dia";"sentido_via";"condicao_metereologica";"tipo_pista";"tracado_via";"uso_solo";"pessoas";"mortos";"feridos_leves";"feridos_graves";"ilesos";"ignorados";"feridos";"veiculos";"latitude";"longitude";"regional";"delegacia";"uop"
178542;2018-12-16;"domingo";"10:15:00";"TO";153;680,3;"CARIRI DO TOCANTINS";"Ultrapassagem Indevida";"Colisão lateral";"Com Vítimas Fatais";"Pleno dia";"Decrescente";"Céu Claro";"Simples";"Reta";"Não";3;1;0;0;2;0;0;2;-11,808742;-49,126927;"SPRF-TO";"DEL02-TO";"UOP02-DEL01-TO"
178543;2018-12-16;"domingo";"08:00:00";"MT";163;692;"LUCAS DO RIO VERDE";"Não guardar distância de segurança";"Colisão lateral";"Com Vítimas Feridas";"Pleno dia";"Crescente";"Céu Claro";"Simples";"Reta";"Não";3;0;2;0;1;0;2;2;-13,04081232;-55,90231463;"SPRF-MT";"DEL06-MT";"UOP01-DEL06-MT"
178544;2018-12-16;"domingo";"10:00:00";"RJ";40;62,3;"PETROPOLIS";"Falta de Atenção à Condução";"Colisão com objeto estático";"Com Vítimas Feridas";"Pleno dia";"Crescente";"Céu Claro";"Dupla";"Declive;Curva";"Sim";2;0;1;1;0;0;2;1;-22,4146;-43,1503;"SPRF-RJ";"DEL06-RJ";"UOP01-DEL06-RJ"
178546;2018-11-10;"sábado";"19:30:00";"PI";343;141,4;"PIRACURUCA";"Desobediência às normas de trânsito pelo condutor";"Colisão lateral";"Com Vítimas Fatais";"Plena Noite";"Crescente";"Céu Claro";"Dupla";"Reta";"Sim";2;1;0;1;0;0;1;2;-3,929562;-41,713806;"SPRF-PI";"DEL02-PI";"UOP01-DEL02-PI"
178547;2018-12-16;"domingo";"11:00:00";"SC";101;210;"SAO JOSE";"Falta de Atenção à Condução";"Colisão com objeto estático";"Com Vítimas Feridas";"Pleno dia";"Crescente";"Céu Claro";"Múltipla";"Reta";"Sim";1;0;1;0;0;0;1;1;-27,6235;-48,6524;"SPRF-SC";"DEL01-SC";"UOP01-DEL01-SC"
178548;2018-12-16;"domingo";"10:50:00";"RJ";101;330;"RIO DE JANEIRO";"Falta de Atenção à Condução";"Colisão traseira";"Com Vítimas Feridas";"Pleno dia";"Decrescente";"Céu Claro";"Múltipla";"Reta";"Sim";2;0;1;0;1;0;1;2;-22,868481;-43,18568;"SPRF-RJ";"DEL02-RJ";"UOP02-DEL02-RJ"
178549;2018-12-16;"domingo";"11:30:00";"SC";101;201,8;"SAO JOSE";"Falta de Atenção à Condução";"Colisão lateral";"Com Vítimas Feridas";"Pleno dia";"Decrescente";"Céu Claro";"Dupla";"Reta";"Sim";2;0;1;0;1;0;1;2;-27,5572;-48,6188;"SPRF-SC";"DEL01-SC";"UOP01-DEL01-SC"
178550;2018-12-16;"domingo";"11:40:00";"MG";381;846;"SAO SEBASTIAO DA BELA VISTA";"Falta de Atenção à Condução";"Tombamento";"Com Vítimas Feridas";"Pleno dia";"Crescente";"Céu Claro";"Dupla";"Reta";"Não";1;0;1;0;0;0;1;1;-22,21160312;-45,86719036;"SPRF-MG";"DEL16-MG";"UOP01-DEL16-MG"
178551;2018-12-16;"domingo";"11:30:00";"ES";101;98,5;"JAGUARE";"Falta de Atenção à Condução";"Colisão transversal";"Com Vítimas Feridas";"Pleno dia";"Crescente";"Céu Claro";"Simples";"Declive;Reta";"Não";3;0;1;0;2;0;1;2;-18,94919796;-39,98085025;"SPRF-ES";"DEL04-ES";"UOP02-DEL04-ES"
178552;2018-12-16;"domingo";"11:15:00";"MS";262;68,8;"TRES LAGOAS";"Defeito Mecânico no Veículo";"Colisão com objeto em movimento";"Com Vítimas Feridas";"Pleno dia";"Decrescente";"Sol";"Simples";"Reta";"Não";2;0;1;0;0;1;1;2;-20,683309;-52,223;"SPRF-MS";"DEL07-MS";"UOP01-DEL07-MS"
178553;2018-12-16;"domingo";"09:45:00";"SC";282;102,4;"ALFREDO WAGNER";"Falta de Atenção à Condução";"Colisão frontal";"Com Vítimas Fatais";"Pleno dia";"Crescente";"Sol";"Simples";"Curva";"Não";5;1;0;1;1;2;1;3;-27,694818;-49,314419;"SPRF-SC";"DEL01-SC";"UOP03-DEL01-SC"
178555;2018-12-16;"domingo";"12:40:00";"SC";101;262,5;"PAULO LOPES";"Falta de Atenção à Condução";"Colisão traseira";"Com Vítimas Feridas";"Pleno dia";"Decrescente";"Céu Claro";"Dupla";"Reta";"Não";4;0;3;0;1;0;3;2;-28,0489;-48,7154;"SPRF-SC";"DEL02-SC";"UOP03-DEL02-SC"
178556;2018-12-16;"domingo";"12:00:00";"PR";376;494,5;"PONTA GROSSA";"Defeito na Via";"Queda de ocupante de veículo";"Com Vítimas Feridas";"Pleno dia";"Decrescente";"Sol";"Dupla";"Declive";"Não";1;0;1;0;0;0;1;1;-25,12804533;-50,17576586;"SPRF-PR";"DEL03-PR";"UOP04-DEL03-PR"
178558;2018-12-16;"domingo";"13:05:00";"RS";471;194,7;"PANTANO GRANDE";"Desobediência às normas de trânsito pelo condutor";"Colisão transversal";"Com Vítimas Feridas";"Pleno dia";"Crescente";"Sol";"Simples";"Interseção de Vias";"Não";3;0;1;0;2;0;1;2;-30,19017698;-52,37237066;"SPRF-RS";"DEL02-RS";"UOP02-DEL02-RS"
178559;2018-12-16;"domingo";"10:30:00";"RJ";40;121;"DUQUE DE CAXIAS";"Falta de Atenção à Condução";"Saída de leito carroçável";"Com Vítimas Feridas";"Pleno dia";"Crescente";"Nublado";"Múltipla";"Curva";"Sim";1;0;1;0;0;0;1;1;-22,7884;-43,2853;"SPRF-RJ";"DEL01-RJ";"UOP01-DEL01-RJ"
178560;2018-12-16;"domingo";"12:00:00";"RJ";493;59;"DUQUE DE CAXIAS";"Falta de Atenção à Condução";"Colisão com objeto estático";"Com Vítimas Feridas";"Pleno dia";"Decrescente";"Céu Claro";"Dupla";"Reta";"Não";1;0;0;1;0;0;1;1;-22,672079;-43,285179;"SPRF-RJ";"DEL01-RJ";"UOP03-DEL01-RJ"
178562;2018-12-16;"domingo";"12:10:00";"MG";381;505;"BETIM";"Agressão Externa";"Danos eventuais";"Sem Vítimas";"Pleno dia";"Decrescente";"Céu Claro";"Dupla";"Reta";"Sim";1;0;0;0;1;0;0;1;-20,0384;-44,2529;"SPRF-MG";"DEL01-MG";"UOP03-DEL01-MG"
178563;2018-12-16;"domingo";"05:30:00";"MG";40;393,6;"CURVELO";"Falta de Atenção à Condução";"Saída de leito carroçável";"Com Vítimas Feridas";"Amanhecer";"Decrescente";"Céu Claro";"Simples";"Reta";"Não";5;0;4;0;1;0;4;1;-19,1648;-44,5195;"SPRF-MG";"DEL02-MG";"UOP01-DEL02-MG"
178564;2018-12-16;"domingo";"13:30:00";"MG";40;553;"NOVA LIMA";"Falta de Atenção à Condução";"Colisão transversal";"Com Vítimas Feridas";"Pleno dia";"Crescente";"Céu Claro";"Dupla";"Reta";"Sim";2;0;1;0;1;0;1;2;-20,077;-43,9823;"SPRF-MG";"DEL01-MG";"UOP02-DEL01-MG"
178565;2018-12-16;"domingo";"13:15:00";"PE";232;17,2;"JABOATAO DOS GUARARAPES";"Falta de Atenção à Condução";"Saída de leito carroçável";"Com Vítimas Feridas";"Pleno dia";"Decrescente";"Céu Claro";"Dupla";"Reta";"Não";6;0;1;0;4;1;1;2;-8,096016;-35,045251;"SPRF-PE";"DEL01-PE";"UOP01-DEL01-PE"
178567;2018-06-19;"terça-feira";"18:00:00";"ES";101;280,7;"SERRA";"Desobediência às normas de trânsito pelo condutor";"Colisão transversal";"Com Vítimas Feridas";"Plena Noite";"Crescente";"Nublado";"Dupla";"Interseção de Vias";"Não";2;0;0;1;1;0;1;2;-20,2191536;-40,3552857;"SPRF-ES";"DEL02-ES";"UOP01-DEL02-ES"
178568;2018-12-16;"domingo";"13:00:00";"PE";101;138,2;"ESCADA";"Falta de Atenção à Condução";"Saída de leito carroçável";"Com Vítimas Feridas";"Pleno dia";"Crescente";"Nublado";"Dupla";"Curva";"Não";1;0;1;0;0;0;1;1;-8,4268;-35,3213;"SPRF-PE";"DEL01-PE";"UOP03-DEL01-PE"
178569;2018-12-16;"domingo";"14:20:00";"MG";381;934;"EXTREMA";"Ingestão de Álcool";"Tombamento";"Com Vítimas Feridas";"Pleno dia";"Decrescente";"Nublado";"Dupla";"Declive;Curva";"Não";2;0;2;0;0;0;2;1;-22,8083;-46,266;"SPRF-MG";"DEL16-MG";"UOP03-DEL16-MG"
178570;2018-12-16;"domingo";"14:30:00";"SC";101;123;"ITAJAI";"Mal Súbito";"Queda de ocupante de veículo";"Com Vítimas Feridas";"Pleno dia";"Crescente";"Céu Claro";"Múltipla";"Viaduto";"Não";1;0;0;1;0;0;1;1;-26,9434;-48,6917;"SPRF-SC";"DEL04-SC";"UOP04-DEL04-SC"
178571;2018-12-16;"domingo";"14:30:00";"RS";285;377,2;"SALDANHA MARINHO";"Desobediência às normas de trânsito pelo condutor";"Colisão frontal";"Com Vítimas Fatais";"Pleno dia";"Decrescente";"Sol";"Simples";"Curva";"Não";5;2;0;3;0;0;3;2;-28,4256587;-53,15942734;"SPRF-RS";"DEL10-RS";"UOP01-DEL10-RS"
178572;2018-12-16;"domingo";"15:00:00";"SP";116;230;"SAO PAULO";"Falta de Atenção à Condução";"Colisão lateral";"Com Vítimas Feridas";"Pleno dia";"Decrescente";"Céu Claro";"Múltipla";"Reta";"Sim";3;0;1;0;1;1;1;3;-23,51654837;-46,57965034;"SPRF-SP";"DEL01-SP";"UOP01-DEL01-SP"
178576;2018-12-16;"domingo";"15:00:00";"GO";60;117,5;"TEREZOPOLIS DE GOIAS";"Falta de Atenção do Pedestre";"Atropelamento de Pedestre";"Com Vítimas Feridas";"Pleno dia";"Crescente";"Céu Claro";"Dupla";"Reta";"Sim";2;0;1;0;1;0;1;2;-16,4789;-49,0864;"SPRF-GO";"DEL01-GO";"UOP01-DEL01-GO"
178577;2018-12-16;"domingo";"15:30:00";"ES";262;16,4;"VIANA";"Não guardar distância de segurança";"Colisão traseira";"Com Vítimas Feridas";"Pleno dia";"Decrescente";"Sol";"Simples";"Reta";"Não";3;0;1;0;2;0;1;2;-20,3836;-40,4608;"SPRF-ES";"DEL01-ES";"UOP01-DEL01-ES"
178578;2018-12-16;"domingo";"15:00:00";"SC";101;77;"ARAQUARI";"Falta de Atenção à Condução";"Colisão lateral";"Sem Vítimas";"Pleno dia";"Crescente";"Sol";"Múltipla";"Curva";"Não";2;0;0;0;2;0;0;2;-26,5795;-48,7223;"SPRF-SC";"DEL03-SC";"UOP02-DEL03-SC"
178579;2018-12-16;"domingo";"15:00:00";"SP";116;104;"TAUBATE";"Não guardar distância de segurança";"Colisão traseira";"Com Vítimas Feridas";"Pleno dia";"Crescente";"Céu Claro";"Dupla";"Reta";"Sim";4;0;2;0;2;0;2;2;-23,00342;-45,506306;"SPRF-SP";"DEL06-SP";"UOP01-DEL06-SP"
178582;2018-12-16;"domingo";"13:00:00";"PA";316;65;"CASTANHAL";"Falta de Atenção à Condução";"Colisão traseira";"Com Vítimas Feridas";"Pleno dia";"Decrescente";"Nublado";"Dupla";"Reta";"Sim";2;0;0;1;1;0;1;2;-1,295804;-47,910839;"SPRF-PA";"DEL01-PA";"UOP01-DEL01-PA"
178583;2018-12-16;"domingo";"14:20:00";"RN";101;123;"SAO JOSE DE MIPIBU";"Ingestão de Álcool";"Colisão traseira";"Sem Vítimas";"Pleno dia";"Decrescente";"Céu Claro";"Dupla";"Reta";"Sim";2;0;0;0;2;0;0;2;-6,061655;-35,240948;"SPRF-RN";"DEL01-RN";"UOP01-DEL01-RN"
178586;2018-12-16;"domingo";"14:00:00";"RO";364;199,4;"PIMENTA BUENO";"Velocidade Incompatível";"Tombamento";"Com Vítimas Feridas";"Pleno dia";"Decrescente";"Nublado";"Simples";"Reta";"Sim";1;0;0;1;0;0;1;1;-11,66155;-61,191055;"SPRF-RO";"DEL02-RO";"UOP02-DEL02-RO"
178589;2018-12-16;"domingo";"14:40:00";"BA";324;577;"SAO SEBASTIAO DO PASSE";"Falta de Atenção à Condução";"Colisão lateral";"Com Vítimas Feridas";"Pleno dia";"Decrescente";"Céu Claro";"Dupla";"Reta";"Não";2;0;1;0;1;0;1;2;-12,59108833;-38,52012634;"SPRF-BA";"DEL01-BA";"UOP01-DEL01-BA"
178590;2018-12-16;"domingo";"15:20:00";"PE";101;41,6;"IGARASSU";"Falta de Atenção à Condução";"Colisão traseira";"Com Vítimas Feridas";"Pleno dia";"Crescente";"Nublado";"Múltipla";"Reta";"Sim";3;0;1;0;1;1;1;2;-7,837;-34,9124;"SPRF-PE";"DEL01-PE";"UOP02-DEL01-PE"
178593;2018-12-16;"domingo";"11:00:00";"AM";319;721;"HUMAITA";"Animais na Pista";"Atropelamento de Animal";"Com Vítimas Feridas";"Pleno dia";"Crescente";"Céu Claro";"Simples";"Reta";"Não";2;0;1;0;0;1;1;2;-7,926821;-63,329002;"SPRF-RO";"DEL01-RO";"UOP05-DEL01-AM"
178594;2018-12-16;"domingo";"15:12:00";"MT";364;377;"SANTO ANTONIO DO LEVERGER";"Defeito na Via";"Saída de leito carroçável";"Sem Vítimas";"Pleno dia";"Crescente";"Sol";"Simples";"Reta";"Não";1;0;0;0;1;0;0;1;-15,704032;-55,737122;"SPRF-MT";"DEL02-MT";"UOP02-DEL01-MT"
178597;2018-12-16;"domingo";"16:00:00";"RS";468;24,9;"PALMEIRA DAS MISSOES";"Velocidade Incompatível";"Saída de leito carroçável";"Com Vítimas Feridas";"Pleno dia";"Crescente";"Chuva";"Simples";"Curva";"Não";2;0;2;0;0;0;2;1;-27,766132;-53,471966;"SPRF-RS";"DEL08-RS";"UOP01-DEL08-RS"
178598;2018-12-16;"domingo";"16:40:00";"RS";116;295,4;"GUAIBA";"Defeito Mecânico no Veículo";"Saída de leito carroçável";"Com Vítimas Feridas";"Pleno dia";"Decrescente";"Céu Claro";"Dupla";"Reta";"Não";2;0;2;0;0;0;2;1;-30,061916;-51,339684;"SPRF-RS";"DEL02-RS";"UOP01-DEL02-RS"
178599;2018-12-16;"domingo";"17:10:00";"GO";40;5,9;"VALPARAISO DE GOIAS";"Defeito Mecânico no Veículo";"Queda de ocupante de veículo";"Com Vítimas Feridas";"Pleno dia";"Crescente";"Céu Claro";"Dupla";"Reta";"Não";2;0;2;0;0;0;2;1;-16,093134;-47,982236;"SPRF-DF";"DEL01-DF";"UOP01-DEL01-DF"
178600;2018-12-16;"domingo";"17:10:00";"PR";376;621,2;"SAO JOSE DOS PINHAIS";"Falta de Atenção à Condução";"Colisão traseira";"Sem Vítimas";"Pleno dia";"Decrescente";"Chuva";"Dupla";"Reta";"Não";2;0;0;0;2;0;0;2;-25,62225769;-49,16725159;"SPRF-PR";"DEL01-PR";"DEL7/1-UOP08/PR"
178601;2018-12-16;"domingo";"16:49:00";"SC";163;91,6;"GUARACIABA";"Ultrapassagem Indevida";"Colisão traseira";"Sem Vítimas";"Pleno dia";"Decrescente";"Céu Claro";"Simples";"Reta";"Não";2;0;0;0;2;0;0;2;-26,55444349;-53,51533771;"SPRF-SC";"DEL07-SC";"UOP03-DEL07-SC"
178602;2018-12-16;"domingo";"17:05:00";"SP";116;304;"SAO LOURENCO DA SERRA";"Falta de Atenção à Condução";"Colisão lateral";"Com Vítimas Feridas";"Pleno dia";"Decrescente";"Céu Claro";"Dupla";"Reta";"Não";2;0;1;0;1;0;1;2;-23,79952427;-46,9154124;"SPRF-SP";"DEL04-SP";"UOP01-DEL04-SP"
178603;2018-12-16;"domingo";"16:30:00";"PR";116;116;"CURITIBA";"Não guardar distância de segurança";"Colisão traseira";"Com Vítimas Feridas";"Pleno dia";"Crescente";"Céu Claro";"Dupla";"Reta";"Sim";2;0;1;0;1;0;1;2;-25,544559;-49,30146;"SPRF-PR";"DEL01-PR";"UOP07-DEL01-PR"
178604;2018-12-16;"domingo";"17:20:00";"SC";470;3;"NAVEGANTES";"Desobediência às normas de trânsito pelo condutor";"Colisão transversal";"Com Vítimas Feridas";"Pleno dia";"Decrescente";"Céu Claro";"Simples";"Desvio Temporário";"Não";2;0;0;1;1;0;1;2;-26,861937;-48,681618;"SPRF-SC";"DEL04-SC";"UOP04-DEL04-SC"
178605;2018-12-16;"domingo";"14:54:00";"MT";70;5;"BARRA DO GARCAS";"Falta de Atenção à Condução";"Colisão lateral";"Sem Vítimas";"Pleno dia";"Decrescente";"Céu Claro";"Dupla";"Retorno Regulamentado";"Sim";2;0;0;0;2;0;0;2;-15,878146;-52,296227;"SPRF-MT";"DEL07-MT";"UOP01-DEL07-MT"
178607;2018-12-16;"domingo";"17:00:00";"PR";277;594;"CASCAVEL";"Avarias e/ou desgaste excessivo no pneu";"Saída de leito carroçável";"Com Vítimas Feridas";"Pleno dia";"Crescente";"Chuva";"Simples";"Curva";"Sim";2;0;1;0;1;0;1;1;-25,02817;-53,55983;"SPRF-PR";"DEL04-PR";"UOP01-DEL04-PR"
178608;2018-12-16;"domingo";"16:50:00";"PR";476;163;"ARAUCARIA";"Defeito Mecânico no Veículo";"Tombamento";"Com Vítimas Feridas";"Pleno dia";"Decrescente";"Nublado";"Simples";"Reta";"Não";2;0;2;0;0;0;2;1;-25,633638;-49,460007;"SPRF-PR";"DEL01-PR";"UOP06-DEL01-PR"
178609;2018-12-16;"domingo";"17:25:00";"RJ";116;136;"DUQUE DE CAXIAS";"Falta de Atenção à Condução";"Colisão com objeto estático";"Com Vítimas Feridas";"Pleno dia";"Crescente";"Céu Claro";"Dupla";"Reta";"Sim";3;0;1;0;2;0;1;1;-22,649881;-43,172539;"SPRF-RJ";"DEL04-RJ";"UOP02-DEL04-RJ"
178610;2018-12-16;"domingo";"15:30:00";"PB";230;35,5;"SANTA RITA";"Velocidade Incompatível";"Capotamento";"Com Vítimas Feridas";"Pleno dia";"Crescente";"Céu Claro";"Dupla";"Curva";"Não";5;0;4;0;1;0;4;1;-7,12388508;-34,94442344;"SPRF-PB";"DEL01-PB";"UOP01-DEL01-PB"
178611;2018-12-16;"domingo";"15:20:00";"MT";163;845,1;"SINOP";"Desobediência às normas de trânsito pelo condutor";"Tombamento";"Com Vítimas Feridas";"Pleno dia";"Crescente";"Vento";"Simples";"Reta";"Não";2;0;1;1;0;0;2;1;-11,76998201;-55,47151566;"SPRF-MT";"DEL06-MT";"UOP02-DEL06-MT"
178613;2018-12-16;"domingo";"17:35:00";"GO";60;100;"ANAPOLIS";"Ingestão de Álcool";"Colisão com objeto estático";"Com Vítimas Feridas";"Pleno dia";"Crescente";"Sol";"Dupla";"Viaduto";"Sim";1;0;1;0;0;0;1;1;-16,3979;-48,9664;"SPRF-GO";"DEL02-GO";"UOP01-DEL02-GO"
178616;2018-12-16;"domingo";"15:50:00";"SC";282;631,9;"DESCANSO";"Avarias e/ou desgaste excessivo no pneu";"Saída de leito carroçável";"Sem Vítimas";"Pleno dia";"Decrescente";"Chuva";"Simples";"Declive;Curva";"Não";1;0;0;0;0;1;0;1;-26,824362;-53,394367;"SPRF-SC";"DEL07-SC";"UOP03-DEL07-SC"
178617;2018-12-16;"domingo";"15:20:00";"PR";277;722,3;"FOZ DO IGUACU";"Falta de Atenção à Condução";"Saída de leito carroçável";"Com Vítimas Feridas";"Pleno dia";"Decrescente";"Céu Claro";"Dupla";"Reta;Retorno Regulamentado";"Sim";2;0;1;0;1;0;1;2;-25,495068;-54,52095;"SPRF-PR";"DEL05-PR";"UOP01-DEL05-PR"
178618;2018-12-16;"domingo";"18:10:00";"DF";40;6,6;"BRASILIA";"Desobediência às normas de trânsito pelo condutor";"Colisão traseira";"Com Vítimas Feridas";"Pleno dia";"Decrescente";"Céu Claro";"Dupla";"Reta";"Sim";2;0;1;0;1;0;1;2;-16,029741;-47,978867;"SPRF-DF";"DEL01-DF";"UOP01-DEL01-DF"
178620;2018-12-16;"domingo";"18:25:00";"SC";101;40,2;"JOINVILLE";"Não guardar distância de segurança";"Colisão traseira";"Com Vítimas Feridas";"Anoitecer";"Decrescente";"Céu Claro";"Dupla";"Reta";"Sim";2;0;2;0;0;0;2;1;-26,3166;-48,8733;"SPRF-SC";"DEL03-SC";"UOP01-DEL03-SC"
178621;2018-12-16;"domingo";"18:00:00";"SP";116;104,9;"TAUBATE";"Restrição de Visibilidade";"Colisão com objeto em movimento";"Com Vítimas Feridas";"Pleno dia";"Decrescente";"Nublado";"Dupla";"Reta";"Não";1;0;1;0;0;0;1;1;-23,00342;-45,506306;"SPRF-SP";"DEL06-SP";"UOP01-DEL06-SP"
178622;2018-12-16;"domingo";"07:30:00";"BA";101;652;"ITAPEBI";"Ultrapassagem Indevida";"Colisão frontal";"Com Vítimas Fatais";"Pleno dia";"Crescente";"Nublado";"Simples";"Curva";"Não";4;1;2;0;1;0;2;2;-15,8804;-39,5314;"SPRF-BA";"DEL05-BA";"UOP02-DEL05-BA"
178623;2018-12-16;"domingo";"18:20:00";"MG";116;277,8;"TEOFILO OTONI";"Falta de Atenção à Condução";"Colisão lateral";"Com Vítimas Feridas";"Anoitecer";"Crescente";"Céu Claro";"Simples";"Reta";"Sim";4;0;1;0;2;1;1;3;-17,8581102;-41,51493073;"SPRF-MG";"DEL11-MG";"UOP01-DEL11-MG"
178624;2018-12-16;"domingo";"17:30:00";"MT";364;254;"JUSCIMEIRA";"Falta de Atenção à Condução";"Saída de leito carroçável";"Com Vítimas Feridas";"Pleno dia";"Crescente";"Céu Claro";"Simples";"Reta";"Não";1;0;1;0;0;0;1;1;-16,089214;-54,869465;"SPRF-MT";"DEL02-MT";"UOP01-DEL02-MT"
178625;2018-12-16;"domingo";"18:15:00";"SC";101;199;"SAO JOSE";"Ingestão de Álcool";"Colisão lateral";"Sem Vítimas";"Pleno dia";"Decrescente";"Céu Claro";"Múltipla";"Interseção de Vias";"Sim";2;0;0;0;1;1;0;2;-27,5402;-48,6226;"SPRF-SC";"DEL01-SC";"UOP01-DEL01-SC"
178626;2018-12-16;"domingo";"18:30:00";"PR";153;335,2;"IRATI";"Falta de Atenção à Condução";"Colisão transversal";"Sem Vítimas";"Pleno dia";"Crescente";"Céu Claro";"Simples";"Reta";"Sim";3;0;0;0;3;0;0;2;-25,49141562;-50,64602852;"SPRF-PR";"DEL03-PR";"UOP02-DEL08-PR"
178627;2018-12-16;"domingo";"17:30:00";"CE";20;423;"MARACANAU";"Não guardar distância de segurança";"Colisão transversal";"Com Vítimas Feridas";"Anoitecer";"Decrescente";"Céu Claro";"Dupla";"Reta;Em Obras";"Sim";5;0;4;1;0;0;5;3;-3,85680429;-38,55066061;"SPRF-CE";"DEL01-CE";"UOP02-DEL01-CE"
178629;2018-12-16;"domingo";"18:25:00";"SP";381;54;"MAIRIPORA";"Pista Escorregadia";"Colisão lateral";"Com Vítimas Feridas";"Pleno dia";"Decrescente";"Chuva";"Dupla";"Reta";"Não";4;0;3;0;1;0;3;2;-23,246439;-46,593856;"SPRF-SP";"DEL03-SP";"UOP01-DEL03-SP"
178630;2018-12-16;"domingo";"18:20:00";"SC";470;7;"NAVEGANTES";"Falta de Atenção à Condução";"Colisão lateral";"Com Vítimas Feridas";"Pleno dia";"Decrescente";"Céu Claro";"Simples";"Reta";"Não";3;0;2;0;1;0;2;2;-26,84499;-48,71505;"SPRF-SC";"DEL04-SC";"UOP04-DEL04-SC"
178631;2018-12-16;"domingo";"18:30:00";"SC";101;210,5;"SAO JOSE";"Ingestão de Álcool";"Queda de ocupante de veículo";"Com Vítimas Feridas";"Pleno dia";"Decrescente";"Nublado";"Múltipla";"Reta";"Sim";2;0;0;1;1;0;1;2;-27,6235;-48,6524;"SPRF-SC";"DEL01-SC";"UOP01-DEL01-SC"
178633;2018-12-08;"sábado";"14:20:00";"RJ";101;429;"MANGARATIBA";"Velocidade Incompatível";"Saída de leito carroçável";"Sem Vítimas";"Pleno dia";"Decrescente";"Céu Claro";"Simples";"Curva";"Não";1;0;0;0;1;0;0;1;-22,93780394;-44,01286125;"SPRF-RJ";"DEL03-RJ";"UOP01-DEL03-RJ"
178634;2018-12-16;"domingo";"17:55:00";"RJ";116;179,7;"NOVA IGUACU";"Falta de Atenção à Condução";"Colisão traseira";"Com Vítimas Feridas";"Pleno dia";"Decrescente";"Sol";"Dupla";"Reta";"Sim";3;0;1;0;2;0;1;2;-22,769873;-43,408077;"SPRF-RJ";"DEL01-RJ";"UOP02-DEL01-RJ"
178636;2018-12-16;"domingo";"17:30:00";"PR";277;136;"BALSA NOVA";"Avarias e/ou desgaste excessivo no pneu";"Capotamento";"Com Vítimas Feridas";"Pleno dia";"Decrescente";"Céu Claro";"Dupla";"Aclive";"Não";4;0;3;0;1;0;3;1;-25,47041267;-49,69106913;"SPRF-PR";"DEL01-PR";"UOP06-DEL01-PR"
178637;2018-11-07;"quarta-feira";"07:30:00";"MG";365;623;"UBERLANDIA";"Agressão Externa";"Queda de ocupante de veículo";"Com Vítimas Feridas";"Amanhecer";"Decrescente";"Céu Claro";"Dupla";"Interseção de Vias";"Sim";1;0;1;0;0;0;1;1;-18,8974;-48,2715;"SPRF-MG";"DEL15-MG";"UOP01-DEL15-MG"
178638;2018-12-16;"domingo";"18:00:00";"MS";262;326;"CAMPO GRANDE";"Falta de Atenção à Condução";"Colisão transversal";"Com Vítimas Feridas";"Pleno dia";"Decrescente";"Céu Claro";"Simples";"Reta";"Sim";2;0;1;0;1;0;1;2;-20,46854;-54,533724;"SPRF-MS";"DEL01-MS";"UOP01-DEL01-MS"
178639;2018-12-16;"domingo";"16:15:00";"PR";376;471,3;"PONTA GROSSA";"Falta de Atenção à Condução";"Colisão transversal";"Com Vítimas Feridas";"Pleno dia";"Crescente";"Nublado";"Dupla";"Reta;Retorno Regulamentado";"Não";3;0;0;1;2;0;1;2;-25,02362643;-50,32886359;"SPRF-PR";"DEL03-PR";"UOP01-DEL03-PR"
178640;2018-12-16;"domingo";"19:00:00";"RJ";101;269;"RIO BONITO";"Falta de Atenção à Condução";"Colisão traseira";"Sem Vítimas";"Anoitecer";"Crescente";"Céu Claro";"Dupla";"Reta";"Sim";2;0;0;0;2;0;0;2;-22,714979;-42,678112;"SPRF-RJ";"DEL02-RJ";"UOP03-DEL02-RJ"
178642;2018-12-16;"domingo";"18:00:00";"SE";101;86;"NOSSA SENHORA DO SOCORRO";"Falta de Atenção à Condução";"Colisão lateral";"Com Vítimas Feridas";"Plena Noite";"Decrescente";"Céu Claro";"Dupla";"Reta";"Não";5;0;0;2;3;0;2;1;-10,866;-37,1349;"SPRF-SE";"DEL01-SE";"UOP01-DEL01-SE"
178643;2018-12-16;"domingo";"18:40:00";"PR";376;185,9;"SARANDI";"Ingestão de Álcool";"Colisão lateral";"Com Vítimas Feridas";"Pleno dia";"Crescente";"Céu Claro";"Dupla";"Reta";"Sim";2;0;1;0;1;0;1;2;-23,441591;-51,870674;"SPRF-PR";"DEL07-PR";"UOP01-DEL09-PR"
178644;2018-12-16;"domingo";"17:55:00";"TO";153;668,4;"GURUPI";"Falta de Atenção à Condução";"Queda de ocupante de veículo";"Com Vítimas Feridas";"Pleno dia";"Crescente";"Céu Claro";"Simples";"Reta";"Não";1;0;1;0;0;0;1;1;-11,692127;-49,070721;"SPRF-TO";"DEL02-TO";"UOP02-DEL01-TO"
178645;2018-12-16;"domingo";"18:45:00";"PB";230;17;"JOAO PESSOA";"Falta de Atenção à Condução";"Colisão lateral";"Com Vítimas Feridas";"Anoitecer";"Crescente";"Nublado";"Dupla";"Curva";"Sim";2;0;1;0;1;0;1;2;-7,1121;-34,8426;"SPRF-PB";"DEL01-PB";"UOP01-DEL01-PB"