"id";"data_inversa";"dia_semana";"horario";"uf";"br";"km";"municipio";"causa_acidente";"tipo_acidente";"classificacao_acidente";"fase_dia";"sentido_via";"condicao_metereologica";"tipo_pista";"tracado_via";"uso_solo";"pessoas";"mortos";"feridos_leves";"feridos_graves";"ilesos";"ignorados";"feridos";"veiculos";"latitude";"longitude";"regional";"delegacia";"uop"
178647;2018-12-16;"domingo";"18:10:00";"BA";324;559,9;"AMELIA RODRIGUES";"Ingestão de Álcool";"Colisão lateral";"Com Vítimas Fatais";"Anoitecer";"Decrescente";"Céu Claro";"Dupla";"Reta";"Não";4;1;0;1;1;1;1;3;-12,499144;-38,644127;"SPRF-BA";"DEL01-BA";"UOP01-DEL01-BA"
178648;2018-12-16;"domingo";"19:55:00";"PR";376;186,8;"MARIALVA";"Avarias e/ou desgaste excessivo no pneu";"Tombamento";"Com Vítimas Feridas";"Pleno dia";"Crescente";"Céu Claro";"Dupla";"Aclive";"Não";2;0;2;0;0;0;2;1;-23,441591;-51,870674;"SPRF-PR";"DEL07-PR";"UOP01-DEL09-PR"
178649;2018-12-16;"domingo";"19:20:00";"MG";40;623,5;"CONSELHEIRO LAFAIETE";"Velocidade Incompatível";"Saída de leito carroçável";"Com Vítimas Feridas";"Plena Noite";"Crescente";"Céu Claro";"Simples";"Aclive;Curva";"Não";2;0;1;1;0;0;2;1;-20,6136;-43,805;"SPRF-MG";"DEL05-MG";"UOP02-DEL05-MG"
178651;2018-12-16;"domingo";"19:40:00";"BA";116;831;"VITORIA DA CONQUISTA";"Falta de Atenção à Condução";"Colisão lateral";"Com Vítimas Feridas";"Plena Noite";"Crescente";"Céu Claro";"Simples";"Reta";"Não";2;0;1;0;0;1;1;2;-14,912326;-40,875553;"SPRF-BA";"DEL08-BA";"UOP01-DEL08-BA"
178653;2018-12-16;"domingo";"20:00:00";"PR";376;217,7;"JANDAIA DO SUL";"Falta de Atenção à Condução";"Colisão transversal";"Sem Vítimas";"Anoitecer";"Decrescente";"Céu Claro";"Simples";"Interseção de Vias";"Sim";2;0;0;0;2;0;0;2;-23,5969493;-51,635332;"SPRF-PR";"DEL07-PR";"UOP03-DEL07-PR"
178654;2018-12-16;"domingo";"19:55:00";"SC";101;225;"PALHOCA";"Falta de Atenção à Condução";"Colisão lateral";"Com Vítimas Feridas";"Plena Noite";"Decrescente";"Nublado";"Dupla";"Declive;Reta";"Sim";3;0;2;0;1;0;2;2;-27,7422;-48,638;"SPRF-SC";"DEL01-SC";"UOP02-DEL01-SC"
178655;2018-12-16;"domingo";"17:39:00";"SE";101;82;"LARANJEIRAS";"Falta de Atenção à Condução";"Saída de leito carroçável";"Sem Vítimas";"Pleno dia";"Decrescente";"Céu Claro";"Dupla";"Viaduto";"Não";1;0;0;0;0;1;0;1;-10,8132508;-37,1395278;"SPRF-SE";"DEL01-SE";"UOP01-DEL01-SE"
178657;2018-12-16;"domingo";"15:30:00";"SC";470;224,9;"SAO CRISTOVAO DO SUL";"Velocidade Incompatível";"Colisão com objeto estático";"Com Vítimas Feridas";"Pleno dia";"Crescente";"Chuva";"Simples";"Curva";"Não";1;0;0;1;0;0;1;1;-27,32696;-50,342205;"SPRF-SC";"DEL05-SC";"UOP03-DEL05-SC"
178658;2018-12-16;"domingo";"18:30:00";"RS";285;103,7;"VACARIA";"Ingestão de Álcool";"Saída de leito carroçável";"Com Vítimas Feridas";"Pleno dia";"Crescente";"Nublado";"Simples";"Reta";"Não";2;0;1;1;0;0;2;1;-28,553493;-50,787174;"SPRF-RS";"DEL05-RS";"UOP03-DEL05-RS"
178660;2018-12-16;"domingo";"20:10:00";"MG";365;616;"UBERLANDIA";"Velocidade Incompatível";"Colisão traseira";"Com Vítimas Feridas";"Anoitecer";"Crescente";"Nublado";"Dupla";"Reta";"Sim";2;0;0;1;1;0;1;2;-18,8974;-48,2715;"SPRF-MG";"DEL15-MG";"UOP01-DEL15-MG"
178661;2018-12-16;"domingo";"19:10:00";"BA";116;425;"FEIRA DE SANTANA";"Desobediência às normas de trânsito pelo condutor";"Colisão transversal";"Com Vítimas Feridas";"Plena Noite";"Crescente";"Céu Claro";"Simples";"Declive";"Não";4;0;2;2;0;0;4;2;-12,2591602;-38,98944855;"SPRF-BA";"DEL02-BA";"UOP01-DEL02-BA"
178662;2018-12-16;"domingo";"20:00:00";"RS";116;650,1;"JAGUARAO";"Desobediência às normas de trânsito pelo condutor";"Saída de leito carroçável";"Com Vítimas Fatais";"Anoitecer";"Crescente";"Nublado";"Simples";"Reta";"Não";1;1;0;0;0;0;0;1;-32,54073547;-53,36540222;"SPRF-RS";"DEL07-RS";"UOP03-DEL07-RS"
178663;2018-12-16;"domingo";"19:20:00";"RN";101;94,4;"NATAL";"Ingestão de Álcool";"Colisão traseira";"Com Vítimas Feridas";"Plena Noite";"Decrescente";"Chuva";"Dupla";"Reta";"Sim";3;0;1;0;2;0;1;3;-5,831766;-35,211914;"SPRF-RN";"DEL01-RN";"UOP01-DEL01-RN"
178664;2018-12-16;"domingo";"20:50:00";"PR";369;176,7;"ROLANDIA";"Desobediência às normas de trânsito pelo condutor";"Atropelamento de Pedestre";"Com Vítimas Feridas";"Plena Noite";"Crescente";"Céu Claro";"Simples";"Reta";"Sim";2;0;0;2;0;0;2;2;-23,33347947;-51,38901114;"SPRF-PR";"DEL07-PR";"UOP01-DEL07-PR"
178665;2018-12-16;"domingo";"18:20:00";"PR";277;546,5;"CATANDUVAS";"Falta de Atenção à Condução";"Saída de leito carroçável";"Com Vítimas Feridas";"Pleno dia";"Decrescente";"Sol";"Simples";"Reta";"Não";3;0;3;0;0;0;3;1;-25,10518648;-53,10413361;"SPRF-PR";"DEL04-PR";"UOP04-DEL04-PR"
178666;2018-12-16;"domingo";"16:20:00";"PI";135;527;"GILBUES";"Falta de Atenção à Condução";"Saída de leito carroçável";"Com Vítimas Feridas";"Pleno dia";"Decrescente";"Céu Claro";"Simples";"Reta";"Não";4;0;2;0;2;0;2;1;-9,93524;-45,330685;"SPRF-PI";"DEL03-PI";"UOP02-DEL03-PI"
178667;2018-12-16;"domingo";"19:55:00";"PE";316;83,3;"OURICURI";"Ingestão de Álcool";"Queda de ocupante de veículo";"Com Vítimas Feridas";"Plena Noite";"Crescente";"Céu Claro";"Dupla";"Interseção de Vias";"Sim";1;0;1;0;0;0;1;1;-7,87852636;-40,07801771;"SPRF-PE";"DEL05-PE";"UOP02-DEL05-PE"
178668;2018-12-16;"domingo";"20:10:00";"RS";290;593;"ALEGRETE";"Avarias e/ou desgaste excessivo no pneu";"Saída de leito carroçável";"Sem Vítimas";"Pleno dia";"Decrescente";"Céu Claro";"Simples";"Reta";"Não";5;0;0;0;5;0;0;1;-29,836744;-55,898109;"SPRF-RS";"DEL13-RS";"UOP02-DEL13-RS"
178669;2018-12-16;"domingo";"18:40:00";"PI";407;424;"PICOS";"Animais na Pista";"Atropelamento de Animal";"Sem Vítimas";"Plena Noite";"Decrescente";"Céu Claro";"Simples";"Reta";"Não";1;0;0;0;1;0;0;1;-7,086923;-41,428185;"SPRF-PI";"DEL04-PI";"UOP01-DEL04-PI"
178670;2018-12-16;"domingo";"20:45:00";"SC";101;225,5;"PALHOCA";"Falta de Atenção à Condução";"Colisão lateral";"Com Vítimas Feridas";"Pleno dia";"Decrescente";"Céu Claro";"Dupla";"Reta";"Não";2;0;1;0;1;0;1;2;-27,7422;-48,638;"SPRF-SC";"DEL01-SC";"UOP02-DEL01-SC"
178672;2018-12-16;"domingo";"21:00:00";"SP";381;85;"SAO PAULO";"Falta de Atenção à Condução";"Colisão lateral";"Com Vítimas Feridas";"Plena Noite";"Decrescente";"Nublado";"Múltipla";"Reta";"Sim";4;0;3;0;1;0;3;2;-23,4627453;-46,57153894;"SPRF-SP";"DEL03-SP";"UOP01-DEL03-SP"
178673;2018-12-16;"domingo";"20:20:00";"CE";20;122,6;"TAUA";"Defeito na Via";"Saída de leito carroçável";"Com Vítimas Feridas";"Plena Noite";"Crescente";"Céu Claro";"Simples";"Reta";"Não";3;0;3;0;0;0;3;1;-5,70450488;-40,13523459;"SPRF-CE";"DEL02-CE";"UOP02-DEL02-CE"
178674;2018-12-16;"domingo";"19:10:00";"RO";319;62,8;"PORTO VELHO";"Falta de Atenção à Condução";"Colisão lateral";"Com Vítimas Feridas";"Plena Noite";"Crescente";"Nublado";"Dupla";"Reta";"Sim";3;0;0;1;0;2;1;3;-8,755152;-63,88701;"SPRF-RO";"DEL01-RO";"UOP01-DEL01-RO"
178675;2018-12-16;"domingo";"20:45:00";"BA";367;23;"PORTO SEGURO";"Falta de Atenção do Pedestre";"Atropelamento de Pedestre";"Com Vítimas Feridas";"Plena Noite";"Crescente";"Céu Claro";"Simples";"Reta";"Sim";2;0;1;0;1;0;1;2;-16,435177;-39,072018;"SPRF-BA";"DEL09-BA";"UOP01-DEL09-BA"
178677;2018-12-16;"domingo";"18:40:00";"SC";282;461,5;"PONTE SERRADA";"Desobediência às normas de trânsito pelo condutor";"Colisão transversal";"Sem Vítimas";"Pleno dia";"Crescente";"Sol";"Simples";"Reta";"Sim";3;0;0;0;3;0;0;3;-26,856403;-52,041328;"SPRF-SC";"DEL07-SC";"UOP04-DEL07-SC"
178678;2018-12-16;"domingo";"20:30:00";"MT";364;401;"CUIABA";"Falta de Atenção à Condução";"Queda de ocupante de veículo";"Com Vítimas Feridas";"Plena Noite";"Crescente";"Céu Claro";"Dupla";"Reta";"Sim";1;0;1;0;0;0;1;1;-15,67207;-55,946564;"SPRF-MT";"DEL02-MT";"UOP02-DEL01-MT"
178680;2018-12-16;"domingo";"21:50:00";"SC";280;67,3;"JARAGUA DO SUL";"Falta de Atenção à Condução";"Colisão traseira";"Com Vítimas Feridas";"Plena Noite";"Crescente";"Céu Claro";"Simples";"Reta";"Sim";2;0;0;1;1;0;1;2;-26,477507;-49,103649;"SPRF-SC";"DEL03-SC";"UOP03-DEL03-SC"
178681;2018-12-16;"domingo";"21:30:00";"RS";392;668;"SALVADOR DAS MISSOES";"Ingestão de Álcool";"Saída de leito carroçável";"Com Vítimas Feridas";"Plena Noite";"Decrescente";"Céu Claro";"Simples";"Reta";"Não";4;0;4;0;0;0;4;1;-28,121378;-54,789608;"SPRF-RS";"DEL10-RS";"UOP01-DEL10-RS"
178683;2018-12-16;"domingo";"19:31:00";"AP";210;0;"MACAPA";"Ingestão de Álcool";"Colisão traseira";"Sem Vítimas";"Plena Noite";"Crescente";"Céu Claro";"Dupla";"Reta";"Sim";2;0;0;0;2;0;0;2;0,07773106;-51,06557107;"SPRF-AP";"DEL01-AP";"UOP01-DEL01-AP"
178684;2018-12-16;"domingo";"20:20:00";"PB";101;63,2;"SANTA RITA";"Pista Escorregadia";"Colisão com objeto estático";"Com Vítimas Feridas";"Plena Noite";"Decrescente";"Chuva";"Dupla";"Curva";"Não";4;0;3;0;1;0;3;1;-7,02833658;-35,05897349;"SPRF-PB";"DEL01-PB";"UOP04-DEL01-PB"
178685;2018-12-16;"domingo";"21:30:00";"SP";116;432;"REGISTRO";"Defeito Mecânico no Veículo";"Queda de ocupante de veículo";"Com Vítimas Feridas";"Plena Noite";"Crescente";"Céu Claro";"Dupla";"Reta";"Não";2;0;2;0;0;0;2;1;-24,40668361;-47,73851395;"SPRF-SP";"DEL05-SP";"UOP01-DEL05-SP"
178686;2018-12-16;"domingo";"21:45:00";"PR";116;123;"CURITIBA";"Ingestão de Álcool";"Colisão lateral";"Sem Vítimas";"Plena Noite";"Crescente";"Céu Claro";"Dupla";"Curva";"Sim";2;0;0;0;2;0;0;2;-25,551222;-49,305038;"SPRF-PR";"DEL01-PR";"UOP03-DEL01-PR"
178688;2018-12-16;"domingo";"21:10:00";"MS";163;261,2;"DOURADOS";"Ingestão de Álcool";"Colisão traseira";"Com Vítimas Feridas";"Plena Noite";"Decrescente";"Céu Claro";"Dupla";"Reta";"Não";4;0;1;2;1;0;3;2;-22,23812858;-54,76416978;"SPRF-MS";"DEL04-MS";"UOP01-DEL04-MS"
178689;2018-12-16;"domingo";"20:55:00";"SP";116;165;"JACAREI";"Ingestão de Álcool";"Colisão traseira";"Sem Vítimas";"Plena Noite";"Crescente";"Céu Claro";"Múltipla";"Reta";"Não";2;0;0;0;2;0;0;2;-23,2964207;-46,00740016;"SPRF-SP";"DEL02-SP";"UOP01-DEL02-SP"
178690;2018-12-16;"domingo";"22:10:00";"PR";376;7,5;"MANDAGUARI";"Falta de Atenção do Pedestre";"Atropelamento de Pedestre";"Com Vítimas Fatais";"Plena Noite";"Decrescente";"Céu Claro";"Simples";"Reta";"Não";4;1;0;0;3;0;0;2;-23,547966;-51,671265;"SPRF-PR";"DEL07-PR";"UOP01-DEL09-PR"
178691;2018-12-16;"domingo";"21:05:00";"PA";163;1002;"SANTAREM";"Falta de Atenção à Condução";"Colisão traseira";"Com Vítimas Feridas";"Plena Noite";"Crescente";"Céu Claro";"Simples";"Reta";"Sim";2;0;1;0;1;0;1;2;-2,45029342;-54,72980088;"SPRF-PA";"DEL05-PA";"UOP01-DEL05-PA"
178693;2018-12-16;"domingo";"22:20:00";"RS";386;343;"LAJEADO";"Ingestão de Álcool";"Colisão traseira";"Sem Vítimas";"Plena Noite";"Decrescente";"Céu Claro";"Simples";"Reta";"Não";2;0;0;0;2;0;0;2;-29,434835;-52,002365;"SPRF-RS";"DEL04-RS";"UOP01-DEL04-RS"
178694;2018-12-16;"domingo";"22:20:00";"SC";101;147;"ITAPEMA";"Falta de Atenção à Condução";"Colisão transversal";"Com Vítimas Feridas";"Plena Noite";"Crescente";"Céu Claro";"Dupla";"Interseção de Vias";"Sim";2;0;1;0;1;0;1;2;-27,08877882;-48,61278534;"SPRF-SC";"DEL04-SC";"UOP03-DEL04-SC"
178695;2018-12-16;"domingo";"10:20:00";"RN";226;144,4;"CAMPO REDONDO";"Defeito Mecânico no Veículo";"Colisão com objeto estático";"Sem Vítimas";"Pleno dia";"Crescente";"Sol";"Simples";"Reta";"Não";1;0;0;0;0;1;0;1;-6,18927001;-36,25000119;"SPRF-RN";"DEL03-RN";"UOP02-DEL03-RN"
178696;2018-12-16;"domingo";"21:30:00";"SC";101;212,6;"PALHOCA";"Falta de Atenção à Condução";"Colisão transversal";"Com Vítimas Feridas";"Plena Noite";"Crescente";"Nublado";"Simples";"Reta;Interseção de Vias;Viaduto";"Sim";2;0;1;0;1;0;1;2;-27,6372;-48,6651;"SPRF-SC";"DEL01-SC";"UOP02-DEL01-SC"
178697;2018-12-16;"domingo";"19:40:00";"BA";101;503;"ITABUNA";"Desobediência às normas de trânsito pelo condutor";"Colisão lateral";"Com Vítimas Feridas";"Plena Noite";"Crescente";"Nublado";"Simples";"Interseção de Vias";"Não";3;0;2;0;0;1;2;2;-14,771;-39,292;"SPRF-BA";"DEL05-BA";"UOP01-DEL05-BA"
178698;2018-12-16;"domingo";"18:30:00";"CE";20;339,5;"CARIDADE";"Animais na Pista";"Atropelamento de Animal";"Com Vítimas Feridas";"Plena Noite";"Decrescente";"Céu Claro";"Simples";"Curva";"Não";2;0;2;0;0;0;2;1;-4,158695;-39,146446;"SPRF-CE";"DEL02-CE";"UOP01-DEL02-CE"
178699;2018-12-16;"domingo";"22:45:00";"MG";364;12,7;"FRUTAL";"Ingestão de Álcool";"Colisão frontal";"Com Vítimas Feridas";"Plena Noite";"Decrescente";"Céu Claro";"Simples";"Reta";"Não";6;0;4;0;2;0;4;2;-20,07824;-48,77118;"SPRF-MG";"DEL13-MG";"UOP02-DEL13-MG"
178700;2018-12-16;"domingo";"21:30:00";"RS";116;1,5;"VACARIA";"Ingestão de Álcool";"Saída de leito carroçável";"Com Vítimas Feridas";"Plena Noite";"Decrescente";"Céu Claro";"Simples";"Curva";"Não";1;0;1;0;0;0;1;1;-28,219131;-50,757889;"SPRF-RS";"DEL05-RS";"UOP03-DEL05-RS"
178701;2018-12-16;"domingo";"22:50:00";"RJ";393;226,8;"VASSOURAS";"Velocidade Incompatível";"Colisão transversal";"Com Vítimas Feridas";"Plena Noite";"Crescente";"Céu Claro";"Simples";"Reta";"Não";2;0;1;1;0;0;2;2;-22,326361;-43,536674;"SPRF-RJ";"DEL05-RJ";"UOP03-DEL05-RJ"
178705;2018-12-16;"domingo";"21:00:00";"ES";101;119;"SOORETAMA";"Ultrapassagem Indevida";"Capotamento";"Sem Vítimas";"Plena Noite";"Crescente";"Céu Claro";"Simples";"Reta";"Não";2;0;0;0;0;2;0;1;-19,08972822;-40,04734397;"SPRF-ES";"DEL04-ES";"UOP01-DEL04-ES"
178706;2018-12-16;"domingo";"21:38:00";"PB";101;86;"BAYEUX";"Deficiência ou não Acionamento do Sistema de Iluminação/Sinalização do Veículo";"Colisão traseira";"Com Vítimas Feridas";"Plena Noite";"Decrescente";"Chuva";"Dupla";"Reta;Declive";"Não";3;0;0;1;2;0;1;3;-7,1617;-34,9037;"SPRF-PB";"DEL01-PB";"UOP01-DEL01-PB"
178709;2018-12-16;"domingo";"21:20:00";"AP";210;0,9;"MACAPA";"Não guardar distância de segurança";"Colisão traseira";"Com Vítimas Feridas";"Plena Noite";"Decrescente";"Céu Claro";"Múltipla";"Reta";"Sim";2;0;0;1;0;1;1;2;0,0792134;-51,07224855;"SPRF-AP";"DEL01-AP";"UOP01-DEL01-AP"
178710;2018-12-16;"domingo";"21:30:00";"RN";406;150;"CEARA-MIRIM";"Desobediência às normas de trânsito pelo condutor";"Colisão transversal";"Com Vítimas Feridas";"Plena Noite";"Decrescente";"Garoa/Chuvisco";"Simples";"Reta";"Sim";2;0;1;0;1;0;1;2;-5,64972167;-35,43256402;"SPRF-RN";"DEL02-RN";"UOP01-DEL02-RN"
178711;2018-12-16;"domingo";"21:25:00";"RN";405;64,6;"APODI";"Animais na Pista";"Saída de leito carroçável";"Com Vítimas Fatais";"Plena Noite";"Crescente";"Céu Claro";"Simples";"Reta";"Não";1;1;0;0;0;0;0;1;-5,562601;-37,74889;"SPRF-RN";"DEL04-RN";"UOP02-DEL04-RN"
178712;2018-12-16;"domingo";"21:00:00";"BA";116;777;"PLANALTO";"Desobediência às normas de trânsito pelo condutor";"Colisão transversal";"Com Vítimas Feridas";"Plena Noite";"Decrescente";"Céu Claro";"Simples";"Reta";"Sim";5;0;5;0;0;0;5;2;-14,67393997;-40,47225952;"SPRF-BA";"DEL08-BA";"UOP02-DEL08-BA"
178713;2018-12-16;"domingo";"21:00:00";"BA";116;774;"PLANALTO";"Falta de Atenção à Condução";"Colisão traseira";"Com Vítimas Feridas";"Plena Noite";"Crescente";"Céu Claro";"Simples";"Reta";"Não";2;0;2;0;0;0;2;2;-14,649296;-40,457016;"SPRF-BA";"DEL08-BA";"UOP02-DEL08-BA"
178714;2018-12-16;"domingo";"23:10:00";"PR";476;150,8;"ARAUCARIA";"Agressão Externa";"Saída de leito carroçável";"Com Vítimas Feridas";"Plena Noite";"Crescente";"Céu Claro";"Dupla";"Reta";"Sim";2;0;1;0;1;0;1;1;-25,558477;-49,368313;"SPRF-PR";"DEL01-PR";"UOP06-DEL01-PR"
178715;2018-12-16;"domingo";"20:00:00";"AC";364;137;"RIO BRANCO";"Ingestão de Álcool";"Colisão traseira";"Com Vítimas Feridas";"Plena Noite";"Decrescente";"Nublado";"Dupla";"Reta";"Não";3;0;3;0;0;0;3;2;-9,969359;-67,852646;"SPRF-AC";"DEL01-AC";"UOP01-DEL01-AC"
178716;2018-12-16;"domingo";"23:10:00";"SC";280;53,3;"GUARAMIRIM";"Falta de Atenção à Condução";"Colisão transversal";"Com Vítimas Feridas";"Plena Noite";"Decrescente";"Nublado";"Simples";"Reta";"Não";4;0;4;0;0;0;4;2;-26,47485635;-48,9808917;"SPRF-SC";"DEL03-SC";"UOP03-DEL03-SC"
178718;2018-12-16;"domingo";"23:25:00";"SC";101;214;"PALHOCA";"Ingestão de Álcool";"Colisão traseira";"Com Vítimas Feridas";"Plena Noite";"Crescente";"Nublado";"Múltipla";"Declive";"Sim";2;0;1;0;1;0;1;2;-27,652;-48,676;"SPRF-SC";"DEL01-SC";"UOP02-DEL01-SC"
178719;2018-12-16;"domingo";"23:00:00";"PB";101;86;"BAYEUX";"Não guardar distância de segurança";"Colisão traseira";"Com Vítimas Feridas";"Plena Noite";"Decrescente";"Céu Claro";"Dupla";"Reta";"Sim";5;0;1;0;4;0;1;2;-7,1617;-34,9037;"SPRF-PB";"DEL01-PB";"UOP01-DEL01-PB"
178720;2018-12-16;"domingo";"22:30:00";"PE";232;15,2;"JABOATAO DOS GUARARAPES";"Falta de Atenção do Pedestre";"Atropelamento de Pedestre";"Com Vítimas Fatais";"Plena Noite";"Crescente";"Chuva";"Dupla";"Curva";"Sim";2;1;0;0;0;1;0;2;-8,091067;-35,028706;"SPRF-PE";"DEL01-PE";"UOP01-DEL01-PE"
178721;2018-12-16;"domingo";"21:00:00";"MT";70;275;"PRIMAVERA DO LESTE";"Falta de Atenção à Condução";"Colisão traseira";"Com Vítimas Feridas";"Plena Noite";"Decrescente";"Céu Claro";"Simples";"Reta";"Sim";3;0;2;0;1;0;2;2;-15,549566;-54,253887;"SPRF-MT";"DEL05-MT";"UOP01-DEL05-MT"
178722;2018-12-16;"domingo";"23:00:00";"PR";376;102;"PARANAVAI";"Ingestão de Álcool";"Saída de leito carroçável";"Com Vítimas Feridas";"Plena Noite";"Decrescente";"Céu Claro";"Simples";"Reta";"Não";1;0;1;0;0;0;1;1;-23,041437;-52,473579;"SPRF-PR";"DEL07-PR";"UOP02-DEL09-PR"
178723;2018-12-16;"domingo";"22:40:00";"PI";316;6,7;"TERESINA";"Desobediência às normas de trânsito pelo condutor";"Colisão frontal";"Com Vítimas Feridas";"Plena Noite";"Decrescente";"Céu Claro";"Simples";"Reta";"Não";2;0;2;0;0;0;2;2;-5,147021;-42,774391;"SPRF-PI";"DEL01-PI";"UOP02-DEL01-PI"
178724;2018-12-16;"domingo";"23:00:00";"SC";101;61,9;"ARAQUARI";"Falta de Atenção à Condução";"Colisão traseira";"Com Vítimas Feridas";"Plena Noite";"Decrescente";"Céu Claro";"Dupla";"Reta";"Não";2;0;1;0;1;0;1;2;-26,455;-48,7661;"SPRF-SC";"DEL03-SC";"UOP02-DEL03-SC"
178726;2018-12-16;"domingo";"07:00:00";"AM";174;1099;"PRESIDENTE FIGUEIREDO";"Falta de Atenção à Condução";"Saída de leito carroçável";"Com Vítimas Fatais";"Pleno dia";"Decrescente";"Céu Claro";"Simples";"Reta";"Não";1;1;0;0;0;0;0;1;-1,191;-60,435;"SPRF-AM";"DEL01-AM";"UOP02-DEL01-AM"
178727;2018-12-17;"segunda-feira";"00:30:00";"ES";101;273,6;"SERRA";"Ingestão de Álcool";"Colisão traseira";"Com Vítimas Feridas";"Plena Noite";"Crescente";"Céu Claro";"Dupla";"Reta";"Sim";5;0;2;1;2;0;3;2;-20,20813003;-40,30461442;"SPRF-ES";"DEL02-ES";"UOP01-DEL02-ES"
178728;2018-12-16;"domingo";"23:50:00";"PR";476;115;"COLOMBO";"Ingestão de Álcool";"";"Sem Vítimas";"Plena Noite";"Crescente";"Céu Claro";"Múltipla";"Reta";"Sim";4;0;0;0;4;0;0;2;-25,344196;-49,159679;"SPRF-PR";"DEL01-PR";"UOP01-DEL01-PR"
178729;2018-12-16;"domingo";"23:30:00";"GO";60;374;"RIO VERDE";"Velocidade Incompatível";"Saída de leito carroçável";"Com Vítimas Feridas";"Plena Noite";"Crescente";"Nublado";"Dupla";"Reta;Declive";"Não";3;0;1;0;1;1;1;1;-17,7179;-50,8566;"SPRF-GO";"DEL04-GO";"UOP01-DEL04-GO"
178731;2018-12-16;"domingo";"19:00:00";"AM";319;706;"HUMAITA";"Falta de Atenção à Condução";"Saída de leito carroçável";"Com Vítimas Feridas";"Plena Noite";"Crescente";"Céu Claro";"Simples";"Reta";"Não";2;0;1;1;0;0;2;1;-7,766681;-63,1480006;"SPRF-RO";"DEL01-RO";"UOP05-DEL01-AM"
178732;2018-12-16;"domingo";"22:00:00";"BA";418;77,9;"NOVA VICOSA";"Falta de Atenção à Condução";"Colisão frontal";"Com Vítimas Feridas";"Plena Noite";"Crescente";"Nublado";"Simples";"Reta";"Sim";5;0;4;0;1;0;4;2;-17,88396445;-39,8484911;"SPRF-BA";"DEL09-BA";"UOP02-DEL09-BA"
178733;2018-12-16;"domingo";"23:10:00";"RS";116;525,9;"PELOTAS";"Falta de Atenção à Condução";"Tombamento";"Com Vítimas Feridas";"Plena Noite";"Decrescente";"Céu Claro";"Simples";"Rotatória";"Sim";1;0;1;0;0;0;1;1;-31,74335063;-52,39860535;"SPRF-RS";"DEL07-RS";"UOP01-DEL07-RS"
178734;2018-12-16;"domingo";"22:30:00";"SP";381;13;"BRAGANCA PAULISTA";"Falta de Atenção à Condução";"Tombamento";"Sem Vítimas";"Plena Noite";"Decrescente";"Céu Claro";"Dupla";"Reta";"Não";1;0;0;0;1;0;0;1;-22,93709131;-46,47180453;"SPRF-SP";"DEL03-SP";"UOP02-DEL03-SP"
178735;2018-12-17;"segunda-feira";"01:40:00";"SP";488;2,6;"APARECIDA";"Desobediência às normas de trânsito pelo condutor";"Colisão lateral";"Sem Vítimas";"Plena Noite";"Decrescente";"Céu Claro";"Dupla";"Curva";"Sim";2;0;0;0;2;0;0;2;-22,849216;-45,236801;"SPRF-SP";"DEL08-SP";"UOP01-DEL08-SP"
178736;2018-12-17;"segunda-feira";"00:30:00";"PI";316;10;"TERESINA";"Ingestão de Álcool";"Colisão frontal";"Com Vítimas Feridas";"Plena Noite";"Crescente";"Céu Claro";"Múltipla";"Reta";"Sim";2;0;0;1;1;0;1;2;-5,182895;-42,763474;"SPRF-PI";"DEL01-PI";"UOP02-DEL01-PI"
178737;2018-12-17;"segunda-feira";"00:20:00";"PB";230;15;"JOAO PESSOA";"Velocidade Incompatível";"Saída de leito carroçável";"Sem Vítimas";"Plena Noite";"Decrescente";"Chuva";"Dupla";"Declive;Curva;Viaduto";"Sim";1;0;0;0;1;0;0;1;-7,093;-34,8482;"SPRF-PB";"DEL01-PB";"UOP01-DEL01-PB"
178738;2018-12-16;"domingo";"21:30:00";"RS";158;335;"SANTA MARIA";"Ingestão de Álcool";"Colisão lateral";"Com Vítimas Feridas";"Plena Noite";"Decrescente";"Céu Claro";"Simples";"Reta";"Sim";3;0;1;0;2;0;1;2;-29,70751;-53,874432;"SPRF-RS";"DEL09-RS";"UOP01-DEL09-RS"
178739;2018-12-17;"segunda-feira";"00:30:00";"RJ";40;111;"DUQUE DE CAXIAS";"Falta de Atenção à Condução";"Colisão com objeto estático";"Com Vítimas Feridas";"Plena Noite";"Decrescente";"Nublado";"Múltipla";"Reta";"Sim";2;0;2;0;0;0;2;1;-22,7008;-43,2901;"SPRF-RJ";"DEL01-RJ";"UOP01-DEL01-RJ"
178740;2018-12-17;"segunda-feira";"00:10:00";"MA";135;10,5;"SAO LUIS";"Velocidade Incompatível";"Colisão lateral";"Com Vítimas Feridas";"Plena Noite";"Decrescente";"Céu Claro";"Dupla";"Reta";"Não";2;0;1;0;0;1;1;2;-2,655989;-44,286297;"SPRF-MA";"DEL01-MA";"UOP01-DEL01-MA"
178742;2018-12-16;"domingo";"23:15:00";"SE";101;72,7;"MARUIM";"Sinalização da via insuficiente ou inadequada";"Colisão com objeto estático";"Com Vítimas Fatais";"Plena Noite";"Crescente";"Céu Claro";"Simples";"Reta;Declive";"Não";1;1;0;0;0;0;0;1;-10,7853;-37,1421;"SPRF-SE";"DEL01-SE";"UOP01-DEL01-SE"
178743;2018-12-17;"segunda-feira";"01:00:00";"RJ";116;164;"RIO DE JANEIRO";"Falta de Atenção à Condução";"Colisão lateral";"Sem Vítimas";"Plena Noite";"Decrescente";"Céu Claro";"Dupla";"Reta";"Sim";2;0;0;0;2;0;0;2;-22,810741;-43,288445;"SPRF-RJ";"DEL01-RJ";"UOP01-DEL01-RJ"