"id";"data_inversa";"dia_semana";"horario";"uf";"br";"km";"municipio";"causa_acidente";"tipo_acidente";"classificacao_acidente";"fase_dia";"sentido_via";"condicao_metereologica";"tipo_pista";"tracado_via";"uso_solo";"pessoas";"mortos";"feridos_leves";"feridos_graves";"ilesos";"ignorados";"feridos";"veiculos";"latitude";"longitude";"regional";"delegacia";"uop"
178870;2018-12-17;"segunda-feira";"16:45:00";"SC";470;48,3;"BLUMENAU";"Falta de Atenção à Condução";"Colisão traseira";"Com Vítimas Feridas";"Pleno dia";"Decrescente";"Céu Claro";"Simples";"Reta";"Não";2;0;1;0;1;0;1;2;-26,859823;-49,055393;"SPRF-SC";"DEL04-SC";"UOP01-DEL04-SC"
178871;2018-12-17;"segunda-feira";"15:00:00";"RJ";40;96;"DUQUE DE CAXIAS";"Mal Súbito";"Saída de leito carroçável";"Com Vítimas Feridas";"Pleno dia";"Crescente";"Céu Claro";"Dupla";"Curva";"Não";1;0;1;0;0;0;1;1;-22,5862;-43,2622;"SPRF-RJ";"DEL06-RJ";"UOP01-DEL06-RJ"
178872;2018-12-17;"segunda-feira";"16:29:00";"MG";381;435;"SABARA";"Falta de Atenção à Condução";"Colisão transversal";"Com Vítimas Feridas";"Pleno dia";"Crescente";"Céu Claro";"Simples";"Curva";"Sim";3;0;2;0;1;0;2;2;-19,78624492;-43,7108249;"SPRF-MG";"DEL01-MG";"UOP01-DEL01-MG"
178873;2018-12-17;"segunda-feira";"15:50:00";"RS";290;90;"PORTO ALEGRE";"Defeito Mecânico no Veículo";"Incêndio";"Sem Vítimas";"Pleno dia";"Decrescente";"Sol";"Múltipla";"Reta";"Não";1;0;0;0;1;0;0;1;-29,968319;-51,157398;"SPRF-RS";"DEL01-RS";"UOP01-DEL01-RS"
178875;2018-12-17;"segunda-feira";"16:00:00";"BA";116;858,8;"VITORIA DA CONQUISTA";"Desobediência às normas de trânsito pelo condutor";"Colisão transversal";"Com Vítimas Feridas";"Pleno dia";"Crescente";"Céu Claro";"Simples";"Reta";"Não";3;0;2;0;1;0;2;2;-15,118603;-41,031576;"SPRF-BA";"DEL08-BA";"UOP03-DEL08-BA"
178877;2018-12-17;"segunda-feira";"16:15:00";"ES";101;315,8;"VILA VELHA";"Falta de Atenção à Condução";"Capotamento";"Com Vítimas Feridas";"Pleno dia";"Crescente";"Céu Claro";"Simples";"Curva";"Não";2;0;2;0;0;0;2;1;-20,476266;-40,4711438;"SPRF-ES";"DEL03-ES";"UOP01-DEL03-ES"
178880;2018-12-17;"segunda-feira";"17:20:00";"RS";392;308;"SAO SEPE";"Velocidade Incompatível";"Colisão com objeto estático";"Com Vítimas Feridas";"Pleno dia";"Crescente";"Nublado";"Simples";"Rotatória;Interseção de Vias";"Não";1;0;1;0;0;0;1;1;-30,08365172;-53,63903046;"SPRF-RS";"DEL09-RS";"UOP01-DEL09-RS"
178883;2018-12-17;"segunda-feira";"16:50:00";"CE";222;2,9;"FORTALEZA";"Falta de Atenção à Condução";"Colisão traseira";"Sem Vítimas";"Anoitecer";"Crescente";"Céu Claro";"Múltipla";"Reta;Interseção de Vias";"Sim";2;0;0;0;1;1;0;2;-3,739117;-38,586914;"SPRF-CE";"DEL01-CE";"UOP01-DEL01-CE"
178884;2018-12-17;"segunda-feira";"17:00:00";"PA";163;1004,9;"SANTAREM";"Não guardar distância de segurança";"Colisão traseira";"Com Vítimas Feridas";"Pleno dia";"Decrescente";"Céu Claro";"Dupla";"Reta";"Sim";2;0;2;0;0;0;2;1;-2,43110036;-54,73444462;"SPRF-PA";"DEL05-PA";"UOP01-DEL05-PA"
178885;2018-12-17;"segunda-feira";"16:45:00";"PE";101;101,9;"CABO DE SANTO AGOSTINHO";"Condutor Dormindo";"Saída de leito carroçável";"Com Vítimas Feridas";"Pleno dia";"Crescente";"Nublado";"Dupla";"Curva";"Sim";1;0;1;0;0;0;1;1;-8,2847;-35,0581;"SPRF-PE";"DEL01-PE";"UOP03-DEL01-PE"
178886;2018-12-17;"segunda-feira";"17:40:00";"DF";70;9,2;"BRASILIA";"Falta de Atenção à Condução";"Colisão lateral";"Com Vítimas Feridas";"Pleno dia";"Decrescente";"Céu Claro";"Dupla";"Interseção de Vias";"Sim";2;0;1;0;1;0;1;2;-15,784615;-48,132023;"SPRF-DF";"DEL01-DF";"UOP02-DEL03-DF"
178887;2018-12-17;"segunda-feira";"17:15:00";"MG";50;100,8;"UBERLANDIA";"Condutor Dormindo";"Saída de leito carroçável";"Com Vítimas Feridas";"Pleno dia";"Crescente";"Sol";"Dupla";"Curva";"Não";2;0;2;0;0;0;2;1;-19,1466;-48,1676;"SPRF-MG";"DEL15-MG";"UOP01-DEL15-MG"
178889;2018-12-17;"segunda-feira";"18:15:00";"SP";116;225;"GUARULHOS";"Não guardar distância de segurança";"Colisão traseira";"Com Vítimas Feridas";"Pleno dia";"Decrescente";"Céu Claro";"Múltipla";"Reta;Aclive";"Sim";3;0;2;0;1;0;2;2;-23,48909461;-46,54600665;"SPRF-SP";"DEL01-SP";"UOP01-DEL01-SP"
178890;2018-12-17;"segunda-feira";"16:45:00";"RS";116;377,8;"CAMAQUA";"Velocidade Incompatível";"Saída de leito carroçável";"Com Vítimas Feridas";"Pleno dia";"Crescente";"Chuva";"Simples";"Reta";"Não";1;0;0;1;0;0;1;1;-30,74950746;-51,63471222;"SPRF-RS";"DEL02-RS";"UOP03-DEL02-RS"
178891;2018-12-17;"segunda-feira";"17:00:00";"SC";280;58,4;"GUARAMIRIM";"Falta de Atenção à Condução";"Colisão frontal";"Com Vítimas Feridas";"Pleno dia";"Decrescente";"Céu Claro";"Simples";"Reta";"Sim";2;0;1;0;1;0;1;2;-26,474155;-49,021248;"SPRF-SC";"DEL03-SC";"UOP03-DEL03-SC"
178892;2018-12-17;"segunda-feira";"18:05:00";"ES";101;159,4;"LINHARES";"Falta de Atenção à Condução";"Colisão traseira";"Com Vítimas Feridas";"Pleno dia";"Crescente";"Céu Claro";"Simples";"Reta";"Não";2;0;1;0;1;0;1;2;-19,46549517;-40,10817831;"SPRF-ES";"DEL04-ES";"UOP01-DEL04-ES"
178893;2018-12-17;"segunda-feira";"17:04:00";"MT";364;405;"CUIABA";"Falta de Atenção à Condução";"Colisão traseira";"Com Vítimas Feridas";"Pleno dia";"Crescente";"Céu Claro";"Dupla";"Reta";"Sim";2;0;0;1;1;0;1;2;-15,658054;-55,979832;"SPRF-MT";"DEL02-MT";"UOP02-DEL01-MT"
178894;2018-12-17;"segunda-feira";"16:12:00";"PR";116;51;"CAMPINA GRANDE DO SUL";"Falta de Atenção à Condução";"Saída de leito carroçável";"Com Vítimas Feridas";"Pleno dia";"Decrescente";"Céu Claro";"Dupla";"Curva";"Não";1;0;1;0;0;0;1;1;-25,245654;-48,903171;"SPRF-PR";"DEL01-PR";"UOP02-DEL01-PR"
178895;2018-12-17;"segunda-feira";"17:00:00";"TO";226;0;"AGUIARNOPOLIS";"Desobediência às normas de trânsito pelo condutor";"Colisão lateral";"Com Vítimas Feridas";"Pleno dia";"Crescente";"Céu Claro";"Simples";"Reta";"Sim";3;0;2;0;1;0;2;3;-6,560232;-47,460426;"SPRF-TO";"DEL02-TO";"UOP03-DEL02-TO"
178898;2018-12-17;"segunda-feira";"18:40:00";"ES";101;264;"SERRA";"Falta de Atenção à Condução";"Colisão traseira";"Com Vítimas Feridas";"Anoitecer";"Decrescente";"Céu Claro";"Múltipla";"Reta";"Sim";2;0;1;0;1;0;1;2;-20,17626481;-40,26609605;"SPRF-ES";"DEL02-ES";"UOP01-DEL02-ES"
178900;2018-12-17;"segunda-feira";"17:37:00";"PB";101;88;"JOAO PESSOA";"Falta de Atenção à Condução";"Colisão transversal";"Com Vítimas Feridas";"Pleno dia";"Crescente";"Garoa/Chuvisco";"Dupla";"Reta;Interseção de Vias";"Sim";3;0;2;0;1;0;2;2;-7,1716;-34,8978;"SPRF-PB";"DEL01-PB";"UOP01-DEL01-PB"
178902;2018-12-17;"segunda-feira";"18:10:00";"GO";153;520;"HIDROLANDIA";"Falta de Atenção à Condução";"Saída de leito carroçável";"Sem Vítimas";"Pleno dia";"Decrescente";"Céu Claro";"Dupla";"Retorno Regulamentado";"Não";1;0;0;0;0;1;0;1;-16,8756942;-49,25197016;"SPRF-GO";"DEL01-GO";"UOP03-DEL01-GO"
178903;2018-12-17;"segunda-feira";"19:40:00";"MG";116;274;"TEOFILO OTONI";"Falta de Atenção à Condução";"Colisão transversal";"Com Vítimas Feridas";"Anoitecer";"Decrescente";"Céu Claro";"Simples";"Rotatória";"Sim";2;0;1;0;1;0;1;2;-17,83122038;-41,50976568;"SPRF-MG";"DEL11-MG";"UOP01-DEL11-MG"
178906;2018-12-17;"segunda-feira";"01:10:00";"RJ";101;461;"ANGRA DOS REIS";"Desobediência às normas de trânsito pelo condutor";"Queda de ocupante de veículo";"Com Vítimas Feridas";"Plena Noite";"Decrescente";"Céu Claro";"Simples";"Curva";"Não";1;0;1;0;0;0;1;1;-23,03318349;-44,20251261;"SPRF-RJ";"DEL03-RJ";"UOP03-DEL03-RJ"
178907;2018-12-17;"segunda-feira";"18:20:00";"SP";116;151,8;"SAO JOSE DOS CAMPOS";"Falta de Atenção à Condução";"Colisão lateral";"Com Vítimas Feridas";"Pleno dia";"Decrescente";"Céu Claro";"Múltipla";"Reta;Aclive";"Não";2;0;1;0;1;0;1;2;-23,22009013;-45,90021372;"SPRF-SP";"DEL02-SP";"UOP01-DEL02-SP"
178909;2018-12-17;"segunda-feira";"18:20:00";"BA";324;583;"CANDEIAS";"Falta de Atenção à Condução";"Saída de leito carroçável";"Com Vítimas Feridas";"Plena Noite";"Crescente";"Céu Claro";"Múltipla";"Curva";"Não";1;0;1;0;0;0;1;1;-12,6257071;-38,4809436;"SPRF-BA";"DEL01-BA";"UOP01-DEL01-BA"
178911;2018-12-17;"segunda-feira";"17:05:00";"SC";116;140,7;"SANTA CECILIA";"Desobediência às normas de trânsito pelo condutor";"Colisão transversal";"Com Vítimas Feridas";"Pleno dia";"Crescente";"Sol";"Simples";"Rotatória";"Sim";2;0;1;0;1;0;1;2;-26,966255;-50,409283;"SPRF-SC";"DEL06-SC";"UOP02-DEL06-SC"
178912;2018-12-17;"segunda-feira";"18:20:00";"CE";116;16;"EUSEBIO";"Ingestão de Álcool";"Saída de leito carroçável";"Sem Vítimas";"Plena Noite";"Crescente";"Céu Claro";"Dupla";"Reta";"Não";1;0;0;0;1;0;0;1;-3,8998;-38,5038;"SPRF-CE";"DEL01-CE";"UOP02-DEL01-CE"
178913;2018-12-17;"segunda-feira";"09:00:00";"MA";226;515,6;"LAJEADO NOVO";"Falta de Atenção à Condução";"Queda de ocupante de veículo";"Com Vítimas Fatais";"Pleno dia";"Crescente";"Céu Claro";"Simples";"Reta";"Não";2;1;0;0;0;1;0;2;-6,147077;-46,928714;"SPRF-MA";"DEL04-MA";"UOP02-DEL04-MA"
178919;2018-12-17;"segunda-feira";"19:25:00";"BA";116;415,4;"FEIRA DE SANTANA";"Falta de Atenção do Pedestre";"Atropelamento de Pedestre";"Com Vítimas Feridas";"Plena Noite";"Crescente";"Céu Claro";"Simples";"Em Obras";"Sim";2;0;1;0;1;0;1;2;-12,16917244;-38,96498236;"SPRF-BA";"DEL02-BA";"UOP01-DEL02-BA"
178920;2018-12-13;"quinta-feira";"06:32:00";"MS";158;152;"APARECIDA DO TABOADO";"Defeito na Via";"Tombamento";"Com Vítimas Feridas";"Pleno dia";"Crescente";"Nublado";"Simples";"Reta";"Não";1;0;1;0;0;0;1;1;-20,086456;-51,142632;"SPRF-MS";"DEL08-MS";"UOP01-DEL08-MS"
178922;2018-12-17;"segunda-feira";"20:50:00";"PR";277;653;"MATELANDIA";"Desobediência às normas de trânsito pelo condutor";"Colisão frontal";"Com Vítimas Feridas";"Plena Noite";"Decrescente";"Céu Claro";"Simples";"Declive";"Não";4;0;0;2;2;0;2;2;-25,213331;-53,95145;"SPRF-PR";"DEL05-PR";"UOP02-DEL05-PR"
178923;2018-12-17;"segunda-feira";"21:00:00";"RS";116;236,3;"NOVO HAMBURGO";"Desobediência às normas de trânsito pelo condutor";"Colisão lateral";"Com Vítimas Feridas";"Plena Noite";"Decrescente";"Garoa/Chuvisco";"Dupla";"Reta";"Sim";4;0;1;0;3;0;1;2;-29,669394;-51,143047;"SPRF-RS";"DEL01-RS";"UOP02-DEL01-RS"
178926;2018-12-17;"segunda-feira";"21:45:00";"RS";116;200,8;"PICADA CAFE";"Pista Escorregadia";"Saída de leito carroçável";"Com Vítimas Feridas";"Plena Noite";"Decrescente";"Chuva";"Simples";"Curva";"Não";2;0;2;0;0;0;2;1;-29,488905;-51,138287;"SPRF-RS";"DEL05-RS";"UOP02-DEL05-RS"
178927;2018-12-17;"segunda-feira";"20:30:00";"MG";40;190;"JOAO PINHEIRO";"Falta de Atenção à Condução";"Atropelamento de Pedestre";"Com Vítimas Feridas";"Plena Noite";"Crescente";"Ignorado";"Simples";"Reta";"Não";2;0;1;0;0;1;1;2;-17,999628;-45,897526;"SPRF-MG";"DEL14-MG";"UOP02-DEL14-MG"
178928;2018-12-17;"segunda-feira";"19:55:00";"PR";376;179,1;"MARINGA";"Não guardar distância de segurança";"Colisão traseira";"Com Vítimas Feridas";"Anoitecer";"Decrescente";"Nublado";"Dupla";"Reta";"Sim";2;0;1;0;1;0;1;2;-23,427254;-51,895123;"SPRF-PR";"DEL07-PR";"UOP01-DEL09-PR"
178929;2018-12-17;"segunda-feira";"17:20:00";"PI";226;231,8;"ALTOS";"Falta de Atenção à Condução";"Colisão transversal";"Com Vítimas Feridas";"Pleno dia";"Decrescente";"Chuva";"Simples";"Reta";"Sim";2;0;0;1;0;1;1;2;-5,038892;-42,465569;"SPRF-PI";"DEL01-PI";"UOP01-DEL01-PI"
178930;2018-12-17;"segunda-feira";"20:30:00";"RN";406;118;"POCO BRANCO";"Desobediência às normas de trânsito pelo condutor";"Colisão traseira";"Com Vítimas Fatais";"Plena Noite";"Decrescente";"Céu Claro";"Simples";"Reta";"Não";3;1;1;1;0;0;2;2;-5,57905085;-35,68236619;"SPRF-RN";"DEL02-RN";"UOP01-DEL02-RN"
178931;2018-12-17;"segunda-feira";"19:34:00";"RR";174;501;"BOA VISTA";"Ingestão de Álcool";"Colisão traseira";"Com Vítimas Feridas";"Plena Noite";"Decrescente";"Céu Claro";"Dupla";"Reta";"Sim";3;0;0;3;0;0;3;2;2,781689;-60,703827;"SPRF-RR";"DEL01-RR";"UOP01-DEL01-RR"
178932;2018-12-17;"segunda-feira";"18:30:00";"RR";401;4;"CANTA";"Sinalização da via insuficiente ou inadequada";"Atropelamento de Pedestre";"Com Vítimas Feridas";"Plena Noite";"Decrescente";"Céu Claro";"Simples";"Reta";"Não";2;0;0;1;1;0;1;2;2,789631;-60,658718;"SPRF-RR";"DEL01-RR";"UOP01-DEL01-RR"
178933;2018-12-17;"segunda-feira";"17:30:00";"MA";316;39;"JUNCO DO MARANHAO";"Defeito na Via";"Capotamento";"Sem Vítimas";"Pleno dia";"Decrescente";"Chuva";"Simples";"Reta";"Não";4;0;0;0;4;0;0;1;-1,922581;-46,041145;"SPRF-MA";"DEL02-MA";"UOP02-DEL02-MA"
178934;2018-12-17;"segunda-feira";"21:40:00";"PR";163;309;"MERCEDES";"Ingestão de Álcool";"Colisão traseira";"Com Vítimas Feridas";"Plena Noite";"Crescente";"Ignorado";"Múltipla";"Declive";"Não";2;0;0;1;1;0;1;2;-24,4033;-54,1567;"SPRF-PR";"DEL06-PR";"UOP02-DEL06-PR"
178938;2018-12-17;"segunda-feira";"19:00:00";"MG";40;628,5;"CONSELHEIRO LAFAIETE";"Falta de Atenção à Condução";"Colisão lateral";"Com Vítimas Feridas";"Plena Noite";"Decrescente";"Céu Claro";"Simples";"Reta";"Não";2;0;0;1;1;0;1;2;-20,6546;-43,8084;"SPRF-MG";"DEL05-MG";"UOP02-DEL05-MG"
178940;2018-12-17;"segunda-feira";"22:30:00";"SP";116;146;"SAO JOSE DOS CAMPOS";"Falta de Atenção à Condução";"Colisão traseira";"Com Vítimas Feridas";"Plena Noite";"Crescente";"Céu Claro";"Dupla";"Aclive";"Sim";3;0;1;0;2;0;1;3;-23,191269;-45,863358;"SPRF-SP";"DEL02-SP";"UOP01-DEL02-SP"
178941;2018-12-17;"segunda-feira";"21:30:00";"SP";153;177;"LINS";"Animais na Pista";"Atropelamento de Animal";"Com Vítimas Feridas";"Plena Noite";"Crescente";"Chuva";"Simples";"Reta";"Não";3;0;2;0;1;0;2;1;-21,66335112;-49,78958845;"SPRF-SP";"DEL07-SP";"UOP01-DEL07-SP"
178942;2018-12-17;"segunda-feira";"23:35:00";"MG";40;50,1;"PARACATU";"Condutor Dormindo";"Tombamento";"Com Vítimas Feridas";"Plena Noite";"Decrescente";"Céu Claro";"Simples";"Reta";"Não";1;0;1;0;0;0;1;1;-17,239313;-46,800407;"SPRF-MG";"DEL14-MG";"UOP01-DEL14-MG"
178943;2018-12-17;"segunda-feira";"13:20:00";"SC";101;412;"ARARANGUA";"Falta de Atenção à Condução";"Colisão traseira";"Com Vítimas Feridas";"Pleno dia";"Crescente";"Céu Claro";"Simples";"Rotatória";"Sim";2;0;1;0;1;0;1;2;-28,944;-49,502;"SPRF-SC";"DEL02-SC";"UOP02-DEL02-SC"
178944;2018-12-17;"segunda-feira";"20:10:00";"RO";364;314,8;"PRESIDENTE MEDICI";"Desobediência às normas de trânsito pelo condutor";"Colisão transversal";"Com Vítimas Feridas";"Plena Noite";"Decrescente";"Céu Claro";"Simples";"Reta";"Não";6;0;1;0;5;0;1;2;-11,118338;-61,901482;"SPRF-RO";"DEL02-RO";"UOP01-DEL02-RO"
178951;2018-12-17;"segunda-feira";"23:30:00";"GO";60;96;"ANAPOLIS";"Falta de Atenção à Condução";"Colisão lateral";"Sem Vítimas";"Plena Noite";"Crescente";"Céu Claro";"Dupla";"Reta";"Sim";4;0;0;0;4;0;0;2;-16,371;-48,9422;"SPRF-GO";"DEL02-GO";"UOP01-DEL02-GO"
178953;2018-12-17;"segunda-feira";"21:30:00";"SC";280;81;"CORUPA";"Falta de Atenção à Condução";"Colisão traseira";"Com Vítimas Feridas";"Plena Noite";"Crescente";"Nublado";"Simples";"Reta";"Sim";3;0;0;2;1;0;2;2;-26,440571;-49,217163;"SPRF-SC";"DEL06-SC";"UOP03-DEL06-SC"
178954;2018-12-18;"terça-feira";"00:10:00";"RJ";393;288,3;"VOLTA REDONDA";"Ingestão de Álcool";"Colisão frontal";"Com Vítimas Fatais";"Plena Noite";"Crescente";"Céu Claro";"Dupla";"Reta";"Sim";3;1;1;1;0;0;2;2;-22,513947;-44,100739;"SPRF-RJ";"DEL05-RJ";"UOP04-DEL05-RJ"
178955;2018-12-17;"segunda-feira";"23:30:00";"PE";101;145,7;"RIBEIRAO";"Falta de Atenção do Pedestre";"Atropelamento de Pedestre";"Com Vítimas Fatais";"Plena Noite";"Crescente";"Céu Claro";"Dupla";"Reta";"Não";2;1;0;0;0;1;0;2;-8,459499;-35,364655;"SPRF-PE";"DEL01-PE";"UOP03-DEL01-PE"
178956;2018-12-17;"segunda-feira";"23:40:00";"SP";116;499;"CAJATI";"Velocidade Incompatível";"Saída de leito carroçável";"Com Vítimas Feridas";"Plena Noite";"Crescente";"Céu Claro";"Simples";"Curva";"Não";2;0;2;0;0;0;2;1;-24,78441812;-48,18249464;"SPRF-SP";"DEL05-SP";"UAP01-DEL05-SP"
178957;2018-12-18;"terça-feira";"00:05:00";"CE";116;22,5;"ITAITINGA";"Animais na Pista";"Atropelamento de Animal";"Com Vítimas Feridas";"Plena Noite";"Crescente";"Nublado";"Múltipla";"Reta";"Não";1;0;1;0;0;0;1;1;-3,94583282;-38,51056785;"SPRF-CE";"DEL01-CE";"UOP02-DEL01-CE"
178958;2018-12-18;"terça-feira";"01:10:00";"ES";101;270,8;"SERRA";"Pista Escorregadia";"Queda de ocupante de veículo";"Com Vítimas Feridas";"Plena Noite";"Crescente";"Céu Claro";"Dupla";"Viaduto";"Sim";2;0;1;1;0;0;2;1;-20,2328435;-40,2757012;"SPRF-ES";"DEL02-ES";"UOP01-DEL02-ES"
178962;2018-12-18;"terça-feira";"00:35:00";"CE";116;27;"AQUIRAZ";"Animais na Pista";"Queda de ocupante de veículo";"Com Vítimas Feridas";"Plena Noite";"Decrescente";"Chuva";"Dupla";"Ponte;Reta";"Não";1;0;0;1;0;0;1;1;-3,9978;-38,5162;"SPRF-CE";"DEL01-CE";"UOP02-DEL01-CE"
178967;2018-12-18;"terça-feira";"02:30:00";"PB";230;20;"JOAO PESSOA";"Falta de Atenção à Condução";"Colisão com objeto estático";"Sem Vítimas";"Amanhecer";"Crescente";"Céu Claro";"Dupla";"Curva";"Sim";1;0;0;0;0;1;0;1;-7,1337;-34,8544;"SPRF-PB";"DEL01-PB";"UOP01-DEL01-PB"
178968;2018-12-18;"terça-feira";"04:45:00";"SP";116;282,3;"EMBU DAS ARTES";"Falta de Atenção do Pedestre";"Atropelamento de Pedestre";"Com Vítimas Feridas";"Plena Noite";"Decrescente";"Chuva";"Dupla";"Reta";"Sim";2;0;0;1;1;0;1;2;-23,66261752;-46,85300242;"SPRF-SP";"DEL04-SP";"UOP01-DEL04-SP"
178969;2018-12-18;"terça-feira";"03:40:00";"TO";153;367;"FORTALEZA DO TABOCAO";"Avarias e/ou desgaste excessivo no pneu";"Saída de leito carroçável";"Com Vítimas Feridas";"Plena Noite";"Decrescente";"Céu Claro";"Simples";"Reta";"Não";3;0;2;0;1;0;2;1;-9,126393;-48,533443;"SPRF-TO";"DEL02-TO";"UOP02-DEL02-TO"
178970;2018-12-18;"terça-feira";"03:20:00";"PE";104;44,6;"CARUARU";"Condutor Dormindo";"Saída de leito carroçável";"Com Vítimas Feridas";"Plena Noite";"Crescente";"Nublado";"Dupla";"Reta";"Não";1;0;1;0;0;0;1;1;-8,1152;-36,0067;"SPRF-PE";"DEL02-PE";"UOP01-DEL02-PE"
178973;2018-12-18;"terça-feira";"05:40:00";"PE";423;22;"SAO CAITANO";"Ultrapassagem Indevida";"Colisão frontal";"Com Vítimas Feridas";"Amanhecer";"Crescente";"Céu Claro";"Simples";"Curva";"Não";3;0;1;1;0;1;2;2;-8,352573;-36,17123;"SPRF-PE";"DEL02-PE";"UOP03-DEL02-PE"
178974;2018-12-18;"terça-feira";"04:30:00";"MG";381;601,8;"CARMOPOLIS DE MINAS";"Condutor Dormindo";"Saída de leito carroçável";"Com Vítimas Feridas";"Plena Noite";"Crescente";"Céu Claro";"Dupla";"Aclive;Curva";"Não";2;0;1;0;1;0;1;1;-20,6097;-44,7346;"SPRF-MG";"DEL04-MG";"UOP01-DEL04-MG"
178976;2018-12-18;"terça-feira";"05:30:00";"SC";101;202,8;"SAO JOSE";"Falta de Atenção à Condução";"Colisão transversal";"Com Vítimas Feridas";"Pleno dia";"Crescente";"Nublado";"Dupla";"Reta";"Sim";2;0;1;0;1;0;1;2;-27,5651;-48,6144;"SPRF-SC";"DEL01-SC";"UOP01-DEL01-SC"
178978;2018-12-18;"terça-feira";"06:45:00";"RS";101;84,7;"OSORIO";"Desobediência às normas de trânsito pelo condutor";"Tombamento";"Com Vítimas Feridas";"Amanhecer";"Crescente";"Nublado";"Dupla";"Reta";"Sim";2;0;1;0;0;1;1;2;-29,85997748;-50,24872184;"SPRF-RS";"DEL03-RS";"UOP01-DEL03-RS"
178979;2018-12-18;"terça-feira";"06:35:00";"MG";262;361,8;"BETIM";"Condutor Dormindo";"Colisão com objeto estático";"Com Vítimas Feridas";"Amanhecer";"Decrescente";"Sol";"Dupla";"Reta";"Não";1;0;0;1;0;0;1;1;-19,971;-44,2888;"SPRF-MG";"DEL01-MG";"UOP03-DEL01-MG"
178980;2018-12-18;"terça-feira";"06:40:00";"MG";40;522;"CONTAGEM";"Falta de Atenção do Pedestre";"Atropelamento de Pedestre";"Com Vítimas Feridas";"Pleno dia";"Crescente";"Céu Claro";"Dupla";"Curva";"Sim";2;0;0;1;1;0;1;2;-19,8714;-44,0566;"SPRF-MG";"DEL01-MG";"UOP03-DEL01-MG"
178982;2018-12-18;"terça-feira";"06:00:00";"GO";60;321;"ACREUNA";"Animais na Pista";"Saída de leito carroçável";"Com Vítimas Feridas";"Amanhecer";"Crescente";"Céu Claro";"Dupla";"Reta";"Não";5;0;1;0;4;0;1;1;-17,4953;-50,4601;"SPRF-GO";"DEL04-GO";"UOP01-DEL04-GO"
178983;2018-12-18;"terça-feira";"06:45:00";"SC";101;212,7;"PALHOCA";"Velocidade Incompatível";"Colisão traseira";"Com Vítimas Feridas";"Pleno dia";"Decrescente";"Céu Claro";"Dupla";"Reta";"Sim";3;0;2;0;1;0;2;2;-27,6372;-48,6651;"SPRF-SC";"DEL01-SC";"UOP02-DEL01-SC"
178984;2018-12-18;"terça-feira";"07:50:00";"ES";262;104;"VENDA NOVA DO IMIGRANTE";"Desobediência às normas de trânsito pelo condutor";"Colisão transversal";"Com Vítimas Feridas";"Pleno dia";"Decrescente";"Céu Claro";"Simples";"Rotatória";"Sim";2;0;1;0;1;0;1;2;-20,332887;-41,12956703;"SPRF-ES";"DEL01-ES";"UOP02-DEL01-ES"
178985;2018-12-18;"terça-feira";"07:45:00";"SC";101;210,3;"SAO JOSE";"Falta de Atenção à Condução";"Colisão lateral";"Com Vítimas Feridas";"Pleno dia";"Decrescente";"Céu Claro";"Múltipla";"Reta";"Não";3;0;1;0;2;0;1;3;-27,6235;-48,6524;"SPRF-SC";"DEL01-SC";"UOP01-DEL01-SC"
178986;2018-12-18;"terça-feira";"07:20:00";"MG";381;823;"CAREACU";"Condutor Dormindo";"Saída de leito carroçável";"Com Vítimas Feridas";"Pleno dia";"Decrescente";"Céu Claro";"Dupla";"Reta";"Não";1;0;1;0;0;0;1;1;-22,097;-45,7161;"SPRF-MG";"DEL16-MG";"UOP02-DEL16-MG"
178987;2018-12-18;"terça-feira";"07:05:00";"MG";365;625,7;"UBERLANDIA";"Falta de Atenção à Condução";"Colisão lateral";"Com Vítimas Fatais";"Pleno dia";"Crescente";"Céu Claro";"Dupla";"Ponte";"Sim";2;1;0;0;1;0;0;2;-18,91030585;-48,30609083;"SPRF-MG";"DEL15-MG";"UOP01-DEL15-MG"
178989;2018-12-18;"terça-feira";"05:40:00";"SC";280;28;"ARAQUARI";"Falta de Atenção à Condução";"Atropelamento de Pedestre";"Com Vítimas Feridas";"Amanhecer";"Crescente";"Nublado";"Simples";"Reta";"Sim";3;0;2;1;0;0;3;2;-26,40457;-48,745659;"SPRF-SC";"DEL03-SC";"UOP03-DEL03-SC"
178991;2018-12-18;"terça-feira";"07:45:00";"DF";70;7,5;"BRASILIA";"Desobediência às normas de trânsito pelo condutor";"Colisão lateral";"Com Vítimas Feridas";"Pleno dia";"Decrescente";"Céu Claro";"Dupla";"Reta";"Sim";2;0;1;0;1;0;1;2;-15,787601;-48,114429;"SPRF-DF";"DEL01-DF";"UOP02-DEL03-DF"
178993;2018-12-18;"terça-feira";"08:00:00";"SC";101;200,5;"SAO JOSE";"Falta de Atenção à Condução";"Colisão lateral";"Com Vítimas Feridas";"Pleno dia";"Decrescente";"Céu Claro";"Múltipla";"Declive";"Sim";3;0;1;0;2;0;1;2;-27,5485;-48,6196;"SPRF-SC";"DEL01-SC";"UOP01-DEL01-SC"