"id";"data_inversa";"dia_semana";"horario";"uf";"br";"km";"municipio";"causa_acidente";"tipo_acidente";"classificacao_acidente";"fase_dia";"sentido_via";"condicao_metereologica";"tipo_pista";"tracado_via";"uso_solo";"pessoas";"mortos";"feridos_leves";"feridos_graves";"ilesos";"ignorados";"feridos";"veiculos";"latitude";"longitude";"regional";"delegacia";"uop"
178994;2018-12-18;"terça-feira";"06:45:00";"SE";235;2,8;"NOSSA SENHORA DO SOCORRO";"Falta de Atenção do Pedestre";"Atropelamento de Pedestre";"Com Vítimas Feridas";"Pleno dia";"Crescente";"Nublado";"Múltipla";"Reta";"Sim";2;0;1;0;1;0;1;2;-10,9062;-37,1034;"SPRF-SE";"DEL01-SE";"UOP01-DEL01-SE"
178995;2018-12-18;"terça-feira";"07:15:00";"MS";262;288,5;"CAMPO GRANDE";"Pista Escorregadia";"Colisão com objeto estático";"Com Vítimas Feridas";"Pleno dia";"Crescente";"Chuva";"Simples";"Reta";"Não";4;0;2;0;2;0;2;1;-20,49123921;-54,19291027;"SPRF-MS";"DEL01-MS";"UOP01-DEL01-MS"
178996;2018-12-18;"terça-feira";"07:06:00";"MG";381;932,8;"EXTREMA";"Velocidade Incompatível";"Colisão com objeto estático";"Com Vítimas Feridas";"Pleno dia";"Crescente";"Chuva";"Dupla";"Curva";"Não";1;0;1;0;0;0;1;1;-22,7956;-46,2536;"SPRF-MG";"DEL16-MG";"UOP03-DEL16-MG"
178998;2018-12-18;"terça-feira";"07:40:00";"ES";101;291,4;"CARIACICA";"Falta de Atenção à Condução";"Colisão lateral";"Com Vítimas Feridas";"Pleno dia";"Crescente";"Céu Claro";"Dupla";"Reta";"Sim";2;0;1;0;1;0;1;2;-20,3220919;-40,39569855;"SPRF-ES";"DEL01-ES";"UOP01-DEL01-ES"
178999;2018-12-18;"terça-feira";"06:55:00";"MG";365;627;"UBERLANDIA";"Falta de Atenção à Condução";"Queda de ocupante de veículo";"Com Vítimas Feridas";"Pleno dia";"Decrescente";"Céu Claro";"Dupla";"Reta";"Sim";1;0;0;1;0;0;1;1;-18,90799169;-48,3142662;"SPRF-MG";"DEL15-MG";"UOP01-DEL15-MG"
179000;2018-12-13;"quinta-feira";"10:00:00";"GO";60;286;"ACREUNA";"Desobediência às normas de trânsito pelo condutor";"Saída de leito carroçável";"Sem Vítimas";"Pleno dia";"Crescente";"Céu Claro";"Dupla";"Reta";"Não";1;0;0;0;0;1;0;1;-17,2747;-50,2455;"SPRF-GO";"DEL04-GO";"UOP01-DEL04-GO"
179001;2018-12-18;"terça-feira";"07:30:00";"MG";365;679,8;"MONTE ALEGRE DE MINAS";"Mal Súbito";"Saída de leito carroçável";"Com Vítimas Feridas";"Pleno dia";"Decrescente";"Céu Claro";"Dupla";"Curva";"Não";4;0;1;1;0;2;2;2;-18,8517;-48,7921;"SPRF-MG";"DEL15-MG";"UOP01-DEL15-MG"
179003;2018-12-18;"terça-feira";"06:03:00";"RO";319;57,2;"PORTO VELHO";"Ingestão de Álcool";"Colisão frontal";"Com Vítimas Feridas";"Amanhecer";"Decrescente";"Céu Claro";"Simples";"Ponte";"Sim";6;0;3;0;3;0;3;2;-8,73723434;-63,91789913;"SPRF-RO";"DEL01-RO";"UOP01-DEL01-RO"
179005;2018-12-18;"terça-feira";"09:10:00";"SC";280;27,6;"ARAQUARI";"Desobediência às normas de trânsito pelo condutor";"Queda de ocupante de veículo";"Com Vítimas Feridas";"Pleno dia";"Decrescente";"Sol";"Simples";"Reta";"Sim";1;0;1;0;0;0;1;1;-26,396912;-48,740257;"SPRF-SC";"DEL03-SC";"UOP03-DEL03-SC"
179007;2018-12-18;"terça-feira";"09:00:00";"ES";101;2,3;"VITORIA";"Falta de Atenção à Condução";"Colisão traseira";"Com Vítimas Feridas";"Pleno dia";"Crescente";"Sol";"Dupla";"Reta";"Sim";2;0;1;0;1;0;1;2;-20,24747241;-40,28437983;"SPRF-ES";"DEL04-ES";"UOP02-DEL04-ES"
179008;2018-12-18;"terça-feira";"07:30:00";"SP";381;70;"MAIRIPORA";"Falta de Atenção à Condução";"Colisão lateral";"Sem Vítimas";"Pleno dia";"Decrescente";"Céu Claro";"Dupla";"Reta";"Sim";2;0;0;0;0;2;0;2;-23,34869;-46,554665;"SPRF-SP";"DEL03-SP";"UOP01-DEL03-SP"
179009;2018-12-18;"terça-feira";"06:00:00";"SC";101;43,2;"JOINVILLE";"Desobediência às normas de trânsito pelo condutor";"Colisão transversal";"Com Vítimas Feridas";"Amanhecer";"Crescente";"Nublado";"Simples";"Viaduto";"Sim";2;0;1;0;1;0;1;2;-26,3401;-48,8589;"SPRF-SC";"DEL03-SC";"UOP01-DEL03-SC"
179010;2018-12-18;"terça-feira";"09:50:00";"ES";262;156,5;"IBATIBA";"Falta de Atenção à Condução";"Colisão transversal";"Com Vítimas Feridas";"Pleno dia";"Decrescente";"Sol";"Simples";"Reta";"Não";2;0;1;0;1;0;1;2;-20,2306;-41,4851;"SPRF-ES";"DEL01-ES";"UOP02-DEL01-ES"
179012;2018-12-18;"terça-feira";"08:45:00";"MT";364;265;"SAO PEDRO DA CIPA";"Falta de Atenção à Condução";"Colisão transversal";"Com Vítimas Feridas";"Pleno dia";"Crescente";"Céu Claro";"Simples";"Reta";"Sim";2;0;1;0;1;0;1;2;-16,004408;-54,920021;"SPRF-MT";"DEL02-MT";"UOP02-DEL05-MT"
179013;2018-12-18;"terça-feira";"08:00:00";"PA";230;120;"MARABA";"Falta de Atenção à Condução";"Colisão lateral";"Com Vítimas Feridas";"Pleno dia";"Decrescente";"Céu Claro";"Dupla";"Retorno Regulamentado";"Sim";2;0;1;0;1;0;1;2;-5,350384;-49,114384;"SPRF-PA";"DEL03-PA";"UOP01-DEL03-PA"
179014;2018-12-18;"terça-feira";"10:00:00";"MG";365;700,4;"MONTE ALEGRE DE MINAS";"Defeito na Via";"Saída de leito carroçável";"Sem Vítimas";"Pleno dia";"Decrescente";"Céu Claro";"Dupla";"Reta";"Não";1;0;0;0;1;0;0;1;-18,8795;-48,9801;"SPRF-MG";"DEL15-MG";"UOP03-DEL15-MG"
179015;2018-10-27;"sábado";"19:00:00";"BA";116;389;"SANTA BARBARA";"Falta de Atenção à Condução";"Colisão lateral";"Com Vítimas Feridas";"Plena Noite";"Decrescente";"Ignorado";"Simples";"Reta";"Não";3;0;2;0;0;1;2;2;-11,9310598;-38,9809835;"SPRF-BA";"DEL02-BA";"UOP01-DEL02-BA"
179016;2018-12-18;"terça-feira";"07:50:00";"AC";364;137;"RIO BRANCO";"Falta de Atenção à Condução";"Colisão lateral";"Com Vítimas Feridas";"Pleno dia";"Decrescente";"Céu Claro";"Dupla";"Rotatória";"Sim";2;0;1;0;1;0;1;2;-9,969359;-67,852646;"SPRF-AC";"DEL01-AC";"UOP01-DEL01-AC"
179017;2018-12-18;"terça-feira";"10:10:00";"SC";101;300,2;"LAGUNA";"Desobediência às normas de trânsito pelo condutor";"Colisão lateral";"Com Vítimas Feridas";"Pleno dia";"Decrescente";"Sol";"Múltipla";"Aclive";"Sim";4;0;2;0;2;0;2;3;-28,3714;-48,7591;"SPRF-SC";"DEL02-SC";"UOP03-DEL02-SC"
179021;2018-12-18;"terça-feira";"08:50:00";"RO";364;237,1;"CACOAL";"Falta de Atenção à Condução";"Colisão traseira";"Com Vítimas Feridas";"Pleno dia";"Decrescente";"Céu Claro";"Simples";"Reta";"Sim";2;0;1;0;1;0;1;2;-11,443406;-61,446743;"SPRF-RO";"DEL02-RO";"UOP02-DEL02-RO"
179024;2018-12-18;"terça-feira";"09:50:00";"RS";101;9,7;"TORRES";"Falta de Atenção à Condução";"Colisão traseira";"Sem Vítimas";"Pleno dia";"Decrescente";"Nublado";"Dupla";"Retorno Regulamentado";"Sim";2;0;0;0;2;0;0;2;-29,366928;-49,815224;"SPRF-RS";"DEL03-RS";"DEL9/3-UOP03/RS"
179026;2018-12-18;"terça-feira";"07:30:00";"BA";324;516;"FEIRA DE SANTANA";"Avarias e/ou desgaste excessivo no pneu";"Tombamento";"Com Vítimas Feridas";"Pleno dia";"Crescente";"Céu Claro";"Simples";"Reta";"Sim";2;0;0;1;1;0;1;1;-12,24887501;-38,93419504;"SPRF-BA";"DEL02-BA";"UOP01-DEL02-BA"
179027;2018-12-18;"terça-feira";"11:40:00";"SC";101;210;"SAO JOSE";"Falta de Atenção à Condução";"Colisão traseira";"Com Vítimas Feridas";"Pleno dia";"Decrescente";"Sol";"Dupla";"Reta";"Não";3;0;2;0;1;0;2;2;-27,6235;-48,6524;"SPRF-SC";"DEL01-SC";"UOP01-DEL01-SC"
179028;2018-11-24;"sábado";"08:10:00";"PB";230;34;"BAYEUX";"Falta de Atenção à Condução";"Colisão traseira";"Sem Vítimas";"Pleno dia";"Decrescente";"Céu Claro";"Dupla";"Reta";"Sim";2;0;0;0;1;1;0;2;-7,131;-34,9332;"SPRF-PB";"DEL01-PB";"UOP01-DEL01-PB"
179031;2018-12-18;"terça-feira";"12:15:00";"PR";116;106;"SAO JOSE DOS PINHAIS";"Desobediência às normas de trânsito pelo condutor";"Colisão transversal";"Com Vítimas Feridas";"Pleno dia";"Crescente";"Céu Claro";"Dupla";"Reta";"Não";5;0;2;0;3;0;2;2;-25,56977945;-49,21919256;"SPRF-PR";"DEL01-PR";"UOP01-DEL01-PR"
179033;2018-08-27;"segunda-feira";"06:00:00";"MG";381;294;"ANTONIO DIAS";"Falta de Atenção à Condução";"Saída de leito carroçável";"Com Vítimas Feridas";"Amanhecer";"Decrescente";"Nublado";"Simples";"Curva";"Não";2;0;2;0;0;0;2;1;-19,63321028;-42,87466049;"SPRF-MG";"DEL03-MG";"UOP02-DEL03-MG"
179034;2018-12-18;"terça-feira";"11:45:00";"PE";428;185;"PETROLINA";"Falta de Atenção à Condução";"Colisão transversal";"Sem Vítimas";"Pleno dia";"Crescente";"Céu Claro";"Simples";"Interseção de Vias";"Sim";2;0;0;0;2;0;0;2;-9,340178;-40,470364;"SPRF-PE";"DEL06-PE";"UOP01-DEL06-PE"
179035;2018-12-18;"terça-feira";"12:45:00";"SC";101;196;"BIGUACU";"Falta de Atenção do Pedestre";"Atropelamento de Pedestre";"Com Vítimas Feridas";"Pleno dia";"Decrescente";"Céu Claro";"Múltipla";"Reta";"Sim";2;0;0;1;0;1;1;2;-27,5185;-48,6383;"SPRF-SC";"DEL01-SC";"UOP01-DEL01-SC"
179036;2018-12-18;"terça-feira";"12:00:00";"SE";101;94;"NOSSA SENHORA DO SOCORRO";"Falta de Atenção à Condução";"Colisão lateral";"Com Vítimas Feridas";"Pleno dia";"Crescente";"Céu Claro";"Dupla";"Reta";"Sim";2;0;1;0;1;0;1;2;-10,9162;-37,1653;"SPRF-SE";"DEL01-SE";"UOP01-DEL01-SE"
179037;2018-12-18;"terça-feira";"12:05:00";"CE";222;2,5;"FORTALEZA";"Animais na Pista";"Atropelamento de Animal";"Com Vítimas Feridas";"Pleno dia";"Decrescente";"Céu Claro";"Múltipla";"Interseção de Vias";"Sim";1;0;0;1;0;0;1;1;-3,739117;-38,586914;"SPRF-CE";"DEL01-CE";"UOP01-DEL01-CE"
179038;2018-12-18;"terça-feira";"11:50:00";"PR";376;127,5;"NOVA ESPERANCA";"Falta de Atenção à Condução";"Saída de leito carroçável";"Com Vítimas Feridas";"Pleno dia";"Crescente";"Céu Claro";"Dupla";"Aclive;Reta";"Não";1;0;1;0;0;0;1;1;-23,17052081;-52,24565506;"SPRF-PR";"DEL07-PR";"UOP02-DEL09-PR"
179039;2018-12-18;"terça-feira";"13:40:00";"PR";369;174;"ROLANDIA";"Falta de Atenção à Condução";"Colisão transversal";"Com Vítimas Feridas";"Pleno dia";"Crescente";"Céu Claro";"Simples";"Interseção de Vias";"Sim";3;0;1;1;1;0;2;2;-23,31747987;-51,37834668;"SPRF-PR";"DEL07-PR";"UOP01-DEL07-PR"
179040;2018-12-18;"terça-feira";"08:15:00";"PI";343;263,1;"CAMPO MAIOR";"Falta de Atenção à Condução";"Colisão lateral";"Com Vítimas Fatais";"Pleno dia";"Crescente";"Sol";"Simples";"Reta";"Sim";2;1;0;0;1;0;0;2;-4,819326;-42,158821;"SPRF-PI";"DEL01-PI";"UOP03-DEL01-PI"
179041;2018-12-18;"terça-feira";"11:00:00";"RJ";101;489;"ANGRA DOS REIS";"Velocidade Incompatível";"Colisão lateral";"Com Vítimas Feridas";"Pleno dia";"Decrescente";"Céu Claro";"Simples";"Curva";"Não";4;0;0;1;3;0;1;4;-22,95512244;-44,32377658;"SPRF-RJ";"DEL03-RJ";"UOP03-DEL03-RJ"
179047;2018-12-18;"terça-feira";"10:35:00";"MT";163;529;"DIAMANTINO";"Falta de Atenção à Condução";"Saída de leito carroçável";"Com Vítimas Feridas";"Pleno dia";"Crescente";"Céu Claro";"Simples";"Reta";"Não";2;0;1;0;1;0;1;1;-14,36935295;-56,1367625;"SPRF-MT";"DEL01-MT";"UOP01-DEL01-MT"
179049;2018-12-08;"sábado";"13:15:00";"RO";364;454;"JARU";"Pista Escorregadia";"Saída de leito carroçável";"Com Vítimas Feridas";"Pleno dia";"Decrescente";"Chuva";"Simples";"Reta";"Não";4;0;4;0;0;0;4;1;-10,27801;-62,683132;"SPRF-RO";"DEL03-RO";"UOP02-DEL03-RO"
179051;2018-12-05;"quarta-feira";"12:50:00";"PB";230;264,2;"JUNCO DO SERIDO";"Falta de Atenção do Pedestre";"Atropelamento de Pedestre";"Com Vítimas Fatais";"Pleno dia";"Crescente";"Céu Claro";"Simples";"Interseção de Vias";"Não";2;1;0;0;1;0;0;2;-6,98;-36,7347;"SPRF-PB";"DEL03-PB";"UOP01-DEL03-PB"
179053;2018-12-18;"terça-feira";"13:30:00";"MT";163;829;"SINOP";"Falta de Atenção à Condução";"Colisão lateral";"Sem Vítimas";"Pleno dia";"Decrescente";"Céu Claro";"Dupla";"Retorno Regulamentado";"Não";2;0;0;0;2;0;0;2;-11,88011803;-55,50052643;"SPRF-MT";"DEL06-MT";"UOP01-DEL06-MT"
179055;2018-12-18;"terça-feira";"13:20:00";"CE";116;51,9;"PACAJUS";"Velocidade Incompatível";"Capotamento";"Com Vítimas Feridas";"Pleno dia";"Crescente";"Céu Claro";"Dupla";"Curva";"Não";1;0;1;0;0;0;1;1;-4,19764134;-38,47034454;"SPRF-CE";"DEL03-CE";"UOP02-DEL03-CE"
179056;2018-12-18;"terça-feira";"14:10:00";"TO";153;501,9;"PARAISO DO TOCANTINS";"Desobediência às normas de trânsito pelo condutor";"Saída de leito carroçável";"Com Vítimas Feridas";"Pleno dia";"Decrescente";"Sol";"Simples";"Reta";"Não";2;0;2;0;0;0;2;1;-10,209515;-48,874096;"SPRF-TO";"DEL02-TO";"UOP01-DEL01-TO"
179057;2018-12-18;"terça-feira";"15:20:00";"PR";369;146,6;"LONDRINA";"Falta de Atenção à Condução";"Colisão traseira";"Com Vítimas Feridas";"Pleno dia";"Crescente";"Sol";"Dupla";"Em Obras;Reta";"Sim";7;0;6;1;0;0;7;3;-23,29308937;-51,12931162;"SPRF-PR";"DEL07-PR";"UOP01-DEL07-PR"
179064;2018-12-18;"terça-feira";"16:00:00";"PR";376;159;"MANDAGUACU";"Avarias e/ou desgaste excessivo no pneu";"Saída de leito carroçável";"Com Vítimas Feridas";"Pleno dia";"Decrescente";"Nublado";"Dupla";"Curva";"Não";2;0;1;0;1;0;1;1;-23,352516;-52,09127;"SPRF-PR";"DEL07-PR";"UOP01-DEL09-PR"
179067;2018-12-18;"terça-feira";"17:40:00";"GO";153;502,7;"GOIANIA";"Não guardar distância de segurança";"Colisão lateral";"Com Vítimas Feridas";"Pleno dia";"Crescente";"Céu Claro";"Dupla";"Reta";"Sim";2;0;1;0;1;0;1;2;-16,7287;-49,2424;"SPRF-GO";"DEL01-GO";"UOP01-DEL01-GO"
179068;2018-12-18;"terça-feira";"13:10:00";"RO";421;43;"MONTE NEGRO";"Condutor Dormindo";"Queda de ocupante de veículo";"Com Vítimas Feridas";"Pleno dia";"Crescente";"Céu Claro";"Simples";"Reta";"Não";1;0;1;0;0;0;1;1;-10,222732;-63,249844;"SPRF-RO";"DEL03-RO";"DEL21/3-UOP04/RO"
179070;2018-12-18;"terça-feira";"17:30:00";"SC";101;206,5;"SAO JOSE";"Desobediência às normas de trânsito pelo condutor";"Colisão lateral";"Com Vítimas Feridas";"Anoitecer";"Crescente";"Nublado";"Dupla";"Reta";"Sim";2;0;1;0;1;0;1;2;-27,6001;-48,6225;"SPRF-SC";"DEL01-SC";"UOP01-DEL01-SC"
179071;2018-12-18;"terça-feira";"17:30:00";"SP";116;280,5;"EMBU DAS ARTES";"Falta de Atenção à Condução";"Colisão lateral";"Com Vítimas Feridas";"Pleno dia";"Crescente";"Céu Claro";"Dupla";"Reta";"Sim";2;0;1;0;1;0;1;2;-23,64893;-46,84454;"SPRF-SP";"DEL04-SP";"UOP01-DEL04-SP"
179072;2018-12-18;"terça-feira";"17:20:00";"PR";277;604;"SANTA TEREZA DO OESTE";"Falta de Atenção à Condução";"Colisão traseira";"Com Vítimas Feridas";"Pleno dia";"Crescente";"Céu Claro";"Simples";"Reta";"Não";2;0;1;0;1;0;1;2;-25,029057;-53,569607;"SPRF-PR";"DEL05-PR";"UOP02-DEL05-PR"
179073;2018-12-18;"terça-feira";"16:25:00";"GO";153;703,7;"ITUMBIARA";"Falta de Atenção à Condução";"Colisão lateral";"Com Vítimas Feridas";"Pleno dia";"Decrescente";"Céu Claro";"Dupla";"Curva";"Sim";3;0;0;1;2;0;1;2;-18,411018;-49,195927;"SPRF-GO";"DEL03-GO";"UOP02-DEL03-GO"
179076;2018-12-18;"terça-feira";"12:30:00";"MG";262;478;"BOM DESPACHO";"Desobediência às normas de trânsito pelo condutor";"Colisão transversal";"Com Vítimas Feridas";"Pleno dia";"Decrescente";"Céu Claro";"Simples";"Rotatória";"Sim";1;0;1;0;0;0;1;1;-19,783918;-45,25713;"SPRF-MG";"DEL08-MG";"UOP03-DEL08-MG"
179077;2018-12-18;"terça-feira";"18:10:00";"SC";470;53,8;"BLUMENAU";"Desobediência às normas de trânsito pelo condutor";"Colisão transversal";"Com Vítimas Feridas";"Pleno dia";"Crescente";"Chuva";"Simples";"Reta";"Não";2;0;0;1;1;0;1;2;-26,871065;-49,110374;"SPRF-SC";"DEL04-SC";"UOP01-DEL04-SC"
179078;2018-08-04;"sábado";"08:45:00";"PE";232;5,9;"RECIFE";"Falta de Atenção à Condução";"Colisão lateral";"Com Vítimas Feridas";"Pleno dia";"Decrescente";"Céu Claro";"Dupla";"Reta";"Sim";3;0;1;0;2;0;1;2;-8,06996;-34,95047;"SPRF-PE";"DEL01-PE";"UOP01-DEL01-PE"
179079;2018-12-18;"terça-feira";"17:00:00";"PE";424;18;"PEDRA";"Desobediência às normas de trânsito pelo condutor";"Colisão lateral";"Com Vítimas Feridas";"Anoitecer";"Crescente";"Nublado";"Simples";"Interseção de Vias";"Sim";2;0;0;1;1;0;1;2;-8,496759;-36,93932;"SPRF-PE";"DEL03-PE";"UOP02-DEL03-PE"
179082;2018-12-18;"terça-feira";"18:00:00";"ES";101;1;"SERRA";"Falta de Atenção à Condução";"Colisão lateral";"Com Vítimas Feridas";"Anoitecer";"Decrescente";"Céu Claro";"Dupla";"Reta";"Sim";3;0;1;0;2;0;1;3;-20,129093;-40,308125;"SPRF-ES";"DEL02-ES";"UOP01-DEL02-ES"
179083;2018-12-18;"terça-feira";"18:30:00";"PR";376;259,1;"CALIFORNIA";"Falta de Atenção à Condução";"Capotamento";"Com Vítimas Feridas";"Pleno dia";"Decrescente";"Sol";"Simples";"Curva;Declive";"Não";1;0;0;1;0;0;1;1;-23,67490935;-51,35546207;"SPRF-PR";"DEL07-PR";"UOP03-DEL07-PR"
179084;2018-12-18;"terça-feira";"18:20:00";"SP";153;59,1;"SAO JOSE DO RIO PRETO";"Não guardar distância de segurança";"Colisão lateral";"Com Vítimas Feridas";"Pleno dia";"Decrescente";"Céu Claro";"Simples";"Desvio Temporário";"Sim";2;0;1;0;1;0;1;2;-20,787264;-49,353985;"SPRF-SP";"DEL09-SP";"UOP01-DEL09-SP"
179087;2018-12-18;"terça-feira";"17:00:00";"AL";104;93,2;"RIO LARGO";"Falta de Atenção à Condução";"Colisão transversal";"Sem Vítimas";"Pleno dia";"Crescente";"Céu Claro";"Dupla";"Reta";"Sim";2;0;0;0;2;0;0;2;-9,53185532;-35,79646111;"SPRF-AL";"DEL01-AL";"UOP01-DEL01-AL"
179088;2018-12-18;"terça-feira";"17:30:00";"PB";101;84,5;"JOAO PESSOA";"Falta de Atenção à Condução";"Tombamento";"Com Vítimas Feridas";"Anoitecer";"Crescente";"Nublado";"Dupla";"Reta";"Sim";2;0;1;1;0;0;2;1;-7,14404109;-34,91791964;"SPRF-PB";"DEL01-PB";"UOP01-DEL01-PB"
179089;2018-12-18;"terça-feira";"17:25:00";"PB";230;164;"CAMPINA GRANDE";"Desobediência às normas de trânsito pelo condutor";"Colisão com objeto estático";"Com Vítimas Feridas";"Pleno dia";"Crescente";"Céu Claro";"Simples";"Reta";"Sim";3;0;2;0;1;0;2;2;-7,2128;-35,9499;"SPRF-PB";"DEL02-PB";"UOP01-DEL02-PB"
179091;2018-12-18;"terça-feira";"18:00:00";"PE";232;4;"RECIFE";"Falta de Atenção à Condução";"Colisão lateral";"Com Vítimas Feridas";"Plena Noite";"Crescente";"Céu Claro";"Dupla";"Viaduto";"Sim";2;0;1;0;1;0;1;2;-8,064473;-34,936928;"SPRF-PE";"DEL01-PE";"UOP01-DEL01-PE"
179093;2018-12-18;"terça-feira";"17:30:00";"BA";101;865;"TEIXEIRA DE FREITAS";"Falta de Atenção à Condução";"Saída de leito carroçável";"Com Vítimas Feridas";"Pleno dia";"Crescente";"Céu Claro";"Simples";"Reta";"Não";2;0;2;0;0;0;2;1;-17,438;-39,6904;"SPRF-BA";"DEL09-BA";"UOP02-DEL09-BA"
179094;2018-12-18;"terça-feira";"18:30:00";"RJ";40;77,2;"PETROPOLIS";"Falta de Atenção à Condução";"Tombamento";"Com Vítimas Feridas";"Pleno dia";"Decrescente";"Céu Claro";"Simples";"Declive";"Não";1;0;1;0;0;0;1;1;-22,5036;-43,2313;"SPRF-RJ";"DEL06-RJ";"UOP01-DEL06-RJ"
179095;2018-12-18;"terça-feira";"18:50:00";"SC";470;105,9;"APIUNA";"Falta de Atenção à Condução";"Colisão frontal";"Com Vítimas Fatais";"Anoitecer";"Decrescente";"Chuva";"Simples";"Curva";"Não";5;2;1;2;0;0;3;2;-27,066006;-49,417019;"SPRF-SC";"DEL04-SC";"UOP02-DEL04-SC"
179096;2018-12-18;"terça-feira";"18:30:00";"RJ";116;172,6;"BELFORD ROXO";"Não guardar distância de segurança";"Colisão traseira";"Com Vítimas Feridas";"Pleno dia";"Crescente";"Céu Claro";"Múltipla";"Reta";"Sim";2;0;1;0;1;0;1;2;-22,77679668;-43,39810632;"SPRF-RJ";"DEL01-RJ";"UOP02-DEL01-RJ"
179098;2018-12-18;"terça-feira";"15:40:00";"RJ";393;288;"VOLTA REDONDA";"Falta de Atenção à Condução";"Colisão traseira";"Com Vítimas Feridas";"Pleno dia";"Decrescente";"Sol";"Dupla";"Reta";"Sim";2;0;1;0;1;0;1;2;-22,510941;-44,084461;"SPRF-RJ";"DEL05-RJ";"UOP04-DEL05-RJ"
179099;2018-12-18;"terça-feira";"18:30:00";"SP";116;150;"SAO JOSE DOS CAMPOS";"Ingestão de Álcool";"Colisão lateral";"Com Vítimas Feridas";"Pleno dia";"Crescente";"Céu Claro";"Dupla";"Aclive";"Sim";2;0;1;0;1;0;1;2;-23,21302124;-45,89300051;"SPRF-SP";"DEL02-SP";"UOP01-DEL02-SP"
179100;2018-12-18;"terça-feira";"16:00:00";"PR";376;593;"CURITIBA";"Velocidade Incompatível";"Saída de leito carroçável";"Com Vítimas Feridas";"Pleno dia";"Crescente";"Sol";"Dupla";"Reta";"Não";1;0;1;0;0;0;1;1;-25,42963277;-49,40139771;"SPRF-PR";"DEL01-PR";"UOP06-DEL01-PR"
179101;2018-12-18;"terça-feira";"17:40:00";"RJ";116;210,8;"SEROPEDICA";"Falta de Atenção à Condução";"Capotamento";"Com Vítimas Feridas";"Anoitecer";"Crescente";"Céu Claro";"Múltipla";"Reta";"Sim";1;0;1;0;0;0;1;1;-22,71285645;-43,69846344;"SPRF-RJ";"DEL01-RJ";"UOP03-DEL01-RJ"
179103;2018-12-18;"terça-feira";"17:35:00";"PI";343;346,8;"TERESINA";"Não guardar distância de segurança";"Colisão traseira";"Com Vítimas Feridas";"Anoitecer";"Decrescente";"Céu Claro";"Simples";"Reta";"Não";2;0;1;0;1;0;1;2;-5,11425204;-42,77724635;"SPRF-PI";"DEL01-PI";"UOP01-DEL01-PI"
179104;2018-12-18;"terça-feira";"17:45:00";"SC";116;217,5;"CORREIA PINTO";"Não guardar distância de segurança";"Colisão traseira";"Com Vítimas Feridas";"Pleno dia";"Decrescente";"Nublado";"Simples";"Reta";"Sim";3;0;1;0;2;0;1;2;-27,5657323;-50,37446022;"SPRF-SC";"DEL05-SC";"UOP03-DEL05-SC"
179106;2018-12-18;"terça-feira";"18:00:00";"CE";222;4;"CAUCAIA";"Falta de Atenção à Condução";"Colisão transversal";"Sem Vítimas";"Anoitecer";"Crescente";"Céu Claro";"Dupla";"Retorno Regulamentado";"Sim";2;0;0;0;2;0;0;2;-3,741658;-38,604572;"SPRF-CE";"DEL01-CE";"UOP01-DEL01-CE"
179107;2018-12-18;"terça-feira";"07:00:00";"RS";285;583;"SAO LUIZ GONZAGA";"Pista Escorregadia";"Saída de leito carroçável";"Sem Vítimas";"Pleno dia";"Crescente";"Chuva";"Simples";"Reta";"Não";1;0;0;0;1;0;0;1;-28,450102;-55,119457;"SPRF-RS";"DEL12-RS";"UOP01-DEL12-RS"
179108;2018-12-18;"terça-feira";"18:05:00";"RO";364;706;"PORTO VELHO";"Pista Escorregadia";"Colisão com objeto estático";"Com Vítimas Feridas";"Anoitecer";"Decrescente";"Chuva";"Dupla";"Reta";"Sim";1;0;1;0;0;0;1;1;-8,80041249;-63,83286866;"SPRF-RO";"DEL01-RO";"UOP01-DEL01-RO"
179109;2018-12-18;"terça-feira";"18:35:00";"RJ";101;327;"NITEROI";"Falta de Atenção à Condução";"Tombamento";"Com Vítimas Feridas";"Anoitecer";"Decrescente";"Céu Claro";"Dupla";"Reta";"Não";2;0;2;0;0;0;2;1;-22,871164;-43,156063;"SPRF-RJ";"DEL02-RJ";"UOP02-DEL02-RJ"
179110;2018-12-18;"terça-feira";"18:30:00";"PE";408;99;"SAO LOURENCO DA MATA";"Ingestão de álcool e/ou substâncias psicoativas pelo pedestre";"Atropelamento de Pedestre";"Com Vítimas Fatais";"Plena Noite";"Decrescente";"Céu Claro";"Dupla";"Viaduto;Reta";"Não";2;1;0;0;0;1;0;2;-8,04383;-35,01517;"SPRF-PE";"DEL01-PE";"UOP01-DEL01-PE"
179111;2018-12-18;"terça-feira";"18:40:00";"PR";163;345;"GUAIRA";"Falta de Atenção à Condução";"Colisão lateral";"Sem Vítimas";"Pleno dia";"Crescente";"Céu Claro";"Simples";"Reta";"Não";2;0;0;0;1;1;0;2;-24,1182;-54,2397;"SPRF-PR";"DEL06-PR";"UOP01-DEL06-PR"
179112;2018-12-18;"terça-feira";"19:15:00";"RS";470;287;"MONTENEGRO";"Falta de Atenção à Condução";"Saída de leito carroçável";"Com Vítimas Feridas";"Amanhecer";"Decrescente";"Nublado";"Simples";"Reta";"Não";1;0;1;0;0;0;1;1;-29,65467215;-51,45521123;"SPRF-RS";"DEL04-RS";"UOP02-DEL04-RS"