"id";"data_inversa";"dia_semana";"horario";"uf";"br";"km";"municipio";"causa_acidente";"tipo_acidente";"classificacao_acidente";"fase_dia";"sentido_via";"condicao_metereologica";"tipo_pista";"tracado_via";"uso_solo";"pessoas";"mortos";"feridos_leves";"feridos_graves";"ilesos";"ignorados";"feridos";"veiculos";"latitude";"longitude";"regional";"delegacia";"uop"
179113;2018-12-18;"terça-feira";"19:01:00";"RJ";101;328;"NITEROI";"Não guardar distância de segurança";"Colisão traseira";"Com Vítimas Feridas";"Anoitecer";"Decrescente";"Céu Claro";"Dupla";"Reta";"Não";3;0;2;0;0;1;2;2;-22,870275;-43,165936;"SPRF-RJ";"DEL02-RJ";"UOP02-DEL02-RJ"
179114;2018-12-18;"terça-feira";"20:30:00";"SC";470;138;"RIO DO SUL";"Falta de Atenção à Condução";"Colisão frontal";"Com Vítimas Feridas";"Plena Noite";"Decrescente";"Chuva";"Simples";"Interseção de Vias";"Sim";2;0;1;0;1;0;1;2;-27,18639488;-49,60685492;"SPRF-SC";"DEL04-SC";"UOP02-DEL04-SC"
179115;2018-12-18;"terça-feira";"21:00:00";"SC";101;208,7;"SAO JOSE";"Falta de Atenção à Condução";"Colisão lateral";"Com Vítimas Feridas";"Plena Noite";"Decrescente";"Chuva";"Dupla";"Reta";"Não";3;0;1;0;2;0;1;3;-27,6101;-48,6388;"SPRF-SC";"DEL01-SC";"UOP01-DEL01-SC"
179116;2018-12-18;"terça-feira";"21:10:00";"SC";101;130;"BALNEARIO CAMBORIU";"Falta de Atenção do Pedestre";"Atropelamento de Pedestre";"Com Vítimas Fatais";"Plena Noite";"Crescente";"Chuva";"Dupla";"Reta";"Sim";2;1;0;0;1;0;0;2;-26,9907;-48,6629;"SPRF-SC";"DEL04-SC";"UOP03-DEL04-SC"
179117;2018-12-18;"terça-feira";"20:30:00";"MS";267;672;"PORTO MURTINHO";"Animais na Pista";"Atropelamento de Animal";"Com Vítimas Feridas";"Plena Noite";"Crescente";"Céu Claro";"Simples";"Reta";"Não";2;0;1;0;0;1;1;2;-21,7026591;-57,8372106;"SPRF-MS";"DEL05-MS";"UOP01-DEL05-MS"
179119;2018-09-13;"quinta-feira";"17:30:00";"BA";101;476;"URUCUCA";"Desobediência às normas de trânsito pelo condutor";"Colisão frontal";"Com Vítimas Fatais";"Anoitecer";"Crescente";"Nublado";"Simples";"Reta";"Não";6;1;3;2;0;0;5;2;-14,585457;-39,336475;"SPRF-BA";"DEL05-BA";"UOP01-DEL05-BA"
179120;2018-12-18;"terça-feira";"13:30:00";"BA";110;113;"ANTAS";"Velocidade Incompatível";"Saída de leito carroçável";"Com Vítimas Feridas";"Pleno dia";"Decrescente";"Ignorado";"Simples";"Reta";"Não";5;0;4;1;0;0;5;1;-10,371;-38,338;"SPRF-BA";"DEL07-BA";"UOP01-DEL07-BA"
179121;2018-12-18;"terça-feira";"21:50:00";"CE";116;13,2;"FORTALEZA";"Desobediência às normas de trânsito pelo condutor";"Colisão traseira";"Sem Vítimas";"Plena Noite";"Crescente";"Nublado";"Simples";"Viaduto";"Sim";2;0;0;0;2;0;0;2;-3,8732;-38,499;"SPRF-CE";"DEL01-CE";"UOP02-DEL01-CE"
179122;2018-12-18;"terça-feira";"20:15:00";"MA";135;5,8;"SAO LUIS";"Falta de Atenção à Condução";"Colisão frontal";"Com Vítimas Feridas";"Plena Noite";"Crescente";"Nublado";"Dupla";"Reta";"Sim";2;0;1;0;1;0;1;2;-2,621546;-44,258041;"SPRF-MA";"DEL01-MA";"UOP01-DEL01-MA"
179129;2018-12-18;"terça-feira";"21:30:00";"SC";101;186;"BIGUACU";"Falta de Atenção à Condução";"Colisão com objeto estático";"Com Vítimas Feridas";"Plena Noite";"Decrescente";"Chuva";"Dupla";"Curva";"Sim";2;0;1;0;1;0;1;2;-27,4432;-48,6284;"SPRF-SC";"DEL01-SC";"UOP01-DEL01-SC"
179130;2018-12-18;"terça-feira";"17:10:00";"SC";282;584,2;"PINHALZINHO";"Mal Súbito";"Saída de leito carroçável";"Com Vítimas Feridas";"Pleno dia";"Crescente";"Céu Claro";"Simples";"Curva;Declive";"Não";1;0;1;0;0;0;1;1;-26,831865;-53,016579;"SPRF-SC";"DEL07-SC";"UOP02-DEL07-SC"
179132;2018-12-18;"terça-feira";"21:00:00";"RJ";101;264,9;"RIO BONITO";"Desobediência às normas de trânsito pelo condutor";"Tombamento";"Com Vítimas Feridas";"Plena Noite";"Crescente";"Céu Claro";"Múltipla";"Reta";"Sim";2;0;0;1;0;1;1;2;-22,718182;-42,636028;"SPRF-RJ";"DEL02-RJ";"UOP03-DEL02-RJ"
179133;2018-12-18;"terça-feira";"21:55:00";"PI";316;11;"TERESINA";"Defeito na Via";"Saída de leito carroçável";"Com Vítimas Feridas";"Plena Noite";"Decrescente";"Céu Claro";"Simples";"Reta";"Sim";1;0;1;0;0;0;1;1;-5,191861;-42,760719;"SPRF-PI";"DEL01-PI";"UOP02-DEL01-PI"
179134;2018-12-18;"terça-feira";"20:30:00";"SC";282;419,7;"VARGEM BONITA";"Falta de Atenção à Condução";"Saída de leito carroçável";"Com Vítimas Feridas";"Plena Noite";"Crescente";"Chuva";"Simples";"Curva";"Não";2;0;2;0;0;0;2;1;-27,019398;-51,729195;"SPRF-SC";"DEL07-SC";"UOP05-DEL07-SC"
179135;2018-12-18;"terça-feira";"23:10:00";"SP";116;228;"SAO PAULO";"Velocidade Incompatível";"Capotamento";"Sem Vítimas";"Plena Noite";"Crescente";"Garoa/Chuvisco";"Múltipla";"Reta";"Sim";1;0;0;0;1;0;0;1;-23,50637952;-46,57031608;"SPRF-SP";"DEL01-SP";"UOP01-DEL01-SP"
179136;2018-12-18;"terça-feira";"22:45:00";"RJ";393;184;"PARAIBA DO SUL";"Desobediência às normas de trânsito pelo condutor";"Colisão frontal";"Com Vítimas Feridas";"Plena Noite";"Decrescente";"Céu Claro";"Simples";"Reta";"Não";2;0;2;0;0;0;2;2;-22,142746;-43,284008;"SPRF-RJ";"DEL05-RJ";"UOP03-DEL05-RJ"
179137;2018-07-25;"quarta-feira";"18:30:00";"CE";222;3,8;"CAUCAIA";"Não guardar distância de segurança";"Colisão traseira";"Com Vítimas Feridas";"Plena Noite";"Crescente";"Céu Claro";"Dupla";"Declive";"Sim";3;0;1;0;2;0;1;3;-3,74108043;-38,60147774;"SPRF-CE";"DEL01-CE";"UOP01-DEL01-CE"
179138;2018-12-18;"terça-feira";"23:40:00";"MG";364;8,4;"PLANURA";"Falta de Atenção à Condução";"Tombamento";"Com Vítimas Feridas";"Plena Noite";"Crescente";"Nublado";"Simples";"Aclive";"Não";1;0;1;0;0;0;1;1;-20,13824;-48,702347;"SPRF-MG";"DEL13-MG";"UOP02-DEL13-MG"
179139;2018-12-18;"terça-feira";"23:15:00";"GO";50;97;"CRISTALINA";"Não guardar distância de segurança";"Colisão traseira";"Com Vítimas Feridas";"Plena Noite";"Crescente";"Céu Claro";"Simples";"Reta";"Sim";2;0;0;1;1;0;1;2;-16,9309;-47,7117;"SPRF-DF";"DEL01-DF";"UOP02-DEL01-DF"
179140;2018-12-19;"quarta-feira";"00:10:00";"RJ";40;116;"DUQUE DE CAXIAS";"Ingestão de Álcool";"Colisão com objeto estático";"Com Vítimas Feridas";"Plena Noite";"Decrescente";"Céu Claro";"Múltipla";"Reta";"Não";6;0;3;1;2;0;4;3;-22,7468;-43,2878;"SPRF-RJ";"DEL01-RJ";"UOP01-DEL01-RJ"
179142;2018-12-18;"terça-feira";"21:40:00";"RR";174;540;"BOA VISTA";"Condutor Dormindo";"Saída de leito carroçável";"Sem Vítimas";"Plena Noite";"Crescente";"Céu Claro";"Simples";"Reta";"Não";1;0;0;0;1;0;0;1;3,089262;-60,814548;"SPRF-RR";"DEL01-RR";"UOP01-DEL01-RR"
179143;2018-12-19;"quarta-feira";"00:10:00";"SC";101;130;"BALNEARIO CAMBORIU";"Ingestão de Álcool";"Saída de leito carroçável";"Sem Vítimas";"Plena Noite";"Crescente";"Nublado";"Simples";"Curva";"Não";1;0;0;0;1;0;0;1;-26,9907;-48,6629;"SPRF-SC";"DEL04-SC";"UOP03-DEL04-SC"
179144;2018-12-18;"terça-feira";"23:30:00";"MS";267;206,1;"NOVA ALVORADA DO SUL";"Animais na Pista";"Atropelamento de Animal";"Com Vítimas Feridas";"Plena Noite";"Decrescente";"Céu Claro";"Simples";"Reta";"Não";2;0;2;0;0;0;2;1;-21,592144;-54,012501;"SPRF-MS";"DEL02-MS";"UOP03-DEL02-MS"
179145;2018-12-18;"terça-feira";"23:05:00";"SC";101;439;"SOMBRIO";"Animais na Pista";"Atropelamento de Animal";"Com Vítimas Feridas";"Plena Noite";"Decrescente";"Nublado";"Dupla";"Reta";"Não";2;0;1;1;0;0;2;1;-29,12391681;-49,65736628;"SPRF-SC";"DEL02-SC";"UOP02-DEL02-SC"
179146;2018-12-19;"quarta-feira";"01:15:00";"GO";60;122,2;"TEREZOPOLIS DE GOIAS";"Ingestão de Álcool";"Saída de leito carroçável";"Com Vítimas Feridas";"Plena Noite";"Decrescente";"Céu Claro";"Dupla";"Curva";"Não";2;0;1;0;0;1;1;2;-16,5112;-49,1185;"SPRF-GO";"DEL01-GO";"UOP01-DEL01-GO"
179151;2018-12-19;"quarta-feira";"00:50:00";"MT";364;380;"SANTO ANTONIO DO LEVERGER";"Condutor Dormindo";"Colisão frontal";"Com Vítimas Feridas";"Plena Noite";"Decrescente";"Céu Claro";"Simples";"Reta";"Não";2;0;1;1;0;0;2;2;-15,703373;-55,764256;"SPRF-MT";"DEL02-MT";"UOP02-DEL01-MT"
179155;2018-12-19;"quarta-feira";"03:15:00";"SP";381;54;"MAIRIPORA";"Desobediência às normas de trânsito pelo condutor";"Colisão frontal";"Sem Vítimas";"Plena Noite";"Decrescente";"Chuva";"Dupla";"Reta";"Sim";2;0;0;0;1;1;0;2;-23,249364;-46,592677777;"SPRF-SP";"DEL03-SP";"UOP01-DEL03-SP"
179156;2018-12-19;"quarta-feira";"02:40:00";"SP";116;155,1;"SAO JOSE DOS CAMPOS";"Ingestão de Álcool";"Colisão com objeto estático";"Com Vítimas Feridas";"Plena Noite";"Decrescente";"Céu Claro";"Múltipla";"Aclive";"Não";1;0;1;0;0;0;1;1;-23,219809;-45,899918;"SPRF-SP";"DEL02-SP";"UOP01-DEL02-SP"
179157;2018-12-19;"quarta-feira";"04:00:00";"SP";381;69;"MAIRIPORA";"Velocidade Incompatível";"Capotamento";"Sem Vítimas";"Plena Noite";"Crescente";"Chuva";"Dupla";"Curva";"Não";1;0;0;0;1;0;0;1;-23,34987918;-46,56030011;"SPRF-SP";"DEL03-SP";"UOP01-DEL03-SP"
179158;2018-12-19;"quarta-feira";"02:40:00";"SC";282;395;"JOACABA";"Ingestão de Álcool";"Saída de leito carroçável";"Com Vítimas Feridas";"Plena Noite";"Crescente";"Céu Claro";"Simples";"Curva";"Não";1;0;1;0;0;0;1;1;-27,15962992;-51,58508241;"SPRF-SC";"DEL07-SC";"UOP05-DEL07-SC"
179161;2018-12-19;"quarta-feira";"06:00:00";"SC";470;14,7;"NAVEGANTES";"Desobediência às normas de trânsito pelo condutor";"Colisão lateral";"Com Vítimas Fatais";"Amanhecer";"Crescente";"Céu Claro";"Simples";"Curva";"Não";5;1;1;0;3;0;1;4;-26,837988;-48,775795;"SPRF-SC";"DEL04-SC";"UOP04-DEL04-SC"
179165;2018-12-19;"quarta-feira";"06:10:00";"MG";381;924,5;"ITAPEVA";"Velocidade Incompatível";"Colisão lateral";"Com Vítimas Feridas";"Amanhecer";"Crescente";"Chuva";"Dupla";"Curva";"Não";4;0;1;0;1;2;1;2;-22,7712;-46,1986;"SPRF-MG";"DEL16-MG";"UOP03-DEL16-MG"
179166;2018-12-18;"terça-feira";"14:30:00";"BA";20;38;"CORRENTINA";"Avarias e/ou desgaste excessivo no pneu";"Capotamento";"Sem Vítimas";"Pleno dia";"Crescente";"Céu Claro";"Simples";"Reta";"Não";1;0;0;0;1;0;0;1;-13,5907;-46,118;"SPRF-BA";"DEL10-BA";"UOP01-DEL10-BA"
179167;2018-12-19;"quarta-feira";"07:15:00";"DF";20;15,8;"BRASILIA";"Falta de Atenção à Condução";"Colisão traseira";"Com Vítimas Feridas";"Pleno dia";"Decrescente";"Céu Claro";"Dupla";"Aclive";"Não";8;0;1;0;7;0;1;3;-15,630189;-47,733288;"SPRF-DF";"DEL02-DF";"UOP01-DEL02-DF"
179169;2018-12-18;"terça-feira";"17:15:00";"SC";101;136;"BALNEARIO CAMBORIU";"Defeito Mecânico no Veículo";"Tombamento";"Com Vítimas Feridas";"Pleno dia";"Crescente";"Chuva";"Dupla";"Reta";"Não";2;0;2;0;0;0;2;1;-27,0158;-48,6117;"SPRF-SC";"DEL04-SC";"UOP03-DEL04-SC"
179170;2018-12-19;"quarta-feira";"07:15:00";"PR";277;660,1;"MATELANDIA";"Falta de Atenção à Condução";"Queda de ocupante de veículo";"Com Vítimas Feridas";"Pleno dia";"Crescente";"Sol";"Dupla";"Reta";"Não";1;0;1;0;0;0;1;1;-25,251387;-53,990307;"SPRF-PR";"DEL05-PR";"UOP02-DEL05-PR"
179171;2018-12-19;"quarta-feira";"07:10:00";"RS";470;216,8;"BENTO GONCALVES";"Desobediência às normas de trânsito pelo condutor";"Colisão traseira";"Com Vítimas Feridas";"Pleno dia";"Crescente";"Nublado";"Simples";"Curva";"Sim";2;0;1;0;1;0;1;2;-29,17350192;-51,5242821;"SPRF-RS";"DEL06-RS";"UOP01-DEL06-RS"
179172;2018-12-19;"quarta-feira";"07:30:00";"SC";282;16;"PALHOCA";"Desobediência às normas de trânsito pelo condutor";"Colisão lateral";"Com Vítimas Feridas";"Pleno dia";"Crescente";"Nublado";"Simples";"Reta";"Sim";3;0;1;1;1;0;2;2;-27,658611;-48,681847;"SPRF-SC";"DEL01-SC";"UOP02-DEL01-SC"
179174;2018-12-19;"quarta-feira";"07:30:00";"PR";376;180,6;"MARINGA";"Falta de Atenção do Pedestre";"Atropelamento de Pedestre";"Com Vítimas Feridas";"Pleno dia";"Crescente";"Céu Claro";"Dupla";"Reta";"Sim";2;0;1;0;0;1;1;2;-23,427254;-51,895123;"SPRF-PR";"DEL07-PR";"UOP01-DEL09-PR"
179177;2018-12-19;"quarta-feira";"07:00:00";"MG";40;570;"NOVA LIMA";"Falta de Atenção à Condução";"Colisão com objeto em movimento";"Com Vítimas Feridas";"Amanhecer";"Decrescente";"Céu Claro";"Simples";"Aclive";"Sim";2;0;0;1;1;0;1;2;-20,2041;-43,9741;"SPRF-MG";"DEL01-MG";"UOP02-DEL01-MG"
179181;2018-12-19;"quarta-feira";"08:10:00";"SC";470;59,2;"BLUMENAU";"Mal Súbito";"Colisão transversal";"Com Vítimas Feridas";"Pleno dia";"Crescente";"Nublado";"Simples";"Curva";"Sim";2;0;1;0;1;0;1;2;-26,882812;-49,1548;"SPRF-SC";"DEL04-SC";"UOP01-DEL04-SC"
179183;2018-12-19;"quarta-feira";"08:30:00";"GO";153;507,1;"APARECIDA DE GOIANIA";"Não guardar distância de segurança";"Colisão traseira";"Com Vítimas Feridas";"Pleno dia";"Crescente";"Céu Claro";"Dupla";"Reta";"Sim";2;0;1;0;1;0;1;2;-16,7715;-49,2387;"SPRF-GO";"DEL01-GO";"UOP03-DEL01-GO"
179184;2018-12-19;"quarta-feira";"08:30:00";"PR";277;518,5;"GUARANIACU";"Falta de Atenção à Condução";"Colisão transversal";"Com Vítimas Feridas";"Pleno dia";"Crescente";"Céu Claro";"Simples";"Reta";"Sim";3;0;2;1;0;0;3;2;-25,10697188;-52,86315951;"SPRF-PR";"DEL04-PR";"UOP04-DEL04-PR"
179185;2018-12-19;"quarta-feira";"07:32:00";"SP";116;220,3;"GUARULHOS";"Falta de Atenção à Condução";"Colisão lateral";"Com Vítimas Feridas";"Pleno dia";"Decrescente";"Céu Claro";"Múltipla";"Reta";"Sim";2;0;0;1;1;0;1;2;-23,46699647;-46,50408139;"SPRF-SP";"DEL01-SP";"UOP01-DEL01-SP"
179188;2018-12-19;"quarta-feira";"08:30:00";"ES";101;1;"VITORIA";"Falta de Atenção à Condução";"Colisão lateral";"Com Vítimas Feridas";"Pleno dia";"Decrescente";"Céu Claro";"Dupla";"Reta";"Sim";2;0;1;0;1;0;1;2;-20,24369216;-40,28200692;"SPRF-ES";"DEL04-ES";"UOP02-DEL04-ES"
179189;2018-11-20;"terça-feira";"18:10:00";"GO";60;166;"GOIANIA";"Falta de Atenção à Condução";"Queda de ocupante de veículo";"Com Vítimas Feridas";"Anoitecer";"Crescente";"Ignorado";"Dupla";"Reta";"Sim";2;0;0;1;1;0;1;2;-16,7129;-49,358;"SPRF-GO";"DEL01-GO";"UOP02-DEL01-GO"
179191;2018-12-19;"quarta-feira";"07:45:00";"MG";262;368,7;"JUATUBA";"Velocidade Incompatível";"Capotamento";"Com Vítimas Feridas";"Pleno dia";"Crescente";"Chuva";"Dupla";"Reta";"Sim";2;0;2;0;0;0;2;1;-19,9568;-44,344;"SPRF-MG";"DEL01-MG";"UOP03-DEL01-MG"
179192;2018-12-19;"quarta-feira";"07:20:00";"MS";262;367,1;"CAMPO GRANDE";"Falta de Atenção à Condução";"Colisão transversal";"Com Vítimas Feridas";"Pleno dia";"Decrescente";"Sol";"Dupla";"Reta";"Sim";2;0;1;0;1;0;1;2;-20,47816634;-54,75336731;"SPRF-MS";"DEL01-MS";"UOP03-DEL01-MS"
179197;2018-09-22;"sábado";"17:30:00";"SP";153;55,9;"SAO JOSE DO RIO PRETO";"Falta de Atenção à Condução";"Colisão traseira";"Com Vítimas Feridas";"Pleno dia";"Decrescente";"Céu Claro";"Simples";"Interseção de Vias";"Não";3;0;1;0;1;1;1;3;-20,753166;-49,342579;"SPRF-SP";"DEL09-SP";"UOP01-DEL09-SP"
179198;2018-12-19;"quarta-feira";"06:45:00";"RO";364;6,1;"VILHENA";"Desobediência às normas de trânsito pelo condutor";"Colisão transversal";"Com Vítimas Feridas";"Pleno dia";"Crescente";"Céu Claro";"Simples";"Reta";"Não";2;0;1;1;0;0;2;2;-12,781;-60,091648;"SPRF-RO";"DEL04-RO";"UOP01-DEL04-RO"
179200;2018-12-19;"quarta-feira";"07:40:00";"PB";230;24,6;"JOAO PESSOA";"Falta de Atenção à Condução";"Colisão lateral";"Com Vítimas Feridas";"Pleno dia";"Decrescente";"Céu Claro";"Dupla";"Curva";"Sim";3;0;1;0;2;0;1;2;-7,1637;-34,8618;"SPRF-PB";"DEL01-PB";"UOP01-DEL01-PB"
179201;2018-12-19;"quarta-feira";"09:10:00";"SP";116;109;"TAUBATE";"Falta de Atenção à Condução";"Colisão com objeto estático";"Com Vítimas Feridas";"Pleno dia";"Crescente";"Céu Claro";"Dupla";"Reta";"Sim";1;0;1;0;0;0;1;1;-23,028759;-45,545235;"SPRF-SP";"DEL06-SP";"UOP01-DEL06-SP"
179204;2018-12-19;"quarta-feira";"07:30:00";"AL";104;70;"MURICI";"Defeito Mecânico no Veículo";"Tombamento";"Com Vítimas Feridas";"Pleno dia";"Decrescente";"Céu Claro";"Simples";"Reta";"Não";2;0;1;0;1;0;1;1;-9,30688;-35,940841;"SPRF-AL";"DEL01-AL";"UOP02-DEL01-AL"
179208;2018-12-19;"quarta-feira";"08:27:00";"CE";304;53,2;"ARACATI";"Falta de Atenção à Condução";"Colisão lateral";"Com Vítimas Feridas";"Pleno dia";"Crescente";"Céu Claro";"Simples";"Reta";"Não";2;0;1;0;1;0;1;2;-4,574025;-37,736359;"SPRF-CE";"DEL03-CE";"UOP03-DEL03-CE"
179209;2018-12-19;"quarta-feira";"07:20:00";"PE";101;69,8;"RECIFE";"Falta de Atenção à Condução";"Colisão transversal";"Com Vítimas Feridas";"Pleno dia";"Crescente";"Céu Claro";"Dupla";"Reta";"Sim";2;0;0;1;1;0;1;2;-8,0678;-34,9427;"SPRF-PE";"DEL01-PE";"UOP01-DEL01-PE"
179211;2018-12-19;"quarta-feira";"08:30:00";"AP";210;105;"PORTO GRANDE";"Desobediência às normas de trânsito pelo condutor";"Colisão traseira";"Com Vítimas Feridas";"Pleno dia";"Decrescente";"Céu Claro";"Simples";"Reta";"Sim";2;0;0;1;1;0;1;2;0,690001;-51,371128;"SPRF-AP";"DEL01-AP";"UOP01-DEL01-AP"
179212;2018-12-19;"quarta-feira";"10:00:00";"MG";116;276,7;"TEOFILO OTONI";"Falta de Atenção à Condução";"Colisão lateral";"Com Vítimas Feridas";"Pleno dia";"Decrescente";"Céu Claro";"Simples";"Reta";"Sim";2;0;1;0;1;0;1;2;-17,85230974;-41,51407242;"SPRF-MG";"DEL11-MG";"UOP01-DEL11-MG"
179213;2018-12-19;"quarta-feira";"10:20:00";"MG";40;129,8;"JOAO PINHEIRO";"Não guardar distância de segurança";"Colisão traseira";"Com Vítimas Feridas";"Pleno dia";"Crescente";"Céu Claro";"Simples";"Reta";"Não";2;0;2;0;0;0;2;1;-17,703953;-46,294704;"SPRF-MG";"DEL14-MG";"UOP01-DEL14-MG"
179214;2018-12-19;"quarta-feira";"08:10:00";"MA";10;250,4;"IMPERATRIZ";"Desobediência às normas de trânsito pelo condutor";"Colisão transversal";"Com Vítimas Feridas";"Pleno dia";"Crescente";"Céu Claro";"Simples";"Em Obras";"Sim";3;0;1;1;1;0;2;2;-5,550874;-47,459305;"SPRF-MA";"DEL04-MA";"UOP01-DEL04-MA"
179215;2018-12-19;"quarta-feira";"10:00:00";"MG";381;503,3;"BETIM";"Pista Escorregadia";"Colisão com objeto estático";"Sem Vítimas";"Pleno dia";"Crescente";"Chuva";"Dupla";"Reta;Declive";"Sim";1;0;0;0;1;0;0;1;-20,0304;-44,236;"SPRF-MG";"DEL01-MG";"UOP03-DEL01-MG"
179219;2018-12-19;"quarta-feira";"11:00:00";"MG";262;763,1;"UBERABA";"Falta de Atenção à Condução";"Capotamento";"Com Vítimas Feridas";"Pleno dia";"Decrescente";"Céu Claro";"Simples";"Reta";"Não";2;0;2;0;0;0;2;1;-19,683079;-47,666935;"SPRF-MG";"DEL13-MG";"UOP01-DEL13-MG"
179220;2018-12-19;"quarta-feira";"10:15:00";"SP";153;55;"SAO JOSE DO RIO PRETO";"Defeito na Via";"Colisão com objeto em movimento";"Sem Vítimas";"Pleno dia";"Decrescente";"Chuva";"Simples";"Reta";"Não";1;0;0;0;1;0;0;1;-20,744841;-49,338924;"SPRF-SP";"DEL09-SP";"UOP01-DEL09-SP"
179221;2018-12-19;"quarta-feira";"09:30:00";"BA";324;619,5;"SALVADOR";"Falta de Atenção à Condução";"Engavetamento";"Com Vítimas Feridas";"Pleno dia";"Crescente";"Sol";"Múltipla";"Reta";"Sim";3;0;1;0;2;0;1;3;-12,91206743;-38,45942259;"SPRF-BA";"DEL01-BA";"UOP01-DEL01-BA"
179222;2018-12-19;"quarta-feira";"09:40:00";"RJ";101;452;"MANGARATIBA";"Condutor Dormindo";"Saída de leito carroçável";"Com Vítimas Feridas";"Plena Noite";"Crescente";"Céu Claro";"Simples";"Curva";"Não";1;0;1;0;0;0;1;1;-22,937099;-44,010822;"SPRF-RJ";"DEL03-RJ";"UOP03-DEL03-RJ"
179223;2018-11-09;"sexta-feira";"16:10:00";"RO";364;710;"PORTO VELHO";"Falta de Atenção à Condução";"Colisão lateral";"Com Vítimas Feridas";"Pleno dia";"Decrescente";"Nublado";"Dupla";"Reta";"Sim";2;0;1;0;0;1;1;2;-8,7847195;-63,86061452;"SPRF-RO";"DEL01-RO";"UOP01-DEL01-RO"
179225;2018-10-28;"domingo";"19:30:00";"GO";414;439;"COCALZINHO DE GOIAS";"Ingestão de Álcool";"Colisão lateral";"Com Vítimas Feridas";"Plena Noite";"Crescente";"Nublado";"Simples";"Reta";"Sim";2;0;1;1;0;0;2;2;-15,580993;-48,628662;"SPRF-GO";"DEL02-GO";"UOP01-DEL02-GO"
179226;2018-12-19;"quarta-feira";"10:15:00";"BA";116;531,2;"ITATIM";"Falta de Atenção à Condução";"Saída de leito carroçável";"Sem Vítimas";"Pleno dia";"Crescente";"Nublado";"Simples";"Reta";"Não";2;0;0;0;2;0;0;1;-12,73658424;-39,78222967;"SPRF-BA";"DEL03-BA";"UOP02-DEL03-BA"
179227;2018-04-15;"domingo";"20:30:00";"PA";316;63,8;"CASTANHAL";"Falta de Atenção à Condução";"Colisão frontal";"Com Vítimas Feridas";"Plena Noite";"Crescente";"Chuva";"Dupla";"Reta";"Sim";2;0;0;1;1;0;1;2;-1,296296;-47,919842;"SPRF-PA";"DEL01-PA";"UOP01-DEL01-PA"
179228;2018-12-19;"quarta-feira";"11:50:00";"MG";40;492,5;"ESMERALDAS";"Velocidade Incompatível";"Colisão com objeto estático";"Com Vítimas Fatais";"Pleno dia";"Decrescente";"Céu Claro";"Dupla";"Declive;Curva";"Não";6;1;3;2;0;0;5;2;-19,6498;-44,2003;"SPRF-MG";"DEL02-MG";"UOP01-DEL02-MG"
179229;2018-12-19;"quarta-feira";"08:00:00";"PI";230;42,4;"SAO JULIAO";"Ingestão de Álcool";"Saída de leito carroçável";"Com Vítimas Fatais";"Pleno dia";"Decrescente";"Sol";"Simples";"Reta";"Não";3;2;0;1;0;0;1;1;-7,121148;-40,829826;"SPRF-PI";"DEL04-PI";"UOP03-DEL04-PI"
179231;2018-10-11;"quinta-feira";"16:30:00";"BA";324;611;"SIMOES FILHO";"Não guardar distância de segurança";"Colisão traseira";"Com Vítimas Fatais";"Pleno dia";"Decrescente";"Céu Claro";"Dupla";"Aclive;Reta";"Não";2;1;0;0;0;1;0;2;-12,8532614;-38,4171973;"SPRF-BA";"DEL01-BA";"UOP01-DEL01-BA"
179232;2018-12-19;"quarta-feira";"10:40:00";"BA";101;466;"URUCUCA";"Defeito Mecânico no Veículo";"Saída de leito carroçável";"Com Vítimas Feridas";"Pleno dia";"Crescente";"Sol";"Simples";"Curva";"Não";1;0;1;0;0;0;1;1;-14,4762;-39,328;"SPRF-BA";"DEL05-BA";"UOP01-DEL05-BA"
179240;2018-12-19;"quarta-feira";"13:00:00";"SC";282;2,8;"FLORIANOPOLIS";"Não guardar distância de segurança";"Colisão traseira";"Com Vítimas Feridas";"Pleno dia";"Decrescente";"Sol";"Dupla";"Reta";"Sim";2;0;1;0;0;1;1;2;-27,603289;-48,590416;"SPRF-SC";"DEL01-SC";"UOP01-DEL01-SC"
179242;2018-12-19;"quarta-feira";"11:00:00";"MG";262;535;"LUZ";"Animais na Pista";"Saída de leito carroçável";"Com Vítimas Feridas";"Pleno dia";"Crescente";"Céu Claro";"Simples";"Reta";"Não";1;0;1;0;0;0;1;1;-19,782969;-45,68597;"SPRF-MG";"DEL08-MG";"UOP02-DEL08-MG"
179244;2018-12-19;"quarta-feira";"12:15:00";"PE";101;70;"RECIFE";"Não guardar distância de segurança";"Colisão lateral";"Com Vítimas Feridas";"Pleno dia";"Decrescente";"Sol";"Dupla";"Reta";"Sim";2;0;1;0;1;0;1;2;-8,0778;-34,9429;"SPRF-PE";"DEL01-PE";"UOP01-DEL01-PE"
179245;2018-12-19;"quarta-feira";"12:10:00";"PA";316;61;"CASTANHAL";"Falta de Atenção à Condução";"Colisão lateral";"Com Vítimas Feridas";"Pleno dia";"Decrescente";"Céu Claro";"Dupla";"Reta";"Sim";2;0;1;0;1;0;1;2;-1,296296;-47,919842;"SPRF-PA";"DEL01-PA";"UOP01-DEL01-PA"
179246;2018-12-19;"quarta-feira";"11:40:00";"SC";101;288;"IMBITUBA";"Desobediência às normas de trânsito pelo condutor";"Colisão transversal";"Com Vítimas Feridas";"Pleno dia";"Crescente";"Céu Claro";"Simples";"Rotatória";"Sim";2;0;0;1;1;0;1;2;-28,2791;-48,7006;"SPRF-SC";"DEL02-SC";"UOP03-DEL02-SC"