"id";"data_inversa";"dia_semana";"horario";"uf";"br";"km";"municipio";"causa_acidente";"tipo_acidente";"classificacao_acidente";"fase_dia";"sentido_via";"condicao_metereologica";"tipo_pista";"tracado_via";"uso_solo";"pessoas";"mortos";"feridos_leves";"feridos_graves";"ilesos";"ignorados";"feridos";"veiculos";"latitude";"longitude";"regional";"delegacia";"uop"
179247;2018-12-19;"quarta-feira";"11:25:00";"GO";153;535;"HIDROLANDIA";"Falta de Atenção à Condução";"Saída de leito carroçável";"Com Vítimas Feridas";"Pleno dia";"Crescente";"Céu Claro";"Dupla";"Curva";"Não";1;0;1;0;0;0;1;1;-17,01;-49,2202;"SPRF-GO";"DEL01-GO";"UOP03-DEL01-GO"
179248;2018-12-19;"quarta-feira";"13:25:00";"SC";470;51,3;"BLUMENAU";"Falta de Atenção à Condução";"Colisão transversal";"Com Vítimas Feridas";"Pleno dia";"Decrescente";"Céu Claro";"Simples";"Rotatória;Interseção de Vias";"Sim";2;0;1;0;1;0;1;2;-26,86280207;-49,08536911;"SPRF-SC";"DEL04-SC";"UOP01-DEL04-SC"
179251;2018-12-19;"quarta-feira";"12:45:00";"PE";428;190,5;"PETROLINA";"Falta de Atenção à Condução";"Colisão lateral";"Com Vítimas Feridas";"Pleno dia";"Crescente";"Céu Claro";"Simples";"Reta";"Sim";2;0;0;1;1;0;1;2;-9,372067;-40,486843;"SPRF-PE";"DEL06-PE";"UOP01-DEL06-PE"
179252;2018-12-19;"quarta-feira";"10:40:00";"BA";101;857,6;"TEIXEIRA DE FREITAS";"Desobediência às normas de trânsito pelo condutor";"Saída de leito carroçável";"Com Vítimas Feridas";"Pleno dia";"Decrescente";"Sol";"Simples";"Reta";"Não";3;0;1;0;2;0;1;1;-17,3743;-39,6567;"SPRF-BA";"DEL09-BA";"UOP02-DEL09-BA"
179253;2018-12-19;"quarta-feira";"13:00:00";"MT";163;53,6;"ITIQUIRA";"Condutor Dormindo";"Saída de leito carroçável";"Com Vítimas Feridas";"Pleno dia";"Decrescente";"Sol";"Dupla";"Reta";"Não";1;0;1;0;0;0;1;1;-17,047997;-54,762337;"SPRF-MT";"DEL02-MT";"DEL2/2-UOP02/MT"
179254;2018-12-19;"quarta-feira";"10:30:00";"PR";476;137;"CURITIBA";"Falta de Atenção à Condução";"Atropelamento de Pedestre";"Com Vítimas Feridas";"Pleno dia";"Crescente";"Céu Claro";"Múltipla";"Reta";"Não";3;0;0;1;2;0;1;3;-25,498302;-49,277546;"SPRF-PR";"DEL01-PR";"UOP07-DEL01-PR"
179255;2018-12-19;"quarta-feira";"14:10:00";"MG";381;338;"NOVA ERA";"Pista Escorregadia";"Tombamento";"Com Vítimas Feridas";"Pleno dia";"Crescente";"Céu Claro";"Simples";"Curva";"Não";1;0;1;0;0;0;1;1;-19,7784;-43,0437;"SPRF-MG";"DEL03-MG";"UOP01-DEL03-MG"
179256;2018-12-19;"quarta-feira";"13:15:00";"MG";381;548;"RIO MANSO";"Falta de Atenção à Condução";"Capotamento";"Com Vítimas Feridas";"Pleno dia";"Decrescente";"Céu Claro";"Dupla";"Curva";"Não";1;0;1;0;0;0;1;1;-20,2916;-44,4363;"SPRF-MG";"DEL04-MG";"UOP03-DEL04-MG"
179258;2018-12-19;"quarta-feira";"13:30:00";"PE";101;67;"RECIFE";"Falta de Atenção à Condução";"Colisão traseira";"Com Vítimas Feridas";"Pleno dia";"Crescente";"Céu Claro";"Dupla";"Interseção de Vias";"Sim";3;0;2;0;1;0;2;2;-8,0507;-34,9457;"SPRF-PE";"DEL01-PE";"UOP01-DEL01-PE"
179259;2018-12-13;"quinta-feira";"18:20:00";"SP";116;213;"GUARULHOS";"Desobediência às normas de trânsito pelo condutor";"Colisão traseira";"Com Vítimas Feridas";"Pleno dia";"Crescente";"Garoa/Chuvisco";"Múltipla";"Reta";"Sim";2;0;1;0;1;0;1;2;-23,43105995;-46,41612053;"SPRF-SP";"DEL01-SP";"UOP01-DEL01-SP"
179261;2018-12-19;"quarta-feira";"12:30:00";"SC";470;141,3;"RIO DO SUL";"Falta de Atenção à Condução";"Colisão frontal";"Com Vítimas Feridas";"Pleno dia";"Crescente";"Céu Claro";"Simples";"Reta";"Sim";2;0;1;0;1;0;1;2;-27,226065;-49,666161;"SPRF-SC";"DEL04-SC";"UOP02-DEL04-SC"
179263;2018-12-19;"quarta-feira";"13:15:00";"MS";163;490;"CAMPO GRANDE";"Desobediência às normas de trânsito pelo condutor";"Colisão lateral";"Com Vítimas Feridas";"Pleno dia";"Crescente";"Céu Claro";"Simples";"Rotatória";"Sim";4;0;1;0;3;0;1;2;-20,39452433;-54,55883503;"SPRF-MS";"DEL01-MS";"UOP02-DEL01-MS"
179265;2018-12-19;"quarta-feira";"13:40:00";"PR";280;258,4;"MARMELEIRO";"Não guardar distância de segurança";"Colisão traseira";"Com Vítimas Feridas";"Pleno dia";"Decrescente";"Céu Claro";"Simples";"Reta";"Sim";2;0;1;0;1;0;1;2;-26,1558;-53,0259;"SPRF-PR";"DEL02-PR";"UOP01-DEL02-PR"
179270;2018-12-19;"quarta-feira";"16:30:00";"GO";60;48;"APARECIDA DE GOIANIA";"Falta de Atenção à Condução";"Colisão traseira";"Com Vítimas Feridas";"Pleno dia";"Decrescente";"Céu Claro";"Dupla";"Reta";"Sim";2;0;2;0;0;0;2;2;-16,8101;-49,2397;"SPRF-GO";"DEL01-GO";"UOP03-DEL01-GO"
179271;2018-12-19;"quarta-feira";"14:30:00";"SP";116;459;"PARIQUERA-ACU";"Falta de Atenção à Condução";"Capotamento";"Com Vítimas Feridas";"Pleno dia";"Decrescente";"Céu Claro";"Dupla";"Reta";"Não";4;0;3;0;1;0;3;1;-24,62205114;-47,89455414;"SPRF-SP";"DEL05-SP";"UOP01-DEL05-SP"
179273;2018-12-19;"quarta-feira";"15:50:00";"SC";101;204,7;"SAO JOSE";"Desobediência às normas de trânsito pelo condutor";"Colisão transversal";"Com Vítimas Feridas";"Pleno dia";"Decrescente";"Céu Claro";"Múltipla";"Interseção de Vias";"Sim";2;0;1;0;1;0;1;2;-27,57894735;-48,61356318;"SPRF-SC";"DEL01-SC";"UOP01-DEL01-SC"
179275;2018-12-19;"quarta-feira";"05:25:00";"MG";365;463;"PATROCINIO";"Animais na Pista";"Atropelamento de Animal";"Sem Vítimas";"Amanhecer";"Crescente";"Céu Claro";"Simples";"Reta";"Não";3;0;0;0;3;0;0;1;-18,90238885;-46,95556641;"SPRF-MG";"DEL10-MG";"UOP01-DEL10-MG"
179277;2018-12-19;"quarta-feira";"14:10:00";"RJ";101;524;"ANGRA DOS REIS";"Falta de Atenção à Condução";"Saída de leito carroçável";"Com Vítimas Feridas";"Pleno dia";"Crescente";"Sol";"Simples";"Curva";"Não";2;0;1;0;1;0;1;1;-22,99980643;-44,47398028;"SPRF-RJ";"DEL03-RJ";"UOP02-DEL03-RJ"
179280;2018-12-19;"quarta-feira";"16:10:00";"MG";251;490,4;"FRANCISCO SA";"Defeito Mecânico no Veículo";"Saída de leito carroçável";"Com Vítimas Feridas";"Pleno dia";"Crescente";"Céu Claro";"Simples";"Aclive";"Não";1;0;1;0;0;0;1;1;-16,5243;-43,5675;"SPRF-MG";"DEL12-MG";"UOP01-DEL12-MG"
179287;2018-12-19;"quarta-feira";"16:50:00";"MG";381;480;"CONTAGEM";"Falta de Atenção à Condução";"Tombamento";"Com Vítimas Feridas";"Pleno dia";"Decrescente";"Céu Claro";"Dupla";"Reta;Aclive";"Sim";1;0;1;0;0;0;1;1;-19,9586;-44,0608;"SPRF-MG";"DEL01-MG";"UOP03-DEL01-MG"
179288;2018-10-16;"terça-feira";"08:20:00";"RJ";116;330;"RESENDE";"Falta de Atenção à Condução";"Queda de ocupante de veículo";"Com Vítimas Feridas";"Pleno dia";"Decrescente";"Nublado";"Dupla";"Reta";"Sim";1;0;0;1;0;0;1;1;-22,495203;-44,570347;"SPRF-RJ";"DEL07-RJ";"DEL5/7-UOP03/RJ"
179290;2018-12-19;"quarta-feira";"15:00:00";"RN";406;154,3;"CEARA-MIRIM";"Falta de Atenção à Condução";"Colisão traseira";"Com Vítimas Feridas";"Pleno dia";"Decrescente";"Céu Claro";"Simples";"Reta";"Não";3;0;1;1;1;0;2;2;-5,7486684;-35,3265368;"SPRF-RN";"DEL02-RN";"UOP01-DEL02-RN"
179291;2018-12-19;"quarta-feira";"14:40:00";"PR";376;628,9;"SAO JOSE DOS PINHAIS";"Falta de Atenção do Pedestre";"Capotamento";"Com Vítimas Feridas";"Pleno dia";"Crescente";"Céu Claro";"Dupla";"Reta";"Não";4;0;3;0;1;0;3;1;-25,685;-49,148;"SPRF-PR";"DEL01-PR";"DEL7/1-UOP08/PR"
179292;2018-12-19;"quarta-feira";"16:00:00";"TO";153;141,3;"ARAGUAINA";"Falta de Atenção à Condução";"Atropelamento de Pedestre";"Com Vítimas Feridas";"Pleno dia";"Decrescente";"Céu Claro";"Múltipla";"Reta";"Sim";4;0;0;1;3;0;1;2;-7,17597;-48,219559;"SPRF-TO";"DEL02-TO";"UOP01-DEL02-TO"
179293;2018-12-19;"quarta-feira";"16:20:00";"RJ";40;61;"PETROPOLIS";"Falta de Atenção à Condução";"Capotamento";"Com Vítimas Feridas";"Pleno dia";"Crescente";"Céu Claro";"Dupla";"Curva";"Não";1;0;1;0;0;0;1;1;-22,4064;-43,1475;"SPRF-RJ";"DEL06-RJ";"UOP01-DEL06-RJ"
179294;2018-12-19;"quarta-feira";"16:00:00";"RJ";116;164,3;"RIO DE JANEIRO";"Falta de Atenção à Condução";"Colisão lateral";"Com Vítimas Feridas";"Pleno dia";"Crescente";"Nublado";"Múltipla";"Reta";"Sim";3;0;1;0;2;0;1;2;-22,81345699;-43,32911253;"SPRF-RJ";"DEL01-RJ";"UOP01-DEL01-RJ"
179295;2018-12-19;"quarta-feira";"16:09:00";"BA";101;688;"EUNAPOLIS";"Falta de Atenção à Condução";"Colisão transversal";"Com Vítimas Feridas";"Pleno dia";"Decrescente";"Céu Claro";"Simples";"Declive;Reta";"Não";3;0;3;0;0;0;3;2;-16,1442;-39,5982;"SPRF-BA";"DEL09-BA";"UOP01-DEL09-BA"
179296;2018-12-19;"quarta-feira";"15:50:00";"ES";101;298;"VIANA";"Desobediência às normas de trânsito pelo pedestre";"Atropelamento de Pedestre";"Com Vítimas Feridas";"Pleno dia";"Crescente";"Céu Claro";"Múltipla";"Reta";"Sim";2;0;1;0;1;0;1;2;-20,35555673;-40,41732972;"SPRF-ES";"DEL01-ES";"UOP01-DEL01-ES"
179299;2018-12-19;"quarta-feira";"16:19:00";"PI";343;2,6;"TERESINA";"Falta de Atenção do Pedestre";"Colisão transversal";"Sem Vítimas";"Pleno dia";"Crescente";"Céu Claro";"Dupla";"Reta";"Sim";2;0;0;0;2;0;0;2;-5,089569;-42,802288;"SPRF-PI";"DEL01-PI";"UOP01-DEL01-PI"
179300;2018-12-19;"quarta-feira";"16:30:00";"BA";116;424;"FEIRA DE SANTANA";"Ultrapassagem Indevida";"Colisão lateral";"Com Vítimas Feridas";"Pleno dia";"Crescente";"Céu Claro";"Simples";"Reta";"Sim";2;0;0;1;1;0;1;2;-12,23884912;-38,98156898;"SPRF-BA";"DEL02-BA";"UOP01-DEL02-BA"
179303;2018-12-19;"quarta-feira";"17:45:00";"SC";470;23,2;"ILHOTA";"Desobediência às normas de trânsito pelo condutor";"Colisão lateral";"Com Vítimas Feridas";"Pleno dia";"Decrescente";"Sol";"Simples";"Reta";"Não";3;0;2;0;1;0;2;2;-26,880913;-48,846237;"SPRF-SC";"DEL04-SC";"UOP04-DEL04-SC"
179306;2018-12-19;"quarta-feira";"14:00:00";"BA";324;561;"AMELIA RODRIGUES";"Agressão Externa";"Saída de leito carroçável";"Com Vítimas Feridas";"Pleno dia";"Crescente";"Céu Claro";"Dupla";"Reta";"Não";5;0;5;0;0;0;5;1;-12,49615636;-38,64875078;"SPRF-BA";"DEL01-BA";"UOP01-DEL01-BA"
179307;2018-12-19;"quarta-feira";"18:40:00";"RS";116;248;"SAO LEOPOLDO";"Falta de Atenção à Condução";"Colisão lateral";"Com Vítimas Feridas";"Pleno dia";"Decrescente";"Chuva";"Dupla";"Reta";"Sim";2;0;0;1;1;0;1;2;-29,776119;-51,155102;"SPRF-RS";"DEL01-RS";"UOP02-DEL01-RS"
179308;2018-12-19;"quarta-feira";"09:30:00";"MG";116;737,8;"LARANJAL";"Falta de Atenção à Condução";"Queda de ocupante de veículo";"Com Vítimas Feridas";"Pleno dia";"Decrescente";"Sol";"Simples";"Curva";"Sim";1;0;1;0;0;0;1;1;-21,36212314;-42,4718393;"SPRF-MG";"DEL07-MG";"UOP02-DEL07-MG"
179309;2018-12-19;"quarta-feira";"13:00:00";"RJ";40;123;"DUQUE DE CAXIAS";"Mal Súbito";"Colisão traseira";"Com Vítimas Feridas";"Pleno dia";"Crescente";"Céu Claro";"Múltipla";"Reta";"Sim";3;0;1;0;2;0;1;2;-22,8061;-43,2894;"SPRF-RJ";"DEL01-RJ";"UOP01-DEL01-RJ"
179310;2018-12-19;"quarta-feira";"18:40:00";"GO";40;21;"LUZIANIA";"Velocidade Incompatível";"Colisão traseira";"Com Vítimas Feridas";"Pleno dia";"Crescente";"Sol";"Dupla";"Reta";"Sim";5;0;4;0;1;0;4;2;-16,218542;-47,915731;"SPRF-DF";"DEL01-DF";"UOP01-DEL01-DF"
179311;2018-12-19;"quarta-feira";"15:40:00";"SP";116;271;"TABOAO DA SERRA";"Falta de Atenção à Condução";"Colisão lateral";"Com Vítimas Feridas";"Pleno dia";"Decrescente";"Sol";"Dupla";"Reta";"Sim";3;0;2;0;1;0;2;2;-23,61488647;-46,77981466;"SPRF-SP";"DEL04-SP";"UOP01-DEL04-SP"
179312;2018-12-19;"quarta-feira";"16:50:00";"MG";381;688;"LAVRAS";"Fenômenos da Natureza";"Queda de ocupante de veículo";"Com Vítimas Feridas";"Pleno dia";"Decrescente";"Chuva";"Múltipla";"Interseção de Vias";"Não";2;0;2;0;0;0;2;1;-21,1946;-45,1182;"SPRF-MG";"DEL04-MG";"UOP02-DEL04-MG"
179313;2018-12-19;"quarta-feira";"18:00:00";"MG";381;695,7;"LAVRAS";"Falta de Atenção à Condução";"Saída de leito carroçável";"Com Vítimas Feridas";"Pleno dia";"Crescente";"Sol";"Dupla";"Declive";"Não";1;0;1;0;0;0;1;1;-21,2503;-45,1383;"SPRF-MG";"DEL04-MG";"UOP02-DEL04-MG"
179314;2018-12-19;"quarta-feira";"17:20:00";"RN";101;108,7;"PARNAMIRIM";"Falta de Atenção à Condução";"Colisão lateral";"Com Vítimas Feridas";"Anoitecer";"Crescente";"Céu Claro";"Dupla";"Reta";"Sim";3;0;1;1;1;0;2;2;-5,92823;-35,264656;"SPRF-RN";"DEL01-RN";"UOP01-DEL01-RN"
179315;2018-11-17;"sábado";"19:00:00";"CE";116;539,2;"PENAFORTE";"Desobediência às normas de trânsito pelo condutor";"Colisão traseira";"Com Vítimas Feridas";"Plena Noite";"Crescente";"Céu Claro";"Simples";"Reta";"Não";2;0;0;1;0;1;1;2;-7,780795;-39,071373;"SPRF-CE";"DEL05-CE";"UOP03-DEL05-CE"
179316;2018-12-19;"quarta-feira";"18:00:00";"SC";101;207;"SAO JOSE";"Falta de Atenção à Condução";"Colisão lateral";"Com Vítimas Feridas";"Anoitecer";"Crescente";"Nublado";"Múltipla";"Reta";"Não";2;0;1;0;1;0;1;2;-27,6034;-48,632;"SPRF-SC";"DEL01-SC";"UOP01-DEL01-SC"
179317;2018-12-19;"quarta-feira";"17:45:00";"SC";470;54;"BLUMENAU";"Desobediência às normas de trânsito pelo condutor";"Colisão transversal";"Com Vítimas Feridas";"Pleno dia";"Crescente";"Céu Claro";"Simples";"Curva";"Sim";2;0;1;0;1;0;1;2;-26,871065;-49,110374;"SPRF-SC";"DEL04-SC";"UOP01-DEL04-SC"
179318;2018-12-19;"quarta-feira";"17:20:00";"SC";470;64,2;"INDAIAL";"Falta de Atenção à Condução";"Colisão transversal";"Com Vítimas Feridas";"Pleno dia";"Decrescente";"Sol";"Simples";"Reta";"Não";3;0;1;1;1;0;2;3;-26,869867;-49,201859;"SPRF-SC";"DEL04-SC";"UOP01-DEL04-SC"
179319;2018-12-19;"quarta-feira";"19:00:00";"DF";20;8;"BRASILIA";"Falta de Atenção à Condução";"Colisão traseira";"Com Vítimas Feridas";"Pleno dia";"Crescente";"Céu Claro";"Dupla";"Reta";"Sim";3;0;1;0;2;0;1;3;-15,658386;-47,791534;"SPRF-DF";"DEL02-DF";"UOP01-DEL02-DF"
179320;2018-12-19;"quarta-feira";"16:50:00";"SC";101;156,5;"PORTO BELO";"Defeito Mecânico no Veículo";"Tombamento";"Com Vítimas Feridas";"Pleno dia";"Crescente";"Céu Claro";"Dupla";"Reta";"Sim";1;0;1;0;0;0;1;1;-27,1812;-48,612;"SPRF-SC";"DEL04-SC";"UOP03-DEL04-SC"
179322;2018-12-19;"quarta-feira";"19:00:00";"ES";262;3,9;"CARIACICA";"Falta de Atenção à Condução";"Colisão traseira";"Com Vítimas Feridas";"Anoitecer";"Decrescente";"Céu Claro";"Dupla";"Reta";"Sim";2;0;1;0;1;0;1;2;-20,3332;-40,3685;"SPRF-ES";"DEL01-ES";"UOP01-DEL01-ES"
179323;2018-12-19;"quarta-feira";"19:30:00";"SC";101;201,4;"SAO JOSE";"Não guardar distância de segurança";"Tombamento";"Com Vítimas Feridas";"Anoitecer";"Crescente";"Nublado";"Múltipla";"Aclive";"Sim";2;0;1;0;1;0;1;2;-27,5572;-48,6188;"SPRF-SC";"DEL01-SC";"UOP01-DEL01-SC"
179328;2018-12-19;"quarta-feira";"16:20:00";"PR";116;24,2;"CAMPINA GRANDE DO SUL";"Pista Escorregadia";"Tombamento";"Com Vítimas Feridas";"Pleno dia";"Decrescente";"Céu Claro";"Dupla";"Curva";"Não";1;0;1;0;0;0;1;1;-25,108854;-48,765644;"SPRF-PR";"DEL01-PR";"UOP02-DEL01-PR"
179329;2018-12-19;"quarta-feira";"20:20:00";"MG";267;123,2;"JUIZ DE FORA";"Falta de Atenção à Condução";"Colisão transversal";"Com Vítimas Feridas";"Plena Noite";"Crescente";"Nublado";"Simples";"Curva";"Sim";2;0;1;0;1;0;1;2;-21,71143891;-43,49066919;"SPRF-MG";"DEL05-MG";"UOP01-DEL05-MG"
179330;2018-12-19;"quarta-feira";"19:00:00";"BA";110;193;"RIBEIRA DO AMPARO";"Falta de Atenção à Condução";"Colisão transversal";"Com Vítimas Feridas";"Plena Noite";"Crescente";"Céu Claro";"Simples";"Reta;Declive;Interseção de Vias";"Não";3;0;2;1;0;0;3;2;-11,0101;-38,515;"SPRF-BA";"DEL07-BA";"UOP02-DEL07-BA"
179333;2018-12-19;"quarta-feira";"20:40:00";"SC";282;17,3;"PALHOCA";"Desobediência às normas de trânsito pelo condutor";"Colisão traseira";"Com Vítimas Feridas";"Plena Noite";"Crescente";"Nublado";"Simples";"Reta";"Sim";2;0;1;0;1;0;1;2;-27,665707;-48,688065;"SPRF-SC";"DEL01-SC";"UOP02-DEL01-SC"
179335;2018-12-19;"quarta-feira";"10:00:00";"BA";242;796;"BARREIRAS";"Pista Escorregadia";"Queda de ocupante de veículo";"Com Vítimas Feridas";"Pleno dia";"Decrescente";"Sol";"Simples";"Reta";"Sim";1;0;1;0;0;0;1;1;-12,127473;-45,022821;"SPRF-BA";"DEL10-BA";"UOP01-DEL10-BA"
179337;2018-12-19;"quarta-feira";"17:45:00";"RO";364;423;"JARU";"Falta de Atenção à Condução";"Queda de ocupante de veículo";"Com Vítimas Feridas";"Pleno dia";"Crescente";"Céu Claro";"Simples";"Reta";"Sim";2;0;2;0;0;0;2;1;-10,452208;-62,46072;"SPRF-RO";"DEL03-RO";"UOP02-DEL03-RO"
179338;2018-12-19;"quarta-feira";"13:00:00";"PR";476;132;"CURITIBA";"Falta de Atenção do Pedestre";"Atropelamento de Pedestre";"Com Vítimas Feridas";"Pleno dia";"Crescente";"Sol";"Dupla";"Reta";"Sim";5;0;1;0;3;1;1;3;-25,460718;-49,250488;"SPRF-PR";"DEL01-PR";"UOP07-DEL01-PR"
179340;2018-12-19;"quarta-feira";"19:15:00";"PB";104;102,5;"SAO SEBASTIAO DE LAGOA DE  ROCA";"Falta de Atenção à Condução";"Colisão frontal";"Com Vítimas Feridas";"Plena Noite";"Decrescente";"Céu Claro";"Simples";"Reta";"Não";6;0;3;3;0;0;6;2;-7,062514;-35,855469;"SPRF-PB";"DEL02-PB";"UOP04-DEL02-PB"
179341;2018-12-19;"quarta-feira";"18:20:00";"PR";373;184,1;"PONTA GROSSA";"Defeito Mecânico no Veículo";"Saída de leito carroçável";"Com Vítimas Feridas";"Pleno dia";"Decrescente";"Céu Claro";"Simples";"Reta";"Sim";2;0;1;0;1;0;1;1;-25,04372452;-50,28357717;"SPRF-PR";"DEL03-PR";"UOP01-DEL03-PR"
179343;2018-12-19;"quarta-feira";"20:45:00";"SC";101;278;"IMBITUBA";"Ingestão de Álcool";"Colisão traseira";"Sem Vítimas";"Plena Noite";"Crescente";"Chuva";"Dupla";"Reta";"Sim";2;0;0;0;2;0;0;2;-28,1907;-48,6968;"SPRF-SC";"DEL02-SC";"UOP03-DEL02-SC"
179346;2018-12-19;"quarta-feira";"21:45:00";"RJ";116;124;"MAGE";"Falta de Atenção à Condução";"Tombamento";"Com Vítimas Feridas";"Plena Noite";"Crescente";"Céu Claro";"Dupla";"Reta";"Não";1;0;1;0;0;0;1;1;-22,646358;-43,070213;"SPRF-RJ";"DEL04-RJ";"UOP02-DEL04-RJ"
179349;2018-12-19;"quarta-feira";"14:15:00";"SC";101;232,5;"PALHOCA";"Falta de Atenção à Condução";"Tombamento";"Com Vítimas Feridas";"Pleno dia";"Crescente";"Céu Claro";"Dupla";"Aclive";"Não";1;0;0;1;0;0;1;1;-27,8032;-48,6381;"SPRF-SC";"DEL01-SC";"UOP02-DEL01-SC"
179350;2018-12-19;"quarta-feira";"22:45:00";"ES";447;13,2;"VILA VELHA";"Ingestão de Álcool";"Colisão com objeto estático";"Sem Vítimas";"Plena Noite";"Crescente";"Céu Claro";"Dupla";"Reta";"Sim";3;0;0;0;3;0;0;3;-20,34183311;-40,32823118;"SPRF-ES";"DEL01-ES";"UOP01-DEL01-ES"
179352;2018-12-19;"quarta-feira";"22:40:00";"SP";116;189;"SANTA ISABEL";"Restrição de Visibilidade";"Capotamento";"Com Vítimas Feridas";"Plena Noite";"Decrescente";"Céu Claro";"Dupla";"Reta";"Não";2;0;2;0;0;0;2;1;-23,36518837;-46,22648988;"SPRF-SP";"DEL02-SP";"UOP01-DEL02-SP"
179353;2018-12-19;"quarta-feira";"21:20:00";"ES";259;62,5;"COLATINA";"Falta de Atenção à Condução";"Colisão transversal";"Com Vítimas Feridas";"Plena Noite";"Crescente";"Céu Claro";"Simples";"Reta";"Não";2;0;1;0;1;0;1;2;-19,531239;-40,689915;"SPRF-ES";"DEL02-ES";"UOP01-DEL02-ES"
179354;2018-12-19;"quarta-feira";"21:00:00";"PE";232;22;"MORENO";"Condutor Dormindo";"Saída de leito carroçável";"Com Vítimas Feridas";"Plena Noite";"Crescente";"Céu Claro";"Dupla";"Curva";"Não";1;0;1;0;0;0;1;1;-8,097124;-35,088654;"SPRF-PE";"DEL01-PE";"UOP02-DEL02PE"
179357;2018-12-19;"quarta-feira";"22:30:00";"SC";101;461,5;"PASSO DE TORRES";"Falta de Atenção à Condução";"Colisão traseira";"Com Vítimas Feridas";"Plena Noite";"Decrescente";"Chuva";"Dupla";"Reta";"Não";2;0;1;1;0;0;2;2;-29,276;-49,7549;"SPRF-RS";"DEL03-RS";"DEL9/3-UOP03/RS"
179358;2018-12-19;"quarta-feira";"19:30:00";"MT";364;636;"DIAMANTINO";"Falta de Atenção à Condução";"Saída de leito carroçável";"Com Vítimas Feridas";"Plena Noite";"Decrescente";"Nublado";"Simples";"Retorno Regulamentado";"Não";1;0;1;0;0;0;1;1;-14,25373523;-56,52191162;"SPRF-MT";"DEL01-MT";"UOP01-DEL01-MT"
179360;2018-12-19;"quarta-feira";"22:50:00";"RS";290;179,9;"MINAS DO LEAO";"Ingestão de Álcool";"Capotamento";"Com Vítimas Feridas";"Plena Noite";"Decrescente";"Garoa/Chuvisco";"Simples";"Declive";"Não";3;0;3;0;0;0;3;1;-30,136271;-52,002666;"SPRF-RS";"DEL02-RS";"UOP02-DEL02-RS"
179361;2018-12-19;"quarta-feira";"23:50:00";"SC";470;52;"BLUMENAU";"Falta de Atenção do Pedestre";"Atropelamento de Pedestre";"Com Vítimas Feridas";"Plena Noite";"Crescente";"Nublado";"Simples";"Rotatória";"Sim";2;0;1;0;0;1;1;2;-26,862286;-49,093903;"SPRF-SC";"DEL04-SC";"UOP01-DEL04-SC"
179364;2018-12-19;"quarta-feira";"21:45:00";"PE";428;190;"PETROLINA";"Falta de Atenção à Condução";"Colisão lateral";"Sem Vítimas";"Plena Noite";"Crescente";"Céu Claro";"Dupla";"Reta";"Sim";2;0;0;0;2;0;0;2;-9,372067;-40,486843;"SPRF-PE";"DEL06-PE";"UOP01-DEL06-PE"
179365;2018-12-19;"quarta-feira";"22:00:00";"RN";101;77;"NATAL";"Desobediência às normas de trânsito pelo condutor";"Colisão frontal";"Com Vítimas Feridas";"Plena Noite";"Crescente";"Céu Claro";"Dupla";"Reta";"Não";2;0;0;2;0;0;2;2;-5,731843;-35,291126;"SPRF-RN";"DEL02-RN";"UOP01-DEL02-RN"
179366;2018-12-17;"segunda-feira";"14:00:00";"RO";364;292;"PRESIDENTE MEDICI";"Defeito na Via";"Queda de ocupante de veículo";"Com Vítimas Feridas";"Pleno dia";"Decrescente";"Sol";"Simples";"Reta";"Não";2;0;1;0;1;0;1;1;-11,312611;-61,884853;"SPRF-RO";"DEL02-RO";"UOP01-DEL02-RO"
179368;2018-12-20;"quinta-feira";"00:20:00";"PE";101;33,9;"ITAPISSUMA";"Falta de Atenção à Condução";"Colisão traseira";"Sem Vítimas";"Plena Noite";"Crescente";"Céu Claro";"Simples";"Curva";"Não";2;0;0;0;2;0;0;2;-7,762622;-34,93474;"SPRF-PE";"DEL01-PE";"UOP02-DEL01-PE"
179369;2018-12-19;"quarta-feira";"10:00:00";"PR";280;310;"BARRACAO";"Velocidade Incompatível";"Saída de leito carroçável";"Com Vítimas Feridas";"Plena Noite";"Crescente";"Céu Claro";"Simples";"Curva";"Não";1;0;1;0;0;0;1;1;-26,289927;-53,547855;"SPRF-PR";"DEL02-PR";"UOP01-DEL02-PR"
179370;2018-12-20;"quinta-feira";"00:45:00";"ES";393;3;"CACHOEIRO DE ITAPEMIRIM";"Falta de Atenção do Pedestre";"Atropelamento de Pedestre";"Com Vítimas Feridas";"Plena Noite";"Crescente";"Nublado";"Simples";"Reta";"Sim";2;0;0;1;0;1;1;2;-20,827583;-41,182526;"SPRF-ES";"DEL03-ES";"UOP02-DEL03-ES"
179371;2018-12-19;"quarta-feira";"23:45:00";"GO";153;77,2;"PORANGATU";"Ingestão de Álcool";"Saída de leito carroçável";"Com Vítimas Feridas";"Plena Noite";"Crescente";"Céu Claro";"Simples";"Reta";"Não";1;0;1;0;0;0;1;1;-13,556277;-49,065784;"SPRF-GO";"DEL07-GO";"UOP01-DEL07-GO"
179375;2018-12-20;"quinta-feira";"01:40:00";"RJ";116;179;"NOVA IGUACU";"Falta de Atenção do Pedestre";"Atropelamento de Pedestre";"Com Vítimas Fatais";"Plena Noite";"Crescente";"Céu Claro";"Dupla";"Reta";"Não";2;1;0;0;1;0;0;2;-22,769873;-43,408077;"SPRF-RJ";"DEL01-RJ";"UOP02-DEL01-RJ"