"id";"data_inversa";"dia_semana";"horario";"uf";"br";"km";"municipio";"causa_acidente";"tipo_acidente";"classificacao_acidente";"fase_dia";"sentido_via";"condicao_metereologica";"tipo_pista";"tracado_via";"uso_solo";"pessoas";"mortos";"feridos_leves";"feridos_graves";"ilesos";"ignorados";"feridos";"veiculos";"latitude";"longitude";"regional";"delegacia";"uop"
179504;2018-12-20;"quinta-feira";"15:35:00";"PR";476;274;"SAO MATEUS DO SUL";"Falta de Atenção à Condução";"Colisão transversal";"Sem Vítimas";"Pleno dia";"Crescente";"Céu Claro";"Simples";"Reta";"Sim";2;0;0;0;2;0;0;2;-25,893393;-50,377842;"SPRF-PR";"DEL02-PR";"UOP04-DEL02-PR"
179505;2018-12-20;"quinta-feira";"15:05:00";"SC";101;203;"SAO JOSE";"Falta de Atenção à Condução";"Colisão lateral";"Com Vítimas Feridas";"Pleno dia";"Decrescente";"Céu Claro";"Dupla";"Reta";"Sim";2;0;1;0;1;0;1;2;-27,5742;-48,6134;"SPRF-SC";"DEL01-SC";"UOP01-DEL01-SC"
179508;2018-12-20;"quinta-feira";"14:25:00";"SP";116;214,4;"GUARULHOS";"Objeto estático sobre o leito carroçável";"Colisão traseira";"Com Vítimas Feridas";"Pleno dia";"Crescente";"Céu Claro";"Dupla";"Reta";"Sim";3;0;2;0;1;0;2;2;-23,44640606;-46,45329058;"SPRF-SP";"DEL01-SP";"UOP01-DEL01-SP"
179509;2018-12-20;"quinta-feira";"08:40:00";"MG";50;101,8;"UBERABA";"Agressão Externa";"Saída de leito carroçável";"Com Vítimas Feridas";"Pleno dia";"Crescente";"Céu Claro";"Dupla";"Curva";"Não";2;0;2;0;0;0;2;1;-19,1545;-48,1652;"SPRF-MG";"DEL15-MG";"UOP01-DEL15-MG"
179510;2018-12-15;"sábado";"09:30:00";"PB";230;17;"JOAO PESSOA";"Falta de Atenção à Condução";"Engavetamento";"Com Vítimas Feridas";"Pleno dia";"Decrescente";"Céu Claro";"Dupla";"Reta";"Sim";6;0;3;0;3;0;3;4;-7,1121;-34,8426;"SPRF-PB";"DEL01-PB";"UOP01-DEL01-PB"
179512;2018-12-20;"quinta-feira";"14:50:00";"CE";116;4;"FORTALEZA";"Não guardar distância de segurança";"Colisão traseira";"Com Vítimas Feridas";"Pleno dia";"Decrescente";"Céu Claro";"Dupla";"Reta";"Sim";2;0;1;0;1;0;1;2;-3,7956;-38,507;"SPRF-CE";"DEL01-CE";"UOP02-DEL01-CE"
179513;2018-12-20;"quinta-feira";"11:30:00";"RS";287;362;"JAGUARI";"Pista Escorregadia";"Saída de leito carroçável";"Com Vítimas Feridas";"Pleno dia";"Decrescente";"Chuva";"Simples";"Curva";"Não";1;0;0;1;0;0;1;1;-29,440174;-54,729141;"SPRF-RS";"DEL12-RS";"UOP02-DEL12-RS"
179514;2018-12-20;"quinta-feira";"13:45:00";"PE";101;46;"IGARASSU";"Falta de Atenção à Condução";"Colisão traseira";"Com Vítimas Feridas";"Pleno dia";"Decrescente";"Nublado";"Múltipla";"Reta";"Sim";2;0;1;0;1;0;1;2;-7,8802;-34,905;"SPRF-PE";"DEL01-PE";"UOP02-DEL01-PE"
179515;2018-12-20;"quinta-feira";"15:50:00";"SC";101;217;"PALHOCA";"Falta de Atenção à Condução";"Colisão traseira";"Com Vítimas Feridas";"Pleno dia";"Crescente";"Céu Claro";"Múltipla";"Reta";"Não";2;0;1;0;1;0;1;2;-27,6771;-48,67;"SPRF-SC";"DEL01-SC";"UOP02-DEL01-SC"
179516;2018-12-20;"quinta-feira";"15:40:00";"RS";116;52,7;"VACARIA";"Pista Escorregadia";"Saída de leito carroçável";"Sem Vítimas";"Pleno dia";"Crescente";"Chuva";"Simples";"Curva";"Não";2;0;0;0;2;0;0;1;-28,582304;-51,023792;"SPRF-RS";"DEL05-RS";"UOP03-DEL05-RS"
179518;2018-12-20;"quinta-feira";"14:20:00";"SC";163;69,2;"SAO MIGUEL DO OESTE";"Desobediência às normas de trânsito pelo condutor";"Colisão transversal";"Sem Vítimas";"Pleno dia";"Crescente";"Céu Claro";"Dupla";"Reta";"Sim";2;0;0;0;2;0;0;2;-26,741289;-53,501209;"SPRF-SC";"DEL07-SC";"UOP03-DEL07-SC"
179519;2018-12-20;"quinta-feira";"14:00:00";"MG";365;600;"UBERLANDIA";"Agressão Externa";"Queda de ocupante de veículo";"Com Vítimas Feridas";"Pleno dia";"Decrescente";"Céu Claro";"Simples";"Reta";"Não";1;0;1;0;0;0;1;1;-18,8974;-48,2715;"SPRF-MG";"DEL15-MG";"UOP01-DEL15-MG"
179520;2018-12-20;"quinta-feira";"14:40:00";"RN";101;94,6;"NATAL";"Não guardar distância de segurança";"Colisão traseira";"Com Vítimas Feridas";"Pleno dia";"Crescente";"Céu Claro";"Dupla";"Reta";"Sim";2;0;0;1;1;0;1;2;-5,831766;-35,211914;"SPRF-RN";"DEL01-RN";"UOP01-DEL01-RN"
179521;2018-12-20;"quinta-feira";"16:28:00";"MG";381;417;"NOVA UNIAO";"Defeito na Via";"Saída de leito carroçável";"Com Vítimas Feridas";"Pleno dia";"Decrescente";"Céu Claro";"Simples";"Reta";"Não";1;0;1;0;0;0;1;1;-19,7272914;-43,59313846;"SPRF-MG";"DEL01-MG";"UOP01-DEL01-MG"
179525;2018-12-20;"quinta-feira";"16:45:00";"MG";50;171,9;"UBERABA";"Falta de Atenção à Condução";"Queda de ocupante de veículo";"Com Vítimas Feridas";"Pleno dia";"Decrescente";"Céu Claro";"Dupla";"Reta";"Sim";1;0;1;0;0;0;1;1;-19,7707;-47,9739;"SPRF-MG";"DEL13-MG";"UOP01-DEL13-MG"
179527;2018-12-20;"quinta-feira";"17:00:00";"GO";50;150;"CAMPO ALEGRE DE GOIAS";"Condutor Dormindo";"Saída de leito carroçável";"Com Vítimas Feridas";"Pleno dia";"Crescente";"Céu Claro";"Dupla";"Reta";"Não";1;0;1;0;0;0;1;1;-17,1748;-47,7241;"SPRF-GO";"DEL06-GO";"UOP01-DEL06-GO"
179529;2018-12-20;"quinta-feira";"15:45:00";"MG";116;416,3;"GOVERNADOR VALADARES";"Ultrapassagem Indevida";"Colisão lateral";"Com Vítimas Feridas";"Pleno dia";"Decrescente";"Céu Claro";"Simples";"Reta";"Sim";2;0;1;0;1;0;1;2;-18,8901675;-41,94637477;"SPRF-MG";"DEL06-MG";"UOP01-DEL06-MG"
179530;2018-12-20;"quinta-feira";"17:10:00";"RJ";40;124;"DUQUE DE CAXIAS";"Falta de Atenção à Condução";"Queda de ocupante de veículo";"Com Vítimas Feridas";"Pleno dia";"Crescente";"Céu Claro";"Múltipla";"Reta";"Sim";2;0;1;0;1;0;1;1;-22,8147;-43,2881;"SPRF-RJ";"DEL01-RJ";"UOP01-DEL01-RJ"
179535;2018-12-20;"quinta-feira";"17:15:00";"SC";470;68;"INDAIAL";"Desobediência às normas de trânsito pelo condutor";"Colisão transversal";"Com Vítimas Feridas";"Pleno dia";"Crescente";"Sol";"Simples";"Interseção de Vias";"Sim";2;0;0;1;1;0;1;2;-26,87986695;-49,24231421;"SPRF-SC";"DEL04-SC";"UOP01-DEL04-SC"
179536;2018-12-20;"quinta-feira";"17:30:00";"PR";376;179;"MARINGA";"Pista Escorregadia";"Tombamento";"Com Vítimas Feridas";"Pleno dia";"Decrescente";"Nublado";"Dupla";"Reta";"Sim";1;0;1;0;0;0;1;1;-23,427254;-51,895123;"SPRF-PR";"DEL07-PR";"UOP01-DEL09-PR"
179537;2018-12-20;"quinta-feira";"17:20:00";"PR";116;115;"CURITIBA";"Falta de Atenção à Condução";"Colisão traseira";"Com Vítimas Feridas";"Pleno dia";"Crescente";"Céu Claro";"Dupla";"Reta";"Sim";2;0;1;0;1;0;1;2;-25,544559;-49,30146;"SPRF-PR";"DEL01-PR";"UOP01-DEL01-PR"
179538;2018-12-20;"quinta-feira";"14:30:00";"RO";364;14,5;"VILHENA";"Falta de Atenção à Condução";"Colisão frontal";"Com Vítimas Feridas";"Pleno dia";"Decrescente";"Nublado";"Dupla";"Reta";"Não";1;0;1;0;0;0;1;1;-12,738981;-60,139114;"SPRF-RO";"DEL04-RO";"UOP01-DEL04-RO"
179539;2018-12-20;"quinta-feira";"17:15:00";"GO";50;281;"CATALAO";"Falta de Atenção à Condução";"Colisão lateral";"Com Vítimas Feridas";"Pleno dia";"Decrescente";"Céu Claro";"Simples";"Interseção de Vias";"Sim";6;0;1;0;5;0;1;2;-18,1838;-47,9441;"SPRF-GO";"DEL06-GO";"UOP01-DEL06-GO"
179540;2018-12-20;"quinta-feira";"11:05:00";"RS";153;46,5;"ERECHIM";"Velocidade Incompatível";"Tombamento";"Com Vítimas Feridas";"Pleno dia";"Decrescente";"Céu Claro";"Simples";"Reta";"Não";2;0;0;1;0;1;1;2;-27,639467;-52,242184;"SPRF-RS";"DEL08-RS";"UOP04-DEL08-RS"
179541;2018-12-20;"quinta-feira";"17:20:00";"SP";116;112,3;"TAUBATE";"Falta de Atenção à Condução";"Colisão lateral";"Com Vítimas Feridas";"Pleno dia";"Decrescente";"Céu Claro";"Dupla";"Reta;Interseção de Vias";"Sim";2;0;1;0;1;0;1;2;-23,041592;-45,570652;"SPRF-SP";"DEL06-SP";"UOP02-DEL02-SP"
179542;2018-12-20;"quinta-feira";"17:50:00";"PR";277;140;"BALSA NOVA";"Desobediência às normas de trânsito pelo condutor";"Colisão transversal";"Com Vítimas Feridas";"Pleno dia";"Decrescente";"Céu Claro";"Dupla";"Reta";"Não";3;0;1;1;1;0;2;2;-25,470194;-49,724686;"SPRF-PR";"DEL01-PR";"UOP06-DEL01-PR"
179545;2018-12-20;"quinta-feira";"16:45:00";"SP";116;54,5;"LORENA";"Não guardar distância de segurança";"Engavetamento";"Com Vítimas Feridas";"Pleno dia";"Decrescente";"Sol";"Dupla";"Reta";"Não";6;0;2;0;4;0;2;4;-22,7609466;-45,11904716;"SPRF-SP";"DEL08-SP";"UOP01-DEL08-SP"
179548;2018-12-20;"quinta-feira";"14:00:00";"BA";20;121;"SAO DESIDERIO";"Defeito Mecânico no Veículo";"Incêndio";"Sem Vítimas";"Pleno dia";"Crescente";"Céu Claro";"Simples";"Reta";"Não";1;0;0;0;1;0;0;1;-12,8836;-45,9719;"SPRF-BA";"DEL10-BA";"UOP01-DEL10-BA"
179549;2018-11-30;"sexta-feira";"13:50:00";"PB";230;165;"CAMPINA GRANDE";"Desobediência às normas de trânsito pelo condutor";"Colisão transversal";"Com Vítimas Feridas";"Pleno dia";"Crescente";"Céu Claro";"Simples";"Reta";"Sim";2;0;1;0;0;1;1;2;-7,2051;-35,951;"SPRF-PB";"DEL02-PB";"UOP02-DEL02-PB"
179550;2018-12-20;"quinta-feira";"16:45:00";"MG";381;381;"SAO GONCALO DO RIO ABAIXO";"Falta de Atenção à Condução";"Saída de leito carroçável";"Com Vítimas Feridas";"Pleno dia";"Crescente";"Céu Claro";"Simples";"Reta";"Não";1;0;1;0;0;0;1;1;-19,841;-43,326;"SPRF-MG";"DEL01-MG";"UOP01-DEL01-MG"
179551;2018-12-20;"quinta-feira";"17:00:00";"RJ";116;261;"VOLTA REDONDA";"Pista Escorregadia";"Colisão traseira";"Sem Vítimas";"Pleno dia";"Decrescente";"Chuva";"Dupla";"Curva";"Não";3;0;0;0;3;0;0;2;-22,560883;-44,122238;"SPRF-RJ";"DEL07-RJ";"UOP02-DEL07-RJ"
179555;2018-12-20;"quinta-feira";"16:10:00";"MG";116;551,3;"SANTA BARBARA DO LESTE";"Falta de Atenção à Condução";"Colisão frontal";"Com Vítimas Feridas";"Pleno dia";"Decrescente";"Céu Claro";"Simples";"Reta";"Sim";2;0;1;0;1;0;1;2;-19,970158;-42,136659;"SPRF-MG";"DEL06-MG";"UOP02-DEL06-MG"
179556;2018-12-20;"quinta-feira";"16:10:00";"MG";381;420,9;"CAETE";"Objeto estático sobre o leito carroçável";"Colisão com objeto estático";"Sem Vítimas";"Pleno dia";"Decrescente";"Sol";"Simples";"Curva";"Não";2;0;0;0;2;0;0;1;-19,89911667;-43,67477417;"SPRF-MG";"DEL01-MG";"UOP01-DEL01-MG"
179557;2018-12-20;"quinta-feira";"18:20:00";"SC";470;54;"BLUMENAU";"Ultrapassagem Indevida";"Colisão transversal";"Com Vítimas Feridas";"Pleno dia";"Crescente";"Nublado";"Simples";"Curva";"Sim";2;0;0;1;1;0;1;2;-26,871065;-49,110374;"SPRF-SC";"DEL04-SC";"UOP01-DEL04-SC"
179558;2018-12-20;"quinta-feira";"18:25:00";"RJ";116;123;"MAGE";"Falta de Atenção à Condução";"Queda de ocupante de veículo";"Com Vítimas Feridas";"Pleno dia";"Crescente";"Céu Claro";"Dupla";"Reta";"Sim";1;0;1;0;0;0;1;1;-22,640835;-43,06292;"SPRF-RJ";"DEL04-RJ";"UOP02-DEL04-RJ"
179559;2018-12-20;"quinta-feira";"18:30:00";"RS";287;299,6;"SAO PEDRO DO SUL";"Ultrapassagem Indevida";"Colisão lateral";"Com Vítimas Feridas";"Pleno dia";"Crescente";"Nublado";"Simples";"Aclive;Reta";"Não";6;0;4;0;2;0;4;2;-29,64513195;-54,36579108;"SPRF-RS";"DEL09-RS";"UOP01-DEL09-RS"
179560;2018-12-20;"quinta-feira";"18:15:00";"GO";40;8;"LUZIANIA";"Falta de Atenção à Condução";"Colisão lateral";"Com Vítimas Feridas";"Pleno dia";"Crescente";"Céu Claro";"Dupla";"Reta";"Sim";2;0;1;0;1;0;1;2;-16,116158;-47,96761;"SPRF-DF";"DEL01-DF";"UOP01-DEL01-DF"
179561;2018-12-20;"quinta-feira";"17:20:00";"PR";376;2;"APUCARANA";"Ingestão de Álcool";"Colisão traseira";"Com Vítimas Feridas";"Pleno dia";"Crescente";"Nublado";"Dupla";"Reta";"Sim";3;0;0;1;2;0;1;3;-23,55065127;-51,44938231;"SPRF-PR";"DEL07-PR";"UOP03-DEL07-PR"
179562;2018-12-20;"quinta-feira";"16:20:00";"SP";116;216,8;"GUARULHOS";"Falta de Atenção à Condução";"Colisão traseira";"Com Vítimas Feridas";"Pleno dia";"Crescente";"Sol";"Múltipla";"Reta";"Não";3;0;2;0;1;0;2;2;-23,45541995;-46,47284889;"SPRF-SP";"DEL01-SP";"UOP01-DEL01-SP"
179564;2018-12-20;"quinta-feira";"18:15:00";"RJ";40;120;"DUQUE DE CAXIAS";"Falta de Atenção à Condução";"Colisão lateral";"Com Vítimas Feridas";"Anoitecer";"Decrescente";"Céu Claro";"Múltipla";"Reta";"Sim";4;0;2;0;2;0;2;4;-22,7807;-43,2856;"SPRF-RJ";"DEL01-RJ";"UOP01-DEL01-RJ"
179565;2018-12-20;"quinta-feira";"17:00:00";"SC";101;372,4;"ICARA";"Fenômenos da Natureza";"Saída de leito carroçável";"Com Vítimas Feridas";"Anoitecer";"Decrescente";"Chuva";"Dupla";"Reta";"Não";2;0;1;1;0;0;2;1;-28,712;-49,2145;"SPRF-SC";"DEL02-SC";"UOP01-DEL02-SC"
179567;2018-12-20;"quinta-feira";"17:00:00";"PR";476;142;"CURITIBA";"Não guardar distância de segurança";"Colisão lateral";"Com Vítimas Feridas";"Pleno dia";"Decrescente";"Sol";"Dupla";"Reta";"Sim";2;0;1;0;1;0;1;2;-25,537161;-49,301632;"SPRF-PR";"DEL01-PR";"UOP07-DEL01-PR"
179569;2018-12-20;"quinta-feira";"19:15:00";"RS";116;241;"SAO LEOPOLDO";"Falta de Atenção à Condução";"Colisão transversal";"Com Vítimas Feridas";"Anoitecer";"Crescente";"Chuva";"Dupla";"Reta";"Sim";1;0;1;0;0;0;1;1;-29,714012;-51,147678;"SPRF-RS";"DEL01-RS";"UOP02-DEL01-RS"
179570;2018-12-20;"quinta-feira";"14:20:00";"SP";116;445;"REGISTRO";"Desobediência às normas de trânsito pelo condutor";"Colisão traseira";"Com Vítimas Feridas";"Pleno dia";"Decrescente";"Céu Claro";"Dupla";"Declive";"Sim";6;0;1;0;5;0;1;6;-24,50027046;-47,84339905;"SPRF-SP";"DEL05-SP";"UOP01-DEL05-SP"
179571;2018-12-20;"quinta-feira";"19:20:00";"SP";116;152,7;"SAO JOSE DOS CAMPOS";"Falta de Atenção à Condução";"Engavetamento";"Com Vítimas Feridas";"Anoitecer";"Decrescente";"Céu Claro";"Dupla";"Reta";"Sim";4;0;1;0;3;0;1;3;-23,219809;-45,899918;"SPRF-SP";"DEL02-SP";"UOP01-DEL02-SP"
179573;2018-12-20;"quinta-feira";"15:40:00";"MT";70;522;"VARZEA GRANDE";"Ingestão de Álcool";"Saída de leito carroçável";"Com Vítimas Feridas";"Pleno dia";"Crescente";"Céu Claro";"Simples";"Reta";"Sim";1;0;1;0;0;0;1;1;-15,65180036;-56,19438171;"SPRF-MT";"DEL01-MT";"DEL2/4-UOP02/MT"
179575;2018-12-20;"quinta-feira";"18:55:00";"SP";116;55;"LORENA";"Defeito Mecânico no Veículo";"Capotamento";"Com Vítimas Feridas";"Anoitecer";"Decrescente";"Céu Claro";"Dupla";"Reta";"Não";1;0;1;0;0;0;1;1;-22,763584;-45,122753;"SPRF-SP";"DEL08-SP";"UOP01-DEL08-SP"
179577;2018-12-20;"quinta-feira";"19:15:00";"RS";285;308;"PASSO FUNDO";"Velocidade Incompatível";"Saída de leito carroçável";"Com Vítimas Feridas";"Pleno dia";"Crescente";"Chuva";"Simples";"Reta";"Não";2;0;1;0;1;0;1;1;-28,241329;-52,550642;"SPRF-RS";"DEL08-RS";"UOP03-DEL08-RS"
179580;2018-11-18;"domingo";"09:00:00";"BA";116;674;"JEQUIE";"Falta de Atenção à Condução";"Colisão transversal";"Com Vítimas Feridas";"Pleno dia";"Crescente";"Céu Claro";"Dupla";"Curva";"Sim";2;0;0;1;1;0;1;2;-13,87135085;-40,11344433;"SPRF-BA";"DEL03-BA";"UOP01-DEL03-BA"
179582;2018-12-20;"quinta-feira";"20:00:00";"SP";116;211;"GUARULHOS";"Agressão Externa";"Tombamento";"Com Vítimas Feridas";"Plena Noite";"Decrescente";"Céu Claro";"Múltipla";"Reta";"Sim";1;0;0;1;0;0;1;1;-23,43253657;-46,41993999;"SPRF-SP";"DEL01-SP";"UOP01-DEL01-SP"
179583;2018-12-20;"quinta-feira";"19:20:00";"PE";407;129,3;"PETROLINA";"Falta de Atenção à Condução";"Colisão traseira";"Com Vítimas Feridas";"Plena Noite";"Crescente";"Céu Claro";"Simples";"Ponte";"Sim";2;0;0;1;1;0;1;2;-9,404518;-40,504181;"SPRF-PE";"DEL06-PE";"UOP01-DEL06-PE"
179584;2018-12-20;"quinta-feira";"18:00:00";"RJ";101;321;"NITEROI";"Falta de Atenção à Condução";"Colisão lateral";"Com Vítimas Feridas";"Pleno dia";"Crescente";"Céu Claro";"Dupla";"Reta";"Sim";3;0;1;0;2;0;1;3;-22,869852;-43,110458;"SPRF-RJ";"DEL02-RJ";"UOP02-DEL02-RJ"
179585;2018-12-20;"quinta-feira";"16:00:00";"SC";101;114;"ITAJAI";"Falta de Atenção à Condução";"Colisão traseira";"Com Vítimas Feridas";"Pleno dia";"Crescente";"Céu Claro";"Dupla";"Reta";"Não";2;0;1;0;1;0;1;2;-26,8708;-48,7293;"SPRF-SC";"DEL04-SC";"UOP04-DEL04-SC"
179588;2018-12-20;"quinta-feira";"18:20:00";"SC";282;301,8;"VARGEM";"Velocidade Incompatível";"Saída de leito carroçável";"Com Vítimas Feridas";"Pleno dia";"Decrescente";"Chuva";"Simples";"Curva";"Não";1;0;1;0;0;0;1;1;-27,510321;-50,922432;"SPRF-SC";"DEL07-SC";"UOP06-DEL07-SC"
179590;2018-12-20;"quinta-feira";"18:50:00";"BA";418;93,5;"CARAVELAS";"Animais na Pista";"Colisão frontal";"Com Vítimas Feridas";"Plena Noite";"Crescente";"Céu Claro";"Simples";"Reta";"Não";6;0;1;5;0;0;6;2;-17,734264;-39,553185;"SPRF-BA";"DEL09-BA";"UOP02-DEL09-BA"
179592;2018-12-20;"quinta-feira";"19:30:00";"MG";381;259;"CORONEL FABRICIANO";"Não guardar distância de segurança";"Colisão lateral";"Com Vítimas Feridas";"Plena Noite";"Crescente";"Céu Claro";"Simples";"Reta";"Não";3;0;1;2;0;0;3;2;-19,53359377;-42,58748174;"SPRF-MG";"DEL03-MG";"UOP02-DEL03-MG"
179593;2018-12-20;"quinta-feira";"19:00:00";"SC";153;80,4;"IRANI";"Velocidade Incompatível";"Capotamento";"Com Vítimas Feridas";"Anoitecer";"Crescente";"Chuva";"Simples";"Aclive;Curva";"Não";1;0;1;0;0;0;1;1;-27,117521;-51,914806;"SPRF-SC";"DEL07-SC";"UOP04-DEL07-SC"
179594;2018-12-20;"quinta-feira";"18:30:00";"SC";101;263,1;"GAROPABA";"Desobediência às normas de trânsito pelo condutor";"Tombamento";"Com Vítimas Feridas";"Pleno dia";"Crescente";"Céu Claro";"Simples";"Viaduto";"Não";1;0;1;0;0;0;1;1;-28,0663;-48,7151;"SPRF-SC";"DEL02-SC";"UOP03-DEL02-SC"
179595;2018-12-20;"quinta-feira";"19:50:00";"SC";282;137;"BOM RETIRO";"Velocidade Incompatível";"Capotamento";"Com Vítimas Feridas";"Anoitecer";"Decrescente";"Chuva";"Simples";"Rotatória";"Não";2;0;0;1;1;0;1;1;-27,82283814;-49,56948822;"SPRF-SC";"DEL05-SC";"UOP01-DEL05-SC"
179596;2018-12-20;"quinta-feira";"20:00:00";"SP";381;82;"SAO PAULO";"Falta de Atenção à Condução";"Colisão com objeto estático";"Sem Vítimas";"Plena Noite";"Decrescente";"Céu Claro";"Dupla";"Em Obras";"Não";2;0;0;0;2;0;0;1;-23,42116952;-46,57759667;"SPRF-SP";"DEL03-SP";"UOP01-DEL03-SP"
179597;2018-12-20;"quinta-feira";"19:26:00";"TO";153;574,1;"SANTA RITA DO TOCANTINS";"Falta de Atenção do Pedestre";"Colisão transversal";"Com Vítimas Feridas";"Plena Noite";"Crescente";"Céu Claro";"Simples";"Reta";"Não";5;0;0;1;4;0;1;2;-10,864933;-48,90561283;"SPRF-TO";"DEL02-TO";"UOP01-DEL01-TO"
179600;2018-12-20;"quinta-feira";"20:00:00";"SC";282;506,9;"XANXERE";"Velocidade Incompatível";"Saída de leito carroçável";"Com Vítimas Feridas";"Anoitecer";"Crescente";"Nublado";"Dupla";"Rotatória";"Sim";2;0;1;0;1;0;1;1;-26,885712;-52,42907;"SPRF-SC";"DEL07-SC";"UOP01-DEL07-SC"
179601;2018-12-20;"quinta-feira";"20:00:00";"TO";153;253;"COLINAS DO TOCANTINS";"Velocidade Incompatível";"Colisão traseira";"Com Vítimas Feridas";"Plena Noite";"Decrescente";"Céu Claro";"Simples";"Reta";"Não";4;0;2;0;2;0;2;2;-8,107676;-48,469299;"SPRF-TO";"DEL02-TO";"UOP02-DEL02-TO"
179602;2018-12-20;"quinta-feira";"20:00:00";"TO";153;198,8;"NOVA OLINDA";"Falta de Atenção do Pedestre";"Atropelamento de Pedestre";"Com Vítimas Fatais";"Plena Noite";"Crescente";"Céu Claro";"Simples";"Reta";"Sim";2;1;0;0;0;1;0;2;-7,630252;-48,427132;"SPRF-TO";"DEL02-TO";"UOP01-DEL02-TO"
179603;2018-12-20;"quinta-feira";"19:30:00";"PI";343;347,8;"TERESINA";"Falta de Atenção do Pedestre";"Atropelamento de Pedestre";"Com Vítimas Feridas";"Plena Noite";"Decrescente";"Céu Claro";"Dupla";"Reta";"Sim";2;0;1;1;0;0;2;2;-5,114822;-42,778355;"SPRF-PI";"DEL01-PI";"UOP01-DEL01-PI"
179605;2018-12-20;"quinta-feira";"21:00:00";"SC";470;11;"NAVEGANTES";"Fenômenos da Natureza";"Colisão com objeto estático";"Sem Vítimas";"Plena Noite";"Decrescente";"Chuva";"Simples";"Reta";"Não";1;0;0;0;0;1;0;1;-26,834309;-48,747269;"SPRF-SC";"DEL04-SC";"UOP04-DEL04-SC"
179606;2018-12-20;"quinta-feira";"07:25:00";"MA";135;89;"ITAPECURU MIRIM";"Falta de Atenção à Condução";"Engavetamento";"Sem Vítimas";"Pleno dia";"Decrescente";"Céu Claro";"Simples";"Reta";"Não";3;0;0;0;1;2;0;3;-3,284351;-44,41161;"SPRF-MA";"DEL01-MA";"UOP02-DEL01-MA"
179607;2018-12-20;"quinta-feira";"21:10:00";"RJ";101;62;"CAMPOS DOS GOYTACAZES";"Falta de Atenção à Condução";"Colisão frontal";"Com Vítimas Feridas";"Plena Noite";"Crescente";"Céu Claro";"Simples";"Reta";"Sim";2;0;1;0;1;0;1;2;-21,734707;-41,325024;"SPRF-RJ";"DEL08-RJ";"UOP01-DEL08-RJ"
179610;2018-12-20;"quinta-feira";"20:45:00";"SC";280;29,6;"ARAQUARI";"Falta de Atenção do Pedestre";"Atropelamento de Pedestre";"Com Vítimas Feridas";"Plena Noite";"Decrescente";"Chuva";"Simples";"Reta";"Sim";3;0;0;2;1;0;2;2;-26,410728;-48,75304;"SPRF-SC";"DEL03-SC";"UOP03-DEL03-SC"
179611;2018-12-20;"quinta-feira";"18:15:00";"RJ";465;11;"SEROPEDICA";"Falta de Atenção à Condução";"Capotamento";"Sem Vítimas";"Pleno dia";"Decrescente";"Céu Claro";"Simples";"Reta";"Sim";1;0;0;0;0;1;0;1;-22,784172;-43,656998;"SPRF-RJ";"DEL01-RJ";"UOP03-DEL01-RJ"
179613;2018-12-20;"quinta-feira";"20:51:00";"RN";101;83,6;"NATAL";"Desobediência às normas de trânsito pelo condutor";"Atropelamento de Pedestre";"Com Vítimas Feridas";"Plena Noite";"Decrescente";"Céu Claro";"Dupla";"Reta";"Sim";2;0;1;0;1;0;1;2;-5,771044;-35,266171;"SPRF-RN";"DEL02-RN";"UOP01-DEL02-RN"
179614;2018-12-20;"quinta-feira";"22:15:00";"ES";101;268,5;"SERRA";"Desobediência às normas de trânsito pelo condutor";"Atropelamento de Pedestre";"Com Vítimas Feridas";"Plena Noite";"Crescente";"Céu Claro";"Múltipla";"Reta";"Sim";2;0;1;0;1;0;1;2;-20,21145941;-40,26980731;"SPRF-ES";"DEL02-ES";"UOP01-DEL02-ES"
179615;2018-12-20;"quinta-feira";"21:05:00";"GO";40;140;"CRISTALINA";"Falta de Atenção à Condução";"Colisão frontal";"Com Vítimas Feridas";"Plena Noite";"Crescente";"Céu Claro";"Simples";"Reta";"Não";4;0;2;0;2;0;2;2;-16,953749;-47,279249;"SPRF-DF";"DEL01-DF";"UOP02-DEL01-DF"
179616;2018-12-20;"quinta-feira";"20:55:00";"AL";316;148,7;"PALMEIRA DOS INDIOS";"Ingestão de Álcool";"Colisão com objeto em movimento";"Com Vítimas Feridas";"Plena Noite";"Crescente";"Céu Claro";"Simples";"Reta";"Não";3;0;1;0;2;0;1;2;-9,407182;-36,689068;"SPRF-AL";"DEL03-AL";"UOP01-DEL03-AL"
179619;2018-12-20;"quinta-feira";"22:00:00";"PB";230;19,4;"JOAO PESSOA";"Restrição de Visibilidade";"Atropelamento de Pedestre";"Com Vítimas Fatais";"Plena Noite";"Crescente";"Nublado";"Dupla";"Curva";"Sim";2;1;0;0;1;0;0;2;-7,1281;-34,8466;"SPRF-PB";"DEL01-PB";"UOP01-DEL01-PB"
179620;2018-11-10;"sábado";"15:05:00";"PR";277;725,3;"FOZ DO IGUACU";"Desobediência às normas de trânsito pelo condutor";"Colisão lateral";"Com Vítimas Feridas";"Pleno dia";"Decrescente";"Céu Claro";"Dupla";"Declive;Curva";"Sim";4;0;1;0;3;0;1;4;-25,50970803;-54,54769313;"SPRF-PR";"DEL05-PR";"UOP03-DEL05-PR"
179621;2018-12-20;"quinta-feira";"20:30:00";"MG";262;847;"UBERABA";"Velocidade Incompatível";"Saída de leito carroçável";"Com Vítimas Feridas";"Plena Noite";"Crescente";"Céu Claro";"Dupla";"Reta";"Não";1;0;1;0;0;0;1;1;-19,75668734;-48,2669735;"SPRF-MG";"DEL13-MG";"UOP01-DEL13-MG"