"id";"data_inversa";"dia_semana";"horario";"uf";"br";"km";"municipio";"causa_acidente";"tipo_acidente";"classificacao_acidente";"fase_dia";"sentido_via";"condicao_metereologica";"tipo_pista";"tracado_via";"uso_solo";"pessoas";"mortos";"feridos_leves";"feridos_graves";"ilesos";"ignorados";"feridos";"veiculos";"latitude";"longitude";"regional";"delegacia";"uop"
179737;2018-12-21;"sexta-feira";"10:10:00";"RO";364;709;"PORTO VELHO";"Sinalização da via insuficiente ou inadequada";"Colisão traseira";"Com Vítimas Feridas";"Pleno dia";"Decrescente";"Nublado";"Dupla";"Reta";"Não";3;0;1;1;1;0;2;2;-8,78665305;-63,85672515;"SPRF-RO";"DEL01-RO";"UOP01-DEL01-RO"
179742;2018-12-21;"sexta-feira";"12:20:00";"SP";116;229;"SAO PAULO";"Desobediência às normas de trânsito pelo condutor";"Colisão lateral";"Com Vítimas Feridas";"Pleno dia";"Crescente";"Céu Claro";"Múltipla";"Reta";"Sim";2;0;1;0;1;0;1;2;-23,50926629;-46,5731518;"SPRF-SP";"DEL01-SP";"UOP01-DEL01-SP"
179744;2018-12-21;"sexta-feira";"12:30:00";"SC";101;201,5;"SAO JOSE";"Falta de Atenção do Pedestre";"Atropelamento de Pedestre";"Com Vítimas Feridas";"Pleno dia";"Crescente";"Sol";"Múltipla";"Túnel";"Sim";2;0;1;0;1;0;1;2;-27,5572;-48,6188;"SPRF-SC";"DEL01-SC";"UOP01-DEL01-SC"
179746;2018-12-15;"sábado";"20:00:00";"GO";60;131;"GOIANIA";"Ingestão de Álcool";"Colisão lateral";"Sem Vítimas";"Plena Noite";"Crescente";"Céu Claro";"Dupla";"Curva";"Não";3;0;0;0;3;0;0;2;-16,5754;-49,1602;"SPRF-GO";"DEL01-GO";"UOP01-DEL01-GO"
179748;2018-12-21;"sexta-feira";"12:20:00";"PE";101;70;"RECIFE";"Defeito Mecânico no Veículo";"Saída de leito carroçável";"Com Vítimas Feridas";"Pleno dia";"Decrescente";"Céu Claro";"Dupla";"Curva";"Sim";1;0;0;1;0;0;1;1;-8,0674327;-34,94295766;"SPRF-PE";"DEL01-PE";"UOP01-DEL01-PE"
179751;2018-12-21;"sexta-feira";"13:20:00";"MG";40;730,4;"OLIVEIRA FORTES";"Velocidade Incompatível";"Saída de leito carroçável";"Com Vítimas Feridas";"Pleno dia";"Crescente";"Chuva";"Dupla";"Curva";"Não";1;0;1;0;0;0;1;1;-21,3565;-43,581;"SPRF-MG";"DEL05-MG";"UOP01-DEL05-MG"
179752;2018-12-21;"sexta-feira";"12:45:00";"RS";386;295,8;"POUSO NOVO";"Velocidade Incompatível";"Saída de leito carroçável";"Com Vítimas Feridas";"Pleno dia";"Crescente";"Chuva";"Simples";"Curva";"Não";3;0;2;0;1;0;2;1;-29,128876;-52,251305;"SPRF-RS";"DEL04-RS";"UOP01-DEL04-RS"
179753;2018-12-21;"sexta-feira";"11:30:00";"PR";116;120;"CURITIBA";"Ingestão de Álcool";"Colisão traseira";"Com Vítimas Feridas";"Pleno dia";"Crescente";"Sol";"Dupla";"Reta";"Não";2;0;1;0;1;0;1;2;-25,551222;-49,305038;"SPRF-PR";"DEL01-PR";"UOP03-DEL01-PR"
179754;2018-12-15;"sábado";"10:00:00";"MS";262;469,2;"ANASTACIO";"Defeito Mecânico no Veículo";"Queda de ocupante de veículo";"Com Vítimas Feridas";"Pleno dia";"Crescente";"Céu Claro";"Simples";"Reta";"Não";2;0;2;0;0;0;2;1;-20,51202943;-55,61928056;"SPRF-MS";"DEL03-MS";"UOP01-DEL03-MS"
179755;2018-12-21;"sexta-feira";"13:45:00";"RS";470;218;"BENTO GONCALVES";"Defeito Mecânico no Veículo";"Atropelamento de Pedestre";"Com Vítimas Feridas";"Pleno dia";"Crescente";"Garoa/Chuvisco";"Simples";"Curva";"Sim";2;0;0;1;1;0;1;2;-29,18611696;-51,52053779;"SPRF-RS";"DEL06-RS";"UOP01-DEL06-RS"
179756;2018-12-21;"sexta-feira";"11:20:00";"MT";70;514;"VARZEA GRANDE";"Ingestão de Álcool";"Queda de ocupante de veículo";"Com Vítimas Feridas";"Pleno dia";"Decrescente";"Céu Claro";"Simples";"Reta";"Sim";2;0;1;0;0;1;1;2;-15,6495221;-56,1950986;"SPRF-MT";"DEL01-MT";"DEL2/4-UOP02/MT"
179763;2018-12-21;"sexta-feira";"07:15:00";"SC";101;286,6;"IMBITUBA";"Condutor Dormindo";"Colisão traseira";"Com Vítimas Feridas";"Pleno dia";"Crescente";"Céu Claro";"Dupla";"Reta";"Não";2;0;1;0;1;0;1;2;-28,2619;-48,7039;"SPRF-SC";"DEL02-SC";"UOP03-DEL02-SC"
179764;2018-12-01;"sábado";"18:00:00";"BA";110;360;"CATU";"Defeito na Via";"Queda de ocupante de veículo";"Com Vítimas Feridas";"Anoitecer";"Decrescente";"Ignorado";"Simples";"Reta";"Sim";1;0;1;0;0;0;1;1;-12,30443276;-38,3713085;"SPRF-BA";"DEL01-BA";"UOP04-DEL01-BA"
179765;2018-12-21;"sexta-feira";"14:30:00";"RS";116;234,9;"NOVO HAMBURGO";"Falta de Atenção à Condução";"Colisão frontal";"Com Vítimas Feridas";"Pleno dia";"Decrescente";"Céu Claro";"Dupla";"Curva";"Sim";2;0;0;1;1;0;1;2;-29,651213;-51,144444;"SPRF-RS";"DEL01-RS";"UOP02-DEL01-RS"
179769;2018-12-21;"sexta-feira";"15:15:00";"PE";407;126,7;"PETROLINA";"Falta de Atenção à Condução";"Colisão traseira";"Com Vítimas Feridas";"Pleno dia";"Decrescente";"Céu Claro";"Simples";"Reta";"Sim";3;0;1;0;1;1;1;3;-9,38877427;-40,52410126;"SPRF-PE";"DEL06-PE";"UOP01-DEL06-PE"
179770;2018-10-28;"domingo";"19:13:00";"MS";163;680;"RIO VERDE DE MATO GROSSO";"Desobediência às normas de trânsito pelo condutor";"Colisão lateral";"Com Vítimas Feridas";"Plena Noite";"Decrescente";"Céu Claro";"Dupla";"Reta";"Sim";3;0;2;0;0;1;2;2;-18,913093;-54,839248;"SPRF-MS";"DEL06-MS";"UOP02-DEL06-MS"
179771;2018-12-21;"sexta-feira";"15:10:00";"GO";364;148,9;"JATAI";"Pista Escorregadia";"Saída de leito carroçável";"Com Vítimas Feridas";"Pleno dia";"Crescente";"Chuva";"Simples";"Curva";"Não";4;0;2;0;2;0;2;1;-18,104782;-51,486927;"SPRF-GO";"DEL05-GO";"UOP01-DEL05-GO"
179772;2018-12-21;"sexta-feira";"14:40:00";"GO";414;433;"ANAPOLIS";"Falta de Atenção do Pedestre";"Atropelamento de Pedestre";"Com Vítimas Feridas";"Pleno dia";"Crescente";"Céu Claro";"Simples";"Reta";"Não";4;0;1;0;1;2;1;2;-16,23544246;-48,9320755;"SPRF-GO";"DEL02-GO";"UOP01-DEL02-GO"
179774;2018-12-21;"sexta-feira";"15:20:00";"PR";116;18,5;"ANTONINA";"Velocidade Incompatível";"Saída de leito carroçável";"Com Vítimas Feridas";"Pleno dia";"Decrescente";"Nublado";"Dupla";"Curva";"Não";4;0;3;0;1;0;3;1;-25,10545851;-48,7164259;"SPRF-PR";"DEL01-PR";"UOP02-DEL01-PR"
179775;2018-12-21;"sexta-feira";"12:00:00";"PA";308;64,1;"CASTANHAL";"Falta de Atenção à Condução";"Colisão transversal";"Com Vítimas Feridas";"Pleno dia";"Decrescente";"Céu Claro";"Dupla";"Reta";"Sim";2;0;1;0;0;1;1;2;-1,296296;-47,919842;"SPRF-PA";"DEL01-PA";"UOP01-DEL01-PA"
179776;2018-12-21;"sexta-feira";"13:45:00";"PE";232;76;"GRAVATA";"Falta de Atenção à Condução";"Colisão transversal";"Com Vítimas Feridas";"Pleno dia";"Crescente";"Sol";"Dupla";"Reta";"Não";4;0;2;0;1;1;2;3;-8,19460601;-35,53828239;"SPRF-PE";"DEL01-PE";"UOP02-DEL02PE"
179779;2018-12-21;"sexta-feira";"15:25:00";"SP";116;224;"GUARULHOS";"Falta de Atenção à Condução";"Tombamento";"Com Vítimas Feridas";"Pleno dia";"Decrescente";"Nublado";"Múltipla";"Reta";"Sim";1;0;1;0;0;0;1;1;-23,48222884;-46,53487891;"SPRF-SP";"DEL01-SP";"UOP01-DEL01-SP"
179780;2018-12-21;"sexta-feira";"15:40:00";"PR";277;724;"FOZ DO IGUACU";"Desobediência às normas de trânsito pelo condutor";"Colisão traseira";"Com Vítimas Feridas";"Pleno dia";"Crescente";"Chuva";"Dupla";"Retorno Regulamentado;Reta";"Sim";2;0;1;0;0;1;1;2;-25,502563;-54,538681;"SPRF-PR";"DEL05-PR";"UOP01-DEL05-PR"
179781;2018-12-20;"quinta-feira";"08:00:00";"MS";163;239,8;"DOURADOS";"Avarias e/ou desgaste excessivo no pneu";"Saída de leito carroçável";"Com Vítimas Feridas";"Pleno dia";"Decrescente";"Céu Claro";"Simples";"Reta";"Não";2;0;1;0;1;0;1;1;-22,391785;-54,791486;"SPRF-MS";"DEL04-MS";"UOP01-DEL04-MS"
179782;2018-12-21;"sexta-feira";"15:20:00";"RJ";40;115;"DUQUE DE CAXIAS";"Não guardar distância de segurança";"Colisão traseira";"Sem Vítimas";"Pleno dia";"Decrescente";"Céu Claro";"Múltipla";"Reta";"Sim";4;0;0;0;4;0;0;3;-22,7374;-43,2883;"SPRF-RJ";"DEL01-RJ";"UOP01-DEL01-RJ"
179783;2018-12-21;"sexta-feira";"08:50:00";"RS";290;394,3;"SANTA MARGARIDA DO SUL";"Velocidade Incompatível";"Saída de leito carroçável";"Com Vítimas Feridas";"Pleno dia";"Crescente";"Chuva";"Simples";"Reta";"Não";3;0;1;0;2;0;1;1;-30,340555;-54,08654;"SPRF-RS";"DEL09-RS";"UOP02-DEL09-RS"
179786;2018-12-21;"sexta-feira";"15:50:00";"RS";290;70;"GRAVATAI";"Falta de Atenção à Condução";"Saída de leito carroçável";"Com Vítimas Feridas";"Pleno dia";"Crescente";"Nublado";"Múltipla";"Reta";"Sim";2;0;1;1;0;0;2;1;-29,948053;-50,956192;"SPRF-RS";"DEL03-RS";"UOP02-DEL03-RS"
179787;2018-12-21;"sexta-feira";"15:40:00";"SC";101;383;"ICARA";"Pista Escorregadia";"Saída de leito carroçável";"Com Vítimas Feridas";"Pleno dia";"Decrescente";"Chuva";"Dupla";"Declive";"Não";3;0;3;0;0;0;3;1;-28,7686;-49,3019;"SPRF-SC";"DEL02-SC";"UOP02-DEL02-SC"
179788;2018-12-21;"sexta-feira";"16:20:00";"DF";70;13;"BRASILIA";"Falta de Atenção à Condução";"Colisão transversal";"Com Vítimas Feridas";"Pleno dia";"Crescente";"Nublado";"Dupla";"Reta";"Não";3;0;1;0;1;1;1;3;-15,794558;-48,166584;"SPRF-DF";"DEL01-DF";"UOP02-DEL03-DF"
179789;2018-12-21;"sexta-feira";"16:30:00";"RJ";116;137,7;"DUQUE DE CAXIAS";"Mal Súbito";"Colisão traseira";"Com Vítimas Fatais";"Pleno dia";"Decrescente";"Céu Claro";"Dupla";"Reta";"Sim";2;1;0;0;1;0;0;2;-22,647911;-43,182049;"SPRF-RJ";"DEL04-RJ";"UOP02-DEL04-RJ"
179790;2018-12-21;"sexta-feira";"15:00:00";"PE";428;188;"PETROLINA";"Desobediência às normas de trânsito pelo condutor";"Colisão com objeto estático";"Com Vítimas Feridas";"Pleno dia";"Crescente";"Céu Claro";"Dupla";"Interseção de Vias";"Sim";2;0;2;0;0;0;2;2;-9,364097;-40,482716;"SPRF-PE";"DEL06-PE";"UOP01-DEL06-PE"
179792;2018-12-21;"sexta-feira";"16:40:00";"SP";153;62;"SAO JOSE DO RIO PRETO";"Não guardar distância de segurança";"Colisão traseira";"Com Vítimas Feridas";"Pleno dia";"Crescente";"Sol";"Dupla";"Aclive;Reta";"Sim";3;0;3;0;0;0;3;2;-20,81328;-49,356758;"SPRF-SP";"DEL09-SP";"UOP01-DEL09-SP"
179793;2018-12-21;"sexta-feira";"16:50:00";"SP";116;208;"GUARULHOS";"Falta de Atenção do Pedestre";"Atropelamento de Pedestre";"Com Vítimas Fatais";"Pleno dia";"Decrescente";"Céu Claro";"Múltipla";"Reta";"Sim";2;1;0;0;0;1;0;2;-23,42204275;-46,3925491;"SPRF-SP";"DEL01-SP";"UOP01-DEL01-SP"
179795;2018-12-21;"sexta-feira";"14:10:00";"MG";381;378,2;"SAO GONCALO DO RIO ABAIXO";"Pista Escorregadia";"Saída de leito carroçável";"Com Vítimas Feridas";"Pleno dia";"Crescente";"Chuva";"Simples";"Curva";"Não";2;0;2;0;0;0;2;1;-19,8434679;-43,31362638;"SPRF-MG";"DEL01-MG";"UOP01-DEL01-MG"
179797;2018-12-21;"sexta-feira";"15:15:00";"PB";230;146;"CAMPINA GRANDE";"Defeito Mecânico no Veículo";"Incêndio";"Sem Vítimas";"Pleno dia";"Crescente";"Sol";"Dupla";"Reta";"Sim";1;0;0;0;0;1;0;1;-7,2468;-35,8484;"SPRF-PB";"DEL02-PB";"UOP01-DEL02-PB"
179798;2018-12-21;"sexta-feira";"13:10:00";"PE";232;22,2;"MORENO";"Defeito Mecânico no Veículo";"Saída de leito carroçável";"Com Vítimas Fatais";"Pleno dia";"Decrescente";"Sol";"Dupla";"Curva";"Sim";8;1;0;5;2;0;5;3;-8,097124;-35,088654;"SPRF-PE";"DEL01-PE";"UOP02-DEL02PE"
179801;2018-12-21;"sexta-feira";"12:25:00";"PE";104;69,4;"CARUARU";"Desobediência às normas de trânsito pelo condutor";"Colisão traseira";"Com Vítimas Feridas";"Pleno dia";"Decrescente";"Céu Claro";"Dupla";"Reta";"Sim";2;0;1;1;0;0;2;1;-8,3196;-35,9912;"SPRF-PE";"DEL02-PE";"UOP01-DEL02-PE"
179803;2018-12-21;"sexta-feira";"17:10:00";"ES";101;265,3;"SERRA";"Falta de Atenção à Condução";"Colisão traseira";"Com Vítimas Feridas";"Pleno dia";"Decrescente";"Céu Claro";"Dupla";"Reta;Aclive";"Sim";3;0;1;0;2;0;1;2;-20,1840451;-40,2666937;"SPRF-ES";"DEL02-ES";"UOP01-DEL02-ES"
179804;2018-12-21;"sexta-feira";"17:20:00";"PR";376;172,8;"MARINGA";"Falta de Atenção à Condução";"Queda de ocupante de veículo";"Com Vítimas Feridas";"Pleno dia";"Crescente";"Céu Claro";"Simples";"Rotatória";"Sim";1;0;1;0;0;0;1;1;-23,4191;-51,968166;"SPRF-PR";"DEL07-PR";"UOP01-DEL09-PR"
179805;2018-12-21;"sexta-feira";"17:00:00";"MG";116;688,3;"MURIAE";"Velocidade Incompatível";"Colisão com objeto estático";"Com Vítimas Feridas";"Pleno dia";"Crescente";"Chuva";"Simples";"Curva";"Não";2;0;1;0;1;0;1;1;-20,99245011;-42,36097639;"SPRF-MG";"DEL07-MG";"UOP02-DEL07-MG"
179809;2018-12-21;"sexta-feira";"15:00:00";"PI";316;7,8;"TERESINA";"Ingestão de Álcool";"Colisão traseira";"Sem Vítimas";"Pleno dia";"Decrescente";"Sol";"Simples";"Reta";"Sim";2;0;0;0;2;0;0;2;-5,155847;-42,771732;"SPRF-PI";"DEL01-PI";"UOP02-DEL01-PI"
179812;2018-12-21;"sexta-feira";"17:00:00";"SC";470;119,6;"APIUNA";"Velocidade Incompatível";"Colisão com objeto estático";"Com Vítimas Feridas";"Pleno dia";"Decrescente";"Chuva";"Simples";"Curva";"Não";1;0;1;0;0;0;1;1;-27,081554;-49,520206;"SPRF-SC";"DEL04-SC";"UOP02-DEL04-SC"
179815;2018-12-21;"sexta-feira";"16:35:00";"RN";101;80,8;"NATAL";"Desobediência às normas de trânsito pelo condutor";"Colisão traseira";"Sem Vítimas";"Pleno dia";"Decrescente";"Céu Claro";"Dupla";"Reta";"Sim";2;0;0;0;2;0;0;2;-5,758523;-35,288063;"SPRF-RN";"DEL02-RN";"UOP01-DEL02-RN"
179816;2018-12-21;"sexta-feira";"17:00:00";"SC";470;119,7;"IBIRAMA";"Falta de Atenção à Condução";"Colisão traseira";"Com Vítimas Feridas";"Pleno dia";"Crescente";"Chuva";"Simples";"Reta";"Não";2;0;1;0;1;0;1;2;-27,081554;-49,520206;"SPRF-SC";"DEL04-SC";"UOP02-DEL04-SC"
179818;2018-12-21;"sexta-feira";"15:00:00";"MA";222;673;"ACAILANDIA";"Falta de Atenção à Condução";"Colisão traseira";"Com Vítimas Feridas";"Pleno dia";"Decrescente";"Céu Claro";"Simples";"Aclive";"Sim";2;0;1;0;1;0;1;2;-4,952955;-47,4865593;"SPRF-MA";"DEL04-MA";"UOP03-DEL04-MA"
179819;2018-12-21;"sexta-feira";"17:15:00";"RS";392;265;"CACAPAVA DO SUL";"Velocidade Incompatível";"Saída de leito carroçável";"Com Vítimas Feridas";"Pleno dia";"Crescente";"Chuva";"Simples";"Curva";"Não";1;0;1;0;0;0;1;1;-30,434811;-53,500072;"SPRF-RS";"DEL09-RS";"UOP02-DEL09-RS"
179821;2018-12-21;"sexta-feira";"17:50:00";"MG";50;167,5;"UBERABA";"Falta de Atenção à Condução";"Capotamento";"Com Vítimas Feridas";"Pleno dia";"Decrescente";"Céu Claro";"Dupla";"Reta";"Sim";2;0;2;0;0;0;2;1;-19,7173;-47,9803;"SPRF-MG";"DEL13-MG";"UOP01-DEL13-MG"
179823;2018-12-21;"sexta-feira";"17:50:00";"MG";381;482;"BETIM";"Não guardar distância de segurança";"Colisão traseira";"Com Vítimas Feridas";"Pleno dia";"Crescente";"Céu Claro";"Múltipla";"Reta";"Sim";1;0;1;0;0;0;1;1;-19,95888836;-44,07205224;"SPRF-MG";"DEL01-MG";"UOP03-DEL01-MG"
179826;2018-12-21;"sexta-feira";"18:30:00";"RS";290;87;"PORTO ALEGRE";"Não guardar distância de segurança";"Tombamento";"Com Vítimas Feridas";"Anoitecer";"Decrescente";"Céu Claro";"Dupla";"Reta";"Sim";1;0;1;0;0;0;1;1;-29,967838;-51,127197;"SPRF-RS";"DEL01-RS";"UOP01-DEL01-RS"
179827;2018-12-21;"sexta-feira";"18:10:00";"ES";101;273,2;"SERRA";"Velocidade Incompatível";"Capotamento";"Sem Vítimas";"Pleno dia";"Crescente";"Céu Claro";"Dupla";"Reta";"Sim";1;0;0;0;1;0;0;1;-20,2194468;-40,2910824;"SPRF-ES";"DEL02-ES";"UOP01-DEL02-ES"
179828;2018-12-21;"sexta-feira";"16:00:00";"PR";277;489,6;"NOVA LARANJEIRAS";"Velocidade Incompatível";"Saída de leito carroçável";"Com Vítimas Feridas";"Pleno dia";"Crescente";"Chuva";"Simples";"Curva";"Não";4;0;3;1;0;0;4;1;-25,13533902;-52,71514893;"SPRF-PR";"DEL04-PR";"UOP02-DEL04-PR"
179830;2018-12-21;"sexta-feira";"18:30:00";"GO";40;4,7;"VALPARAISO DE GOIAS";"Não guardar distância de segurança";"Engavetamento";"Sem Vítimas";"Pleno dia";"Crescente";"Céu Claro";"Dupla";"Reta";"Sim";3;0;0;0;3;0;0;3;-16,085241;-47,986752;"SPRF-DF";"DEL01-DF";"UOP01-DEL01-DF"
179832;2018-03-11;"domingo";"08:00:00";"AL";316;33;"CANAPI";"Velocidade Incompatível";"Colisão transversal";"Com Vítimas Feridas";"Pleno dia";"Crescente";"Céu Claro";"Simples";"Reta";"Sim";4;0;1;2;0;1;3;2;-9,116517;-37,608757;"SPRF-AL";"DEL03-AL";"UOP02-DEL03-AL"
179833;2018-12-21;"sexta-feira";"18:30:00";"PR";277;20;"MORRETES";"Avarias e/ou desgaste excessivo no pneu";"Queda de ocupante de veículo";"Com Vítimas Feridas";"Pleno dia";"Decrescente";"Céu Claro";"Dupla";"Reta";"Não";2;0;2;0;0;0;2;1;-25,53161844;-48,71837854;"SPRF-PR";"DEL01-PR";"UOP05-DEL01-PR"
179834;2018-12-21;"sexta-feira";"18:15:00";"SP";116;221;"GUARULHOS";"Desobediência às normas de trânsito pelo condutor";"Colisão traseira";"Com Vítimas Feridas";"Anoitecer";"Crescente";"Céu Claro";"Múltipla";"Reta";"Sim";1;0;1;0;0;0;1;1;-23,4634038;-46,4937973;"SPRF-SP";"DEL01-SP";"UOP01-DEL01-SP"
179836;2018-12-21;"sexta-feira";"21:00:00";"PR";277;82;"CURITIBA";"Velocidade Incompatível";"Colisão traseira";"Com Vítimas Feridas";"Plena Noite";"Crescente";"Nublado";"Dupla";"Reta";"Sim";5;0;2;0;2;1;2;3;-25,46791902;-49,21445847;"SPRF-PR";"DEL01-PR";"UOP01-DEL01-PR"
179838;2018-12-21;"sexta-feira";"18:50:00";"MG";381;452;"SABARA";"Falta de Atenção à Condução";"Colisão transversal";"Com Vítimas Feridas";"Anoitecer";"Crescente";"Chuva";"Simples";"Reta";"Sim";2;0;1;0;1;0;1;2;-19,82638386;-43,83589983;"SPRF-MG";"DEL01-MG";"UOP01-DEL01-MG"
179839;2018-12-21;"sexta-feira";"19:20:00";"SC";101;217,8;"PALHOCA";"Ingestão de Álcool";"Saída de leito carroçável";"Sem Vítimas";"Pleno dia";"Crescente";"Nublado";"Simples";"Reta";"Sim";1;0;0;0;1;0;0;1;-27,6771;-48,67;"SPRF-SC";"DEL01-SC";"UOP02-DEL01-SC"
179840;2018-12-21;"sexta-feira";"18:25:00";"RN";226;110,9;"SANTA CRUZ";"Desobediência às normas de trânsito pelo condutor";"Colisão transversal";"Com Vítimas Feridas";"Plena Noite";"Crescente";"Céu Claro";"Simples";"Reta";"Sim";2;0;0;1;1;0;1;2;-6,228419;-36,017746;"SPRF-RN";"DEL03-RN";"UOP02-DEL03-RN"
179841;2018-12-21;"sexta-feira";"19:05:00";"PR";116;110,5;"CURITIBA";"Ingestão de Álcool";"Colisão lateral";"Com Vítimas Feridas";"Plena Noite";"Crescente";"Céu Claro";"Dupla";"Reta";"Não";2;0;1;0;1;0;1;2;-25,569897;-49,187782;"SPRF-PR";"DEL01-PR";"UOP01-DEL01-PR"
179842;2018-12-21;"sexta-feira";"17:40:00";"BA";110;401,8;"SAO SEBASTIAO DO PASSE";"Falta de Atenção à Condução";"Engavetamento";"Com Vítimas Feridas";"Pleno dia";"Crescente";"Sol";"Simples";"Reta";"Não";4;0;0;1;3;0;1;4;-12,5636;-38,528;"SPRF-BA";"DEL01-BA";"UOP01-DEL01-BA"
179843;2018-12-21;"sexta-feira";"15:00:00";"PR";280;268;"MARMELEIRO";"Falta de Atenção à Condução";"Saída de leito carroçável";"Com Vítimas Feridas";"Pleno dia";"Decrescente";"Nublado";"Simples";"Reta";"Não";4;0;2;0;2;0;2;1;-26,154001;-53,0238;"SPRF-PR";"DEL02-PR";"UOP01-DEL02-PR"
179844;2018-12-21;"sexta-feira";"17:30:00";"PR";467;79,8;"TOLEDO";"Falta de Atenção à Condução";"Colisão transversal";"Sem Vítimas";"Pleno dia";"Decrescente";"Sol";"Dupla";"Retorno Regulamentado";"Não";3;0;0;0;3;0;0;2;-24,7786;-53,6791;"SPRF-PR";"DEL04-PR";"UOP01-DEL04-PR"
179845;2018-12-21;"sexta-feira";"16:40:00";"MG";116;557;"SIMONESIA";"Velocidade Incompatível";"Saída de leito carroçável";"Com Vítimas Feridas";"Pleno dia";"Crescente";"Nublado";"Simples";"Curva";"Não";1;0;1;0;0;0;1;1;-20;-42;"SPRF-MG";"DEL06-MG";"UOP02-DEL06-MG"
179847;2018-12-21;"sexta-feira";"19:10:00";"RS";116;243,5;"SAO LEOPOLDO";"Falta de Atenção à Condução";"Colisão traseira";"Sem Vítimas";"Pleno dia";"Decrescente";"Céu Claro";"Dupla";"Reta";"Não";3;0;0;0;3;0;0;3;-29,731962;-51,149521;"SPRF-RS";"DEL01-RS";"UOP02-DEL01-RS"
179849;2018-12-21;"sexta-feira";"18:50:00";"RS";158;372;"DILERMANDO DE AGUIAR";"Falta de Atenção à Condução";"Saída de leito carroçável";"Com Vítimas Feridas";"Pleno dia";"Crescente";"Céu Claro";"Simples";"Reta";"Não";4;0;3;0;1;0;3;1;-29,845013;-54,19902;"SPRF-RS";"DEL09-RS";"UOP01-DEL09-RS"
179850;2018-12-21;"sexta-feira";"18:10:00";"PB";230;143,9;"CAMPINA GRANDE";"Desobediência às normas de trânsito pelo condutor";"Colisão traseira";"Com Vítimas Feridas";"Anoitecer";"Decrescente";"Céu Claro";"Dupla";"Reta";"Sim";3;0;1;0;2;0;1;2;-7,2529;-35,8349;"SPRF-PB";"DEL02-PB";"UOP01-DEL02-PB"
179851;2018-12-21;"sexta-feira";"18:10:00";"MT";70;621;"POCONE";"Fenômenos da Natureza";"Capotamento";"Com Vítimas Feridas";"Anoitecer";"Crescente";"Garoa/Chuvisco";"Simples";"Curva";"Não";4;0;1;0;3;0;1;1;-15,89219;-56,893452;"SPRF-MT";"DEL03-MT";"UOP02-DEL03-MT"
179853;2018-12-21;"sexta-feira";"19:25:00";"PR";376;155,8;"MANDAGUACU";"Pista Escorregadia";"Colisão com objeto estático";"Com Vítimas Feridas";"Anoitecer";"Crescente";"Chuva";"Dupla";"Curva";"Sim";3;0;2;0;1;0;2;1;-23,338518;-52,098457;"SPRF-PR";"DEL07-PR";"UOP01-DEL09-PR"
179855;2018-12-21;"sexta-feira";"19:40:00";"RJ";495;3;"TERESOPOLIS";"Ultrapassagem Indevida";"Colisão frontal";"Com Vítimas Feridas";"Plena Noite";"Decrescente";"Céu Claro";"Simples";"Curva";"Não";3;0;1;1;1;0;2;2;-22,396009;-42,991104;"SPRF-RJ";"DEL06-RJ";"UOP02-DEL05-RJ"
179857;2018-12-21;"sexta-feira";"18:40:00";"PR";376;214;"CAMPO LARGO";"Falta de Atenção à Condução";"Capotamento";"Sem Vítimas";"Pleno dia";"Crescente";"Nublado";"Dupla";"Curva";"Não";1;0;0;0;1;0;0;1;-25,445097;-49,50071;"SPRF-PR";"DEL07-PR";"UOP01-DEL09-PR"
179858;2018-12-21;"sexta-feira";"18:00:00";"MT";158;578;"AGUA BOA";"Ultrapassagem Indevida";"Saída de leito carroçável";"Com Vítimas Feridas";"Pleno dia";"Crescente";"Sol";"Simples";"Curva;Declive";"Não";1;0;1;0;0;0;1;1;-14,13210227;-52,19761312;"SPRF-MT";"DEL07-MT";"UOP02-DEL07-MT"
179859;2018-12-21;"sexta-feira";"19:30:00";"ES";101;376;"ICONHA";"Falta de Atenção à Condução";"Colisão transversal";"Com Vítimas Feridas";"Plena Noite";"Crescente";"Céu Claro";"Simples";"Reta";"Sim";2;0;1;1;0;0;2;2;-20,79559666;-40,81626892;"SPRF-ES";"DEL03-ES";"UOP01-DEL03-ES"
179861;2018-12-21;"sexta-feira";"18:30:00";"PI";343;12;"PARNAIBA";"Desobediência às normas de trânsito pelo condutor";"Colisão traseira";"Sem Vítimas";"Plena Noite";"Decrescente";"Nublado";"Dupla";"Reta";"Sim";2;0;0;0;2;0;0;2;-2,910035;-41,753662;"SPRF-PI";"DEL05-PI";"UOP01-DEL05-PI"
179862;2018-12-21;"sexta-feira";"19:25:00";"CE";222;3,6;"FORTALEZA";"Falta de Atenção à Condução";"Engavetamento";"Com Vítimas Feridas";"Plena Noite";"Decrescente";"Céu Claro";"Dupla";"Reta";"Sim";4;0;2;0;2;0;2;3;-3,740385;-38,595749;"SPRF-CE";"DEL01-CE";"UOP01-DEL01-CE"
179863;2018-12-21;"sexta-feira";"13:00:00";"AL";316;137,5;"ESTRELA DE ALAGOAS";"Condutor Dormindo";"Saída de leito carroçável";"Sem Vítimas";"Pleno dia";"Decrescente";"Céu Claro";"Simples";"Reta";"Não";1;0;0;0;0;1;0;1;-9,388195;-36,784977;"SPRF-AL";"DEL03-AL";"UOP01-DEL03-AL"
179867;2018-12-21;"sexta-feira";"14:10:00";"MT";364;622,7;"DIAMANTINO";"Falta de Atenção à Condução";"Queda de ocupante de veículo";"Com Vítimas Feridas";"Pleno dia";"Crescente";"Céu Claro";"Simples";"Reta";"Não";1;0;0;1;0;0;1;1;-14,36019116;-56,42440796;"SPRF-MT";"DEL01-MT";"UOP01-DEL01-MT"