"id";"data_inversa";"dia_semana";"horario";"uf";"br";"km";"municipio";"causa_acidente";"tipo_acidente";"classificacao_acidente";"fase_dia";"sentido_via";"condicao_metereologica";"tipo_pista";"tracado_via";"uso_solo";"pessoas";"mortos";"feridos_leves";"feridos_graves";"ilesos";"ignorados";"feridos";"veiculos";"latitude";"longitude";"regional";"delegacia";"uop"
179868;2018-12-21;"sexta-feira";"21:00:00";"SP";116;211;"GUARULHOS";"Ingestão de Álcool";"Colisão traseira";"Com Vítimas Feridas";"Plena Noite";"Decrescente";"Nublado";"Múltipla";"Reta";"Sim";3;0;3;0;0;0;3;2;-23,43211819;-46,41859889;"SPRF-SP";"DEL01-SP";"UOP01-DEL01-SP"
179869;2018-12-21;"sexta-feira";"20:29:00";"MT";70;1;"BARRA DO GARCAS";"Falta de Atenção à Condução";"Colisão transversal";"Com Vítimas Feridas";"Plena Noite";"Crescente";"Céu Claro";"Simples";"Aclive;Reta";"Sim";3;0;2;0;1;0;2;2;-15,891638;-52,262032;"SPRF-MT";"DEL07-MT";"UOP01-DEL07-MT"
179870;2018-12-21;"sexta-feira";"18:00:00";"SC";282;97;"ALFREDO WAGNER";"Velocidade Incompatível";"Saída de leito carroçável";"Com Vítimas Feridas";"Pleno dia";"Decrescente";"Chuva";"Simples";"Reta";"Não";1;0;1;0;0;0;1;1;-27,707966;-49,272182;"SPRF-SC";"DEL01-SC";"UOP03-DEL01-SC"
179871;2018-11-21;"quarta-feira";"10:00:00";"PI";343;550;"AMARANTE";"Falta de Atenção à Condução";"Capotamento";"Com Vítimas Feridas";"Pleno dia";"Decrescente";"Céu Claro";"Simples";"Reta";"Não";2;0;2;0;0;0;2;1;-6,611423;-42,817329;"SPRF-PI";"DEL03-PI";"UOP01-DEL03-PI"
179873;2018-12-21;"sexta-feira";"20:00:00";"RJ";101;499;"ANGRA DOS REIS";"Desobediência às normas de trânsito pelo condutor";"Colisão transversal";"Com Vítimas Feridas";"Plena Noite";"Crescente";"Céu Claro";"Simples";"Curva";"Não";2;0;1;0;1;0;1;2;-22,91831135;-44,35540587;"SPRF-RJ";"DEL03-RJ";"UOP03-DEL03-RJ"
179874;2018-12-21;"sexta-feira";"20:30:00";"MT";163;746;"SORRISO";"Restrição de Visibilidade";"Queda de ocupante de veículo";"Com Vítimas Feridas";"Plena Noite";"Decrescente";"Nublado";"Dupla";"Reta";"Sim";1;0;0;1;0;0;1;1;-12,5978;-55,74705;"SPRF-MT";"DEL06-MT";"UOP01-DEL06-MT"
179876;2018-12-21;"sexta-feira";"16:30:00";"SC";282;82,6;"ALFREDO WAGNER";"Pista Escorregadia";"Saída de leito carroçável";"Sem Vítimas";"Pleno dia";"Crescente";"Chuva";"Simples";"Curva";"Não";1;0;0;0;1;0;0;1;-27,662027;-49,178356;"SPRF-SC";"DEL01-SC";"UOP03-DEL01-SC"
179879;2018-12-21;"sexta-feira";"20:20:00";"SE";101;33,8;"CAPELA";"Desobediência às normas de trânsito pelo condutor";"Queda de ocupante de veículo";"Com Vítimas Feridas";"Plena Noite";"Decrescente";"Céu Claro";"Simples";"Curva;Interseção de Vias";"Não";1;0;0;1;0;0;1;1;-10,47727002;-36,95054054;"SPRF-SE";"DEL02-SE";"UOP02-DEL02-SE"
179880;2018-12-21;"sexta-feira";"21:40:00";"PR";476;131,7;"CURITIBA";"Falta de Atenção à Condução";"Colisão traseira";"Sem Vítimas";"Plena Noite";"Crescente";"Céu Claro";"Múltipla";"Interseção de Vias";"Sim";2;0;0;0;2;0;0;2;-25,453636;-49,245155;"SPRF-PR";"DEL01-PR";"UOP07-DEL01-PR"
179881;2018-12-21;"sexta-feira";"21:50:00";"MG";381;360;"JOAO MONLEVADE";"Defeito Mecânico no Veículo";"Incêndio";"Sem Vítimas";"Plena Noite";"Decrescente";"Nublado";"Simples";"Aclive";"Não";1;0;0;0;1;0;0;1;-19,85165442;-43,14219475;"SPRF-MG";"DEL03-MG";"UOP01-DEL03-MG"
179883;2018-12-21;"sexta-feira";"20:40:00";"MS";163;100;"ITAQUIRAI";"Falta de Atenção à Condução";"Colisão traseira";"Com Vítimas Feridas";"Plena Noite";"Decrescente";"Céu Claro";"Simples";"Reta";"Não";1;0;0;1;0;0;1;1;-23,280668;-54,225899;"SPRF-MS";"DEL09-MS";"UOP01-DEL09-MS"
179886;2018-12-21;"sexta-feira";"21:55:00";"PR";376;113,9;"ALTO PARANA";"Pista Escorregadia";"Capotamento";"Sem Vítimas";"Plena Noite";"Crescente";"Garoa/Chuvisco";"Dupla";"Reta";"Não";2;0;0;0;2;0;0;1;-23,093431;-52,384197;"SPRF-PR";"DEL07-PR";"UOP02-DEL09-PR"
179887;2018-12-21;"sexta-feira";"22:05:00";"PR";369;155,9;"LONDRINA";"Ingestão de Álcool";"Colisão traseira";"Com Vítimas Feridas";"Plena Noite";"Crescente";"Chuva";"Dupla";"Retorno Regulamentado";"Não";3;0;2;0;1;0;2;3;-23,291432;-51,21734;"SPRF-PR";"DEL07-PR";"UOP01-DEL07-PR"
179889;2018-12-21;"sexta-feira";"14:00:00";"BA";20;20;"CORRENTINA";"Falta de Atenção à Condução";"Saída de leito carroçável";"Com Vítimas Feridas";"Pleno dia";"Decrescente";"Céu Claro";"Simples";"Reta";"Não";6;0;2;4;0;0;6;1;-13,7734;-46,1607;"SPRF-BA";"DEL10-BA";"UOP01-DEL10-BA"
179890;2018-12-21;"sexta-feira";"21:30:00";"PR";277;588;"CASCAVEL";"Velocidade Incompatível";"Queda de ocupante de veículo";"Com Vítimas Feridas";"Plena Noite";"Decrescente";"Céu Claro";"Simples";"Reta";"Sim";1;0;1;0;0;0;1;1;-25,02817;-53,55983;"SPRF-PR";"DEL04-PR";"UOP01-DEL04-PR"
179891;2018-12-21;"sexta-feira";"21:00:00";"MG";459;103,3;"POUSO ALEGRE";"Desobediência às normas de trânsito pelo condutor";"Colisão lateral";"Com Vítimas Feridas";"Plena Noite";"Crescente";"Céu Claro";"Dupla";"Curva";"Não";3;0;2;0;1;0;2;2;-22,217806;-45,917549;"SPRF-MG";"DEL16-MG";"UOP01-DEL16-MG"
179892;2018-12-21;"sexta-feira";"16:15:00";"RO";364;343,5;"JI-PARANA";"Defeito Mecânico no Veículo";"Incêndio";"Sem Vítimas";"Pleno dia";"Crescente";"Céu Claro";"Dupla";"Interseção de Vias";"Sim";1;0;0;0;1;0;0;1;-10,878848;-61,944893;"SPRF-RO";"DEL02-RO";"UOP01-DEL02-RO"
179893;2018-12-21;"sexta-feira";"22:10:00";"SP";116;280,5;"EMBU DAS ARTES";"Velocidade Incompatível";"Engavetamento";"Sem Vítimas";"Plena Noite";"Crescente";"Ignorado";"Dupla";"Reta";"Sim";3;0;0;0;3;0;0;3;-23,66387934;-46,85194194;"SPRF-SP";"DEL04-SP";"UOP01-DEL04-SP"
179894;2018-12-21;"sexta-feira";"22:50:00";"ES";262;0,5;"CARIACICA";"Defeito Mecânico no Veículo";"Queda de ocupante de veículo";"Com Vítimas Feridas";"Plena Noite";"Crescente";"Céu Claro";"Dupla";"Ponte";"Sim";2;0;1;1;0;0;2;1;-20,321218;-40,35095;"SPRF-ES";"DEL01-ES";"UOP01-DEL01-ES"
179895;2018-12-21;"sexta-feira";"21:15:00";"ES";259;41;"COLATINA";"Defeito Mecânico no Veículo";"Queda de ocupante de veículo";"Com Vítimas Feridas";"Plena Noite";"Crescente";"Céu Claro";"Simples";"Reta";"Não";2;0;1;1;0;0;2;1;-19,5508659;-40,5588854;"SPRF-ES";"DEL02-ES";"UOP01-DEL02-ES"
179896;2018-12-21;"sexta-feira";"21:55:00";"MS";163;822,6;"SONORA";"Velocidade Incompatível";"Saída de leito carroçável";"Com Vítimas Feridas";"Plena Noite";"Crescente";"Céu Claro";"Dupla";"Reta";"Não";4;0;1;0;3;0;1;1;-17,72545;-54,756291;"SPRF-MS";"DEL06-MS";"UOP01-DEL06-MS"
179897;2018-12-21;"sexta-feira";"23:00:00";"ES";262;0,7;"CARIACICA";"Ingestão de Álcool";"Colisão traseira";"Sem Vítimas";"Plena Noite";"Crescente";"Céu Claro";"Dupla";"Ponte";"Sim";4;0;0;0;4;0;0;4;-20,321218;-40,35095;"SPRF-ES";"DEL01-ES";"UOP01-DEL01-ES"
179899;2018-12-21;"sexta-feira";"23:15:00";"MG";116;276;"TEOFILO OTONI";"Falta de Atenção à Condução";"Colisão traseira";"Sem Vítimas";"Plena Noite";"Decrescente";"Céu Claro";"Dupla";"Reta";"Sim";2;0;0;0;1;1;0;2;-17,85851868;-41,51733398;"SPRF-MG";"DEL11-MG";"UOP01-DEL11-MG"
179900;2018-12-21;"sexta-feira";"18:50:00";"RJ";116;22;"SAPUCAIA";"Falta de Atenção à Condução";"Queda de ocupante de veículo";"Com Vítimas Feridas";"Anoitecer";"Crescente";"Nublado";"Simples";"Curva";"Não";1;0;1;0;0;0;1;1;-22,016333;-42,768768;"SPRF-RJ";"DEL04-RJ";"UOP01-DEL04-RJ"
179901;2018-12-21;"sexta-feira";"20:20:00";"RO";364;692;"CANDEIAS DO JAMARI";"Ingestão de Álcool";"Colisão com objeto estático";"Sem Vítimas";"Plena Noite";"Crescente";"Céu Claro";"Dupla";"Reta";"Não";1;0;0;0;1;0;0;1;-8,79615314;-63,68701642;"SPRF-RO";"DEL01-RO";"UOP01-DEL01-RO"
179902;2018-12-21;"sexta-feira";"23:10:00";"DF";40;3,9;"BRASILIA";"Ingestão de Álcool";"Atropelamento de Pedestre";"Com Vítimas Feridas";"Pleno dia";"Crescente";"Céu Claro";"Dupla";"Reta";"Sim";7;0;2;2;3;0;4;3;-16,01406991;-47,9820011;"SPRF-DF";"DEL01-DF";"UOP01-DEL01-DF"
179903;2018-12-21;"sexta-feira";"22:20:00";"SC";280;123,4;"SAO BENTO DO SUL";"Falta de Atenção à Condução";"Colisão transversal";"Com Vítimas Feridas";"Plena Noite";"Crescente";"Nublado";"Simples";"Declive;Reta";"Não";5;0;2;1;2;0;3;2;-26,244202;-49,46558;"SPRF-SC";"DEL06-SC";"UOP03-DEL06-SC"
179904;2018-12-21;"sexta-feira";"22:35:00";"MA";316;246;"BOM JARDIM";"Defeito na Via";"Saída de leito carroçável";"Com Vítimas Feridas";"Plena Noite";"Crescente";"Garoa/Chuvisco";"Simples";"Reta";"Não";1;0;1;0;0;0;1;1;-3,630885;-45,503601;"SPRF-MA";"DEL02-MA";"UI04-DEL02-MA"
179905;2018-09-12;"quarta-feira";"12:00:00";"RJ";101;73;"CAMPOS DOS GOYTACAZES";"Falta de Atenção à Condução";"Colisão transversal";"Com Vítimas Feridas";"Pleno dia";"Decrescente";"Nublado";"Simples";"Reta";"Não";3;0;2;1;0;0;3;2;-21,798874;-41,393955;"SPRF-RJ";"DEL08-RJ";"UOP02-DEL08-RJ"
179906;2018-12-21;"sexta-feira";"23:50:00";"RS";290;123;"ELDORADO DO SUL";"Ultrapassagem Indevida";"Colisão frontal";"Com Vítimas Fatais";"Plena Noite";"Crescente";"Nublado";"Simples";"Reta";"Não";7;2;1;4;0;0;5;2;-30,05328;-51,438354;"SPRF-RS";"DEL02-RS";"UOP01-DEL02-RS"
179907;2018-12-21;"sexta-feira";"23:30:00";"SC";101;198;"BIGUACU";"Desobediência às normas de trânsito pelo condutor";"Saída de leito carroçável";"Sem Vítimas";"Plena Noite";"Decrescente";"Céu Claro";"Múltipla";"Reta";"Sim";1;0;0;0;0;1;0;1;-27,5341;-48,6298;"SPRF-SC";"DEL01-SC";"UOP01-DEL01-SC"
179908;2018-12-21;"sexta-feira";"19:00:00";"MA";135;73,6;"SANTA RITA";"Falta de Atenção do Pedestre";"Atropelamento de Pedestre";"Sem Vítimas";"Plena Noite";"Crescente";"Céu Claro";"Simples";"Reta";"Não";1;0;0;0;1;0;0;1;-3,165502;-44,33812;"SPRF-MA";"DEL01-MA";"UOP02-DEL01-MA"
179909;2018-12-22;"sábado";"00:00:00";"MG";40;453;"CAETANOPOLIS";"Desobediência às normas de trânsito pelo condutor";"Saída de leito carroçável";"Com Vítimas Feridas";"Plena Noite";"Crescente";"Nublado";"Dupla";"Reta";"Sim";4;0;2;1;0;1;3;2;-19,3571;-44,3478;"SPRF-MG";"DEL02-MG";"UOP01-DEL02-MG"
179910;2018-12-21;"sexta-feira";"20:30:00";"AC";364;123;"RIO BRANCO";"Ingestão de álcool e/ou substâncias psicoativas pelo pedestre";"Colisão traseira";"Com Vítimas Feridas";"Plena Noite";"Decrescente";"Céu Claro";"Dupla";"Reta";"Sim";4;0;1;0;1;2;1;3;-10,011705;-67,782433;"SPRF-AC";"DEL01-AC";"UOP01-DEL01-AC"
179913;2018-12-21;"sexta-feira";"22:10:00";"RJ";40;52,8;"PETROPOLIS";"Falta de Atenção à Condução";"Colisão transversal";"Com Vítimas Feridas";"Plena Noite";"Decrescente";"Céu Claro";"Simples";"Curva";"Não";2;0;1;0;1;0;1;2;-22,3449;-43,1322;"SPRF-RJ";"DEL06-RJ";"UOP01-DEL06-RJ"
179914;2018-12-22;"sábado";"00:05:00";"MG";40;567;"NOVA LIMA";"Falta de Atenção à Condução";"Queda de ocupante de veículo";"Com Vítimas Feridas";"Plena Noite";"Crescente";"Céu Claro";"Simples";"Aclive;Reta";"Não";2;0;2;0;0;0;2;1;-20,1951;-43,9737;"SPRF-MG";"DEL01-MG";"UOP02-DEL01-MG"
179919;2018-12-22;"sábado";"01:00:00";"PR";277;40;"MORRETES";"Falta de Atenção à Condução";"Queda de ocupante de veículo";"Com Vítimas Feridas";"Plena Noite";"Decrescente";"Nublado";"Dupla";"Curva";"Não";1;0;1;0;0;0;1;1;-25,58087655;-48,87086045;"SPRF-PR";"DEL01-PR";"UOP05-DEL01-PR"
179920;2018-12-22;"sábado";"01:00:00";"RJ";116;178;"NOVA IGUACU";"Falta de Atenção do Pedestre";"Atropelamento de Pedestre";"Com Vítimas Fatais";"Plena Noite";"Decrescente";"Céu Claro";"Múltipla";"Reta";"Não";2;1;0;0;1;0;0;2;-22,774963;-43,400814;"SPRF-RJ";"DEL01-RJ";"UOP02-DEL01-RJ"
179923;2018-12-21;"sexta-feira";"23:30:00";"SP";116;223;"GUARULHOS";"Ingestão de Álcool";"Saída de leito carroçável";"Com Vítimas Feridas";"Plena Noite";"Decrescente";"Céu Claro";"Múltipla";"Reta";"Sim";4;0;2;0;2;0;2;1;-23,4801189;-46,53157353;"SPRF-SP";"DEL01-SP";"UOP01-DEL01-SP"
179924;2018-12-21;"sexta-feira";"20:40:00";"PE";232;193;"SANHARO";"Ingestão de álcool e/ou substâncias psicoativas pelo pedestre";"Atropelamento de Pedestre";"Com Vítimas Feridas";"Plena Noite";"Crescente";"Céu Claro";"Simples";"Reta";"Sim";2;0;0;1;1;0;1;2;-8,348047;-36,446651;"SPRF-PE";"DEL02-PE";"UOP03-DEL02-PE"
179926;2018-12-22;"sábado";"01:45:00";"GO";40;10,5;"LUZIANIA";"Defeito Mecânico no Veículo";"Saída de leito carroçável";"Com Vítimas Feridas";"Plena Noite";"Decrescente";"Céu Claro";"Dupla";"Reta";"Sim";3;0;2;0;1;0;2;1;-16,131285;-47,957923;"SPRF-DF";"DEL01-DF";"UOP01-DEL01-DF"
179928;2018-12-22;"sábado";"02:20:00";"RJ";101;200;"CASIMIRO DE ABREU";"Desobediência às normas de trânsito pelo condutor";"Colisão com objeto estático";"Com Vítimas Feridas";"Plena Noite";"Crescente";"Céu Claro";"Dupla";"Reta";"Não";2;0;0;1;1;0;1;1;-22,476007;-42,162285;"SPRF-RJ";"DEL02-RJ";"UOP04-DEL08-RJ"
179929;2018-12-22;"sábado";"03:00:00";"DF";20;24,4;"BRASILIA";"Falta de Atenção à Condução";"Colisão traseira";"Com Vítimas Feridas";"Plena Noite";"Crescente";"Céu Claro";"Dupla";"Curva";"Não";2;0;1;0;1;0;1;2;-15,594831;-47,658615;"SPRF-DF";"DEL02-DF";"UOP01-DEL02-DF"
179931;2018-12-21;"sexta-feira";"22:00:00";"MA";316;442;"PERITORO";"Falta de Atenção à Condução";"Saída de leito carroçável";"Sem Vítimas";"Plena Noite";"Decrescente";"Céu Claro";"Simples";"Curva";"Não";1;0;0;0;0;1;0;1;-4,439673;-44,195518;"SPRF-MA";"DEL03-MA";"UOP01-DEL03-MA"
179933;2018-12-22;"sábado";"03:00:00";"RS";290;89;"PORTO ALEGRE";"Ingestão de Álcool";"Colisão traseira";"Com Vítimas Feridas";"Plena Noite";"Decrescente";"Nublado";"Dupla";"Reta";"Não";3;0;2;0;1;0;2;2;-29,967892;-51,147331;"SPRF-RS";"DEL01-RS";"UOP01-DEL01-RS"
179934;2018-12-22;"sábado";"03:00:00";"SC";101;192;"BIGUACU";"Falta de Atenção à Condução";"Colisão com objeto estático";"Sem Vítimas";"Plena Noite";"Crescente";"Nublado";"Múltipla";"Reta";"Não";1;0;0;0;0;1;0;1;-27,4897;-48,6559;"SPRF-SC";"DEL01-SC";"UOP01-DEL01-SC"
179935;2018-12-22;"sábado";"02:40:00";"SC";470;128;"LONTRAS";"Ingestão de Álcool";"Saída de leito carroçável";"Com Vítimas Feridas";"Plena Noite";"Decrescente";"Garoa/Chuvisco";"Simples";"Reta";"Não";2;0;1;0;1;0;1;1;-27,143742;-49,548897;"SPRF-SC";"DEL04-SC";"UOP02-DEL04-SC"
179936;2018-12-22;"sábado";"03:40:00";"GO";153;510;"APARECIDA DE GOIANIA";"Falta de Atenção à Condução";"Queda de ocupante de veículo";"Com Vítimas Feridas";"Plena Noite";"Decrescente";"Céu Claro";"Dupla";"Declive";"Sim";1;0;1;0;0;0;1;1;-16,7977;-49,2386;"SPRF-GO";"DEL01-GO";"UOP03-DEL01-GO"
179937;2018-12-21;"sexta-feira";"21:20:00";"RO";364;685;"CANDEIAS DO JAMARI";"Ultrapassagem Indevida";"Saída de leito carroçável";"Sem Vítimas";"Plena Noite";"Crescente";"Nublado";"Simples";"Reta";"Não";1;0;0;0;1;0;0;1;-8,78144648;-63,54017437;"SPRF-RO";"DEL01-RO";"UOP01-DEL01-RO"
179938;2018-12-22;"sábado";"03:50:00";"SC";470;38,6;"GASPAR";"Sinalização da via insuficiente ou inadequada";"Saída de leito carroçável";"Com Vítimas Feridas";"Plena Noite";"Decrescente";"Céu Claro";"Simples";"Curva;Em Obras;Desvio Temporário";"Não";1;0;0;1;0;0;1;1;-26,904108;-48,980164;"SPRF-SC";"DEL04-SC";"UOP01-DEL04-SC"
179939;2018-12-22;"sábado";"04:00:00";"ES";101;264;"SERRA";"Desobediência às normas de trânsito pelo condutor";"Colisão com objeto estático";"Sem Vítimas";"Plena Noite";"Decrescente";"Céu Claro";"Múltipla";"Reta";"Sim";1;0;0;0;0;1;0;1;-20,17312279;-40,26727622;"SPRF-ES";"DEL02-ES";"UOP01-DEL02-ES"
179940;2018-12-22;"sábado";"03:40:00";"PR";376;171;"MARINGA";"Falta de Atenção à Condução";"Queda de ocupante de veículo";"Com Vítimas Feridas";"Plena Noite";"Crescente";"Nublado";"Dupla";"Reta";"Sim";2;0;1;1;0;0;2;1;-23,418228;-51,975006;"SPRF-PR";"DEL07-PR";"UOP01-DEL09-PR"
179942;2018-12-22;"sábado";"01:30:00";"SP";381;74;"SAO PAULO";"Não guardar distância de segurança";"Colisão lateral";"Sem Vítimas";"Plena Noite";"Decrescente";"Nublado";"Simples";"Curva";"Não";3;0;0;0;2;1;0;2;-23,37860721;-46,56444693;"SPRF-SP";"DEL03-SP";"UOP01-DEL03-SP"
179944;2018-12-22;"sábado";"04:00:00";"ES";262;136,7;"BREJETUBA";"Animais na Pista";"Saída de leito carroçável";"Com Vítimas Feridas";"Plena Noite";"Decrescente";"Nublado";"Simples";"Curva";"Não";3;0;1;1;1;0;2;1;-20,2381;-41,3395;"SPRF-ES";"DEL01-ES";"UOP02-DEL01-ES"
179946;2018-12-22;"sábado";"02:00:00";"PR";376;450,9;"TIBAGI";"Velocidade Incompatível";"Saída de leito carroçável";"Com Vítimas Feridas";"Plena Noite";"Crescente";"Nublado";"Dupla";"Curva";"Não";3;0;2;0;1;0;2;1;-24,87747336;-50,441841;"SPRF-PR";"DEL03-PR";"UOP02-DEL03-PR"
179947;2018-12-22;"sábado";"03:00:00";"BA";101;804;"ITAMARAJU";"Ingestão de Álcool";"Colisão frontal";"Com Vítimas Feridas";"Plena Noite";"Crescente";"Céu Claro";"Simples";"Reta";"Não";2;0;0;1;1;0;1;2;-16,9872;-39,5533;"SPRF-BA";"DEL09-BA";"UOP01-DEL09-BA"
179949;2018-12-21;"sexta-feira";"20:30:00";"PE";316;23,5;"ARARIPINA";"Desobediência às normas de trânsito pelo condutor";"Colisão transversal";"Com Vítimas Fatais";"Plena Noite";"Crescente";"Ignorado";"Simples";"Reta";"Sim";2;1;0;0;0;1;0;2;-7,582306;-40,506931;"SPRF-PE";"DEL05-PE";"UOP02-DEL05-PE"
179950;2018-10-11;"quinta-feira";"06:40:00";"DF";40;2;"BRASILIA";"Desobediência às normas de trânsito pelo condutor";"Queda de ocupante de veículo";"Com Vítimas Feridas";"Amanhecer";"Decrescente";"Céu Claro";"Dupla";"Reta";"Sim";1;0;0;1;0;0;1;1;-15,988334;-47,98697;"SPRF-DF";"DEL01-DF";"UOP01-DEL01-DF"
179951;2018-12-22;"sábado";"05:00:00";"MG";40;466,6;"SETE LAGOAS";"Defeito na Via";"Atropelamento de Pedestre";"Com Vítimas Fatais";"Plena Noite";"Crescente";"Céu Claro";"Dupla";"Reta";"Sim";3;1;0;1;0;1;1;2;-19,4548;-44,3112;"SPRF-MG";"DEL02-MG";"UOP01-DEL02-MG"
179952;2018-12-22;"sábado";"02:00:00";"MA";222;274;"ACAILANDIA";"Condutor Dormindo";"Queda de ocupante de veículo";"Com Vítimas Feridas";"Plena Noite";"Crescente";"Céu Claro";"Simples";"Reta";"Sim";2;0;0;2;0;0;2;1;-4,953812;-47,488249;"SPRF-MA";"DEL01-MA";"UOP02-DEL01-MA"
179953;2018-12-21;"sexta-feira";"22:30:00";"GO";153;210;"URUACU";"Desobediência às normas de trânsito pelo condutor";"Saída de leito carroçável";"Sem Vítimas";"Plena Noite";"Crescente";"Céu Claro";"Simples";"Rotatória";"Não";1;0;0;0;1;0;0;1;-14,605865;-49,166637;"SPRF-GO";"DEL07-GO";"UOP02-DEL07-GO"
179954;2018-12-22;"sábado";"04:00:00";"CE";116;46;"PACAJUS";"Falta de Atenção à Condução";"Saída de leito carroçável";"Com Vítimas Fatais";"Plena Noite";"Crescente";"Nublado";"Dupla";"Aclive;Curva";"Sim";2;1;0;0;0;1;0;1;-4,14402981;-38,4782848;"SPRF-CE";"DEL01-CE";"UOP02-DEL01-CE"
179955;2018-12-22;"sábado";"03:45:00";"RS";290;268;"CACHOEIRA DO SUL";"Falta de Atenção à Condução";"Colisão traseira";"Sem Vítimas";"Plena Noite";"Crescente";"Céu Claro";"Simples";"Reta";"Não";2;0;0;0;2;0;0;2;-30,270569;-52,906219;"SPRF-RS";"DEL02-RS";"UOP02-DEL02-RS"
179958;2018-12-22;"sábado";"04:15:00";"PR";277;504,2;"GUARANIACU";"Falta de Atenção à Condução";"Saída de leito carroçável";"Com Vítimas Feridas";"Plena Noite";"Decrescente";"Céu Claro";"Simples";"Viaduto";"Não";2;0;2;0;0;0;2;1;-25,13177045;-52,72486782;"SPRF-PR";"DEL04-PR";"UOP04-DEL04-PR"
179959;2018-12-22;"sábado";"05:30:00";"SC";101;225;"PALHOCA";"Falta de Atenção à Condução";"Saída de leito carroçável";"Sem Vítimas";"Plena Noite";"Decrescente";"Nublado";"Dupla";"Reta;Aclive";"Sim";1;0;0;0;1;0;0;1;-27,7422;-48,638;"SPRF-SC";"DEL01-SC";"UOP02-DEL01-SC"
179961;2018-12-22;"sábado";"06:00:00";"RJ";116;281,7;"BARRA MANSA";"Falta de Atenção à Condução";"Colisão traseira";"Com Vítimas Feridas";"Amanhecer";"Crescente";"Nublado";"Dupla";"Reta";"Não";2;0;1;0;1;0;1;2;-22,547443;-44,183659;"SPRF-RJ";"DEL07-RJ";"UOP02-DEL07-RJ"
179963;2018-12-22;"sábado";"05:30:00";"SP";116;14,4;"QUELUZ";"Falta de Atenção à Condução";"Colisão frontal";"Com Vítimas Feridas";"Amanhecer";"Crescente";"Céu Claro";"Dupla";"Curva";"Não";2;0;1;0;1;0;1;1;-22,556358;-44,819855;"SPRF-SP";"DEL08-SP";"UOP02-DEL08-SP"
179967;2018-12-22;"sábado";"06:15:00";"RS";386;172,7;"CARAZINHO";"Condutor Dormindo";"Colisão frontal";"Com Vítimas Fatais";"Pleno dia";"Crescente";"Céu Claro";"Simples";"Reta";"Não";6;3;1;1;1;0;2;2;-28,250835;-52,798668;"SPRF-RS";"DEL08-RS";"UOP01-DEL08-RS"
179968;2018-12-21;"sexta-feira";"22:50:00";"RJ";493;124;"ITAGUAI";"Velocidade Incompatível";"Queda de ocupante de veículo";"Com Vítimas Fatais";"Plena Noite";"Crescente";"Céu Claro";"Simples";"Reta";"Não";1;1;0;0;0;0;0;1;-22,90368;-43,8257;"SPRF-RJ";"DEL03-RJ";"UOP01-DEL03-RJ"
179969;2018-12-22;"sábado";"03:40:00";"SC";282;163,5;"BOM RETIRO";"Velocidade Incompatível";"Saída de leito carroçável";"Com Vítimas Feridas";"Plena Noite";"Crescente";"Céu Claro";"Simples";"Curva";"Não";2;0;1;0;1;0;1;1;-27,729801;-49,783264;"SPRF-SC";"DEL05-SC";"UOP01-DEL05-SC"
179970;2018-12-22;"sábado";"04:45:00";"SC";282;492;"FAXINAL DOS GUEDES";"Ingestão de álcool e/ou substâncias psicoativas pelo pedestre";"Saída de leito carroçável";"Sem Vítimas";"Plena Noite";"Decrescente";"Céu Claro";"Dupla";"Aclive";"Não";1;0;0;0;1;0;0;1;-26,871534;-52,300915;"SPRF-SC";"DEL07-SC";"UOP01-DEL07-SC"
179971;2018-12-22;"sábado";"04:05:00";"RO";319;61,5;"PORTO VELHO";"Ingestão de Álcool";"Colisão transversal";"Sem Vítimas";"Plena Noite";"Decrescente";"Céu Claro";"Múltipla";"Interseção de Vias";"Sim";2;0;0;0;2;0;0;2;-8,74522951;-63,88894811;"SPRF-RO";"DEL01-RO";"UOP01-DEL01-RO"
179972;2018-12-22;"sábado";"06:05:00";"SC";101;334,2;"TUBARAO";"Ingestão de Álcool";"Saída de leito carroçável";"Com Vítimas Feridas";"Pleno dia";"Crescente";"Céu Claro";"Dupla";"Declive";"Sim";1;0;1;0;0;0;1;1;-28,4701;-49,0169;"SPRF-SC";"DEL02-SC";"UOP01-DEL02-SC"
179973;2018-12-22;"sábado";"06:50:00";"MG";381;483,8;"BETIM";"Falta de Atenção à Condução";"Colisão lateral";"Com Vítimas Feridas";"Pleno dia";"Decrescente";"Céu Claro";"Múltipla";"Reta";"Sim";2;0;2;0;0;0;2;2;-19,9596;-44,0877;"SPRF-MG";"DEL01-MG";"UOP03-DEL01-MG"
179974;2018-12-09;"domingo";"08:00:00";"MG";365;17,2;"MONTES CLAROS";"Pista Escorregadia";"Saída de leito carroçável";"Com Vítimas Feridas";"Pleno dia";"Decrescente";"Garoa/Chuvisco";"Simples";"Curva";"Não";3;0;2;1;0;0;3;1;-16,877241;-43,993404;"SPRF-MG";"DEL12-MG";"UOP01-DEL12-MG"
179975;2018-12-22;"sábado";"07:00:00";"RJ";101;403;"ITAGUAI";"Defeito Mecânico no Veículo";"Capotamento";"Com Vítimas Feridas";"Pleno dia";"Crescente";"Céu Claro";"Dupla";"Reta";"Sim";3;0;1;0;2;0;1;1;-22,859251;-43,790108;"SPRF-RJ";"DEL03-RJ";"UOP01-DEL03-RJ"