"id";"data_inversa";"dia_semana";"horario";"uf";"br";"km";"municipio";"causa_acidente";"tipo_acidente";"classificacao_acidente";"fase_dia";"sentido_via";"condicao_metereologica";"tipo_pista";"tracado_via";"uso_solo";"pessoas";"mortos";"feridos_leves";"feridos_graves";"ilesos";"ignorados";"feridos";"veiculos";"latitude";"longitude";"regional";"delegacia";"uop"
179978;2018-12-22;"sábado";"06:10:00";"PB";230;27,1;"JOAO PESSOA";"Falta de Atenção à Condução";"Queda de ocupante de veículo";"Com Vítimas Feridas";"Pleno dia";"Crescente";"Garoa/Chuvisco";"Simples";"Curva";"Não";1;0;1;0;0;0;1;1;-7,16566168;-34,89484191;"SPRF-PB";"DEL01-PB";"UOP01-DEL01-PB"
179979;2018-12-22;"sábado";"05:30:00";"GO";80;67,6;"PADRE BERNARDO";"Condutor Dormindo";"Saída de leito carroçável";"Com Vítimas Feridas";"Amanhecer";"Crescente";"Ignorado";"Simples";"Reta;Declive";"Não";3;0;2;1;0;0;3;1;-15,202561;-48,457137;"SPRF-DF";"DEL01-DF";"UOP02-DEL03-DF"
179980;2018-12-22;"sábado";"07:50:00";"ES";101;103,6;"SOORETAMA";"Não guardar distância de segurança";"Colisão traseira";"Com Vítimas Feridas";"Pleno dia";"Decrescente";"Céu Claro";"Simples";"Reta";"Não";6;0;3;0;3;0;3;3;-19,04686584;-40,02731323;"SPRF-ES";"DEL04-ES";"UOP01-DEL04-ES"
179981;2018-12-22;"sábado";"07:20:00";"ES";101;265;"SERRA";"Falta de Atenção à Condução";"Colisão lateral";"Com Vítimas Feridas";"Pleno dia";"Crescente";"Céu Claro";"Dupla";"Reta";"Sim";3;0;2;0;1;0;2;2;-20,18033149;-40,26542231;"SPRF-ES";"DEL02-ES";"UOP01-DEL02-ES"
179982;2018-12-22;"sábado";"07:55:00";"SC";101;205;"SAO JOSE";"Não guardar distância de segurança";"Colisão traseira";"Com Vítimas Feridas";"Pleno dia";"Decrescente";"Céu Claro";"Múltipla";"Reta";"Não";2;0;1;0;1;0;1;2;-27,592;-48,6181;"SPRF-SC";"DEL01-SC";"UOP01-DEL01-SC"
179983;2018-12-21;"sexta-feira";"20:34:00";"BA";324;514;"FEIRA DE SANTANA";"Ingestão de Álcool";"Colisão frontal";"Com Vítimas Feridas";"Plena Noite";"Crescente";"Céu Claro";"Simples";"Reta";"Sim";2;0;1;0;1;0;1;2;-12,23572699;-38,94367933;"SPRF-BA";"DEL02-BA";"UOP01-DEL02-BA"
179984;2018-12-21;"sexta-feira";"20:00:00";"BA";324;6,9;"FEIRA DE SANTANA";"Não guardar distância de segurança";"Colisão traseira";"Com Vítimas Feridas";"Plena Noite";"Crescente";"Céu Claro";"Dupla";"Interseção de Vias";"Não";2;0;1;0;1;0;1;2;-12,26945547;-38,98777485;"SPRF-BA";"DEL02-BA";"UOP01-DEL02-BA"
179985;2018-12-22;"sábado";"07:55:00";"PR";467;93;"CASCAVEL";"Velocidade Incompatível";"Capotamento";"Com Vítimas Feridas";"Pleno dia";"Decrescente";"Céu Claro";"Dupla";"Curva";"Não";2;0;1;1;0;0;2;1;-24,8599;-53,5868;"SPRF-PR";"DEL04-PR";"UOP01-DEL04-PR"
179986;2018-12-22;"sábado";"04:15:00";"PR";153;305,7;"IMBITUVA";"Velocidade Incompatível";"Saída de leito carroçável";"Com Vítimas Feridas";"Plena Noite";"Decrescente";"Céu Claro";"Simples";"Curva";"Não";1;0;0;1;0;0;1;1;-25,259619;-50,640388;"SPRF-PR";"DEL03-PR";"UOP02-DEL08-PR"
179988;2018-12-22;"sábado";"04:15:00";"RO";364;426;"JARU";"Condutor Dormindo";"Saída de leito carroçável";"Com Vítimas Feridas";"Plena Noite";"Decrescente";"Céu Claro";"Simples";"Reta";"Sim";1;0;0;1;0;0;1;1;-10,432428;-62,479607;"SPRF-RO";"DEL03-RO";"UOP02-DEL03-RO"
179989;2018-12-22;"sábado";"05:50:00";"MT";174;571;"COMODORO";"Falta de Atenção à Condução";"Colisão transversal";"Com Vítimas Fatais";"Amanhecer";"Decrescente";"Nevoeiro/Neblina";"Simples";"Reta;Declive";"Não";7;2;0;5;0;0;5;2;-13,010924;-59,940628;"SPRF-RO";"DEL04-RO";"UOP01-DEL04-RO"
179990;2018-12-22;"sábado";"07:55:00";"SC";101;210;"SAO JOSE";"Falta de Atenção à Condução";"Colisão lateral";"Com Vítimas Feridas";"Pleno dia";"Decrescente";"Céu Claro";"Dupla";"Reta";"Não";2;0;1;0;1;0;1;2;-27,6235;-48,6524;"SPRF-SC";"DEL01-SC";"UOP01-DEL01-SC"
179991;2018-12-22;"sábado";"08:25:00";"SC";101;208;"SAO JOSE";"Falta de Atenção à Condução";"Colisão traseira";"Com Vítimas Feridas";"Pleno dia";"Crescente";"Céu Claro";"Múltipla";"Reta";"Não";4;0;2;0;2;0;2;4;-27,6101;-48,6388;"SPRF-SC";"DEL01-SC";"UOP01-DEL01-SC"
179992;2018-12-22;"sábado";"07:45:00";"RS";116;553,9;"CAPAO DO LEAO";"Falta de Atenção à Condução";"Saída de leito carroçável";"Com Vítimas Feridas";"Pleno dia";"Decrescente";"Sol";"Simples";"Reta";"Não";3;0;0;3;0;0;3;1;-31,88436101;-52,64110241;"SPRF-RS";"DEL07-RS";"UOP03-DEL07-RS"
179994;2018-12-22;"sábado";"07:53:00";"SP";101;49,3;"UBATUBA";"Falta de Atenção à Condução";"Colisão traseira";"Com Vítimas Feridas";"Pleno dia";"Crescente";"Céu Claro";"Simples";"Reta";"Sim";3;0;2;0;1;0;2;2;-23,444124;-45,08374;"SPRF-SP";"DEL06-SP";"UOP01-DEL06-SP"
179995;2018-12-22;"sábado";"08:30:00";"SC";470;68;"INDAIAL";"Falta de Atenção à Condução";"Colisão transversal";"Com Vítimas Feridas";"Pleno dia";"Crescente";"Céu Claro";"Simples";"Reta";"Não";2;0;2;0;0;0;2;2;-26,877615;-49,239231;"SPRF-SC";"DEL04-SC";"UOP01-DEL04-SC"
179997;2018-12-22;"sábado";"08:30:00";"RS";285;151,1;"MUITOS CAPOES";"Velocidade Incompatível";"Saída de leito carroçável";"Com Vítimas Feridas";"Pleno dia";"Decrescente";"Nublado";"Simples";"Curva";"Não";4;0;2;0;2;0;2;1;-28,34384;-51,148235;"SPRF-RS";"DEL05-RS";"UOP03-DEL05-RS"
179998;2018-12-22;"sábado";"08:20:00";"GO";153;543,6;"PIRACANJUBA";"Falta de Atenção à Condução";"Saída de leito carroçável";"Sem Vítimas";"Pleno dia";"Crescente";"Céu Claro";"Dupla";"Reta";"Não";1;0;0;0;1;0;0;1;-17,0814;-49,2246;"SPRF-GO";"DEL01-GO";"UOP03-DEL01-GO"
179999;2018-12-22;"sábado";"08:20:00";"RJ";40;105;"DUQUE DE CAXIAS";"Falta de Atenção à Condução";"Colisão transversal";"Com Vítimas Feridas";"Pleno dia";"Crescente";"Céu Claro";"Múltipla";"Reta";"Sim";3;0;1;0;1;1;1;3;-22,6476;-43,2836;"SPRF-RJ";"DEL01-RJ";"UOP01-DEL01-RJ"
180000;2018-12-22;"sábado";"08:55:00";"SC";101;25;"JOINVILLE";"Falta de Atenção à Condução";"Colisão traseira";"Sem Vítimas";"Pleno dia";"Crescente";"Sol";"Dupla";"Reta";"Não";2;0;0;0;2;0;0;2;-26,1925;-48,912;"SPRF-SC";"DEL03-SC";"UOP01-DEL03-SC"
180004;2018-12-22;"sábado";"07:10:00";"CE";116;47;"PACAJUS";"Desobediência às normas de trânsito pelo condutor";"Colisão transversal";"Com Vítimas Feridas";"Pleno dia";"Decrescente";"Céu Claro";"Múltipla";"Retorno Regulamentado";"Não";5;0;1;0;4;0;1;2;-4,1639;-38,4873;"SPRF-CE";"DEL01-CE";"UOP02-DEL01-CE"
180005;2018-12-21;"sexta-feira";"23:55:00";"RN";226;150,9;"CURRAIS NOVOS";"Falta de Atenção à Condução";"Capotamento";"Com Vítimas Feridas";"Plena Noite";"Decrescente";"Céu Claro";"Simples";"Reta";"Não";1;0;0;1;0;0;1;1;-6,201923;-36,394093;"SPRF-RN";"DEL03-RN";"UOP02-DEL03-RN"
180007;2018-12-22;"sábado";"09:00:00";"PR";476;127;"CURITIBA";"Falta de Atenção à Condução";"Colisão lateral";"Com Vítimas Feridas";"Pleno dia";"Crescente";"Céu Claro";"Múltipla";"Viaduto";"Não";2;0;1;0;1;0;1;2;-25,425167;-49,227158;"SPRF-PR";"DEL01-PR";"UOP07-DEL01-PR"
180008;2018-12-22;"sábado";"08:50:00";"SC";101;46,5;"JOINVILLE";"Não guardar distância de segurança";"Colisão traseira";"Com Vítimas Feridas";"Pleno dia";"Crescente";"Céu Claro";"Dupla";"Reta";"Não";5;0;1;0;4;0;1;4;-26,3667;-48,858;"SPRF-SC";"DEL03-SC";"UOP01-DEL03-SC"
180009;2018-12-22;"sábado";"08:20:00";"SC";101;118,5;"ITAJAI";"Não guardar distância de segurança";"Colisão traseira";"Com Vítimas Feridas";"Pleno dia";"Crescente";"Céu Claro";"Dupla";"Reta";"Sim";2;0;1;0;1;0;1;2;-26,9045;-48,7153;"SPRF-SC";"DEL04-SC";"UOP04-DEL04-SC"
180010;2018-12-22;"sábado";"08:00:00";"SC";282;154,5;"BOM RETIRO";"Falta de Atenção do Pedestre";"Atropelamento de Pedestre";"Com Vítimas Feridas";"Pleno dia";"Decrescente";"Nublado";"Simples";"Aclive;Reta";"Não";3;0;0;1;1;1;1;2;-27,754395;-49,69775;"SPRF-SC";"DEL05-SC";"UOP01-DEL05-SC"
180011;2018-12-22;"sábado";"08:00:00";"PI";316;4;"TERESINA";"Não guardar distância de segurança";"Colisão traseira";"Sem Vítimas";"Pleno dia";"Decrescente";"Céu Claro";"Múltipla";"Reta";"Sim";2;0;0;0;2;0;0;2;-5,136601;-42,788982;"SPRF-PI";"DEL01-PI";"UOP02-DEL01-PI"
180012;2018-12-22;"sábado";"09:35:00";"DF";20;21;"BRASILIA";"Falta de Atenção à Condução";"Colisão traseira";"Com Vítimas Feridas";"Pleno dia";"Crescente";"Sol";"Dupla";"Reta";"Sim";2;0;1;0;1;0;1;2;-15,603384;-47,684692;"SPRF-DF";"DEL02-DF";"UOP01-DEL02-DF"
180013;2018-12-22;"sábado";"09:30:00";"PR";376;489,2;"PONTA GROSSA";"Não guardar distância de segurança";"Colisão traseira";"Com Vítimas Feridas";"Pleno dia";"Decrescente";"Sol";"Dupla";"Reta";"Sim";3;0;1;0;2;0;1;2;-25,09444576;-50,19672632;"SPRF-PR";"DEL03-PR";"UOP04-DEL03-PR"
180014;2018-12-22;"sábado";"09:00:00";"SP";116;375,5;"MIRACATU";"Defeito Mecânico no Veículo";"Incêndio";"Sem Vítimas";"Pleno dia";"Crescente";"Sol";"Dupla";"Curva";"Sim";1;0;0;0;1;0;0;1;-24,18530643;-47,35930676;"SPRF-SP";"DEL04-SP";"UOP02-DEL04-SP"
180015;2018-12-22;"sábado";"09:30:00";"RJ";101;49;"CAMPOS DOS GOYTACAZES";"Falta de Atenção à Condução";"Colisão com objeto estático";"Com Vítimas Feridas";"Pleno dia";"Decrescente";"Céu Claro";"Simples";"Reta";"Sim";2;0;2;0;0;0;2;1;-21,625076;-41,314114;"SPRF-RJ";"DEL08-RJ";"UOP01-DEL08-RJ"
180016;2018-12-22;"sábado";"07:30:00";"PI";316;179;"VALENCA DO PIAUI";"Falta de Atenção à Condução";"Saída de leito carroçável";"Com Vítimas Fatais";"Pleno dia";"Decrescente";"Céu Claro";"Simples";"Reta";"Não";1;1;0;0;0;0;0;1;-6,237928;-41,97559;"SPRF-PI";"DEL04-PI";"UOP02-DEL04-PI"
180017;2018-12-22;"sábado";"09:45:00";"SC";101;214;"PALHOCA";"Ingestão de Álcool";"Colisão lateral";"Com Vítimas Feridas";"Pleno dia";"Crescente";"Sol";"Múltipla";"Interseção de Vias";"Sim";2;0;1;0;0;1;1;2;-27,652;-48,676;"SPRF-SC";"DEL01-SC";"UOP02-DEL01-SC"
180018;2018-12-22;"sábado";"09:50:00";"GO";60;72;"ABADIANIA";"Falta de Atenção à Condução";"Capotamento";"Com Vítimas Feridas";"Pleno dia";"Crescente";"Céu Claro";"Dupla";"Curva";"Não";5;0;2;0;3;0;2;1;-16,2636;-48,764;"SPRF-GO";"DEL02-GO";"UOP01-DEL02-GO"
180019;2018-12-22;"sábado";"10:00:00";"MG";40;510;"RIBEIRAO DAS NEVES";"Falta de Atenção à Condução";"Colisão traseira";"Com Vítimas Feridas";"Pleno dia";"Decrescente";"Céu Claro";"Dupla";"Reta";"Não";3;0;1;1;1;0;2;2;-19,7844;-44,1152;"SPRF-MG";"DEL01-MG";"UOP03-DEL01-MG"
180022;2018-12-22;"sábado";"09:35:00";"PR";163;352;"GUAIRA";"Falta de Atenção à Condução";"Colisão traseira";"Com Vítimas Feridas";"Pleno dia";"Crescente";"Céu Claro";"Simples";"Ponte";"Não";3;0;2;0;1;0;2;2;-24,0634;-54,2542;"SPRF-PR";"DEL06-PR";"UOP01-DEL06-PR"
180023;2018-12-22;"sábado";"09:55:00";"SP";116;115;"TAUBATE";"Falta de Atenção à Condução";"Colisão traseira";"Com Vítimas Feridas";"Pleno dia";"Decrescente";"Céu Claro";"Dupla";"Reta";"Não";2;0;1;0;1;0;1;1;-23,049601;-45,599728;"SPRF-SP";"DEL06-SP";"UOP02-DEL02-SP"
180027;2018-12-22;"sábado";"10:20:00";"MG";354;752,5;"ITAMONTE";"Falta de Atenção à Condução";"Colisão frontal";"Com Vítimas Feridas";"Pleno dia";"Crescente";"Céu Claro";"Simples";"Reta";"Sim";2;0;0;1;1;0;1;2;-22,29126715;-44,86621858;"SPRF-MG";"DEL16-MG";"UOP02-DEL16-MG"
180028;2018-12-22;"sábado";"09:30:00";"SC";101;27;"JOINVILLE";"Falta de Atenção à Condução";"Colisão transversal";"Com Vítimas Feridas";"Pleno dia";"Decrescente";"Sol";"Simples";"Rotatória";"Sim";2;0;1;0;1;0;1;2;-26,20307856;-48,91379356;"SPRF-SC";"DEL03-SC";"UOP01-DEL03-SC"
180029;2018-12-22;"sábado";"10:10:00";"RS";101;22;"TRES CACHOEIRAS";"Animais na Pista";"Tombamento";"Com Vítimas Feridas";"Pleno dia";"Decrescente";"Céu Claro";"Dupla";"Curva";"Sim";2;0;2;0;0;0;2;1;-29,439827;-49,901169;"SPRF-RS";"DEL03-RS";"DEL9/3-UOP03/RS"
180030;2018-12-22;"sábado";"09:45:00";"MS";262;35,1;"TRES LAGOAS";"Condutor Dormindo";"Saída de leito carroçável";"Com Vítimas Feridas";"Pleno dia";"Crescente";"Céu Claro";"Simples";"Reta";"Não";4;0;4;0;0;0;4;1;-20,787876;-51,922401;"SPRF-MS";"DEL07-MS";"UOP01-DEL07-MS"
180031;2018-12-22;"sábado";"10:55:00";"GO";153;618,4;"MORRINHOS";"Falta de Atenção à Condução";"Saída de leito carroçável";"Com Vítimas Feridas";"Pleno dia";"Crescente";"Céu Claro";"Dupla";"Curva";"Não";1;0;1;0;0;0;1;1;-17,7039;-49,1552;"SPRF-GO";"DEL03-GO";"UOP01-DEL03-GO"
180032;2018-12-22;"sábado";"10:50:00";"SC";101;197,9;"BIGUACU";"Falta de Atenção à Condução";"Queda de ocupante de veículo";"Com Vítimas Feridas";"Pleno dia";"Decrescente";"Céu Claro";"Múltipla";"Reta";"Sim";2;0;2;0;0;0;2;1;-27,5267;-48,6349;"SPRF-SC";"DEL01-SC";"UOP01-DEL01-SC"
180033;2018-12-06;"quinta-feira";"05:50:00";"RS";470;218;"BENTO GONCALVES";"Falta de Atenção à Condução";"Colisão frontal";"Com Vítimas Feridas";"Amanhecer";"Decrescente";"Céu Claro";"Dupla";"Curva";"Não";2;0;1;1;0;0;2;2;-29,18074033;-51,51967948;"SPRF-RS";"DEL06-RS";"UOP01-DEL06-RS"
180034;2018-12-22;"sábado";"11:00:00";"RS";386;340,4;"LAJEADO";"Velocidade Incompatível";"Colisão traseira";"Com Vítimas Feridas";"Pleno dia";"Crescente";"Sol";"Simples";"Reta";"Não";4;0;1;0;3;0;1;2;-29,417793;-52,024105;"SPRF-RS";"DEL04-RS";"UOP01-DEL04-RS"
180035;2018-12-22;"sábado";"10:00:00";"AL";101;112;"PILAR";"Não guardar distância de segurança";"Colisão transversal";"Sem Vítimas";"Pleno dia";"Decrescente";"Céu Claro";"Simples";"Reta";"Não";1;0;0;0;1;0;0;1;-9,619632;-36,029274;"SPRF-AL";"DEL02-AL";"UOP01-DEL02-AL"
180037;2018-12-22;"sábado";"11:00:00";"RS";386;246,5;"SOLEDADE";"Desobediência às normas de trânsito pelo condutor";"Colisão transversal";"Com Vítimas Feridas";"Pleno dia";"Crescente";"Nublado";"Simples";"Reta";"Sim";3;0;2;0;1;0;2;2;-28,808382;-52,502323;"SPRF-RS";"DEL04-RS";"NPF/DEL04-RS"
180038;2018-12-22;"sábado";"11:10:00";"SC";282;5;"SAO JOSE";"Falta de Atenção à Condução";"Colisão traseira";"Com Vítimas Feridas";"Pleno dia";"Decrescente";"Céu Claro";"Dupla";"Reta";"Sim";2;0;1;0;1;0;1;2;-27,588425;-48,612919;"SPRF-SC";"DEL01-SC";"UOP01-DEL01-SC"
180040;2018-12-22;"sábado";"08:00:00";"AC";364;122;"RIO BRANCO";"Desobediência às normas de trânsito pelo condutor";"Colisão lateral";"Com Vítimas Feridas";"Pleno dia";"Crescente";"Nublado";"Dupla";"Reta";"Não";1;0;1;0;0;0;1;1;-10,011882;-67,773392;"SPRF-AC";"DEL01-AC";"UOP01-DEL01-AC"
180042;2018-12-22;"sábado";"11:15:00";"SC";101;207,7;"SAO JOSE";"Falta de Atenção à Condução";"Engavetamento";"Com Vítimas Feridas";"Pleno dia";"Crescente";"Céu Claro";"Múltipla";"Reta";"Sim";5;0;2;0;3;0;2;4;-27,6034;-48,632;"SPRF-SC";"DEL01-SC";"UOP01-DEL01-SC"
180043;2018-12-22;"sábado";"11:30:00";"ES";101;258,4;"SERRA";"Defeito Mecânico no Veículo";"Colisão traseira";"Com Vítimas Feridas";"Pleno dia";"Crescente";"Sol";"Dupla";"Declive";"Sim";2;0;0;1;1;0;1;2;-20,13306382;-40,29347512;"SPRF-ES";"DEL02-ES";"UOP01-DEL02-ES"
180046;2018-12-22;"sábado";"11:50:00";"MG";116;529,8;"CARATINGA";"Falta de Atenção à Condução";"Colisão traseira";"Com Vítimas Feridas";"Pleno dia";"Crescente";"Céu Claro";"Simples";"Reta";"Sim";3;0;1;0;2;0;1;3;-19,793896;-42,137407;"SPRF-MG";"DEL06-MG";"UOP02-DEL06-MG"
180047;2018-12-22;"sábado";"10:30:00";"BA";20;62;"CORRENTINA";"Condutor Dormindo";"Capotamento";"Com Vítimas Fatais";"Pleno dia";"Crescente";"Céu Claro";"Simples";"Reta";"Não";5;1;0;1;3;0;1;1;-13,4483;-46,0927;"SPRF-BA";"DEL10-BA";"UOP01-DEL10-BA"
180048;2018-12-22;"sábado";"12:00:00";"SC";282;19;"PALHOCA";"Falta de Atenção à Condução";"Colisão traseira";"Com Vítimas Feridas";"Pleno dia";"Crescente";"Céu Claro";"Simples";"Aclive";"Sim";2;0;1;0;1;0;1;2;-27,678635;-48,70192;"SPRF-SC";"DEL01-SC";"UOP02-DEL01-SC"
180049;2018-12-22;"sábado";"11:30:00";"RS";285;541,3;"SAO LUIZ GONZAGA";"Velocidade Incompatível";"Saída de leito carroçável";"Com Vítimas Feridas";"Pleno dia";"Crescente";"Sol";"Simples";"Reta";"Não";2;0;2;0;0;0;2;1;-28,40819;-54,702522;"SPRF-RS";"DEL10-RS";"UOP01-DEL10-RS"
180050;2018-12-22;"sábado";"09:20:00";"CE";20;278,9;"CANINDE";"Defeito na Via";"Colisão lateral";"Com Vítimas Feridas";"Pleno dia";"Decrescente";"Céu Claro";"Simples";"Reta";"Não";3;0;2;0;1;0;2;2;-4,588733;-39,363049;"SPRF-CE";"DEL02-CE";"UOP01-DEL02-CE"
180051;2018-12-22;"sábado";"11:40:00";"SC";280;126,6;"RIO NEGRINHO";"Falta de Atenção à Condução";"Colisão transversal";"Com Vítimas Feridas";"Pleno dia";"Crescente";"Sol";"Simples";"Declive;Reta";"Sim";3;0;1;0;2;0;1;2;-26,237795;-49,494263;"SPRF-SC";"DEL06-SC";"UOP03-DEL06-SC"
180053;2018-12-22;"sábado";"10:35:00";"PE";101;49;"ABREU E LIMA";"Falta de Atenção do Pedestre";"Atropelamento de Pedestre";"Com Vítimas Feridas";"Pleno dia";"Crescente";"Sol";"Dupla";"Reta";"Sim";3;0;1;0;2;0;1;2;-7,9068;-34,9013;"SPRF-PE";"DEL01-PE";"UOP02-DEL01-PE"
180054;2018-12-22;"sábado";"10:30:00";"BA";116;545;"MILAGRES";"Falta de Atenção à Condução";"Colisão traseira";"Com Vítimas Feridas";"Pleno dia";"Decrescente";"Céu Claro";"Simples";"Reta";"Sim";6;0;1;0;5;0;1;4;-12,865;-39,854;"SPRF-BA";"DEL03-BA";"UOP02-DEL03-BA"
180055;2018-12-22;"sábado";"11:30:00";"SC";101;414;"ARARANGUA";"Falta de Atenção à Condução";"Colisão traseira";"Com Vítimas Feridas";"Pleno dia";"Decrescente";"Nublado";"Simples";"Reta";"Sim";4;0;1;0;3;0;1;4;-28,9592;-49,5151;"SPRF-SC";"DEL02-SC";"UOP02-DEL02-SC"
180061;2018-12-22;"sábado";"11:00:00";"SC";470;175,5;"POUSO REDONDO";"Falta de Atenção do Pedestre";"Atropelamento de Pedestre";"Com Vítimas Feridas";"Pleno dia";"Crescente";"Sol";"Simples";"Interseção de Vias";"Sim";2;0;1;0;1;0;1;2;-27,25617;-49,938969;"SPRF-SC";"DEL04-SC";"UOP02-DEL04-SC"
180062;2018-12-14;"sexta-feira";"07:25:00";"PR";476;141;"CURITIBA";"Falta de Atenção à Condução";"Colisão lateral";"Com Vítimas Feridas";"Pleno dia";"Crescente";"Sol";"Dupla";"Reta";"Sim";3;0;0;2;1;0;2;2;-25,53438722;-49,3009758;"SPRF-PR";"DEL01-PR";"UOP07-DEL01-PR"
180063;2018-12-22;"sábado";"13:00:00";"SP";116;212;"GUARULHOS";"Falta de Atenção à Condução";"Colisão traseira";"Com Vítimas Feridas";"Pleno dia";"Crescente";"Céu Claro";"Múltipla";"Reta";"Não";2;0;1;0;1;0;1;2;-23,43697614;-46,43077612;"SPRF-SP";"DEL01-SP";"UOP01-DEL01-SP"
180066;2018-12-22;"sábado";"13:15:00";"MG";116;703,3;"MURIAE";"Desobediência às normas de trânsito pelo condutor";"Colisão transversal";"Com Vítimas Feridas";"Pleno dia";"Decrescente";"Céu Claro";"Simples";"Interseção de Vias";"Sim";2;0;2;0;0;0;2;2;-21,11507917;-42,37998605;"SPRF-MG";"DEL07-MG";"UOP02-DEL07-MG"
180068;2018-12-22;"sábado";"13:10:00";"SP";381;31;"ATIBAIA";"Não guardar distância de segurança";"Tombamento";"Com Vítimas Feridas";"Pleno dia";"Decrescente";"Sol";"Dupla";"Reta";"Sim";2;0;2;0;0;0;2;1;-23,056067;-46,570698;"SPRF-SP";"DEL03-SP";"UOP02-DEL03-SP"
180069;2018-12-22;"sábado";"13:00:00";"MG";40;525;"CONTAGEM";"Ingestão de Álcool";"Colisão lateral";"Sem Vítimas";"Pleno dia";"Crescente";"Céu Claro";"Dupla";"Reta";"Não";2;0;0;0;2;0;0;2;-19,8971;-44,0497;"SPRF-MG";"DEL01-MG";"UOP03-DEL01-MG"
180070;2018-12-22;"sábado";"12:50:00";"SP";381;58;"MAIRIPORA";"Não guardar distância de segurança";"Colisão traseira";"Com Vítimas Feridas";"Pleno dia";"Decrescente";"Nublado";"Dupla";"Reta";"Não";4;0;2;0;2;0;2;3;-23,27647699;-46,58553434;"SPRF-SP";"DEL03-SP";"UOP01-DEL03-SP"
180073;2018-12-22;"sábado";"13:30:00";"PR";277;427,2;"CANTAGALO";"Pista Escorregadia";"Queda de ocupante de veículo";"Com Vítimas Feridas";"Pleno dia";"Crescente";"Chuva";"Simples";"Curva";"Não";2;0;2;0;0;0;2;1;-25,3866819;-52,17587471;"SPRF-PR";"DEL04-PR";"UOP02-DEL04-PR"
180074;2018-12-22;"sábado";"13:00:00";"SC";280;129,8;"RIO NEGRINHO";"Desobediência às normas de trânsito pelo condutor";"Queda de ocupante de veículo";"Com Vítimas Feridas";"Pleno dia";"Crescente";"Céu Claro";"Simples";"Declive;Reta";"Sim";3;0;2;0;1;0;2;2;-26,24595575;-49,52334166;"SPRF-SC";"DEL06-SC";"UOP03-DEL06-SC"
180076;2018-12-22;"sábado";"12:40:00";"SE";101;18;"SAO FRANCISCO";"Ingestão de Álcool";"Colisão transversal";"Com Vítimas Feridas";"Pleno dia";"Crescente";"Sol";"Dupla";"Reta";"Não";3;0;0;2;1;0;2;2;-10,34921732;-36,9006139;"SPRF-SE";"DEL02-SE";"UOP02-DEL02-SE"
180077;2018-12-22;"sábado";"12:40:00";"MG";40;462;"SETE LAGOAS";"Condutor Dormindo";"Saída de leito carroçável";"Com Vítimas Feridas";"Pleno dia";"Crescente";"Sol";"Dupla";"Curva";"Não";2;0;0;2;0;0;2;1;-19,4295;-44,3368;"SPRF-MG";"DEL02-MG";"UOP01-DEL02-MG"
180078;2018-12-22;"sábado";"11:38:00";"PR";369;369,6;"CAMPO MOURAO";"Ultrapassagem Indevida";"Saída de leito carroçável";"Com Vítimas Feridas";"Pleno dia";"Crescente";"Céu Claro";"Simples";"Curva";"Não";1;0;1;0;0;0;1;1;-24,1324;-52,4378;"SPRF-PR";"DEL04-PR";"UOP03-DEL09-PR"
180079;2018-12-22;"sábado";"13:35:00";"PR";476;157,2;"ARAUCARIA";"Falta de Atenção à Condução";"Colisão traseira";"Com Vítimas Feridas";"Pleno dia";"Crescente";"Céu Claro";"Simples";"Curva";"Sim";2;0;1;0;1;0;1;2;-25,60639;-49,421112;"SPRF-PR";"DEL01-PR";"UOP06-DEL01-PR"
180080;2018-12-22;"sábado";"13:20:00";"MG";381;603,6;"OLIVEIRA";"Velocidade Incompatível";"Saída de leito carroçável";"Com Vítimas Fatais";"Pleno dia";"Crescente";"Chuva";"Dupla";"Curva";"Não";4;1;2;0;1;0;2;1;-20,623216;-44,733617;"SPRF-MG";"DEL04-MG";"UOP01-DEL04-MG"
180084;2018-12-22;"sábado";"11:15:00";"MG";50;116,9;"UBERABA";"Defeito Mecânico no Veículo";"Queda de ocupante de veículo";"Com Vítimas Feridas";"Pleno dia";"Decrescente";"Céu Claro";"Dupla";"Reta";"Não";2;0;2;0;0;0;2;1;-19,2841;-48,1206;"SPRF-MG";"DEL13-MG";"UOP01-DEL13-MG"
180086;2018-12-22;"sábado";"13:10:00";"SP";116;211,8;"GUARULHOS";"Desobediência às normas de trânsito pelo condutor";"Capotamento";"Com Vítimas Feridas";"Pleno dia";"Crescente";"Céu Claro";"Múltipla";"Declive";"Sim";4;0;3;0;1;0;3;2;-23,4365737;-46,42982107;"SPRF-SP";"DEL01-SP";"UOP01-DEL01-SP"
180087;2018-12-22;"sábado";"12:15:00";"RJ";0;0;"NOVA IGUACU";"Velocidade Incompatível";"Colisão transversal";"Com Vítimas Feridas";"Pleno dia";"Não Informado";"Céu Claro";"Simples";"Interseção de Vias";"Sim";2;0;0;1;1;0;1;2;-22,77719446;-43,42005014;"SPRF-RJ";"DEL01-RJ";"UOP02-DEL01-RJ"
180088;2018-12-22;"sábado";"11:40:00";"MG";381;883,2;"ESTIVA";"Falta de Atenção à Condução";"Saída de leito carroçável";"Com Vítimas Feridas";"Pleno dia";"Crescente";"Nublado";"Dupla";"Reta";"Não";2;0;1;0;1;0;1;1;-22,4925;-46,0116;"SPRF-MG";"DEL16-MG";"UOP01-DEL16-MG"