"id";"data_inversa";"dia_semana";"horario";"uf";"br";"km";"municipio";"causa_acidente";"tipo_acidente";"classificacao_acidente";"fase_dia";"sentido_via";"condicao_metereologica";"tipo_pista";"tracado_via";"uso_solo";"pessoas";"mortos";"feridos_leves";"feridos_graves";"ilesos";"ignorados";"feridos";"veiculos";"latitude";"longitude";"regional";"delegacia";"uop"
180090;2018-12-22;"sábado";"12:00:00";"CE";222;123,5;"ITAPAJE";"Falta de Atenção à Condução";"Colisão transversal";"Com Vítimas Feridas";"Pleno dia";"Decrescente";"Céu Claro";"Simples";"Reta;Interseção de Vias";"Sim";2;0;0;1;1;0;1;2;-3,694553;-39,581676;"SPRF-CE";"DEL04-CE";"UOP03-DEL04-CE"
180092;2018-12-22;"sábado";"11:45:00";"SC";470;233;"SAO CRISTOVAO DO SUL";"Defeito Mecânico no Veículo";"Queda de ocupante de veículo";"Com Vítimas Feridas";"Pleno dia";"Crescente";"Nublado";"Simples";"Reta";"Não";2;0;1;0;1;0;1;2;-27,301607;-50,421268;"SPRF-SC";"DEL05-SC";"UOP03-DEL05-SC"
180093;2018-12-22;"sábado";"13:35:00";"MG";381;885,5;"ESTIVA";"Velocidade Incompatível";"Saída de leito carroçável";"Com Vítimas Feridas";"Pleno dia";"Crescente";"Garoa/Chuvisco";"Dupla";"Curva";"Não";3;0;3;0;0;0;3;1;-22,5089;-46,0171;"SPRF-MG";"DEL16-MG";"UOP01-DEL16-MG"
180094;2018-12-22;"sábado";"13:20:00";"MA";316;157,6;"NOVA OLINDA DO MARANHAO";"Falta de Atenção do Pedestre";"Atropelamento de Pedestre";"Com Vítimas Feridas";"Pleno dia";"Crescente";"Céu Claro";"Simples";"Reta";"Não";2;0;1;0;1;0;1;2;-2,913022;-45,67572;"SPRF-MA";"DEL02-MA";"UOP02-DEL02-MA"
180096;2018-12-22;"sábado";"12:35:00";"SC";116;182,2;"SAO CRISTOVAO DO SUL";"Velocidade Incompatível";"Saída de leito carroçável";"Com Vítimas Feridas";"Pleno dia";"Decrescente";"Nublado";"Simples";"Reta";"Não";2;0;2;0;0;0;2;1;-27,270414;-50,440971;"SPRF-SC";"DEL05-SC";"UOP03-DEL05-SC"
180100;2018-12-22;"sábado";"14:50:00";"MG";50;56,3;"UBERLANDIA";"Desobediência às normas de trânsito pelo condutor";"Colisão traseira";"Com Vítimas Feridas";"Pleno dia";"Crescente";"Céu Claro";"Dupla";"Curva";"Não";2;0;1;0;1;0;1;2;-18,7896;-48,2311;"SPRF-MG";"DEL15-MG";"UOP02-DEL15-MG"
180101;2018-12-22;"sábado";"14:45:00";"RJ";493;105;"ITAGUAI";"Defeito Mecânico no Veículo";"Capotamento";"Com Vítimas Feridas";"Pleno dia";"Decrescente";"Céu Claro";"Dupla";"Reta";"Não";3;0;1;0;2;0;1;1;-22,7466;-43,72468;"SPRF-RJ";"DEL03-RJ";"UOP01-DEL03-RJ"
180104;2018-12-22;"sábado";"14:30:00";"MG";262;380;"JUATUBA";"Velocidade Incompatível";"Capotamento";"Com Vítimas Feridas";"Pleno dia";"Decrescente";"Nublado";"Dupla";"Curva";"Não";2;0;2;0;0;0;2;1;-19,9356;-44,4406;"SPRF-MG";"DEL01-MG";"UOP03-DEL01-MG"
180105;2018-12-22;"sábado";"12:45:00";"CE";116;41;"HORIZONTE";"Ingestão de Álcool";"Colisão com objeto estático";"Sem Vítimas";"Pleno dia";"Crescente";"Céu Claro";"Múltipla";"Declive";"Sim";1;0;0;0;1;0;0;1;-4,1146;-38,4893;"SPRF-CE";"DEL01-CE";"UOP02-DEL01-CE"
180106;2018-12-22;"sábado";"14:05:00";"SC";101;162,9;"TIJUCAS";"Desobediência às normas de trânsito pelo condutor";"Colisão transversal";"Com Vítimas Feridas";"Pleno dia";"Crescente";"Sol";"Dupla";"Viaduto";"Sim";2;0;1;0;1;0;1;2;-27,2325;-48,6299;"SPRF-SC";"DEL04-SC";"UOP03-DEL04-SC"
180108;2018-12-22;"sábado";"14:15:00";"AL";316;249;"PILAR";"Falta de Atenção do Pedestre";"Atropelamento de Pedestre";"Com Vítimas Feridas";"Pleno dia";"Decrescente";"Céu Claro";"Simples";"Reta";"Não";2;0;1;1;0;0;2;2;-9,563696;-35,971119;"SPRF-AL";"DEL01-AL";"UOP01-DEL01-AL"
180109;2018-12-22;"sábado";"14:15:00";"MT";163;833;"SINOP";"Ingestão de Álcool";"Queda de ocupante de veículo";"Com Vítimas Feridas";"Pleno dia";"Decrescente";"Céu Claro";"Simples";"Reta";"Sim";1;0;0;1;0;0;1;1;-11,87507845;-55,49880981;"SPRF-MT";"DEL06-MT";"UOP01-DEL06-MT"
180110;2018-12-22;"sábado";"15:05:00";"SC";101;334;"TUBARAO";"Falta de Atenção à Condução";"Colisão transversal";"Com Vítimas Feridas";"Pleno dia";"Crescente";"Céu Claro";"Múltipla";"Reta";"Sim";2;0;1;0;1;0;1;2;-28,4701;-49,0169;"SPRF-SC";"DEL02-SC";"UOP01-DEL02-SC"
180111;2018-12-22;"sábado";"14:05:00";"MG";251;382,4;"GRAO MOGOL";"Defeito na Via";"Colisão frontal";"Com Vítimas Feridas";"Pleno dia";"Crescente";"Céu Claro";"Simples";"Reta";"Não";6;0;6;0;0;0;6;2;-16,2969;-42,7767;"SPRF-MG";"DEL12-MG";"UOP01-DEL12-MG"
180112;2018-12-22;"sábado";"14:30:00";"BA";410;11;"RIBEIRA DO POMBAL";"Falta de Atenção à Condução";"Colisão transversal";"Com Vítimas Feridas";"Pleno dia";"Decrescente";"Céu Claro";"Simples";"Reta";"Não";6;0;0;1;5;0;1;2;-10,866521;-38,616138;"SPRF-BA";"DEL07-BA";"UOP02-DEL07-BA"
180113;2018-12-22;"sábado";"14:45:00";"SP";381;50;"ATIBAIA";"Ingestão de Álcool";"Colisão traseira";"Sem Vítimas";"Pleno dia";"Crescente";"Céu Claro";"Dupla";"Reta";"Não";4;0;0;0;4;0;0;4;-23,21636966;-46,59376145;"SPRF-SP";"DEL03-SP";"UOP01-DEL03-SP"
180115;2018-12-22;"sábado";"14:40:00";"PR";476;149;"ARAUCARIA";"Pista Escorregadia";"Tombamento";"Com Vítimas Feridas";"Pleno dia";"Crescente";"Sol";"Simples";"Reta";"Não";1;0;1;0;0;0;1;1;-25,557926;-49,358585;"SPRF-PR";"DEL01-PR";"UOP06-DEL01-PR"
180116;2018-12-22;"sábado";"12:30:00";"RN";226;8;"NATAL";"Condutor Dormindo";"Colisão frontal";"Com Vítimas Feridas";"Pleno dia";"Crescente";"Céu Claro";"Simples";"Curva";"Sim";3;0;2;0;1;0;2;2;-5,83468823;-35,27959187;"SPRF-RN";"DEL01-RN";"UOP02-DEL01-RN"
180118;2018-12-22;"sábado";"13:45:00";"BA";101;159;"CONCEICAO DO JACUIPE";"Condutor Dormindo";"Saída de leito carroçável";"Com Vítimas Feridas";"Pleno dia";"Crescente";"Céu Claro";"Simples";"Curva";"Não";3;0;1;1;1;0;2;1;-12,3423;-38,7636;"SPRF-BA";"DEL01-BA";"UOP03-DEL01-BA"
180119;2018-12-22;"sábado";"14:20:00";"MG";381;929,9;"ITAPEVA";"Velocidade Incompatível";"Saída de leito carroçável";"Com Vítimas Feridas";"Pleno dia";"Crescente";"Céu Claro";"Dupla";"Curva";"Não";2;0;1;0;1;0;1;1;-22,7766;-46,2388;"SPRF-MG";"DEL16-MG";"UOP03-DEL16-MG"
180120;2018-12-22;"sábado";"14:40:00";"MG";146;597,3;"POCOS DE CALDAS";"Ultrapassagem Indevida";"Colisão frontal";"Com Vítimas Feridas";"Pleno dia";"Decrescente";"Nublado";"Simples";"Curva";"Não";5;0;3;0;1;1;3;3;-21,7569897;-46,40531914;"SPRF-MG";"DEL13-MG";"UOP01-DEL13-MG"
180121;2018-12-22;"sábado";"15:40:00";"GO";40;5;"VALPARAISO DE GOIAS";"Falta de Atenção à Condução";"Colisão traseira";"Com Vítimas Feridas";"Pleno dia";"Crescente";"Céu Claro";"Dupla";"Reta";"Sim";2;0;1;0;1;0;1;2;-16,093134;-47,982236;"SPRF-DF";"DEL01-DF";"UOP01-DEL01-DF"
180123;2018-12-22;"sábado";"15:30:00";"MG";40;565;"ITABIRITO";"Não guardar distância de segurança";"Colisão traseira";"Com Vítimas Feridas";"Pleno dia";"Decrescente";"Chuva";"Simples";"Reta";"Não";7;0;2;1;4;0;3;4;-20,1784;-43,9663;"SPRF-MG";"DEL01-MG";"UOP02-DEL01-MG"
180124;2018-12-22;"sábado";"13:00:00";"RO";364;778;"PORTO VELHO";"Defeito na Via";"Saída de leito carroçável";"Com Vítimas Feridas";"Pleno dia";"Crescente";"Céu Claro";"Simples";"Reta";"Não";6;0;2;0;3;1;2;2;-9,182976;-64,238373;"SPRF-RO";"DEL01-RO";"UOP02-DEL01-RO"
180125;2018-12-22;"sábado";"15:20:00";"MG";40;564;"NOVA LIMA";"Desobediência às normas de trânsito pelo condutor";"Colisão com objeto estático";"Com Vítimas Feridas";"Pleno dia";"Crescente";"Chuva";"Simples";"Reta";"Sim";1;0;0;1;0;0;1;1;-20,1693;-43,9655;"SPRF-MG";"DEL01-MG";"UOP02-DEL01-MG"
180126;2018-12-22;"sábado";"11:50:00";"MA";230;48;"BARAO DE GRAJAU";"Condutor Dormindo";"Saída de leito carroçável";"Com Vítimas Feridas";"Pleno dia";"Decrescente";"Céu Claro";"Simples";"Reta";"Não";2;0;2;0;0;0;2;1;-6,613822;-43,389133;"SPRF-PI";"DEL03-PI";"UOP01-DEL03-PI"
180127;2018-12-22;"sábado";"16:00:00";"SP";153;61,4;"SAO JOSE DO RIO PRETO";"Pista Escorregadia";"Tombamento";"Com Vítimas Feridas";"Pleno dia";"Decrescente";"Sol";"Dupla";"Curva";"Sim";1;0;1;0;0;0;1;1;-20,805029;-49,355747;"SPRF-SP";"DEL09-SP";"UOP01-DEL09-SP"
180128;2018-12-22;"sábado";"14:30:00";"MT";163;692,3;"SORRISO";"Falta de Atenção à Condução";"Saída de leito carroçável";"Com Vítimas Feridas";"Pleno dia";"Crescente";"Céu Claro";"Simples";"Reta";"Não";2;0;2;0;0;0;2;1;-13,04528972;-55,90378851;"SPRF-MT";"DEL06-MT";"UOP01-DEL06-MT"
180129;2018-12-22;"sábado";"11:25:00";"RO";364;710;"PORTO VELHO";"Falta de Atenção à Condução";"Colisão traseira";"Com Vítimas Feridas";"Pleno dia";"Decrescente";"Céu Claro";"Dupla";"Reta";"Sim";2;0;1;0;1;0;1;2;-8,78184169;-63,86502475;"SPRF-RO";"DEL01-RO";"UOP01-DEL01-RO"
180131;2018-12-22;"sábado";"15:15:00";"MS";163;49,6;"ELDORADO";"Falta de Atenção à Condução";"Capotamento";"Com Vítimas Feridas";"Pleno dia";"Crescente";"Garoa/Chuvisco";"Simples";"Aclive";"Não";2;0;1;0;1;0;1;1;-23,709816;-54,26972;"SPRF-MS";"DEL09-MS";"UOP02-DEL09-MS"
180132;2018-12-22;"sábado";"16:00:00";"SP";116;220;"GUARULHOS";"Não guardar distância de segurança";"Colisão traseira";"Com Vítimas Feridas";"Pleno dia";"Crescente";"Sol";"Múltipla";"Reta";"Sim";2;0;1;0;1;0;1;2;-23,46572446;-46,50199342;"SPRF-SP";"DEL01-SP";"UOP01-DEL01-SP"
180133;2018-12-22;"sábado";"16:20:00";"RJ";40;102;"DUQUE DE CAXIAS";"Falta de Atenção à Condução";"Colisão transversal";"Com Vítimas Feridas";"Pleno dia";"Decrescente";"Nublado";"Dupla";"Reta";"Sim";2;0;1;0;1;0;1;2;-22,6205;-43,2868;"SPRF-RJ";"DEL01-RJ";"UOP01-DEL01-RJ"
180135;2018-12-22;"sábado";"15:40:00";"SP";116;288,2;"ITAPECERICA DA SERRA";"Ingestão de Álcool";"Atropelamento de Pedestre";"Com Vítimas Feridas";"Pleno dia";"Crescente";"Céu Claro";"Dupla";"Reta";"Não";2;0;1;1;0;0;2;2;-23,70017908;-46,86836243;"SPRF-SP";"DEL04-SP";"UOP01-DEL04-SP"
180136;2018-12-22;"sábado";"15:40:00";"GO";153;501,5;"GOIANIA";"Desobediência às normas de trânsito pelo condutor";"Colisão traseira";"Com Vítimas Feridas";"Pleno dia";"Decrescente";"Céu Claro";"Múltipla";"Interseção de Vias";"Sim";2;0;1;0;1;0;1;2;-16,7189;-49,2382;"SPRF-GO";"DEL01-GO";"UOP01-DEL01-GO"
180137;2018-12-22;"sábado";"14:45:00";"MG";40;705,4;"BARBACENA";"Velocidade Incompatível";"Saída de leito carroçável";"Com Vítimas Feridas";"Pleno dia";"Decrescente";"Chuva";"Dupla";"Curva";"Não";1;0;1;0;0;0;1;1;-21,2406;-43,7115;"SPRF-MG";"DEL05-MG";"UOP02-DEL05-MG"
180138;2018-12-22;"sábado";"13:00:00";"AL";110;1;"DELMIRO GOUVEIA";"Falta de Atenção à Condução";"Saída de leito carroçável";"Sem Vítimas";"Pleno dia";"Crescente";"Céu Claro";"Simples";"Reta";"Não";13;0;0;0;13;0;0;1;-9,30216;-38,198437;"SPRF-BA";"DEL07-BA";"UOP01-DEL07-BA"
180139;2018-12-22;"sábado";"16:35:00";"GO";40;0,5;"VALPARAISO DE GOIAS";"Falta de Atenção à Condução";"Atropelamento de Pedestre";"Com Vítimas Feridas";"Pleno dia";"Crescente";"Céu Claro";"Dupla";"Reta";"Sim";4;0;2;1;1;0;3;2;-16,0532938;-47,9820609;"SPRF-DF";"DEL01-DF";"UOP01-DEL01-DF"
180140;2018-12-22;"sábado";"16:30:00";"RJ";393;282;"VOLTA REDONDA";"Desobediência às normas de trânsito pelo condutor";"Colisão lateral";"Com Vítimas Feridas";"Pleno dia";"Crescente";"Céu Claro";"Simples";"Reta";"Sim";2;0;1;0;1;0;1;2;-22,48258208;-44,06315804;"SPRF-RJ";"DEL05-RJ";"UOP04-DEL05-RJ"
180141;2018-12-22;"sábado";"16:50:00";"MG";381;354;"JOAO MONLEVADE";"Fenômenos da Natureza";"Queda de ocupante de veículo";"Com Vítimas Feridas";"Pleno dia";"Decrescente";"Céu Claro";"Simples";"Reta";"Não";1;0;1;0;0;0;1;1;-19,85602893;-43,13272655;"SPRF-MG";"DEL03-MG";"UOP01-DEL03-MG"
180142;2018-12-22;"sábado";"15:15:00";"MT";163;746;"SORRISO";"Ingestão de Álcool";"Saída de leito carroçável";"Sem Vítimas";"Pleno dia";"Crescente";"Céu Claro";"Dupla";"Rotatória";"Não";1;0;0;0;1;0;0;1;-12,59280496;-55,74303412;"SPRF-MT";"DEL06-MT";"UOP01-DEL06-MT"
180143;2018-12-22;"sábado";"13:15:00";"RJ";101;487;"ANGRA DOS REIS";"Falta de Atenção à Condução";"Colisão transversal";"Com Vítimas Feridas";"Pleno dia";"Crescente";"Sol";"Simples";"Reta";"Sim";2;0;1;0;1;0;1;2;-22,95744493;-44,2999649;"SPRF-RJ";"DEL03-RJ";"UOP03-DEL03-RJ"
180144;2018-12-22;"sábado";"15:20:00";"BA";324;513;"FEIRA DE SANTANA";"Falta de Atenção do Pedestre";"Atropelamento de Pedestre";"Com Vítimas Feridas";"Pleno dia";"Crescente";"Sol";"Simples";"Reta";"Sim";2;0;1;0;1;0;1;2;-12,23188941;-38,95490798;"SPRF-BA";"DEL02-BA";"UOP01-DEL02-BA"
180145;2018-12-22;"sábado";"16:00:00";"CE";222;3,7;"CAUCAIA";"Falta de Atenção à Condução";"Colisão transversal";"Com Vítimas Feridas";"Pleno dia";"Decrescente";"Céu Claro";"Múltipla";"Reta";"Sim";3;0;1;1;1;0;2;2;-3,740385;-38,595749;"SPRF-CE";"DEL01-CE";"UOP01-DEL01-CE"
180146;2018-12-22;"sábado";"14:10:00";"GO";364;224;"JATAI";"Fenômenos da Natureza";"Colisão traseira";"Sem Vítimas";"Pleno dia";"Decrescente";"Chuva";"Simples";"Curva";"Não";4;0;0;0;4;0;0;2;-17,830856;-51,952065;"SPRF-GO";"DEL05-GO";"UOP01-DEL05-GO"
180147;2018-12-22;"sábado";"15:55:00";"PR";277;488,8;"NOVA LARANJEIRAS";"Pista Escorregadia";"Saída de leito carroçável";"Com Vítimas Feridas";"Pleno dia";"Crescente";"Céu Claro";"Simples";"Curva";"Não";3;0;2;0;1;0;2;1;-25,2276154;-52,64888763;"SPRF-PR";"DEL04-PR";"UOP02-DEL04-PR"
180149;2018-12-22;"sábado";"16:27:00";"RJ";101;321;"NITEROI";"Falta de Atenção à Condução";"Tombamento";"Com Vítimas Feridas";"Pleno dia";"Decrescente";"Céu Claro";"Dupla";"Curva";"Sim";1;0;1;0;0;0;1;1;-22,869852;-43,110458;"SPRF-RJ";"DEL02-RJ";"UOP02-DEL02-RJ"
180150;2018-12-22;"sábado";"10:50:00";"PI";316;103,5;"PASSAGEM FRANCA DO PIAUI";"Animais na Pista";"Atropelamento de Animal";"Com Vítimas Feridas";"Pleno dia";"Crescente";"Céu Claro";"Simples";"Reta";"Não";1;0;0;1;0;0;1;1;-5,85495368;-42,44642437;"SPRF-PI";"DEL04-PI";"UOP02-DEL04-PI"
180151;2018-12-22;"sábado";"17:00:00";"SC";282;17;"PALHOCA";"Desobediência às normas de trânsito pelo condutor";"Colisão transversal";"Com Vítimas Feridas";"Pleno dia";"Crescente";"Céu Claro";"Simples";"Reta";"Sim";2;0;1;1;0;0;2;2;-27,665707;-48,688065;"SPRF-SC";"DEL01-SC";"UOP02-DEL01-SC"
180152;2018-12-22;"sábado";"16:00:00";"SP";459;25,7;"LORENA";"Ingestão de álcool e/ou substâncias psicoativas pelo pedestre";"Saída de leito carroçável";"Com Vítimas Feridas";"Pleno dia";"Decrescente";"Céu Claro";"Simples";"Rotatória";"Não";1;0;0;1;0;0;1;1;-22,69177623;-45,12419209;"SPRF-SP";"DEL08-SP";"UOP03-DEL08-SP"
180153;2018-12-20;"quinta-feira";"17:00:00";"MS";163;24,8;"MUNDO NOVO";"Falta de Atenção à Condução";"Saída de leito carroçável";"Com Vítimas Feridas";"Pleno dia";"Decrescente";"Chuva";"Simples";"Declive;Curva";"Não";2;0;1;1;0;0;2;1;-23,897007;-54,30756;"SPRF-MS";"DEL09-MS";"UOP02-DEL09-MS"
180155;2018-12-22;"sábado";"16:00:00";"MT";364;636;"DIAMANTINO";"Falta de Atenção à Condução";"Colisão transversal";"Com Vítimas Fatais";"Pleno dia";"Crescente";"Nublado";"Simples";"Reta";"Não";5;1;1;2;1;0;3;2;-13,8434136;-56,55487061;"SPRF-MT";"DEL01-MT";"UOP01-DEL01-MT"
180156;2018-12-22;"sábado";"15:00:00";"PA";316;31,8;"SANTA IZABEL DO PARA";"Pista Escorregadia";"Capotamento";"Com Vítimas Feridas";"Pleno dia";"Decrescente";"Chuva";"Dupla";"Curva";"Não";2;0;1;0;1;0;1;1;-1,289763;-48,156025;"SPRF-PA";"DEL01-PA";"DEL19/1-UOP05/PA"
180158;2018-12-22;"sábado";"10:00:00";"PR";277;208,9;"TEIXEIRA SOARES";"Falta de Atenção à Condução";"Colisão traseira";"Com Vítimas Feridas";"Pleno dia";"Crescente";"Céu Claro";"Simples";"Reta";"Não";2;0;0;1;1;0;1;2;-25,465279;-50,353859;"SPRF-PR";"DEL03-PR";"UOP02-DEL08-PR"
180159;2018-12-22;"sábado";"17:00:00";"PR";369;174;"ROLANDIA";"Desobediência às normas de trânsito pelo condutor";"Atropelamento de Pedestre";"Com Vítimas Feridas";"Pleno dia";"Crescente";"Chuva";"Simples";"Reta;Interseção de Vias";"Sim";3;0;0;1;1;1;1;2;-23,31838807;-51,37933105;"SPRF-PR";"DEL07-PR";"UOP01-DEL07-PR"
180160;2018-12-22;"sábado";"17:40:00";"SC";101;185,1;"BIGUACU";"Falta de Atenção à Condução";"Danos eventuais";"Com Vítimas Feridas";"Pleno dia";"Decrescente";"Chuva";"Dupla";"Curva";"Não";1;0;1;0;0;0;1;1;-27,4343;-48,6256;"SPRF-SC";"DEL01-SC";"UOP01-DEL01-SC"
180163;2018-12-22;"sábado";"15:20:00";"MG";267;130,3;"JUIZ DE FORA";"Avarias e/ou desgaste excessivo no pneu";"Saída de leito carroçável";"Com Vítimas Feridas";"Pleno dia";"Crescente";"Chuva";"Simples";"Curva";"Não";2;0;1;1;0;0;2;1;-21,72952373;-43,54602814;"SPRF-MG";"DEL05-MG";"UOP01-DEL05-MG"
180164;2018-12-22;"sábado";"15:25:00";"MG";40;608,4;"CONGONHAS";"Pista Escorregadia";"Saída de leito carroçável";"Com Vítimas Feridas";"Pleno dia";"Crescente";"Chuva";"Simples";"Reta";"Não";2;0;1;0;1;0;1;1;-20,4897;-43,8371;"SPRF-MG";"DEL05-MG";"UOP02-DEL05-MG"
180166;2018-12-22;"sábado";"16:00:00";"RS";116;102,3;"SAO MARCOS";"Condutor Dormindo";"Saída de leito carroçável";"Com Vítimas Feridas";"Pleno dia";"Crescente";"Nublado";"Simples";"Reta";"Não";1;0;1;0;0;0;1;1;-28,898382;-51,118023;"SPRF-RS";"DEL05-RS";"UOP01-DEL05-RS"
180168;2018-12-22;"sábado";"18:00:00";"MG";365;375;"PATOS DE MINAS";"Avarias e/ou desgaste excessivo no pneu";"Capotamento";"Com Vítimas Feridas";"Anoitecer";"Decrescente";"Céu Claro";"Simples";"Reta";"Não";4;0;3;0;1;0;3;1;-18,555727;-46,222942;"SPRF-MG";"DEL10-MG";"UOP01-DEL10-MG"
180169;2018-12-22;"sábado";"16:30:00";"RN";405;113,2;"ITAU";"Desobediência às normas de trânsito pelo condutor";"Colisão frontal";"Com Vítimas Fatais";"Pleno dia";"Crescente";"Céu Claro";"Simples";"Reta";"Não";2;1;1;0;0;0;1;2;-5,863768;-38,012772;"SPRF-RN";"DEL04-RN";"UOP02-DEL04-RN"
180170;2018-12-22;"sábado";"15:30:00";"AM";174;934;"MANAUS";"Falta de Atenção à Condução";"Capotamento";"Com Vítimas Feridas";"Pleno dia";"Decrescente";"Nublado";"Simples";"Reta";"Não";4;0;2;0;2;0;2;1;-2,54159008;-60,03676783;"SPRF-AM";"DEL01-AM";"UOP01-DEL01-AM"
180173;2018-12-22;"sábado";"16:00:00";"MG";381;795;"SAO GONCALO DO SAPUCAI";"Velocidade Incompatível";"Saída de leito carroçável";"Com Vítimas Feridas";"Pleno dia";"Crescente";"Chuva";"Dupla";"Reta";"Não";3;0;3;0;0;0;3;1;-21,9151;-45,5814;"SPRF-MG";"DEL16-MG";"UOP02-DEL16-MG"
180174;2018-12-22;"sábado";"17:15:00";"MG";381;815,1;"CAREACU";"Velocidade Incompatível";"Saída de leito carroçável";"Com Vítimas Feridas";"Pleno dia";"Decrescente";"Chuva";"Dupla";"Curva";"Não";3;0;1;0;2;0;1;1;-22,0374;-45,6835;"SPRF-MG";"DEL16-MG";"UOP02-DEL16-MG"
180175;2018-12-22;"sábado";"17:15:00";"PI";343;138,5;"PIRACURUCA";"Falta de Atenção à Condução";"Colisão transversal";"Com Vítimas Feridas";"Pleno dia";"Decrescente";"Céu Claro";"Simples";"Curva";"Sim";8;0;7;0;0;1;7;3;-3,88035395;-41,70341492;"SPRF-PI";"DEL02-PI";"UOP01-DEL02-PI"
180177;2018-12-22;"sábado";"16:40:00";"PA";163;1003;"SANTAREM";"Não guardar distância de segurança";"Colisão traseira";"Com Vítimas Feridas";"Pleno dia";"Crescente";"Céu Claro";"Dupla";"Reta";"Sim";2;0;1;0;1;0;1;2;-2,4396864;-54,7324276;"SPRF-PA";"DEL05-PA";"UOP01-DEL05-PA"
180178;2018-12-22;"sábado";"16:30:00";"MG";50;89;"UBERLANDIA";"Desobediência às normas de trânsito pelo condutor";"Queda de ocupante de veículo";"Com Vítimas Feridas";"Pleno dia";"Crescente";"Garoa/Chuvisco";"Dupla";"Reta";"Não";1;0;1;0;0;0;1;1;-19,0505;-48,1963;"SPRF-MG";"DEL15-MG";"UOP01-DEL15-MG"
180180;2018-12-22;"sábado";"18:50:00";"GO";153;491,2;"GOIANIA";"Desobediência às normas de trânsito pelo condutor";"Colisão com objeto estático";"Sem Vítimas";"Anoitecer";"Decrescente";"Chuva";"Múltipla";"Aclive;Interseção de Vias";"Sim";3;0;0;0;3;0;0;1;-16,63239396;-49,20502966;"SPRF-GO";"DEL01-GO";"UOP01-DEL01-GO"
180181;2018-12-22;"sábado";"18:40:00";"MG";40;782,8;"JUIZ DE FORA";"Velocidade Incompatível";"Capotamento";"Com Vítimas Feridas";"Pleno dia";"Crescente";"Nublado";"Dupla";"Curva;Aclive";"Não";2;0;1;0;1;0;1;1;-21,721;-43,4423;"SPRF-MG";"DEL05-MG";"UOP01-DEL05-MG"
180183;2018-12-22;"sábado";"18:25:00";"SC";282;64;"RANCHO QUEIMADO";"Pista Escorregadia";"Saída de leito carroçável";"Com Vítimas Feridas";"Pleno dia";"Decrescente";"Chuva";"Simples";"Curva";"Não";2;0;1;0;1;0;1;1;-27,696323;-49,052456;"SPRF-SC";"DEL01-SC";"UOP03-DEL01-SC"
180184;2018-12-22;"sábado";"17:15:00";"PI";316;34,3;"DEMERVAL LOBAO";"Animais na Pista";"Atropelamento de Animal";"Com Vítimas Feridas";"Pleno dia";"Crescente";"Sol";"Simples";"Reta";"Sim";1;0;0;1;0;0;1;1;-5,34218;-42,686275;"SPRF-PI";"DEL01-PI";"UOP02-DEL01-PI"
180185;2018-12-22;"sábado";"16:15:00";"SC";280;88,3;"CORUPA";"Pista Escorregadia";"Colisão transversal";"Com Vítimas Feridas";"Pleno dia";"Crescente";"Chuva";"Simples";"Curva;Aclive";"Não";3;0;2;0;1;0;2;2;-26,415491;-49,26704;"SPRF-SC";"DEL06-SC";"UOP03-DEL06-SC"
180186;2018-12-22;"sábado";"18:00:00";"TO";153;213,2;"NOVA OLINDA";"Ultrapassagem Indevida";"Colisão lateral";"Com Vítimas Feridas";"Anoitecer";"Crescente";"Nublado";"Simples";"Curva";"Não";6;0;3;0;3;0;3;2;-7,76406237;-48,45726013;"SPRF-TO";"DEL02-TO";"UOP01-DEL02-TO"
180187;2018-12-22;"sábado";"16:30:00";"SC";101;67,8;"ARAQUARI";"Ingestão de Álcool";"Colisão traseira";"Com Vítimas Feridas";"Pleno dia";"Decrescente";"Chuva";"Dupla";"Reta";"Não";3;0;1;0;2;0;1;2;-26,4964;-48,7319;"SPRF-SC";"DEL03-SC";"UOP02-DEL03-SC"
180188;2018-12-22;"sábado";"16:30:00";"PI";316;338,8;"SANTO ANTONIO DE LISBOA";"Falta de Atenção à Condução";"Saída de leito carroçável";"Com Vítimas Feridas";"Anoitecer";"Decrescente";"Céu Claro";"Simples";"Reta";"Não";1;0;1;0;0;0;1;1;-7,11397;-41,20435;"SPRF-PI";"DEL04-PI";"UOP01-DEL04-PI"
180190;2018-12-22;"sábado";"18:30:00";"RJ";116;290;"BARRA MANSA";"Velocidade Incompatível";"Engavetamento";"Sem Vítimas";"Anoitecer";"Decrescente";"Chuva";"Dupla";"Curva";"Sim";5;0;0;0;5;0;0;5;-22,449371;-44,321712;"SPRF-RJ";"DEL07-RJ";"DEL5/7-UOP03/RJ"
180191;2018-12-22;"sábado";"17:00:00";"SC";282;535,1;"CHAPECO";"Falta de Atenção à Condução";"Colisão traseira";"Com Vítimas Feridas";"Pleno dia";"Crescente";"Garoa/Chuvisco";"Dupla";"Interseção de Vias";"Sim";2;0;1;0;1;0;1;2;-26,99951897;-52,64613032;"SPRF-SC";"DEL07-SC";"UOP01-DEL07-SC"
180192;2018-12-22;"sábado";"13:55:00";"MG";381;529,2;"BRUMADINHO";"Velocidade Incompatível";"Colisão com objeto estático";"Com Vítimas Feridas";"Pleno dia";"Decrescente";"Garoa/Chuvisco";"Dupla";"Curva";"Não";4;0;3;0;1;0;3;1;-20,1623;-44,3484;"SPRF-MG";"DEL04-MG";"UOP03-DEL04-MG"
180193;2018-12-22;"sábado";"18:30:00";"SC";282;499;"XANXERE";"Falta de Atenção à Condução";"Colisão lateral";"Sem Vítimas";"Pleno dia";"Crescente";"Nublado";"Dupla";"Declive;Curva";"Sim";1;0;0;0;1;0;0;1;-26,880869;-52,363121;"SPRF-SC";"DEL07-SC";"UOP01-DEL07-SC"