"id";"data_inversa";"dia_semana";"horario";"uf";"br";"km";"municipio";"causa_acidente";"tipo_acidente";"classificacao_acidente";"fase_dia";"sentido_via";"condicao_metereologica";"tipo_pista";"tracado_via";"uso_solo";"pessoas";"mortos";"feridos_leves";"feridos_graves";"ilesos";"ignorados";"feridos";"veiculos";"latitude";"longitude";"regional";"delegacia";"uop"
180194;2018-12-22;"sábado";"18:10:00";"BA";324;622;"SALVADOR";"Ingestão de Álcool";"Colisão com objeto estático";"Com Vítimas Feridas";"Anoitecer";"Crescente";"Céu Claro";"Dupla";"Reta";"Sim";1;0;1;0;0;0;1;1;-12,93316569;-38,47155619;"SPRF-BA";"DEL01-BA";"UOP01-DEL01-BA"
180195;2018-12-22;"sábado";"17:50:00";"PE";232;141;"SAO CAITANO";"Ingestão de Álcool";"Colisão com objeto estático";"Sem Vítimas";"Anoitecer";"Crescente";"Céu Claro";"Dupla";"Reta";"Não";1;0;0;0;1;0;0;1;-8,320777;-36,079503;"SPRF-PE";"DEL02-PE";"UOP03-DEL02-PE"
180196;2018-12-22;"sábado";"19:20:00";"PR";476;132;"CURITIBA";"Pista Escorregadia";"Queda de ocupante de veículo";"Com Vítimas Feridas";"Pleno dia";"Decrescente";"Chuva";"Múltipla";"Reta";"Sim";1;0;0;1;0;0;1;1;-25,460718;-49,250488;"SPRF-PR";"DEL01-PR";"UOP07-DEL01-PR"
180197;2018-12-22;"sábado";"19:20:00";"RJ";40;102;"DUQUE DE CAXIAS";"Velocidade Incompatível";"Tombamento";"Com Vítimas Feridas";"Plena Noite";"Crescente";"Nublado";"Simples";"Curva";"Sim";1;0;1;0;0;0;1;1;-22,6205;-43,2868;"SPRF-RJ";"DEL01-RJ";"UOP01-DEL01-RJ"
180198;2018-12-22;"sábado";"13:00:00";"MA";135;52;"BACABEIRA";"Defeito na Via";"Colisão lateral";"Com Vítimas Fatais";"Pleno dia";"Decrescente";"Céu Claro";"Simples";"Reta";"Sim";8;1;0;0;2;5;0;2;-2,980476;-44,313812;"SPRF-MA";"DEL01-MA";"UOP02-DEL01-MA"
180199;2018-12-22;"sábado";"16:40:00";"PI";343;334,8;"TERESINA";"Não guardar distância de segurança";"Colisão frontal";"Com Vítimas Feridas";"Pleno dia";"Decrescente";"Céu Claro";"Simples";"Reta";"Sim";4;0;1;2;1;0;3;3;-5,057786;-42,688541;"SPRF-PI";"DEL01-PI";"UOP01-DEL01-PI"
180201;2018-12-22;"sábado";"17:25:00";"BA";101;882;"TEIXEIRA DE FREITAS";"Falta de Atenção à Condução";"Queda de ocupante de veículo";"Com Vítimas Feridas";"Anoitecer";"Decrescente";"Céu Claro";"Simples";"Reta";"Não";1;0;1;0;0;0;1;1;-17,5784;-39,7371;"SPRF-BA";"DEL09-BA";"UOP02-DEL09-BA"
180203;2018-12-22;"sábado";"19:20:00";"SC";101;57;"ARAQUARI";"Pista Escorregadia";"Saída de leito carroçável";"Com Vítimas Feridas";"Pleno dia";"Decrescente";"Chuva";"Dupla";"Reta";"Não";4;0;3;0;1;0;3;1;-26,4403;-48,801;"SPRF-SC";"DEL03-SC";"UOP01-DEL03-SC"
180204;2018-12-22;"sábado";"20:00:00";"SC";101;208;"SAO JOSE";"Pista Escorregadia";"Tombamento";"Com Vítimas Feridas";"Anoitecer";"Decrescente";"Chuva";"Dupla";"Curva";"Sim";2;0;2;0;0;0;2;1;-27,6101;-48,6388;"SPRF-SC";"DEL01-SC";"UOP01-DEL01-SC"
180205;2018-12-22;"sábado";"19:00:00";"BA";110;223;"NOVA SOURE";"Animais na Pista";"Atropelamento de Animal";"Com Vítimas Feridas";"Plena Noite";"Decrescente";"Céu Claro";"Simples";"Reta";"Não";1;0;0;1;0;0;1;1;-11,2607;-38,4569;"SPRF-BA";"DEL07-BA";"UOP02-DEL07-BA"
180206;2018-12-22;"sábado";"19:40:00";"GO";40;5;"VALPARAISO DE GOIAS";"Falta de Atenção à Condução";"Colisão traseira";"Com Vítimas Feridas";"Anoitecer";"Decrescente";"Chuva";"Dupla";"Reta";"Sim";5;0;1;0;4;0;1;4;-16,093134;-47,982236;"SPRF-DF";"DEL01-DF";"UOP01-DEL01-DF"
180207;2018-12-22;"sábado";"18:30:00";"SC";101;257,5;"PAULO LOPES";"Ingestão de Álcool";"Colisão com objeto estático";"Sem Vítimas";"Anoitecer";"Crescente";"Chuva";"Simples";"Túnel;Curva";"Não";2;0;0;0;2;0;0;1;-28,00493542;-48,69453907;"SPRF-SC";"DEL02-SC";"UOP03-DEL02-SC"
180208;2018-12-22;"sábado";"20:05:00";"SP";101;46;"UBATUBA";"Falta de Atenção do Pedestre";"Atropelamento de Pedestre";"Com Vítimas Feridas";"Plena Noite";"Crescente";"Nublado";"Simples";"Reta";"Sim";2;0;1;0;1;0;1;2;-23,42922893;-45,08136749;"SPRF-SP";"DEL06-SP";"UOP01-DEL06-SP"
180209;2018-12-22;"sábado";"19:00:00";"PE";423;122,8;"PARANATAMA";"Falta de Atenção à Condução";"Colisão transversal";"Com Vítimas Feridas";"Plena Noite";"Decrescente";"Céu Claro";"Simples";"Reta";"Não";5;0;3;2;0;0;5;2;-8,919696;-36,711971;"SPRF-PE";"DEL03-PE";"UOP01-DEL03-PE"
180210;2018-12-22;"sábado";"18:00:00";"SC";280;29;"ARAQUARI";"Falta de Atenção à Condução";"Colisão traseira";"Com Vítimas Feridas";"Pleno dia";"Crescente";"Garoa/Chuvisco";"Simples";"Reta";"Não";3;0;2;0;1;0;2;2;-26,410728;-48,75304;"SPRF-SC";"DEL03-SC";"UOP03-DEL03-SC"
180211;2018-12-22;"sábado";"20:10:00";"ES";262;46,5;"MARECHAL FLORIANO";"Falta de Atenção à Condução";"Colisão transversal";"Com Vítimas Feridas";"Plena Noite";"Crescente";"Céu Claro";"Simples";"Interseção de Vias";"Sim";4;0;2;0;2;0;2;2;-20,4046;-40,6726;"SPRF-ES";"DEL01-ES";"UOP01-DEL01-ES"
180212;2018-12-22;"sábado";"19:35:00";"MG";381;636,3;"SANTO ANTONIO DO AMPARO";"Velocidade Incompatível";"Saída de leito carroçável";"Com Vítimas Feridas";"Plena Noite";"Crescente";"Chuva";"Dupla";"Declive;Curva";"Não";2;0;2;0;0;0;2;1;-20,8753;-44,8443;"SPRF-MG";"DEL04-MG";"UOP01-DEL04-MG"
180213;2018-12-22;"sábado";"20:30:00";"SP";116;278;"EMBU DAS ARTES";"Não guardar distância de segurança";"Colisão traseira";"Com Vítimas Feridas";"Plena Noite";"Crescente";"Garoa/Chuvisco";"Dupla";"Declive";"Não";2;0;1;0;1;0;1;2;-23,63571787;-46,82888031;"SPRF-SP";"DEL04-SP";"UOP01-DEL04-SP"
180214;2018-12-22;"sábado";"18:00:00";"RR";174;503;"BOA VISTA";"Ingestão de Álcool";"Colisão traseira";"Sem Vítimas";"Plena Noite";"Decrescente";"Céu Claro";"Dupla";"Reta";"Sim";5;0;0;0;5;0;0;2;2,794901;-60,698441;"SPRF-RR";"DEL01-RR";"UOP01-DEL01-RR"
180215;2018-12-22;"sábado";"18:20:00";"MT";70;265,2;"PRIMAVERA DO LESTE";"Falta de Atenção à Condução";"Saída de leito carroçável";"Com Vítimas Feridas";"Pleno dia";"Crescente";"Céu Claro";"Simples";"Curva";"Não";4;0;3;0;1;0;3;1;-15,561902;-54,191902;"SPRF-MT";"DEL05-MT";"UOP01-DEL05-MT"
180218;2018-12-22;"sábado";"20:00:00";"ES";101;267,8;"SERRA";"Desobediência às normas de trânsito pelo condutor";"Colisão transversal";"Com Vítimas Feridas";"Plena Noite";"Crescente";"Nublado";"Dupla";"Interseção de Vias";"Sim";2;0;0;1;1;0;1;2;-20,21521079;-40,26988551;"SPRF-ES";"DEL02-ES";"UOP01-DEL02-ES"
180220;2018-12-22;"sábado";"20:55:00";"PR";369;42,8;"ANDIRA";"Falta de Atenção à Condução";"Saída de leito carroçável";"Com Vítimas Feridas";"Plena Noite";"Decrescente";"Chuva";"Simples";"Reta";"Não";3;0;3;0;0;0;3;1;-23,06758605;-50,26296616;"SPRF-PR";"DEL07-PR";"UOP05-DEL07-PR"
180221;2018-12-22;"sábado";"21:10:00";"MG";40;484;"SETE LAGOAS";"Ingestão de Álcool";"Queda de ocupante de veículo";"Com Vítimas Feridas";"Plena Noite";"Crescente";"Céu Claro";"Dupla";"Reta";"Não";1;0;1;0;0;0;1;1;-19,5858;-44,2279;"SPRF-MG";"DEL02-MG";"UOP01-DEL02-MG"
180222;2018-12-22;"sábado";"19:30:00";"PE";232;150;"SAO CAITANO";"Animais na Pista";"Atropelamento de Animal";"Sem Vítimas";"Plena Noite";"Crescente";"Céu Claro";"Dupla";"Reta";"Não";1;0;0;0;1;0;0;1;-8,327447;-36,154049;"SPRF-PE";"DEL02-PE";"UOP03-DEL02-PE"
180223;2018-12-22;"sábado";"21:15:00";"DF";60;2,4;"BRASILIA";"Falta de Atenção à Condução";"Tombamento";"Com Vítimas Feridas";"Pleno dia";"Crescente";"Nublado";"Dupla";"Retorno Regulamentado";"Sim";1;0;1;0;0;0;1;1;-15,887383;-48,077988;"SPRF-DF";"DEL01-DF";"UOP01-DEL03-DF"
180224;2018-12-22;"sábado";"21:00:00";"MG";459;101,3;"POUSO ALEGRE";"Desobediência às normas de trânsito pelo condutor";"Colisão traseira";"Com Vítimas Feridas";"Plena Noite";"Crescente";"Nublado";"Dupla";"Curva";"Sim";2;0;1;0;1;0;1;2;-22,207674;-45,933056;"SPRF-MG";"DEL16-MG";"UOP01-DEL16-MG"
180225;2018-12-22;"sábado";"20:30:00";"BA";116;425;"FEIRA DE SANTANA";"Não guardar distância de segurança";"Engavetamento";"Com Vítimas Feridas";"Plena Noite";"Crescente";"Céu Claro";"Simples";"Reta";"Sim";3;0;1;0;2;0;1;3;-12,25989605;-38,98949884;"SPRF-BA";"DEL02-BA";"UOP01-DEL02-BA"
180226;2018-12-22;"sábado";"17:30:00";"MT";364;521;"ROSARIO OESTE";"Falta de Atenção à Condução";"Saída de leito carroçável";"Sem Vítimas";"Pleno dia";"Crescente";"Céu Claro";"Simples";"Reta";"Não";1;0;0;0;0;1;0;1;-15,085073;-56,518707;"SPRF-MT";"DEL01-MT";"DEL2/4-UOP02/MT"
180227;2018-12-22;"sábado";"21:25:00";"PR";277;103;"CAMPO LARGO";"Defeito Mecânico no Veículo";"Colisão lateral";"Com Vítimas Feridas";"Plena Noite";"Decrescente";"Chuva";"Dupla";"Declive";"Sim";5;0;5;0;0;0;5;2;-25,4286852;-49,39233966;"SPRF-PR";"DEL01-PR";"UOP06-DEL01-PR"
180228;2018-12-22;"sábado";"21:10:00";"ES";101;293;"CARIACICA";"Falta de Atenção à Condução";"Tombamento";"Com Vítimas Feridas";"Plena Noite";"Decrescente";"Céu Claro";"Múltipla";"Reta";"Sim";1;0;1;0;0;0;1;1;-20,31790646;-40,39569855;"SPRF-ES";"DEL01-ES";"UOP01-DEL01-ES"
180229;2018-12-22;"sábado";"20:30:00";"PB";230;516,9;"BOM JESUS";"Ingestão de Álcool";"Colisão lateral";"Sem Vítimas";"Plena Noite";"Decrescente";"Nublado";"Simples";"Interseção de Vias";"Não";3;0;0;0;3;0;0;2;-6,872138;-38,645233;"SPRF-PB";"DEL03-PB";"UOP03-DEL03-PB"
180230;2018-12-22;"sábado";"18:30:00";"SC";282;355;"CAMPOS NOVOS";"Ingestão de Álcool";"Colisão lateral";"Sem Vítimas";"Pleno dia";"Crescente";"Chuva";"Simples";"Reta";"Não";4;0;0;0;3;1;0;3;-27,350309;-51,335823;"SPRF-SC";"DEL07-SC";"UOP06-DEL07-SC"
180232;2018-12-22;"sábado";"21:00:00";"SP";116;461;"PARIQUERA-ACU";"Pista Escorregadia";"Danos eventuais";"Com Vítimas Feridas";"Plena Noite";"Decrescente";"Chuva";"Dupla";"Reta";"Não";1;0;1;0;0;0;1;1;-24,62209016;-47,89496183;"SPRF-SP";"DEL05-SP";"UOP01-DEL05-SP"
180233;2018-12-22;"sábado";"19:30:00";"RN";406;170,7;"SAO GONCALO DO AMARANTE";"Animais na Pista";"Atropelamento de Animal";"Com Vítimas Feridas";"Plena Noite";"Crescente";"Céu Claro";"Dupla";"Aclive";"Sim";1;0;1;0;0;0;1;1;-5,76010215;-35,2955767;"SPRF-RN";"DEL02-RN";"UOP01-DEL02-RN"
180234;2018-12-22;"sábado";"20:30:00";"MG";381;756,1;"TRES CORACOES";"Velocidade Incompatível";"Colisão com objeto estático";"Sem Vítimas";"Plena Noite";"Crescente";"Nublado";"Simples";"Curva";"Não";1;0;0;0;1;0;0;1;-21,6788;-45,341;"SPRF-MG";"DEL16-MG";"UOP02-DEL16-MG"
180237;2018-12-22;"sábado";"19:15:00";"MG";381;941,9;"EXTREMA";"Velocidade Incompatível";"Colisão com objeto estático";"Com Vítimas Feridas";"Plena Noite";"Decrescente";"Chuva";"Dupla";"Curva";"Não";2;0;1;0;1;0;1;1;-22,8354;-46,3196;"SPRF-MG";"DEL16-MG";"UOP03-DEL16-MG"
180238;2018-12-22;"sábado";"19:10:00";"AC";364;138,8;"RIO BRANCO";"Falta de Atenção à Condução";"Colisão traseira";"Com Vítimas Feridas";"Plena Noite";"Crescente";"Nublado";"Dupla";"Reta";"Sim";2;0;0;1;1;0;1;2;-9,961135;-67,856461;"SPRF-AC";"DEL01-AC";"UOP01-DEL01-AC"
180239;2018-12-22;"sábado";"22:10:00";"SP";116;210,2;"GUARULHOS";"Falta de Atenção à Condução";"Colisão traseira";"Sem Vítimas";"Plena Noite";"Decrescente";"Nublado";"Múltipla";"Reta";"Não";2;0;0;0;2;0;0;2;-23,42995741;-46,41310573;"SPRF-SP";"DEL01-SP";"UOP01-DEL01-SP"
180240;2018-12-22;"sábado";"22:10:00";"PR";376;189;"MARIALVA";"Não guardar distância de segurança";"Colisão traseira";"Com Vítimas Feridas";"Plena Noite";"Crescente";"Céu Claro";"Dupla";"Reta";"Não";3;0;0;1;2;0;1;3;-23,46959991;-51,82348231;"SPRF-PR";"DEL07-PR";"UOP01-DEL09-PR"
180241;2018-12-22;"sábado";"20:10:00";"BA";415;47,2;"ITABUNA";"Ingestão de Álcool";"Atropelamento de Pedestre";"Com Vítimas Feridas";"Plena Noite";"Crescente";"Céu Claro";"Simples";"Reta";"Sim";2;0;1;1;0;0;2;2;-14,815745;-39,296124;"SPRF-BA";"DEL05-BA";"UOP01-DEL05-BA"
180242;2018-12-22;"sábado";"20:20:00";"PI";316;10;"TERESINA";"Falta de Atenção à Condução";"Saída de leito carroçável";"Com Vítimas Feridas";"Anoitecer";"Crescente";"Céu Claro";"Simples";"Reta";"Sim";1;0;1;0;0;0;1;1;-5,182895;-42,763474;"SPRF-PI";"DEL01-PI";"UOP02-DEL01-PI"
180244;2018-12-22;"sábado";"20:10:00";"RO";319;61;"PORTO VELHO";"Ingestão de Álcool";"Saída de leito carroçável";"Sem Vítimas";"Plena Noite";"Crescente";"Céu Claro";"Simples";"Rotatória";"Sim";1;0;0;0;1;0;0;1;-8,74024;-63,892185;"SPRF-RO";"DEL01-RO";"UOP01-DEL01-RO"
180245;2018-12-22;"sábado";"18:30:00";"SP";158;6,2;"PAULICEIA";"Desobediência às normas de trânsito pelo condutor";"Colisão frontal";"Com Vítimas Fatais";"Anoitecer";"Decrescente";"Nublado";"Simples";"Curva";"Não";2;1;0;1;0;0;1;2;-21,268957;-51,86396;"SPRF-MS";"DEL07-MS";"UOP01-DEL07-MS"
180246;2018-12-22;"sábado";"21:20:00";"RN";101;95;"NATAL";"Ingestão de Álcool";"Engavetamento";"Sem Vítimas";"Plena Noite";"Decrescente";"Céu Claro";"Dupla";"Reta";"Sim";3;0;0;0;3;0;0;3;-5,840768;-35,210358;"SPRF-RN";"DEL01-RN";"UOP01-DEL01-RN"
180247;2018-12-22;"sábado";"21:20:00";"MS";163;490,9;"CAMPO GRANDE";"Ingestão de Álcool";"Colisão frontal";"Com Vítimas Feridas";"Plena Noite";"Crescente";"Céu Claro";"Simples";"Reta";"Não";5;0;4;1;0;0;5;2;-20,392156;-54,555303;"SPRF-MS";"DEL01-MS";"UOP02-DEL01-MS"
180248;2018-12-22;"sábado";"21:45:00";"BA";101;703,4;"EUNAPOLIS";"Velocidade Incompatível";"Saída de leito carroçável";"Com Vítimas Fatais";"Plena Noite";"Decrescente";"Céu Claro";"Simples";"Curva";"Não";1;1;0;0;0;0;0;1;-16,2616;-39,5882;"SPRF-BA";"DEL09-BA";"UOP01-DEL09-BA"
180250;2018-12-22;"sábado";"21:55:00";"RN";101;82,5;"NATAL";"Falta de Atenção à Condução";"Colisão lateral";"Com Vítimas Feridas";"Plena Noite";"Crescente";"Céu Claro";"Dupla";"Reta";"Sim";2;0;0;1;1;0;1;2;-5,767915;-35,274563;"SPRF-RN";"DEL02-RN";"UOP01-DEL02-RN"
180251;2018-12-22;"sábado";"23:20:00";"SC";280;22;"ARAQUARI";"Falta de Atenção à Condução";"Colisão traseira";"Com Vítimas Feridas";"Plena Noite";"Crescente";"Chuva";"Simples";"Reta";"Não";4;0;3;1;0;0;4;2;-26,370924;-48,702;"SPRF-SC";"DEL03-SC";"UOP03-DEL03-SC"
180254;2018-12-22;"sábado";"22:50:00";"RJ";493;18;"GUAPIMIRIM";"Sinalização da via insuficiente ou inadequada";"Colisão com objeto estático";"Com Vítimas Feridas";"Plena Noite";"Crescente";"Céu Claro";"Simples";"Em Obras";"Não";1;0;1;0;0;0;1;1;-22,668736;-43,018757;"SPRF-RJ";"DEL04-RJ";"UOP02-DEL04-RJ"
180255;2018-12-10;"segunda-feira";"18:20:00";"PR";476;141,5;"CURITIBA";"Falta de Atenção à Condução";"Colisão traseira";"Com Vítimas Feridas";"Pleno dia";"Crescente";"Céu Claro";"Dupla";"Reta";"Sim";2;0;1;0;1;0;1;2;-25,528614;-49,298798;"SPRF-PR";"DEL01-PR";"UOP07-DEL01-PR"
180256;2018-12-22;"sábado";"22:15:00";"BA";116;826,7;"VITORIA DA CONQUISTA";"Falta de Atenção à Condução";"Colisão frontal";"Com Vítimas Feridas";"Plena Noite";"Decrescente";"Céu Claro";"Simples";"Reta";"Não";3;0;1;0;2;0;1;2;-14,88457895;-40,85847878;"SPRF-BA";"DEL08-BA";"UOP01-DEL08-BA"
180257;2018-12-22;"sábado";"19:40:00";"MG";116;415,2;"GOVERNADOR VALADARES";"Falta de Atenção à Condução";"Atropelamento de Pedestre";"Com Vítimas Feridas";"Plena Noite";"Decrescente";"Céu Claro";"Simples";"Reta";"Sim";2;0;0;1;0;1;1;2;-18,88458805;-41,94943444;"SPRF-MG";"DEL06-MG";"UOP01-DEL06-MG"
180260;2018-12-22;"sábado";"16:50:00";"MG";381;925;"ITAPEVA";"Velocidade Incompatível";"Colisão com objeto estático";"Com Vítimas Feridas";"Pleno dia";"Decrescente";"Chuva";"Dupla";"Reta";"Não";1;0;1;0;0;0;1;1;-22,7686;-46,207;"SPRF-MG";"DEL16-MG";"UOP03-DEL16-MG"
180261;2018-12-22;"sábado";"20:40:00";"PR";376;5;"APUCARANA";"Desobediência às normas de trânsito pelo condutor";"Colisão transversal";"Com Vítimas Feridas";"Plena Noite";"Crescente";"Céu Claro";"Simples";"Reta;Interseção de Vias";"Sim";5;0;4;0;0;1;4;3;-23,5513;-51,461266;"SPRF-PR";"DEL07-PR";"UOP03-DEL07-PR"
180263;2018-12-23;"domingo";"00:01:00";"SP";116;158,8;"JACAREI";"Falta de Atenção do Pedestre";"Atropelamento de Pedestre";"Com Vítimas Feridas";"Plena Noite";"Crescente";"Céu Claro";"Dupla";"Reta";"Sim";2;0;0;1;1;0;1;2;-23,26260408;-45,95490396;"SPRF-SP";"DEL02-SP";"UOP01-DEL02-SP"
180264;2018-12-22;"sábado";"22:55:00";"RJ";101;309;"SAO GONCALO";"Não guardar distância de segurança";"Colisão traseira";"Com Vítimas Feridas";"Plena Noite";"Crescente";"Céu Claro";"Dupla";"Reta";"Sim";2;0;1;0;1;0;1;2;-22,794992;-43,034481;"SPRF-RJ";"DEL02-RJ";"DEL5/2-UOP04/RJ"
180265;2018-12-22;"sábado";"22:50:00";"RJ";116;167;"RIO DE JANEIRO";"Falta de Atenção à Condução";"Colisão transversal";"Com Vítimas Feridas";"Plena Noite";"Decrescente";"Céu Claro";"Múltipla";"Reta";"Sim";2;0;1;0;0;1;1;2;-22,818039;-43,307873;"SPRF-RJ";"DEL01-RJ";"UOP02-DEL01-RJ"
180266;2018-12-22;"sábado";"20:30:00";"PA";230;643;"ALTAMIRA";"Desobediência às normas de trânsito pelo condutor";"Colisão frontal";"Com Vítimas Fatais";"Plena Noite";"Decrescente";"Céu Claro";"Simples";"Reta";"Não";1;1;0;0;0;0;0;1;-3,22292473;-52,27324283;"SPRF-PA";"DEL04-PA";"UOP01-DEL04-PA"
180267;2018-12-23;"domingo";"00:10:00";"RJ";101;321;"NITEROI";"Falta de Atenção à Condução";"Colisão transversal";"Com Vítimas Feridas";"Plena Noite";"Decrescente";"Nublado";"Dupla";"Reta";"Não";3;0;3;0;0;0;3;2;-22,8786558;-43,1147823;"SPRF-RJ";"DEL02-RJ";"UOP02-DEL02-RJ"
180268;2018-12-22;"sábado";"18:00:00";"MT";364;266;"JACIARA";"Não guardar distância de segurança";"Colisão traseira";"Com Vítimas Feridas";"Anoitecer";"Decrescente";"Céu Claro";"Simples";"Reta";"Não";3;0;2;0;1;0;2;2;-15,995973;-54,922596;"SPRF-MT";"DEL02-MT";"UOP02-DEL05-MT"
180269;2018-12-22;"sábado";"16:40:00";"MS";463;52,3;"PONTA PORA";"Velocidade Incompatível";"Saída de leito carroçável";"Com Vítimas Feridas";"Pleno dia";"Decrescente";"Céu Claro";"Simples";"Reta";"Não";3;0;3;0;0;0;3;1;-22,376719;-55,257118;"SPRF-MS";"DEL04-MS";"UOP03-DEL04-MS"
180270;2018-12-22;"sábado";"23:30:00";"MS";163;499,4;"CAMPO GRANDE";"Falta de Atenção à Condução";"Colisão traseira";"Com Vítimas Feridas";"Plena Noite";"Crescente";"Céu Claro";"Simples";"Reta";"Não";5;0;2;0;3;0;2;2;-20,328402;-54,51878;"SPRF-MS";"DEL01-MS";"UOP02-DEL01-MS"
180271;2018-12-22;"sábado";"19:15:00";"BA";101;568,3;"ARATACA";"Falta de Atenção à Condução";"Colisão lateral";"Com Vítimas Feridas";"Plena Noite";"Decrescente";"Céu Claro";"Simples";"Curva";"Não";2;0;2;0;0;0;2;2;-15,2588;-39,4587;"SPRF-BA";"DEL05-BA";"UOP02-DEL05-BA"
180272;2018-12-22;"sábado";"20:45:00";"SC";163;87,2;"GUARACIABA";"Velocidade Incompatível";"Colisão frontal";"Com Vítimas Feridas";"Plena Noite";"Crescente";"Nevoeiro/Neblina";"Simples";"Reta";"Não";7;0;5;0;1;1;5;3;-26,590231;-53,515743;"SPRF-SC";"DEL07-SC";"UOP03-DEL07-SC"
180274;2018-12-22;"sábado";"22:30:00";"PR";277;171,5;"PALMEIRA";"Falta de Atenção à Condução";"Colisão transversal";"Com Vítimas Feridas";"Plena Noite";"Crescente";"Ignorado";"Simples";"Curva";"Sim";4;0;1;0;3;0;1;2;-25,42181079;-50,08160591;"SPRF-PR";"DEL01-PR";"UOP06-DEL01-PR"
180275;2018-12-22;"sábado";"23:20:00";"SC";101;255;"PAULO LOPES";"Ingestão de Álcool";"Saída de leito carroçável";"Sem Vítimas";"Plena Noite";"Crescente";"Chuva";"Simples";"Curva";"Não";1;0;0;0;0;1;0;1;-27,9949;-48,6853;"SPRF-SC";"DEL02-SC";"UOP03-DEL02-SC"
180276;2018-12-23;"domingo";"00:05:00";"PR";476;98;"BOCAIUVA DO SUL";"Velocidade Incompatível";"Saída de leito carroçável";"Com Vítimas Feridas";"Plena Noite";"Crescente";"Garoa/Chuvisco";"Simples";"Curva";"Não";1;0;1;0;0;0;1;1;-25,24007;-49,127075;"SPRF-PR";"DEL01-PR";"UOP01-DEL01-PR"
180278;2018-12-22;"sábado";"19:10:00";"SC";282;660;"SAO MIGUEL DO OESTE";"Velocidade Incompatível";"Saída de leito carroçável";"Sem Vítimas";"Pleno dia";"Decrescente";"Nublado";"Simples";"Curva";"Não";1;0;0;0;1;0;0;1;-26,675064;-53,566074;"SPRF-SC";"DEL07-SC";"UOP03-DEL07-SC"
180279;2018-12-22;"sábado";"23:40:00";"SP";116;116,5;"TAUBATE";"Ingestão de Álcool";"Colisão traseira";"Sem Vítimas";"Plena Noite";"Decrescente";"Nublado";"Dupla";"Reta";"Não";2;0;0;0;2;0;0;2;-23,053757;-45,608791;"SPRF-SP";"DEL06-SP";"UOP02-DEL02-SP"
180281;2018-12-22;"sábado";"11:50:00";"MT";364;404,1;"CUIABA";"Falta de Atenção do Pedestre";"Atropelamento de Pedestre";"Com Vítimas Feridas";"Plena Noite";"Crescente";"Céu Claro";"Dupla";"Reta";"Sim";2;0;1;0;1;0;1;2;-15,661578;-55,971462;"SPRF-MT";"DEL02-MT";"UOP02-DEL01-MT"
180282;2018-12-22;"sábado";"23:40:00";"MA";316;613,1;"TIMON";"Desobediência às normas de trânsito pelo condutor";"Colisão frontal";"Com Vítimas Feridas";"Plena Noite";"Crescente";"Céu Claro";"Simples";"Reta;Declive";"Não";2;0;1;0;1;0;1;2;-5,075249;-42,850487;"SPRF-MA";"DEL03-MA";"UOP02-DEL03-MA"
180283;2018-12-23;"domingo";"01:15:00";"PR";277;367,9;"GUARAPUAVA";"Falta de Atenção à Condução";"Colisão com objeto estático";"Com Vítimas Feridas";"Plena Noite";"Decrescente";"Garoa/Chuvisco";"Simples";"Reta;Declive";"Não";2;0;1;0;1;0;1;1;-25,41396617;-51,67564541;"SPRF-PR";"DEL03-PR";"UOP01-DEL08-PR"
180284;2018-12-23;"domingo";"01:20:00";"MG";381;512;"IGARAPE";"Condutor Dormindo";"Colisão com objeto estático";"Com Vítimas Feridas";"Amanhecer";"Decrescente";"Céu Claro";"Dupla";"Reta";"Sim";4;0;1;0;3;0;1;1;-20,0758;-44,303;"SPRF-MG";"DEL01-MG";"UOP03-DEL01-MG"
180287;2018-12-23;"domingo";"00:30:00";"GO";40;7,4;"VALPARAISO DE GOIAS";"Ingestão de Álcool";"Saída de leito carroçável";"Com Vítimas Feridas";"Plena Noite";"Decrescente";"Garoa/Chuvisco";"Dupla";"Reta";"Sim";1;0;1;0;0;0;1;1;-16,108482;-47,972524;"SPRF-DF";"DEL01-DF";"UOP01-DEL01-DF"
180288;2018-12-23;"domingo";"00:00:00";"MT";364;273,6;"JACIARA";"Falta de Atenção à Condução";"Atropelamento de Pedestre";"Com Vítimas Feridas";"Plena Noite";"Crescente";"Céu Claro";"Dupla";"Reta";"Sim";4;0;3;0;0;1;3;2;-15,96078;-54,967728;"SPRF-MT";"DEL02-MT";"UOP02-DEL05-MT"
180290;2018-12-22;"sábado";"22:30:00";"MG";381;547;"ITATIAIUCU";"Falta de Atenção à Condução";"Colisão lateral";"Sem Vítimas";"Plena Noite";"Crescente";"Nublado";"Dupla";"Declive";"Não";2;0;0;0;2;0;0;2;-20,2843;-44,4322;"SPRF-MG";"DEL04-MG";"UOP03-DEL04-MG"
180293;2018-12-23;"domingo";"02:25:00";"RS";116;261;"CANOAS";"Ingestão de Álcool";"Tombamento";"Com Vítimas Feridas";"Plena Noite";"Decrescente";"Céu Claro";"Dupla";"Reta";"Sim";1;0;1;0;0;0;1;1;-29,887983;-51,179008;"SPRF-RS";"DEL01-RS";"UOP01-DEL01-RS"
180295;2018-12-23;"domingo";"02:35:00";"SC";470;89,1;"ASCURRA";"Falta de Atenção à Condução";"Saída de leito carroçável";"Sem Vítimas";"Plena Noite";"Crescente";"Nublado";"Simples";"Reta";"Não";1;0;0;0;0;1;0;1;-26,96224507;-49,37084734;"SPRF-SC";"DEL04-SC";"UOP01-DEL04-SC"