"id";"data_inversa";"dia_semana";"horario";"uf";"br";"km";"municipio";"causa_acidente";"tipo_acidente";"classificacao_acidente";"fase_dia";"sentido_via";"condicao_metereologica";"tipo_pista";"tracado_via";"uso_solo";"pessoas";"mortos";"feridos_leves";"feridos_graves";"ilesos";"ignorados";"feridos";"veiculos";"latitude";"longitude";"regional";"delegacia";"uop"
180296;2018-12-23;"domingo";"02:45:00";"SP";153;125,6;"UBARANA";"Falta de Atenção à Condução";"Colisão frontal";"Com Vítimas Feridas";"Plena Noite";"Crescente";"Nublado";"Simples";"Reta";"Não";47;0;3;0;43;1;3;3;-21,211174;-49,73555;"SPRF-SP";"DEL09-SP";"UOP01-DEL09-SP"
180297;2018-12-23;"domingo";"01:30:00";"MG";40;521;"CONTAGEM";"Velocidade Incompatível";"Saída de leito carroçável";"Sem Vítimas";"Plena Noite";"Crescente";"Nublado";"Dupla";"Reta";"Sim";1;0;0;0;0;1;0;1;-19,8665;-44,064;"SPRF-MG";"DEL01-MG";"UOP03-DEL01-MG"
180299;2018-12-23;"domingo";"03:00:00";"SC";101;214;"PALHOCA";"Pista Escorregadia";"Saída de leito carroçável";"Com Vítimas Feridas";"Plena Noite";"Crescente";"Chuva";"Múltipla";"Curva;Aclive";"Sim";2;0;2;0;0;0;2;1;-27,652;-48,676;"SPRF-SC";"DEL01-SC";"UOP02-DEL01-SC"
180301;2018-12-22;"sábado";"21:30:00";"SP";116;457,8;"PARIQUERA-ACU";"Velocidade Incompatível";"Colisão lateral";"Com Vítimas Feridas";"Plena Noite";"Decrescente";"Chuva";"Dupla";"Reta";"Não";3;0;1;0;2;0;1;2;-24,59290611;-47,87873983;"SPRF-SP";"DEL05-SP";"UOP01-DEL05-SP"
180302;2018-12-23;"domingo";"01:30:00";"RN";101;116;"SAO JOSE DE MIPIBU";"Ingestão de Álcool";"Colisão com objeto estático";"Sem Vítimas";"Plena Noite";"Crescente";"Céu Claro";"Dupla";"Reta";"Sim";1;0;0;0;1;0;0;1;-5,999234;-35,260391;"SPRF-RN";"DEL01-RN";"UOP01-DEL01-RN"
180303;2018-12-23;"domingo";"02:50:00";"ES";101;45;"CONCEICAO DA BARRA";"Defeito Mecânico no Veículo";"Saída de leito carroçável";"Sem Vítimas";"Plena Noite";"Crescente";"Céu Claro";"Simples";"Reta";"Não";1;0;0;0;1;0;0;1;-18,542835;-39,905472;"SPRF-ES";"DEL04-ES";"UOP02-DEL04-ES"
180304;2018-12-23;"domingo";"03:30:00";"SC";282;21;"PALHOCA";"Ingestão de Álcool";"Colisão frontal";"Com Vítimas Feridas";"Plena Noite";"Crescente";"Chuva";"Simples";"Reta";"Sim";3;0;1;0;1;1;1;2;-27,68907;-48,717541;"SPRF-SC";"DEL01-SC";"UOP02-DEL01-SC"
180305;2018-12-23;"domingo";"03:30:00";"ES";101;329,1;"GUARAPARI";"Velocidade Incompatível";"Saída de leito carroçável";"Com Vítimas Feridas";"Plena Noite";"Crescente";"Céu Claro";"Simples";"Curva";"Não";1;0;1;0;0;0;1;1;-20,58562597;-40,49715042;"SPRF-ES";"DEL03-ES";"UOP01-DEL03-ES"
180307;2018-12-23;"domingo";"03:15:00";"SC";158;105,8;"CUNHA PORA";"Ingestão de Álcool";"Saída de leito carroçável";"Com Vítimas Feridas";"Plena Noite";"Crescente";"Nublado";"Simples";"Reta";"Não";5;0;4;0;1;0;4;1;-26,760532;-53,174904;"SPRF-SC";"DEL07-SC";"UOP02-DEL07-SC"
180308;2018-12-23;"domingo";"04:10:00";"RS";116;526,5;"PELOTAS";"Ingestão de álcool e/ou substâncias psicoativas pelo pedestre";"Tombamento";"Com Vítimas Feridas";"Plena Noite";"Crescente";"Céu Claro";"Simples";"Rotatória";"Sim";1;0;1;0;0;0;1;1;-31,74481045;-52,40366936;"SPRF-RS";"DEL07-RS";"UOP01-DEL07-RS"
180309;2018-12-23;"domingo";"04:00:00";"PR";277;15,2;"CASCAVEL";"Ingestão de álcool e/ou substâncias psicoativas pelo pedestre";"Saída de leito carroçável";"Sem Vítimas";"Plena Noite";"Crescente";"Chuva";"Dupla";"Reta";"Não";1;0;0;0;1;0;0;1;-25,10425381;-53,06877136;"SPRF-PR";"DEL01-PR";"UOP05-DEL01-PR"
180310;2018-12-23;"domingo";"02:00:00";"MA";10;251;"IMPERATRIZ";"Falta de Atenção à Condução";"Colisão lateral";"Com Vítimas Feridas";"Plena Noite";"Crescente";"Céu Claro";"Simples";"Reta";"Não";1;0;1;0;0;0;1;1;-5,550874;-47,459305;"SPRF-MA";"DEL04-MA";"UOP01-DEL04-MA"
180311;2018-12-23;"domingo";"02:20:00";"RO";319;61;"PORTO VELHO";"Ingestão de Álcool";"Colisão traseira";"Com Vítimas Feridas";"Plena Noite";"Crescente";"Nublado";"Dupla";"Reta";"Sim";5;0;4;0;0;1;4;4;-8,74024;-63,892185;"SPRF-RO";"DEL01-RO";"UOP01-DEL01-RO"
180313;2018-12-23;"domingo";"03:35:00";"RS";290;452,4;"SAO GABRIEL";"Desobediência às normas de trânsito pelo condutor";"Colisão frontal";"Sem Vítimas";"Plena Noite";"Decrescente";"Céu Claro";"Simples";"Aclive";"Não";3;0;0;0;3;0;0;2;-30,237436;-54,636631;"SPRF-RS";"DEL11-RS";"UOP02-DEL11-RS"
180314;2018-12-23;"domingo";"02:35:00";"MG";116;175;"PADRE PARAISO";"Condutor Dormindo";"Colisão com objeto estático";"Com Vítimas Feridas";"Plena Noite";"Decrescente";"Céu Claro";"Simples";"Curva";"Não";5;0;4;0;1;0;4;1;-17,06794381;-41,47888184;"SPRF-MG";"DEL11-MG";"UOP02-DEL11-MG"
180316;2018-12-23;"domingo";"05:20:00";"MG";381;790;"SAO GONCALO DO SAPUCAI";"Condutor Dormindo";"Colisão com objeto estático";"Com Vítimas Feridas";"Plena Noite";"Crescente";"Céu Claro";"Dupla";"Curva";"Não";2;0;1;0;0;1;1;1;-21,8882;-45,5463;"SPRF-MG";"DEL16-MG";"UOP02-DEL16-MG"
180317;2018-12-23;"domingo";"04:00:00";"GO";364;204;"JATAI";"Condutor Dormindo";"Saída de leito carroçável";"Com Vítimas Feridas";"Plena Noite";"Crescente";"Nublado";"Simples";"Curva";"Não";2;0;1;1;0;0;2;1;-17,907591;-51,791985;"SPRF-GO";"DEL05-GO";"UOP01-DEL05-GO"
180318;2018-12-23;"domingo";"05:30:00";"MG";381;349;"JOAO MONLEVADE";"Ultrapassagem Indevida";"Colisão frontal";"Com Vítimas Feridas";"Plena Noite";"Crescente";"Céu Claro";"Simples";"Aclive;Reta";"Não";9;0;7;1;1;0;8;2;-19,85696423;-43,10894273;"SPRF-MG";"DEL03-MG";"UOP01-DEL03-MG"
180319;2018-12-23;"domingo";"03:00:00";"PE";101;3,5;"GOIANA";"Velocidade Incompatível";"Colisão com objeto estático";"Sem Vítimas";"Plena Noite";"Crescente";"Nublado";"Dupla";"Declive;Curva";"Não";1;0;0;0;0;1;0;1;-7,5328;-34,9909;"SPRF-PE";"DEL01-PE";"UOP02-DEL01-PE"
180320;2018-12-23;"domingo";"04:20:00";"PE";232;197,2;"SANHARO";"Defeito Mecânico no Veículo";"Incêndio";"Sem Vítimas";"Plena Noite";"Crescente";"Céu Claro";"Simples";"Reta";"Não";1;0;0;0;1;0;0;1;-8,369987;-36,600521;"SPRF-PE";"DEL02-PE";"UOP03-DEL02-PE"
180321;2018-12-23;"domingo";"04:10:00";"MG";50;40;"ARAGUARI";"Ingestão de Álcool";"Colisão com objeto estático";"Sem Vítimas";"Plena Noite";"Crescente";"Céu Claro";"Simples";"Curva";"Sim";1;0;0;0;1;0;0;1;-18,6834;-48,1789;"SPRF-MG";"DEL15-MG";"UOP02-DEL15-MG"
180322;2018-12-23;"domingo";"04:25:00";"BA";367;47,5;"PORTO SEGURO";"Condutor Dormindo";"Colisão lateral";"Com Vítimas Feridas";"Amanhecer";"Decrescente";"Céu Claro";"Simples";"Reta";"Não";8;0;3;0;5;0;3;2;-16,372652;-39,27166;"SPRF-BA";"DEL09-BA";"UOP01-DEL09-BA"
180325;2018-11-04;"domingo";"12:12:00";"PR";376;665;"GUARATUBA";"Pista Escorregadia";"Queda de ocupante de veículo";"Com Vítimas Feridas";"Pleno dia";"Decrescente";"Ignorado";"Dupla";"Curva";"Não";2;0;0;1;1;0;1;1;-25,85964835;-48,95074368;"SPRF-PR";"DEL01-PR";"DEL7/1-UOP08/PR"
180326;2018-12-23;"domingo";"06:20:00";"PR";277;723;"FOZ DO IGUACU";"Condutor Dormindo";"Saída de leito carroçável";"Com Vítimas Feridas";"Amanhecer";"Decrescente";"Céu Claro";"Dupla";"Reta";"Sim";1;0;1;0;0;0;1;1;-25,498783;-54,529865;"SPRF-PR";"DEL05-PR";"UOP01-DEL05-PR"
180327;2018-12-23;"domingo";"05:30:00";"SC";282;342;"CAMPOS NOVOS";"Ingestão de álcool e/ou substâncias psicoativas pelo pedestre";"Saída de leito carroçável";"Sem Vítimas";"Amanhecer";"Decrescente";"Nublado";"Simples";"Rotatória";"Sim";1;0;0;0;1;0;0;1;-27,390287;-51,223286;"SPRF-SC";"DEL07-SC";"UOP06-DEL07-SC"
180328;2018-12-23;"domingo";"05:40:00";"PR";376;105,7;"PARANAVAI";"Falta de Atenção à Condução";"Saída de leito carroçável";"Sem Vítimas";"Amanhecer";"Crescente";"Céu Claro";"Dupla";"Reta";"Não";1;0;0;0;0;1;0;1;-23,063156;-52,431847;"SPRF-PR";"DEL07-PR";"UOP02-DEL09-PR"
180330;2018-12-23;"domingo";"07:00:00";"RS";116;152,5;"CAXIAS DO SUL";"Velocidade Incompatível";"Saída de leito carroçável";"Sem Vítimas";"Pleno dia";"Crescente";"Céu Claro";"Simples";"Curva";"Sim";1;0;0;0;0;1;0;1;-29,182934;-51,168015;"SPRF-RS";"DEL05-RS";"UOP01-DEL05-RS"
180331;2018-12-23;"domingo";"06:45:00";"RS";293;53;"CERRITO";"Falta de Atenção à Condução";"Saída de leito carroçável";"Com Vítimas Feridas";"Pleno dia";"Decrescente";"Céu Claro";"Simples";"Reta";"Não";2;0;2;0;0;0;2;1;-31,727226;-52,857616;"SPRF-RS";"DEL07-RS";"UOP01-DEL07-RS"
180332;2018-12-23;"domingo";"06:00:00";"MT";163;782;"SORRISO";"Falta de Atenção à Condução";"Queda de ocupante de veículo";"Com Vítimas Feridas";"Amanhecer";"Crescente";"Céu Claro";"Simples";"Reta";"Não";1;0;1;0;0;0;1;1;-12,30181035;-55,57306811;"SPRF-MT";"DEL06-MT";"UOP01-DEL06-MT"
180333;2018-12-23;"domingo";"07:30:00";"PR";376;179;"MARINGA";"Falta de Atenção à Condução";"Queda de ocupante de veículo";"Com Vítimas Feridas";"Pleno dia";"Decrescente";"Chuva";"Dupla";"Reta";"Sim";1;0;1;0;0;0;1;1;-23,427254;-51,895123;"SPRF-PR";"DEL07-PR";"UOP01-DEL09-PR"
180334;2018-12-23;"domingo";"04:40:00";"MS";158;326;"BRASILANDIA";"Desobediência às normas de trânsito pelo condutor";"Colisão frontal";"Com Vítimas Feridas";"Plena Noite";"Decrescente";"Céu Claro";"Simples";"Curva";"Não";6;0;0;5;0;1;5;2;-21,16124114;-51,9739151;"SPRF-MS";"DEL07-MS";"UOP01-DEL07-MS"
180335;2018-12-23;"domingo";"06:00:00";"MT";364;323,6;"CAMPO VERDE";"Condutor Dormindo";"Saída de leito carroçável";"Com Vítimas Feridas";"Amanhecer";"Crescente";"Céu Claro";"Dupla";"Reta";"Não";5;0;4;1;0;0;5;1;-15,81563;-55,350422;"SPRF-MT";"DEL02-MT";"UOP02-DEL05-MT"
180336;2018-12-23;"domingo";"07:15:00";"SC";282;72;"RANCHO QUEIMADO";"Velocidade Incompatível";"Colisão lateral";"Com Vítimas Feridas";"Amanhecer";"Decrescente";"Nublado";"Simples";"Curva";"Não";6;0;2;0;4;0;2;2;-27,683439;-49,105259;"SPRF-SC";"DEL01-SC";"UOP03-DEL01-SC"
180337;2018-12-23;"domingo";"07:15:00";"RJ";116;201;"SEROPEDICA";"Condutor Dormindo";"Saída de leito carroçável";"Com Vítimas Feridas";"Pleno dia";"Crescente";"Céu Claro";"Dupla";"Reta";"Sim";3;0;3;0;0;0;3;1;-22,731236;-43,603722;"SPRF-RJ";"DEL01-RJ";"UOP03-DEL01-RJ"
180338;2018-12-22;"sábado";"22:30:00";"RR";174;421;"IRACEMA";"Animais na Pista";"Atropelamento de Animal";"Com Vítimas Feridas";"Plena Noite";"Crescente";"Ignorado";"Simples";"Reta";"Não";4;0;2;0;2;0;2;1;2,23982;-60,985523;"SPRF-RR";"DEL01-RR";"UOP01-DEL01-RR"
180339;2018-12-23;"domingo";"06:30:00";"MG";251;452,3;"GRAO MOGOL";"Condutor Dormindo";"Saída de leito carroçável";"Com Vítimas Feridas";"Amanhecer";"Crescente";"Céu Claro";"Simples";"Reta";"Não";4;0;4;0;0;0;4;1;-16,419;-43,2997;"SPRF-MG";"DEL12-MG";"UOP01-DEL12-MG"
180340;2018-12-23;"domingo";"08:35:00";"ES";101;100,3;"JAGUARE";"Desobediência às normas de trânsito pelo condutor";"Saída de leito carroçável";"Com Vítimas Feridas";"Pleno dia";"Crescente";"Sol";"Simples";"Reta";"Não";2;0;1;0;1;0;1;1;-18,98213255;-39,99638386;"SPRF-ES";"DEL04-ES";"UOP02-DEL04-ES"
180343;2018-12-23;"domingo";"08:00:00";"RJ";101;277;"TANGUA";"Falta de Atenção à Condução";"Colisão traseira";"Com Vítimas Feridas";"Pleno dia";"Decrescente";"Céu Claro";"Dupla";"Reta";"Sim";2;0;1;0;1;0;1;2;-22,739443;-42,748337;"SPRF-RJ";"DEL02-RJ";"UOP03-DEL02-RJ"
180345;2018-12-23;"domingo";"05:15:00";"SC";101;205,2;"SAO JOSE";"Falta de Atenção à Condução";"Saída de leito carroçável";"Sem Vítimas";"Plena Noite";"Decrescente";"Nublado";"Dupla";"Curva";"Não";1;0;0;0;1;0;0;1;-27,592;-48,6181;"SPRF-SC";"DEL01-SC";"UOP01-DEL01-SC"
180346;2018-12-23;"domingo";"09:02:00";"SP";101;50,5;"UBATUBA";"Falta de Atenção à Condução";"Colisão traseira";"Com Vítimas Feridas";"Pleno dia";"Decrescente";"Céu Claro";"Simples";"Reta";"Sim";2;0;1;0;1;0;1;2;-23,45022;-45,077404;"SPRF-SP";"DEL06-SP";"UOP01-DEL06-SP"
180347;2018-12-22;"sábado";"17:00:00";"BA";407;100;"JAGUARARI";"Falta de Atenção à Condução";"Tombamento";"Com Vítimas Feridas";"Pleno dia";"Crescente";"Céu Claro";"Simples";"Viaduto";"Não";1;0;0;1;0;0;1;1;-10,235821;-40,203671;"SPRF-BA";"DEL04-BA";"UOP01-DEL04-BA"
180349;2018-12-23;"domingo";"08:00:00";"TO";153;199,6;"NOVA OLINDA";"Velocidade Incompatível";"Colisão traseira";"Com Vítimas Feridas";"Pleno dia";"Decrescente";"Céu Claro";"Simples";"Reta";"Sim";4;0;2;0;2;0;2;2;-7,639278;-48,427567;"SPRF-TO";"DEL02-TO";"UOP01-DEL02-TO"
180350;2018-12-22;"sábado";"23:30:00";"GO";80;9;"PADRE BERNARDO";"Animais na Pista";"Atropelamento de Animal";"Com Vítimas Feridas";"Plena Noite";"Crescente";"Céu Claro";"Simples";"Reta";"Não";3;0;3;0;0;0;3;1;-15,460798;-48,217143;"SPRF-DF";"DEL01-DF";"UOP02-DEL03-DF"
180351;2018-12-23;"domingo";"06:30:00";"RJ";116;263;"BARRA MANSA";"Condutor Dormindo";"Saída de leito carroçável";"Com Vítimas Feridas";"Pleno dia";"Crescente";"Garoa/Chuvisco";"Dupla";"Curva";"Não";4;0;3;1;0;0;4;1;-22,560883;-44,122238;"SPRF-RJ";"DEL07-RJ";"UOP02-DEL07-RJ"
180353;2018-12-23;"domingo";"08:00:00";"MG";262;380;"JUATUBA";"Pista Escorregadia";"Tombamento";"Com Vítimas Feridas";"Pleno dia";"Crescente";"Céu Claro";"Dupla";"Curva";"Não";2;0;1;0;1;0;1;1;-19,9356;-44,4406;"SPRF-MG";"DEL01-MG";"UOP03-DEL01-MG"
180354;2018-12-22;"sábado";"23:00:00";"MG";381;313;"ANTONIO DIAS";"Falta de Atenção à Condução";"Colisão frontal";"Com Vítimas Feridas";"Plena Noite";"Decrescente";"Céu Claro";"Simples";"Reta";"Não";3;0;2;0;0;1;2;2;-19,65717307;-42,95993634;"SPRF-MG";"DEL03-MG";"UOP02-DEL03-MG"
180355;2018-12-23;"domingo";"09:20:00";"MG";40;660;"CARANDAI";"Falta de Atenção à Condução";"Colisão com objeto estático";"Com Vítimas Fatais";"Pleno dia";"Crescente";"Céu Claro";"Simples";"Reta";"Não";3;1;0;0;0;2;0;2;-20,9139;-43,8266;"SPRF-MG";"DEL05-MG";"UOP02-DEL05-MG"
180358;2018-12-23;"domingo";"07:10:00";"SC";163;89,3;"GUARACIABA";"Desobediência às normas de trânsito pelo condutor";"Colisão frontal";"Com Vítimas Fatais";"Pleno dia";"Crescente";"Nublado";"Simples";"Curva";"Não";4;2;0;2;0;0;2;2;-26,55767765;-53,51363182;"SPRF-SC";"DEL07-SC";"UOP03-DEL07-SC"
180360;2018-12-23;"domingo";"05:20:00";"MT";70;1;"BARRA DO GARCAS";"Ingestão de Álcool";"Colisão traseira";"Sem Vítimas";"Amanhecer";"Crescente";"Garoa/Chuvisco";"Simples";"Reta";"Sim";4;0;0;0;4;0;0;2;-15,891638;-52,262032;"SPRF-MT";"DEL07-MT";"UOP01-DEL07-MT"
180361;2018-12-23;"domingo";"06:40:00";"RO";364;497;"ARIQUEMES";"Ingestão de Álcool";"Queda de ocupante de veículo";"Com Vítimas Feridas";"Pleno dia";"Crescente";"Céu Claro";"Simples";"Reta";"Não";2;0;2;0;0;0;2;1;-10,055311;-62,973679;"SPRF-RO";"DEL03-RO";"UOP01-DEL03-RO"
180363;2018-12-23;"domingo";"09:30:00";"ES";262;3,8;"CARIACICA";"Desobediência às normas de trânsito pelo condutor";"Colisão transversal";"Com Vítimas Feridas";"Pleno dia";"Crescente";"Céu Claro";"Múltipla";"Curva";"Sim";2;0;1;0;1;0;1;2;-20,3362;-40,3783;"SPRF-ES";"DEL01-ES";"UOP01-DEL01-ES"
180364;2018-12-23;"domingo";"08:03:00";"MG";262;418;"PARA DE MINAS";"Desobediência às normas de trânsito pelo condutor";"Colisão lateral";"Sem Vítimas";"Pleno dia";"Crescente";"Céu Claro";"Dupla";"Curva";"Não";2;0;0;0;2;0;0;2;-19,8827;-44,7629;"SPRF-MG";"DEL08-MG";"UOP03-DEL08-MG"
180365;2018-12-23;"domingo";"09:15:00";"MG";381;347;"BELA VISTA DE MINAS";"Velocidade Incompatível";"Queda de ocupante de veículo";"Com Vítimas Feridas";"Pleno dia";"Crescente";"Céu Claro";"Simples";"Curva";"Não";3;0;3;0;0;0;3;2;-19,7784;-43,0437;"SPRF-MG";"DEL03-MG";"UOP01-DEL03-MG"
180366;2018-12-23;"domingo";"09:00:00";"MS";158;52;"PARANAIBA";"Falta de Atenção à Condução";"Saída de leito carroçável";"Com Vítimas Feridas";"Pleno dia";"Crescente";"Céu Claro";"Simples";"Reta";"Não";3;0;1;2;0;0;3;1;-19,427238;-51,374901;"SPRF-MS";"DEL08-MS";"UOP01-DEL08-MS"
180367;2018-12-23;"domingo";"08:50:00";"BA";242;797;"BARREIRAS";"Ingestão de Álcool";"Saída de leito carroçável";"Com Vítimas Feridas";"Pleno dia";"Crescente";"Sol";"Simples";"Reta";"Não";2;0;2;0;0;0;2;1;-12,125196;-45;"SPRF-BA";"DEL10-BA";"UOP01-DEL10-BA"
180369;2018-12-23;"domingo";"07:00:00";"MG";381;438;"SABARA";"Condutor Dormindo";"Saída de leito carroçável";"Com Vítimas Feridas";"Pleno dia";"Crescente";"Sol";"Simples";"Curva";"Não";2;0;2;0;0;0;2;1;-19,787612;-43,73809;"SPRF-MG";"DEL01-MG";"UOP01-DEL01-MG"
180372;2018-12-23;"domingo";"09:00:00";"SE";235;48,1;"ITABAIANA";"Velocidade Incompatível";"Colisão frontal";"Com Vítimas Fatais";"Pleno dia";"Crescente";"Céu Claro";"Simples";"Reta";"Não";3;1;1;1;0;0;2;2;-10,724387;-37,41708;"SPRF-SE";"DEL01-SE";"UOP02-DEL01-SE"
180374;2018-12-23;"domingo";"08:50:00";"BA";324;623;"SALVADOR";"Falta de Atenção à Condução";"Colisão traseira";"Com Vítimas Feridas";"Pleno dia";"Decrescente";"Céu Claro";"Múltipla";"Reta";"Sim";3;0;1;0;2;0;1;2;-12,94183429;-38,47064888;"SPRF-BA";"DEL01-BA";"UOP01-DEL01-BA"
180375;2018-12-23;"domingo";"08:50:00";"RJ";101;277,8;"TANGUA";"Falta de Atenção à Condução";"Saída de leito carroçável";"Com Vítimas Feridas";"Pleno dia";"Crescente";"Céu Claro";"Dupla";"Reta";"Sim";3;0;1;0;2;0;1;1;-22,739443;-42,748337;"SPRF-RJ";"DEL02-RJ";"UOP03-DEL02-RJ"
180376;2018-12-23;"domingo";"09:30:00";"RN";405;84,7;"APODI";"Ingestão de Álcool";"Tombamento";"Com Vítimas Feridas";"Pleno dia";"Decrescente";"Nublado";"Simples";"Aclive";"Não";1;0;1;0;0;0;1;1;-5,71258;-37,811611;"SPRF-RN";"DEL04-RN";"UOP02-DEL04-RN"
180380;2018-12-21;"sexta-feira";"21:30:00";"RO";364;765;"PORTO VELHO";"Agressão Externa";"Tombamento";"Com Vítimas Feridas";"Plena Noite";"Crescente";"Céu Claro";"Simples";"Reta";"Não";1;0;1;0;0;0;1;1;-9,674507;-65,44786;"SPRF-RO";"DEL01-RO";"UOP02-DEL01-RO"
180381;2018-12-23;"domingo";"08:40:00";"PI";316;4,4;"TERESINA";"Desobediência às normas de trânsito pelo condutor";"Colisão transversal";"Com Vítimas Feridas";"Pleno dia";"Decrescente";"Sol";"Múltipla";"Viaduto";"Sim";2;0;1;0;1;0;1;2;-5,136601;-42,788982;"SPRF-PI";"DEL01-PI";"UOP02-DEL01-PI"
180382;2018-12-23;"domingo";"09:20:00";"PE";101;43,7;"IGARASSU";"Falta de Atenção à Condução";"Colisão lateral";"Sem Vítimas";"Pleno dia";"Decrescente";"Sol";"Dupla";"Reta";"Sim";2;0;0;0;2;0;0;2;-7,8543;-34,9087;"SPRF-PE";"DEL01-PE";"UOP02-DEL01-PE"
180383;2018-12-23;"domingo";"11:02:00";"GO";153;640,4;"MORRINHOS";"Condutor Dormindo";"Saída de leito carroçável";"Com Vítimas Feridas";"Pleno dia";"Decrescente";"Céu Claro";"Dupla";"Reta";"Não";4;0;2;0;2;0;2;1;-17,8799;-49,2301;"SPRF-GO";"DEL03-GO";"UOP01-DEL03-GO"
180384;2018-11-21;"quarta-feira";"18:25:00";"PB";230;24,2;"JOAO PESSOA";"Falta de Atenção à Condução";"Colisão lateral";"Com Vítimas Feridas";"Plena Noite";"Decrescente";"Chuva";"Dupla";"Declive";"Sim";3;0;1;0;1;1;1;3;-7,1637;-34,8618;"SPRF-PB";"DEL01-PB";"UOP01-DEL01-PB"
180385;2018-12-23;"domingo";"09:55:00";"SC";282;412,1;"CATANDUVAS";"Fenômenos da Natureza";"Colisão com objeto estático";"Com Vítimas Feridas";"Pleno dia";"Decrescente";"Céu Claro";"Simples";"Aclive;Curva";"Não";1;0;1;0;0;0;1;1;-27,055775;-51,688843;"SPRF-SC";"DEL07-SC";"UOP05-DEL07-SC"
180386;2018-12-23;"domingo";"08:15:00";"MG";365;416;"PATOS DE MINAS";"Condutor Dormindo";"Capotamento";"Com Vítimas Feridas";"Pleno dia";"Crescente";"Céu Claro";"Dupla";"Reta";"Não";3;0;1;0;2;0;1;1;-18,66613;-46,53075;"SPRF-MG";"DEL10-MG";"UOP01-DEL10-MG"
180387;2018-12-23;"domingo";"09:35:00";"MT";163;534;"DIAMANTINO";"Falta de Atenção à Condução";"Saída de leito carroçável";"Com Vítimas Feridas";"Pleno dia";"Crescente";"Céu Claro";"Simples";"Reta";"Não";2;0;1;1;0;0;2;1;-14,49850815;-56,18133545;"SPRF-MT";"DEL01-MT";"UOP01-DEL01-MT"
180388;2018-12-23;"domingo";"10:45:00";"PR";163;286,6;"MARECHAL CANDIDO RONDON";"Desobediência às normas de trânsito pelo condutor";"Colisão lateral";"Sem Vítimas";"Pleno dia";"Crescente";"Céu Claro";"Simples";"Reta";"Sim";2;0;0;0;2;0;0;2;-24,5399;-54,047;"SPRF-PR";"DEL06-PR";"UOP02-DEL06-PR"
180389;2018-12-23;"domingo";"10:56:00";"PR";376;422;"TIBAGI";"Fenômenos da Natureza";"Capotamento";"Sem Vítimas";"Pleno dia";"Decrescente";"Chuva";"Simples";"Curva";"Não";4;0;0;0;4;0;0;1;-24,69616905;-50,58042705;"SPRF-PR";"DEL03-PR";"UOP02-DEL03-PR"
180391;2018-12-23;"domingo";"04:30:00";"PR";277;199,7;"PALMEIRA";"Falta de Atenção à Condução";"Saída de leito carroçável";"Sem Vítimas";"Amanhecer";"Crescente";"Nublado";"Simples";"Reta";"Não";1;0;0;0;0;1;0;1;-25,46901621;-50,27527842;"SPRF-PR";"DEL03-PR";"UOP02-DEL08-PR"
180392;2018-12-23;"domingo";"11:15:00";"ES";101;393;"RIO NOVO DO SUL";"Falta de Atenção à Condução";"Colisão traseira";"Com Vítimas Feridas";"Pleno dia";"Decrescente";"Céu Claro";"Simples";"Reta";"Não";3;0;2;0;1;0;2;2;-20,86577446;-40,9137145;"SPRF-ES";"DEL03-ES";"UOP02-DEL03-ES"
180393;2018-12-23;"domingo";"10:50:00";"RN";101;85;"SAO GONCALO DO AMARANTE";"Falta de Atenção à Condução";"Colisão lateral";"Com Vítimas Feridas";"Pleno dia";"Crescente";"Céu Claro";"Dupla";"Declive;Reta";"Sim";2;0;2;0;0;0;2;2;-5,777664;-35,249371;"SPRF-RN";"DEL02-RN";"UOP01-DEL02-RN"
180394;2018-12-23;"domingo";"07:45:00";"RJ";493;3;"ITABORAI";"Desobediência às normas de trânsito pelo condutor";"Engavetamento";"Com Vítimas Feridas";"Pleno dia";"Crescente";"Sol";"Múltipla";"Em Obras";"Sim";8;0;4;0;4;0;4;4;-22,752428;-42,94173;"SPRF-RJ";"DEL04-RJ";"UOP02-DEL04-RJ"
180396;2018-12-23;"domingo";"08:30:00";"RS";471;631;"SANTA VITORIA DO PALMAR";"Falta de Atenção à Condução";"Saída de leito carroçável";"Com Vítimas Feridas";"Pleno dia";"Crescente";"Céu Claro";"Simples";"Reta";"Não";5;0;1;0;4;0;1;1;-33,359528;-53,175339;"SPRF-RS";"DEL07-RS";"UOP04-DEL07-RS"
180397;2018-12-23;"domingo";"10:30:00";"SC";280;290,2;"PORTO UNIAO";"Falta de Atenção à Condução";"Tombamento";"Com Vítimas Feridas";"Pleno dia";"Crescente";"Céu Claro";"Simples";"Reta";"Não";2;0;0;2;0;0;2;1;-26,296299;-50,915482;"SPRF-SC";"DEL06-SC";"UOP04-DEL06-SC"
180398;2018-12-23;"domingo";"12:05:00";"PR";116;1;"CAMPINA GRANDE DO SUL";"Velocidade Incompatível";"Saída de leito carroçável";"Com Vítimas Feridas";"Pleno dia";"Crescente";"Nublado";"Dupla";"Curva;Aclive";"Sim";1;0;0;1;0;0;1;1;-25,06377;-48,57058;"SPRF-PR";"DEL01-PR";"UOP02-DEL01-PR"
180399;2018-12-23;"domingo";"10:20:00";"MT";163;585,4;"NOVA MUTUM";"Falta de Atenção à Condução";"Colisão frontal";"Com Vítimas Feridas";"Pleno dia";"Crescente";"Céu Claro";"Simples";"Reta";"Não";4;0;2;0;2;0;2;2;-13,93187098;-56,09493244;"SPRF-MT";"DEL01-MT";"UOP01-DEL01-MT"