"id";"data_inversa";"dia_semana";"horario";"uf";"br";"km";"municipio";"causa_acidente";"tipo_acidente";"classificacao_acidente";"fase_dia";"sentido_via";"condicao_metereologica";"tipo_pista";"tracado_via";"uso_solo";"pessoas";"mortos";"feridos_leves";"feridos_graves";"ilesos";"ignorados";"feridos";"veiculos";"latitude";"longitude";"regional";"delegacia";"uop"
180507;2018-12-23;"domingo";"16:30:00";"RO";364;709;"PORTO VELHO";"Desobediência às normas de trânsito pelo condutor";"Colisão frontal";"Com Vítimas Feridas";"Pleno dia";"Crescente";"Céu Claro";"Múltipla";"Reta";"Não";2;0;1;0;1;0;1;2;-8,78929996;-63,85168813;"SPRF-RO";"DEL01-RO";"UOP01-DEL01-RO"
180508;2018-12-23;"domingo";"18:45:00";"PR";277;660;"MATELANDIA";"Velocidade Incompatível";"Saída de leito carroçável";"Com Vítimas Feridas";"Pleno dia";"Decrescente";"Céu Claro";"Dupla";"Curva";"Não";1;0;1;0;0;0;1;1;-25,251387;-53,990307;"SPRF-PR";"DEL05-PR";"UOP02-DEL05-PR"
180509;2018-12-23;"domingo";"19:00:00";"PI";135;331;"SANTA LUZ";"Defeito na Via";"Saída de leito carroçável";"Com Vítimas Feridas";"Plena Noite";"Crescente";"Céu Claro";"Simples";"Reta";"Não";5;0;2;0;3;0;2;1;-8,936099;-44,259212;"SPRF-PI";"DEL03-PI";"UOP02-DEL03-PI"
180510;2018-12-23;"domingo";"20:00:00";"MG";262;443;"NOVA SERRANA";"Não guardar distância de segurança";"Colisão traseira";"Com Vítimas Feridas";"Plena Noite";"Decrescente";"Céu Claro";"Dupla";"Reta";"Sim";2;0;1;0;1;0;1;2;-19,880623;-44,912323;"SPRF-MG";"DEL08-MG";"UOP03-DEL08-MG"
180512;2018-12-23;"domingo";"16:00:00";"SC";470;103,5;"APIUNA";"Falta de Atenção à Condução";"Colisão com objeto estático";"Com Vítimas Feridas";"Pleno dia";"Decrescente";"Céu Claro";"Simples";"Curva";"Não";2;0;1;0;1;0;1;1;-27,064796;-49,401424;"SPRF-SC";"DEL04-SC";"UOP02-DEL04-SC"
180514;2018-12-23;"domingo";"20:40:00";"RJ";116;163;"RIO DE JANEIRO";"Não guardar distância de segurança";"Colisão traseira";"Sem Vítimas";"Plena Noite";"Crescente";"Céu Claro";"Dupla";"Reta";"Sim";2;0;0;0;2;0;0;2;-22,802729;-43,290424;"SPRF-RJ";"DEL01-RJ";"UOP01-DEL01-RJ"
180515;2018-12-23;"domingo";"20:45:00";"PR";376;615,1;"SAO JOSE DOS PINHAIS";"Falta de Atenção à Condução";"Colisão lateral";"Com Vítimas Feridas";"Plena Noite";"Decrescente";"Garoa/Chuvisco";"Dupla";"Aclive";"Sim";6;0;0;2;4;0;2;2;-25,57678576;-49,17939663;"SPRF-PR";"DEL01-PR";"UOP01-DEL01-PR"
180516;2018-12-23;"domingo";"20:50:00";"PR";476;118,7;"COLOMBO";"Falta de Atenção à Condução";"Colisão com objeto estático";"Sem Vítimas";"Plena Noite";"Crescente";"Ignorado";"Dupla";"Reta";"Sim";1;0;0;0;1;0;0;1;-25,35634;-49,180828;"SPRF-PR";"DEL01-PR";"UOP01-DEL01-PR"
180517;2018-12-23;"domingo";"21:11:00";"RJ";101;312;"SAO GONCALO";"Falta de Atenção à Condução";"Atropelamento de Animal";"Com Vítimas Feridas";"Plena Noite";"Crescente";"Céu Claro";"Dupla";"Reta";"Não";1;0;1;0;0;0;1;1;-22,805479;-43,061592;"SPRF-RJ";"DEL02-RJ";"DEL5/2-UOP04/RJ"
180518;2018-12-23;"domingo";"21:00:00";"GO";153;510;"APARECIDA DE GOIANIA";"Ingestão de Álcool";"Colisão traseira";"Com Vítimas Feridas";"Plena Noite";"Decrescente";"Nublado";"Dupla";"Declive;Reta";"Sim";2;0;1;0;1;0;1;2;-16,78860031;-49,23754692;"SPRF-GO";"DEL01-GO";"UOP03-DEL01-GO"
180519;2018-12-23;"domingo";"19:56:00";"BA";324;513,4;"FEIRA DE SANTANA";"Falta de Atenção à Condução";"Colisão transversal";"Com Vítimas Feridas";"Plena Noite";"Crescente";"Céu Claro";"Simples";"Reta";"Sim";4;0;0;1;1;2;1;3;-12,23133369;-38,95919323;"SPRF-BA";"DEL02-BA";"UOP01-DEL02-BA"
180521;2018-12-23;"domingo";"21:15:00";"RS";386;36,2;"FREDERICO WESTPHALEN";"Ultrapassagem Indevida";"Colisão frontal";"Com Vítimas Feridas";"Plena Noite";"Crescente";"Céu Claro";"Simples";"Reta";"Sim";3;0;0;1;0;2;1;3;-27,373381;-53,39772;"SPRF-RS";"DEL08-RS";"UOP02-DEL08-RS"
180523;2018-12-23;"domingo";"19:30:00";"MS";262;354,7;"CAMPO GRANDE";"Ingestão de Álcool";"Saída de leito carroçável";"Sem Vítimas";"Plena Noite";"Crescente";"Nublado";"Simples";"Rotatória";"Sim";2;0;0;0;2;0;0;1;-20,55192695;-54,66841966;"SPRF-MS";"DEL01-MS";"UOP03-DEL01-MS"
180524;2018-12-23;"domingo";"16:25:00";"PI";316;17;"TERESINA";"Desobediência às normas de trânsito pelo condutor";"Colisão transversal";"Sem Vítimas";"Pleno dia";"Decrescente";"Nublado";"Simples";"Reta;Viaduto";"Não";2;0;0;0;1;1;0;2;-5,238861;-42,740273;"SPRF-PI";"DEL01-PI";"UOP02-DEL01-PI"
180526;2018-12-23;"domingo";"20:55:00";"SP";116;435;"REGISTRO";"Ingestão de Álcool";"Colisão lateral";"Sem Vítimas";"Plena Noite";"Crescente";"Chuva";"Dupla";"Reta";"Não";3;0;0;0;3;0;0;2;-24,42908079;-47,78514327;"SPRF-SP";"DEL05-SP";"UOP01-DEL05-SP"
180527;2018-12-23;"domingo";"20:05:00";"BA";116;820,7;"VITORIA DA CONQUISTA";"Falta de Atenção à Condução";"Colisão transversal";"Com Vítimas Feridas";"Plena Noite";"Crescente";"Céu Claro";"Simples";"Reta";"Sim";2;0;1;0;1;0;1;2;-14,834234;-40,83839761;"SPRF-BA";"DEL08-BA";"UOP01-DEL08-BA"
180528;2018-12-23;"domingo";"20:55:00";"AL";101;207,4;"SAO SEBASTIAO";"Animais na Pista";"Atropelamento de Animal";"Com Vítimas Feridas";"Plena Noite";"Crescente";"Céu Claro";"Simples";"Reta";"Não";3;0;2;0;0;1;2;2;-9,958604;-36,545883;"SPRF-AL";"DEL02-AL";"UOP02-DEL02-AL"
180529;2018-12-23;"domingo";"20:20:00";"PR";277;718,5;"FOZ DO IGUACU";"Ingestão de Álcool";"Colisão lateral";"Com Vítimas Feridas";"Anoitecer";"Decrescente";"Céu Claro";"Dupla";"Declive";"Não";4;0;1;0;2;1;1;3;-25,480068;-54,485416;"SPRF-PR";"DEL05-PR";"UOP01-DEL05-PR"
180532;2018-12-23;"domingo";"22:05:00";"RJ";40;24,8;"TRES RIOS";"Pista Escorregadia";"Colisão com objeto estático";"Sem Vítimas";"Plena Noite";"Crescente";"Chuva";"Dupla";"Curva";"Não";1;0;0;0;1;0;0;1;-22,1485;-43,1583;"SPRF-RJ";"DEL06-RJ";"UOP02-DEL05-RJ"
180533;2018-12-23;"domingo";"20:30:00";"SP";116;566;"BARRA DO TURVO";"Pista Escorregadia";"Colisão com objeto estático";"Com Vítimas Feridas";"Plena Noite";"Crescente";"Chuva";"Simples";"Curva";"Não";2;0;2;0;0;0;2;1;-25,05201288;-48,55476379;"SPRF-SP";"DEL05-SP";"UOP02-DEL05-SP"
180534;2018-12-23;"domingo";"21:05:00";"BA";116;827;"VITORIA DA CONQUISTA";"Ingestão de Álcool";"Colisão lateral";"Com Vítimas Feridas";"Plena Noite";"Decrescente";"Céu Claro";"Simples";"Reta";"Sim";3;0;0;1;2;0;1;2;-14,891168;-40,862709;"SPRF-BA";"DEL08-BA";"UOP01-DEL08-BA"
180535;2018-12-23;"domingo";"18:15:00";"RS";285;124,7;"VACARIA";"Ingestão de Álcool";"Colisão transversal";"Sem Vítimas";"Pleno dia";"Decrescente";"Sol";"Simples";"Curva;Interseção de Vias";"Sim";2;0;0;0;2;0;0;2;-28,491489;-50,955837;"SPRF-RS";"DEL05-RS";"UOP03-DEL05-RS"
180536;2018-12-23;"domingo";"21:15:00";"MG";381;501,2;"BETIM";"Velocidade Incompatível";"Saída de leito carroçável";"Com Vítimas Feridas";"Plena Noite";"Crescente";"Céu Claro";"Simples";"Interseção de Vias;Curva";"Sim";1;0;1;0;0;0;1;1;-20,0117018;-44,2202282;"SPRF-MG";"DEL01-MG";"UOP03-DEL01-MG"
180537;2018-12-23;"domingo";"21:50:00";"SP";153;54,4;"SAO JOSE DO RIO PRETO";"Falta de Atenção à Condução";"Colisão traseira";"Com Vítimas Feridas";"Plena Noite";"Crescente";"Céu Claro";"Dupla";"Reta";"Não";3;0;1;1;0;1;2;2;-20,744841;-49,338924;"SPRF-SP";"DEL09-SP";"UOP01-DEL09-SP"
180538;2018-12-23;"domingo";"19:00:00";"MT";158;548;"AGUA BOA";"Velocidade Incompatível";"Capotamento";"Com Vítimas Feridas";"Plena Noite";"Decrescente";"Céu Claro";"Simples";"Reta";"Não";1;0;1;0;0;0;1;1;-13,908;-52,079;"SPRF-MT";"DEL07-MT";"UOP02-DEL07-MT"
180539;2018-12-23;"domingo";"21:20:00";"AL";104;21,8;"SAO JOSE DA LAJE";"Falta de Atenção à Condução";"Colisão com objeto em movimento";"Com Vítimas Feridas";"Plena Noite";"Decrescente";"Céu Claro";"Simples";"Aclive";"Não";2;0;0;2;0;0;2;1;-9,07346601;-36,0372752;"SPRF-AL";"DEL01-AL";"UOP02-DEL01-AL"
180540;2018-12-23;"domingo";"21:15:00";"PE";408;66,4;"CARPINA";"Não guardar distância de segurança";"Colisão traseira";"Com Vítimas Feridas";"Plena Noite";"Decrescente";"Nublado";"Múltipla";"Reta";"Sim";2;0;1;0;1;0;1;2;-7,852093;-35,22871;"SPRF-PE";"DEL01-PE";"UOP01-DEL01-PE"
180541;2018-12-23;"domingo";"22:00:00";"PR";369;197,9;"APUCARANA";"Desobediência às normas de trânsito pelo condutor";"Saída de leito carroçável";"Sem Vítimas";"Plena Noite";"Crescente";"Céu Claro";"Dupla";"Reta";"Sim";1;0;0;0;0;1;0;1;-23,51969717;-51,43175483;"SPRF-PR";"DEL07-PR";"UOP03-DEL07-PR"
180542;2018-12-23;"domingo";"21:30:00";"MG";381;882;"ESTIVA";"Velocidade Incompatível";"Colisão com objeto estático";"Sem Vítimas";"Plena Noite";"Crescente";"Nublado";"Dupla";"Reta";"Não";1;0;0;0;1;0;0;1;-22,4837;-46,0108;"SPRF-MG";"DEL16-MG";"UOP01-DEL16-MG"
180543;2018-12-23;"domingo";"22:00:00";"RJ";101;524;"ANGRA DOS REIS";"Pista Escorregadia";"Colisão frontal";"Sem Vítimas";"Plena Noite";"Crescente";"Garoa/Chuvisco";"Simples";"Curva";"Não";3;0;0;0;3;0;0;2;-22,99820163;-44,47652601;"SPRF-RJ";"DEL03-RJ";"UOP02-DEL03-RJ"
180544;2018-12-23;"domingo";"21:40:00";"MT";364;266;"JACIARA";"Falta de Atenção à Condução";"Colisão frontal";"Com Vítimas Feridas";"Plena Noite";"Crescente";"Céu Claro";"Múltipla";"Declive";"Não";9;0;2;0;7;0;2;3;-15,995973;-54,922596;"SPRF-MT";"DEL02-MT";"UOP02-DEL05-MT"
180545;2018-12-23;"domingo";"22:20:00";"RJ";116;142;"DUQUE DE CAXIAS";"Falta de Atenção à Condução";"Colisão traseira";"Com Vítimas Feridas";"Plena Noite";"Decrescente";"Nublado";"Dupla";"Reta";"Sim";2;0;0;1;1;0;1;2;-22,648762;-43,230316;"SPRF-RJ";"DEL04-RJ";"UOP02-DEL04-RJ"
180546;2018-12-23;"domingo";"21:00:00";"BA";116;543;"MILAGRES";"Desobediência às normas de trânsito pelo condutor";"Queda de ocupante de veículo";"Com Vítimas Feridas";"Plena Noite";"Crescente";"Céu Claro";"Simples";"Interseção de Vias";"Não";2;0;2;0;0;0;2;1;-12,846484;-39,840941;"SPRF-BA";"DEL03-BA";"UOP02-DEL03-BA"
180549;2018-12-23;"domingo";"17:30:00";"ES";101;92,7;"JAGUARE";"Falta de Atenção à Condução";"Queda de ocupante de veículo";"Com Vítimas Feridas";"Pleno dia";"Crescente";"Nublado";"Simples";"Reta";"Não";1;0;1;0;0;0;1;1;-18,92772195;-39,97238159;"SPRF-ES";"DEL04-ES";"UOP02-DEL04-ES"
180550;2018-12-23;"domingo";"19:00:00";"MA";316;75;"MARANHAOZINHO";"Animais na Pista";"Atropelamento de Animal";"Com Vítimas Feridas";"Plena Noite";"Crescente";"Céu Claro";"Simples";"Reta";"Não";4;0;1;0;3;0;1;1;-2,199396;-45,868195;"SPRF-MA";"DEL02-MA";"UOP02-DEL02-MA"
180551;2018-12-23;"domingo";"21:00:00";"RS";470;328;"TRIUNFO";"Velocidade Incompatível";"Capotamento";"Com Vítimas Feridas";"Plena Noite";"Crescente";"Céu Claro";"Simples";"Curva";"Não";1;0;1;0;0;0;1;1;-29,85995706;-51,70398981;"SPRF-RS";"DEL04-RS";"UOP02-DEL04-RS"
180552;2018-12-23;"domingo";"23:30:00";"SP";116;308,7;"SAO LOURENCO DA SERRA";"Defeito na Via";"Queda de ocupante de veículo";"Com Vítimas Feridas";"Plena Noite";"Crescente";"Nublado";"Dupla";"Reta;Viaduto";"Não";2;0;1;0;1;0;1;1;-23,85879419;-46,94418496;"SPRF-SP";"DEL04-SP";"UOP01-DEL04-SP"
180554;2018-12-23;"domingo";"23:00:00";"RJ";101;313,1;"SAO GONCALO";"Falta de Atenção à Condução";"Tombamento";"Com Vítimas Feridas";"Plena Noite";"Decrescente";"Nublado";"Dupla";"Reta";"Sim";2;0;2;0;0;0;2;1;-22,8110126;-43,07029545;"SPRF-RJ";"DEL02-RJ";"DEL5/2-UOP04/RJ"
180555;2018-12-23;"domingo";"23:40:00";"SP";488;4,4;"APARECIDA";"Ingestão de Álcool";"Colisão lateral";"Sem Vítimas";"Plena Noite";"Crescente";"Nublado";"Dupla";"Curva";"Sim";3;0;0;0;1;2;0;3;-22,858398;-45,251377;"SPRF-SP";"DEL08-SP";"UOP01-DEL08-SP"
180556;2018-12-24;"segunda-feira";"00:15:00";"SC";101;202,9;"SAO JOSE";"Falta de Atenção à Condução";"Colisão transversal";"Com Vítimas Feridas";"Plena Noite";"Decrescente";"Chuva";"Múltipla";"Reta";"Sim";2;0;1;0;1;0;1;2;-27,5651;-48,6144;"SPRF-SC";"DEL01-SC";"UOP01-DEL01-SC"
180557;2018-12-23;"domingo";"23:20:00";"PR";373;182,7;"PONTA GROSSA";"Desobediência às normas de trânsito pelo condutor";"Colisão transversal";"Com Vítimas Feridas";"Plena Noite";"Decrescente";"Nublado";"Simples";"Reta";"Sim";3;0;1;0;2;0;1;2;-25,03894917;-50,27584076;"SPRF-PR";"DEL03-PR";"UOP01-DEL03-PR"
180558;2018-12-23;"domingo";"20:20:00";"GO";40;18;"LUZIANIA";"Ingestão de Álcool";"Colisão lateral";"Sem Vítimas";"Anoitecer";"Decrescente";"Céu Claro";"Simples";"Reta";"Sim";2;0;0;0;2;0;0;2;-16,19349;-47,925575;"SPRF-DF";"DEL01-DF";"UOP01-DEL01-DF"
180559;2018-12-23;"domingo";"23:00:00";"CE";222;25,2;"CAUCAIA";"Ingestão de Álcool";"Colisão traseira";"Com Vítimas Feridas";"Plena Noite";"Decrescente";"Céu Claro";"Simples";"Reta";"Não";2;0;1;0;1;0;1;2;-3,726669;-38,777054;"SPRF-CE";"DEL01-CE";"UOP01-DEL01-CE"
180560;2018-12-24;"segunda-feira";"01:00:00";"PR";376;166,3;"MARINGA";"Velocidade Incompatível";"Saída de leito carroçável";"Com Vítimas Fatais";"Plena Noite";"Crescente";"Nublado";"Dupla";"Reta";"Não";1;1;0;0;0;0;0;1;-23,38779778;-52,02086449;"SPRF-PR";"DEL07-PR";"UOP01-DEL09-PR"
180561;2018-12-24;"segunda-feira";"00:55:00";"SC";101;193;"BIGUACU";"Velocidade Incompatível";"Colisão com objeto estático";"Sem Vítimas";"Plena Noite";"Decrescente";"Chuva";"Dupla";"Curva";"Não";1;0;0;0;0;1;0;1;-27,4982;-48,6565;"SPRF-SC";"DEL01-SC";"UOP01-DEL01-SC"
180563;2018-12-23;"domingo";"22:35:00";"PR";116;180,6;"CAMPO DO TENENTE";"Falta de Atenção à Condução";"Colisão frontal";"Com Vítimas Fatais";"Plena Noite";"Decrescente";"Céu Claro";"Simples";"Declive";"Não";3;1;2;0;0;0;2;2;-25,94878371;-49,64515686;"SPRF-PR";"DEL01-PR";"UOP03-DEL01-PR"
180564;2018-12-24;"segunda-feira";"01:10:00";"PE";101;69;"RECIFE";"Desobediência às normas de trânsito pelo condutor";"Colisão traseira";"Com Vítimas Feridas";"Plena Noite";"Decrescente";"Céu Claro";"Dupla";"Reta";"Sim";2;0;0;1;1;0;1;2;-8,05974665;-34,94579495;"SPRF-PE";"DEL01-PE";"UOP01-DEL01-PE"
180565;2018-12-24;"segunda-feira";"01:00:00";"PR";277;71,8;"SAO JOSE DOS PINHAIS";"Ingestão de Álcool";"Colisão traseira";"Com Vítimas Feridas";"Plena Noite";"Decrescente";"Chuva";"Dupla";"Reta";"Não";3;0;3;0;0;0;3;3;-25,5067072;-49,13887382;"SPRF-PR";"DEL01-PR";"UOP01-DEL01-PR"
180567;2018-12-24;"segunda-feira";"01:40:00";"DF";70;5,4;"BRASILIA";"Velocidade Incompatível";"Saída de leito carroçável";"Com Vítimas Feridas";"Plena Noite";"Crescente";"Céu Claro";"Dupla";"Reta";"Sim";3;0;2;1;0;0;3;1;-15,79275944;-48,10104132;"SPRF-DF";"DEL01-DF";"UOP02-DEL03-DF"
180569;2018-12-23;"domingo";"23:30:00";"RO";364;517,1;"ARIQUEMES";"Ingestão de Álcool";"Colisão com objeto estático";"Com Vítimas Feridas";"Plena Noite";"Crescente";"Céu Claro";"Múltipla";"Curva";"Sim";2;0;2;0;0;0;2;1;-9,90688;-63,055813;"SPRF-RO";"DEL03-RO";"UOP01-DEL03-RO"
180570;2018-12-24;"segunda-feira";"01:00:00";"PA";230;116;"MARABA";"Desobediência às normas de trânsito pelo condutor";"Colisão transversal";"Sem Vítimas";"Plena Noite";"Crescente";"Céu Claro";"Dupla";"Interseção de Vias";"Sim";2;0;0;0;2;0;0;2;-5,359473;-49,083012;"SPRF-PA";"DEL03-PA";"UOP01-DEL03-PA"
180571;2018-12-24;"segunda-feira";"04:00:00";"MG";50;177,5;"UBERABA";"Velocidade Incompatível";"Saída de leito carroçável";"Com Vítimas Fatais";"Plena Noite";"Crescente";"Garoa/Chuvisco";"Dupla";"Curva";"Sim";1;1;0;0;0;0;0;1;-19,779;-47,9413;"SPRF-MG";"DEL13-MG";"UOP01-DEL13-MG"
180572;2018-12-24;"segunda-feira";"04:00:00";"RS";116;250;"SAO LEOPOLDO";"Velocidade Incompatível";"Colisão com objeto estático";"Com Vítimas Feridas";"Plena Noite";"Decrescente";"Céu Claro";"Dupla";"Reta";"Sim";1;0;1;0;0;0;1;1;-29,791574;-51,164009;"SPRF-RS";"DEL01-RS";"UOP02-DEL01-RS"
180575;2018-12-23;"domingo";"20:55:00";"GO";153;67,5;"PORANGATU";"Falta de Atenção do Pedestre";"Atropelamento de Pedestre";"Com Vítimas Feridas";"Plena Noite";"Crescente";"Nublado";"Simples";"Reta";"Sim";2;0;0;1;1;0;1;2;-13,419951;-49,130875;"SPRF-GO";"DEL07-GO";"UOP01-DEL07-GO"
180576;2018-12-24;"segunda-feira";"03:50:00";"PR";476;125;"CURITIBA";"Falta de Atenção à Condução";"Saída de leito carroçável";"Sem Vítimas";"Plena Noite";"Crescente";"Céu Claro";"Dupla";"Em Obras";"Sim";1;0;0;0;1;0;0;1;-25,41471433;-49,22246754;"SPRF-PR";"DEL01-PR";"UOP07-DEL01-PR"
180577;2018-12-24;"segunda-feira";"04:45:00";"RJ";356;4;"ITAPERUNA";"Velocidade Incompatível";"Saída de leito carroçável";"Com Vítimas Feridas";"Amanhecer";"Decrescente";"Céu Claro";"Simples";"Aclive";"Não";1;0;0;1;0;0;1;1;-21,147474;-42,164436;"SPRF-RJ";"DEL08-RJ";"UOP03-DEL08-RJ"
180578;2018-12-24;"segunda-feira";"05:30:00";"SP";116;473,8;"JACUPIRANGA";"Condutor Dormindo";"Capotamento";"Com Vítimas Feridas";"Amanhecer";"Decrescente";"Chuva";"Dupla";"Reta";"Não";2;0;1;0;1;0;1;1;-24,69131955;-47,99377441;"SPRF-SP";"DEL05-SP";"UAP01-DEL05-SP"
180579;2018-12-24;"segunda-feira";"05:20:00";"RJ";393;284,1;"VOLTA REDONDA";"Mal Súbito";"Tombamento";"Com Vítimas Feridas";"Amanhecer";"Crescente";"Nublado";"Simples";"Reta";"Sim";1;0;0;1;0;0;1;1;-22,510941;-44,084461;"SPRF-RJ";"DEL05-RJ";"UOP04-DEL05-RJ"
180580;2018-12-24;"segunda-feira";"05:40:00";"SP";116;219,8;"GUARULHOS";"Ingestão de Álcool";"Colisão traseira";"Com Vítimas Feridas";"Amanhecer";"Crescente";"Chuva";"Múltipla";"Reta";"Sim";4;0;2;0;2;0;2;2;-23,46571166;-46,50138259;"SPRF-SP";"DEL01-SP";"UOP01-DEL01-SP"
180581;2018-12-24;"segunda-feira";"06:40:00";"ES";101;107,1;"SOORETAMA";"Falta de Atenção à Condução";"Saída de leito carroçável";"Com Vítimas Feridas";"Pleno dia";"Decrescente";"Céu Claro";"Simples";"Reta";"Não";5;0;4;0;1;0;4;1;-19,04078086;-40,02448082;"SPRF-ES";"DEL04-ES";"UOP01-DEL04-ES"
180582;2018-12-24;"segunda-feira";"05:55:00";"PE";101;76;"RECIFE";"Desobediência às normas de trânsito pelo condutor";"Colisão lateral";"Com Vítimas Feridas";"Pleno dia";"Decrescente";"Sol";"Simples";"Reta";"Não";3;0;2;0;1;0;2;2;-8,1284;-34,9439;"SPRF-PE";"DEL01-PE";"UOP01-DEL01-PE"
180583;2018-12-24;"segunda-feira";"06:50:00";"SP";116;281;"EMBU DAS ARTES";"Avarias e/ou desgaste excessivo no pneu";"Capotamento";"Com Vítimas Feridas";"Pleno dia";"Decrescente";"Nublado";"Dupla";"Curva";"Não";1;0;1;0;0;0;1;1;-23,65905211;-46,85099873;"SPRF-SP";"DEL04-SP";"UOP01-DEL04-SP"
180584;2018-12-23;"domingo";"10:20:00";"CE";222;313;"TIANGUA";"Falta de Atenção à Condução";"Queda de ocupante de veículo";"Com Vítimas Feridas";"Pleno dia";"Decrescente";"Nublado";"Simples";"Interseção de Vias";"Sim";1;0;1;0;0;0;1;1;-3,723635;-40,996712;"SPRF-CE";"DEL04-CE";"UOP02-DEL04-CE"
180585;2018-12-24;"segunda-feira";"05:30:00";"SC";116;237,8;"LAGES";"Falta de Atenção à Condução";"Saída de leito carroçável";"Com Vítimas Feridas";"Amanhecer";"Decrescente";"Céu Claro";"Dupla";"Curva";"Não";2;0;2;0;0;0;2;1;-27,795443;-50,361874;"SPRF-SC";"DEL05-SC";"UOP01-DEL05-SC"
180587;2018-12-24;"segunda-feira";"06:30:00";"MG";381;2,3;"BETIM";"Ingestão de Álcool";"Saída de leito carroçável";"Com Vítimas Feridas";"Pleno dia";"Decrescente";"Céu Claro";"Dupla";"Curva";"Sim";3;0;0;2;1;0;2;3;-19,96825;-44,198708;"SPRF-MG";"DEL01-MG";"UOP03-DEL01-MG"
180588;2018-12-08;"sábado";"23:20:00";"PR";476;125;"CURITIBA";"Pista Escorregadia";"Queda de ocupante de veículo";"Com Vítimas Feridas";"Plena Noite";"Decrescente";"Céu Claro";"Múltipla";"Em Obras";"Sim";2;0;1;0;1;0;1;2;-25,4083;-49,219658;"SPRF-PR";"DEL01-PR";"UOP07-DEL01-PR"
180589;2018-12-24;"segunda-feira";"06:00:00";"PE";232;89;"GRAVATA";"Condutor Dormindo";"Saída de leito carroçável";"Com Vítimas Feridas";"Pleno dia";"Crescente";"Céu Claro";"Dupla";"Curva";"Sim";1;0;1;0;0;0;1;1;-8,216229;-35,646755;"SPRF-PE";"DEL01-PE";"UOP02-DEL02PE"
180591;2018-12-24;"segunda-feira";"05:00:00";"RJ";116;170,6;"SAO JOAO DE MERITI";"Velocidade Incompatível";"Colisão com objeto estático";"Sem Vítimas";"Amanhecer";"Decrescente";"Nublado";"Múltipla";"Reta";"Sim";1;0;0;0;0;1;0;1;-22,78307893;-43,38505897;"SPRF-RJ";"DEL01-RJ";"UOP02-DEL01-RJ"
180593;2018-12-23;"domingo";"19:15:00";"BA";101;616;"MASCOTE";"Animais na Pista";"Atropelamento de Animal";"Com Vítimas Feridas";"Plena Noite";"Decrescente";"Céu Claro";"Simples";"Reta";"Sim";1;0;0;1;0;0;1;1;-15,6146;-39,4325;"SPRF-BA";"DEL05-BA";"UOP02-DEL05-BA"
180594;2018-12-24;"segunda-feira";"07:50:00";"PR";277;204,3;"PALMEIRA";"Velocidade Incompatível";"Saída de leito carroçável";"Com Vítimas Feridas";"Pleno dia";"Decrescente";"Nublado";"Simples";"Curva";"Não";1;0;1;0;0;0;1;1;-25,42356489;-50,09658429;"SPRF-PR";"DEL03-PR";"UOP02-DEL08-PR"
180595;2018-12-24;"segunda-feira";"08:00:00";"PR";277;204,3;"PALMEIRA";"Desobediência às normas de trânsito pelo condutor";"Saída de leito carroçável";"Com Vítimas Feridas";"Pleno dia";"Crescente";"Nublado";"Simples";"Curva";"Não";4;0;1;1;2;0;2;1;-25,47399216;-50,27698874;"SPRF-PR";"DEL03-PR";"UOP02-DEL08-PR"
180596;2018-12-24;"segunda-feira";"06:00:00";"RN";304;36;"MOSSORO";"Pista Escorregadia";"Capotamento";"Com Vítimas Feridas";"Pleno dia";"Crescente";"Chuva";"Dupla";"Reta";"Sim";2;0;2;0;0;0;2;1;-5,168547;-37,355415;"SPRF-RN";"DEL04-RN";"UOP02-DEL04-RN"
180597;2018-12-24;"segunda-feira";"08:00:00";"RJ";101;484,6;"ANGRA DOS REIS";"Não guardar distância de segurança";"Colisão traseira";"Com Vítimas Feridas";"Pleno dia";"Decrescente";"Céu Claro";"Simples";"Reta";"Não";2;0;1;0;1;0;1;2;-22,97336903;-44,29773331;"SPRF-RJ";"DEL03-RJ";"UOP03-DEL03-RJ"
180598;2018-12-24;"segunda-feira";"06:40:00";"RN";405;163,5;"RAFAEL FERNANDES";"Ingestão de Álcool";"Colisão frontal";"Com Vítimas Feridas";"Amanhecer";"Crescente";"Nublado";"Simples";"Reta";"Não";4;0;1;0;2;1;1;2;-6,132635;-38,206673;"SPRF-RN";"DEL04-RN";"UOP02-DEL04-RN"
180599;2018-12-24;"segunda-feira";"06:30:00";"PR";277;247;"IRATI";"Ingestão de Álcool";"Saída de leito carroçável";"Com Vítimas Fatais";"Pleno dia";"Crescente";"Nublado";"Simples";"Curva";"Não";3;1;2;0;0;0;2;1;-25,44108;-50,69375;"SPRF-PR";"DEL03-PR";"UOP02-DEL08-PR"
180600;2018-12-23;"domingo";"10:50:00";"CE";222;300;"TIANGUA";"Pista Escorregadia";"Queda de ocupante de veículo";"Com Vítimas Feridas";"Pleno dia";"Crescente";"Chuva";"Simples";"Curva";"Não";1;0;0;1;0;0;1;1;-3,656526;-40,934746;"SPRF-CE";"DEL04-CE";"UOP02-DEL04-CE"
180602;2018-12-24;"segunda-feira";"07:15:00";"RN";427;69,7;"JARDIM DO SERIDO";"Animais na Pista";"Atropelamento de Animal";"Com Vítimas Feridas";"Pleno dia";"Decrescente";"Céu Claro";"Simples";"Declive;Reta";"Não";1;0;1;0;0;0;1;1;-6,560431;-36,882874;"SPRF-RN";"DEL03-RN";"UOP01-DEL03-RN"