"id";"data_inversa";"dia_semana";"horario";"uf";"br";"km";"municipio";"causa_acidente";"tipo_acidente";"classificacao_acidente";"fase_dia";"sentido_via";"condicao_metereologica";"tipo_pista";"tracado_via";"uso_solo";"pessoas";"mortos";"feridos_leves";"feridos_graves";"ilesos";"ignorados";"feridos";"veiculos";"latitude";"longitude";"regional";"delegacia";"uop"
180603;2018-12-24;"segunda-feira";"07:15:00";"MG";40;518;"CONTAGEM";"Defeito Mecânico no Veículo";"Incêndio";"Sem Vítimas";"Pleno dia";"Crescente";"Sol";"Dupla";"Reta";"Não";1;0;0;0;1;0;0;1;-19,843;-44,0749;"SPRF-MG";"DEL01-MG";"UOP03-DEL01-MG"
180604;2018-12-24;"segunda-feira";"07:30:00";"PR";116;119;"CURITIBA";"Falta de Atenção à Condução";"Queda de ocupante de veículo";"Com Vítimas Feridas";"Pleno dia";"Crescente";"Nublado";"Dupla";"Curva";"Sim";1;0;1;0;0;0;1;1;-25,544559;-49,30146;"SPRF-PR";"DEL01-PR";"UOP07-DEL01-PR"
180605;2018-12-24;"segunda-feira";"07:55:00";"SC";101;123;"ITAJAI";"Falta de Atenção à Condução";"Colisão transversal";"Com Vítimas Feridas";"Pleno dia";"Crescente";"Céu Claro";"Simples";"Interseção de Vias";"Sim";2;0;1;0;1;0;1;2;-26,9434;-48,6917;"SPRF-SC";"DEL04-SC";"UOP04-DEL04-SC"
180606;2018-12-24;"segunda-feira";"03:00:00";"PI";343;558,7;"AMARANTE";"Condutor Dormindo";"Capotamento";"Com Vítimas Feridas";"Plena Noite";"Crescente";"Céu Claro";"Simples";"Curva";"Não";1;0;0;1;0;0;1;1;-6,646225;-42,876888;"SPRF-PI";"DEL03-PI";"UOP01-DEL03-PI"
180609;2018-12-24;"segunda-feira";"08:30:00";"RJ";116;189,4;"QUEIMADOS";"Defeito Mecânico no Veículo";"Queda de ocupante de veículo";"Com Vítimas Feridas";"Pleno dia";"Crescente";"Nublado";"Dupla";"Reta";"Sim";2;0;1;1;0;0;2;1;-22,737667;-43,491871;"SPRF-RJ";"DEL01-RJ";"UOP03-DEL01-RJ"
180610;2018-12-24;"segunda-feira";"06:40:00";"PR";116;15;"CAMPINA GRANDE DO SUL";"Velocidade Incompatível";"Saída de leito carroçável";"Sem Vítimas";"Amanhecer";"Crescente";"Chuva";"Dupla";"Curva";"Não";3;0;0;0;3;0;0;1;-25,098335;-48,682739;"SPRF-PR";"DEL01-PR";"UOP02-DEL01-PR"
180612;2018-12-24;"segunda-feira";"09:20:00";"SP";116;517,8;"CAJATI";"Pista Escorregadia";"Saída de leito carroçável";"Com Vítimas Feridas";"Pleno dia";"Decrescente";"Garoa/Chuvisco";"Dupla";"Curva";"Não";1;0;1;0;0;0;1;1;-24,88005174;-48,22088242;"SPRF-SP";"DEL05-SP";"UAP01-DEL05-SP"
180613;2018-12-24;"segunda-feira";"09:20:00";"RJ";101;83;"CAMPOS DOS GOYTACAZES";"Falta de Atenção à Condução";"Colisão traseira";"Com Vítimas Feridas";"Pleno dia";"Decrescente";"Céu Claro";"Simples";"Reta";"Não";2;0;1;0;1;0;1;2;-21,82169074;-41,47071341;"SPRF-RJ";"DEL08-RJ";"UOP02-DEL08-RJ"
180614;2018-12-24;"segunda-feira";"09:30:00";"RJ";101;480;"ANGRA DOS REIS";"Não guardar distância de segurança";"Colisão traseira";"Com Vítimas Feridas";"Pleno dia";"Decrescente";"Nublado";"Simples";"Reta";"Não";3;0;2;0;1;0;2;2;-23,01066821;-44,29078287;"SPRF-RJ";"DEL03-RJ";"UOP03-DEL03-RJ"
180615;2018-12-24;"segunda-feira";"08:55:00";"SP";116;220;"GUARULHOS";"Não guardar distância de segurança";"Colisão traseira";"Com Vítimas Feridas";"Pleno dia";"Decrescente";"Céu Claro";"Múltipla";"Reta";"Sim";4;0;1;0;3;0;1;4;-23,46897224;-46,50989607;"SPRF-SP";"DEL01-SP";"UOP01-DEL01-SP"
180616;2018-12-24;"segunda-feira";"10:00:00";"SC";470;174;"POUSO REDONDO";"Falta de Atenção à Condução";"Colisão transversal";"Com Vítimas Feridas";"Pleno dia";"Crescente";"Céu Claro";"Simples";"Interseção de Vias";"Sim";2;0;1;0;1;0;1;2;-27,25617;-49,938969;"SPRF-SC";"DEL04-SC";"UOP02-DEL04-SC"
180617;2018-12-24;"segunda-feira";"09:20:00";"SC";101;201;"SAO JOSE";"Falta de Atenção à Condução";"Tombamento";"Com Vítimas Feridas";"Pleno dia";"Decrescente";"Céu Claro";"Dupla";"Reta";"Não";1;0;1;0;0;0;1;1;-27,5572;-48,6188;"SPRF-SC";"DEL01-SC";"UOP01-DEL01-SC"
180618;2018-12-24;"segunda-feira";"08:30:00";"PE";101;63;"RECIFE";"Animais na Pista";"Queda de ocupante de veículo";"Com Vítimas Feridas";"Pleno dia";"Crescente";"Céu Claro";"Simples";"Reta";"Sim";1;0;1;0;0;0;1;1;-8,0174;-34,9413;"SPRF-PE";"DEL01-PE";"UOP02-DEL01-PE"
180620;2018-12-24;"segunda-feira";"10:15:00";"SC";470;98,8;"APIUNA";"Desobediência às normas de trânsito pelo condutor";"Colisão lateral";"Com Vítimas Feridas";"Pleno dia";"Decrescente";"Céu Claro";"Simples";"Reta";"Sim";2;0;1;0;1;0;1;2;-27,032537;-49,385468;"SPRF-SC";"DEL04-SC";"UOP01-DEL04-SC"
180621;2018-12-24;"segunda-feira";"08:40:00";"RJ";101;327;"RIO DE JANEIRO";"Falta de Atenção à Condução";"Colisão lateral";"Com Vítimas Feridas";"Pleno dia";"Crescente";"Céu Claro";"Dupla";"Reta";"Não";2;0;1;0;1;0;1;2;-22,871164;-43,156063;"SPRF-RJ";"DEL02-RJ";"UOP02-DEL02-RJ"
180623;2018-08-18;"sábado";"15:35:00";"RR";174;518;"BOA VISTA";"Falta de Atenção à Condução";"Saída de leito carroçável";"Com Vítimas Feridas";"Pleno dia";"Crescente";"Céu Claro";"Simples";"Reta";"Não";6;0;4;1;1;0;5;1;2,932713;-60,71566;"SPRF-RR";"DEL01-RR";"UOP01-DEL01-RR"
180625;2018-12-24;"segunda-feira";"10:30:00";"PR";163;250;"TOLEDO";"Desobediência às normas de trânsito pelo condutor";"Colisão lateral";"Sem Vítimas";"Pleno dia";"Decrescente";"Nublado";"Simples";"Reta";"Não";2;0;0;0;2;0;0;2;-24,6897812;-53,75679754;"SPRF-PR";"DEL04-PR";"UOP01-DEL04-PR"
180626;2018-12-24;"segunda-feira";"10:10:00";"SC";101;94,5;"BARRA VELHA";"Falta de Atenção à Condução";"Colisão transversal";"Sem Vítimas";"Pleno dia";"Decrescente";"Sol";"Dupla";"Viaduto";"Não";2;0;0;0;2;0;0;2;-26,7136;-48,7028;"SPRF-SC";"DEL03-SC";"UOP02-DEL03-SC"
180627;2018-12-24;"segunda-feira";"07:50:00";"MG";116;764,7;"LEOPOLDINA";"Condutor Dormindo";"Saída de leito carroçável";"Com Vítimas Feridas";"Pleno dia";"Crescente";"Céu Claro";"Simples";"Reta";"Não";2;0;2;0;0;0;2;1;-21,52207216;-42,64068604;"SPRF-MG";"DEL07-MG";"UOP01-DEL07-MG"
180628;2018-12-24;"segunda-feira";"11:00:00";"GO";40;29;"LUZIANIA";"Falta de Atenção à Condução";"Colisão lateral";"Com Vítimas Feridas";"Pleno dia";"Crescente";"Céu Claro";"Dupla";"Reta";"Não";3;0;3;0;0;0;3;2;-16,273718;-47,871456;"SPRF-DF";"DEL01-DF";"UOP01-DEL01-DF"
180630;2018-12-24;"segunda-feira";"09:50:00";"PA";316;105,4;"SANTA MARIA DO PARA";"Ingestão de Álcool";"Colisão traseira";"Com Vítimas Feridas";"Pleno dia";"Crescente";"Céu Claro";"Simples";"Ponte";"Não";2;0;0;2;0;0;2;2;-1,339653;-47,577732;"SPRF-PA";"DEL01-PA";"UOP02-DEL01-PA"
180631;2018-12-24;"segunda-feira";"10:30:00";"MA";10;254,8;"IMPERATRIZ";"Falta de Atenção à Condução";"Colisão transversal";"Sem Vítimas";"Pleno dia";"Decrescente";"Céu Claro";"Simples";"Retorno Regulamentado";"Sim";2;0;0;0;2;0;0;2;-5,517879;-47,471581;"SPRF-MA";"DEL04-MA";"UOP01-DEL04-MA"
180632;2018-12-24;"segunda-feira";"11:40:00";"SC";101;207;"SAO JOSE";"Falta de Atenção à Condução";"Colisão transversal";"Com Vítimas Feridas";"Pleno dia";"Crescente";"Nublado";"Múltipla";"Interseção de Vias";"Não";2;0;1;0;1;0;1;2;-27,6034;-48,632;"SPRF-SC";"DEL01-SC";"UOP01-DEL01-SC"
180633;2018-12-24;"segunda-feira";"11:00:00";"MS";262;3;"TRES LAGOAS";"Falta de Atenção à Condução";"Saída de leito carroçável";"Com Vítimas Feridas";"Pleno dia";"Crescente";"Céu Claro";"Simples";"Reta";"Não";1;0;1;0;0;0;1;1;-20,787;-51,6532;"SPRF-MS";"DEL07-MS";"UOP01-DEL07-MS"
180636;2018-12-24;"segunda-feira";"12:40:00";"SP";101;50;"UBATUBA";"Desobediência às normas de trânsito pelo condutor";"Tombamento";"Com Vítimas Feridas";"Pleno dia";"Decrescente";"Chuva";"Simples";"Reta";"Não";1;0;1;0;0;0;1;1;-23,45022;-45,077404;"SPRF-SP";"DEL06-SP";"UOP01-DEL06-SP"
180638;2018-12-24;"segunda-feira";"10:40:00";"MG";381;292;"ANTONIO DIAS";"Ultrapassagem Indevida";"Colisão frontal";"Com Vítimas Feridas";"Pleno dia";"Crescente";"Céu Claro";"Simples";"Curva";"Não";4;0;3;0;0;1;3;3;-19,61746072;-42,79392692;"SPRF-MG";"DEL03-MG";"UOP02-DEL03-MG"
180639;2018-12-24;"segunda-feira";"11:50:00";"MG";40;722,8;"BARBACENA";"Defeito Mecânico no Veículo";"Saída de leito carroçável";"Com Vítimas Feridas";"Pleno dia";"Decrescente";"Céu Claro";"Dupla";"Reta";"Não";1;0;1;0;0;0;1;1;-21,3086;-43,6068;"SPRF-MG";"DEL05-MG";"UOP01-DEL05-MG"
180640;2018-12-24;"segunda-feira";"12:00:00";"PB";101;31,1;"MAMANGUAPE";"Defeito Mecânico no Veículo";"Incêndio";"Sem Vítimas";"Pleno dia";"Crescente";"Nublado";"Dupla";"Declive";"Não";1;0;0;0;1;0;0;1;-6,7706;-35,1331;"SPRF-PB";"DEL01-PB";"UOP04-DEL01-PB"
180641;2018-12-24;"segunda-feira";"11:30:00";"GO";452;196,4;"ITUMBIARA";"Defeito na Via";"Saída de leito carroçável";"Com Vítimas Feridas";"Pleno dia";"Crescente";"Céu Claro";"Simples";"Reta";"Não";4;0;2;1;1;0;3;1;-18,36495263;-49,2394352;"SPRF-GO";"DEL03-GO";"UOP02-DEL03-GO"
180642;2018-12-24;"segunda-feira";"08:30:00";"RS";293;151;"CANDIOTA";"Falta de Atenção à Condução";"Colisão com objeto estático";"Sem Vítimas";"Pleno dia";"Decrescente";"Céu Claro";"Simples";"Ponte";"Não";1;0;0;0;0;1;0;1;-31,396709;-53,776737;"SPRF-RS";"DEL11-RS";"UOP03-DEL11-RS"
180643;2018-12-24;"segunda-feira";"12:30:00";"RN";101;106,5;"PARNAMIRIM";"Falta de Atenção do Pedestre";"Colisão transversal";"Com Vítimas Feridas";"Pleno dia";"Crescente";"Céu Claro";"Dupla";"Reta";"Sim";3;0;0;1;2;0;1;3;-5,910553;-35,261307;"SPRF-RN";"DEL01-RN";"UOP01-DEL01-RN"
180645;2018-12-24;"segunda-feira";"13:40:00";"ES";101;333,4;"GUARAPARI";"Avarias e/ou desgaste excessivo no pneu";"Saída de leito carroçável";"Com Vítimas Feridas";"Pleno dia";"Decrescente";"Garoa/Chuvisco";"Simples";"Curva";"Não";2;0;1;0;1;0;1;1;-20,6185671;-40,5170694;"SPRF-ES";"DEL03-ES";"UOP01-DEL03-ES"
180646;2018-12-24;"segunda-feira";"13:20:00";"MG";381;929,3;"ITAPEVA";"Velocidade Incompatível";"Colisão com objeto estático";"Com Vítimas Feridas";"Pleno dia";"Decrescente";"Chuva";"Dupla";"Curva";"Não";2;0;1;0;1;0;1;1;-22,7766;-46,2388;"SPRF-MG";"DEL16-MG";"UOP03-DEL16-MG"
180647;2018-12-24;"segunda-feira";"12:00:00";"BA";101;812;"ITAMARAJU";"Falta de Atenção à Condução";"Colisão lateral";"Sem Vítimas";"Pleno dia";"Crescente";"Céu Claro";"Simples";"Declive";"Sim";2;0;0;0;2;0;0;2;-17,0398;-39,547;"SPRF-BA";"DEL09-BA";"UOP01-DEL09-BA"
180648;2018-11-06;"terça-feira";"20:00:00";"MG";116;541,7;"SANTA RITA DE MINAS";"Falta de Atenção do Pedestre";"Atropelamento de Pedestre";"Com Vítimas Feridas";"Plena Noite";"Crescente";"Chuva";"Simples";"Curva";"Não";2;0;0;1;0;1;1;2;-19,889276;-42,136871;"SPRF-MG";"DEL06-MG";"UOP02-DEL06-MG"
180649;2018-12-24;"segunda-feira";"13:00:00";"PE";101;100,8;"CABO DE SANTO AGOSTINHO";"Desobediência às normas de trânsito pelo condutor";"Colisão transversal";"Com Vítimas Feridas";"Pleno dia";"Decrescente";"Céu Claro";"Múltipla";"Reta";"Sim";3;0;1;0;2;0;1;3;-8,29030121;-35,04370518;"SPRF-PE";"DEL01-PE";"UOP03-DEL01-PE"
180650;2018-12-24;"segunda-feira";"13:30:00";"SP";116;230,7;"SAO PAULO";"Falta de Atenção à Condução";"Colisão lateral";"Com Vítimas Feridas";"Pleno dia";"Crescente";"Nublado";"Múltipla";"Reta";"Sim";3;0;2;0;0;1;2;2;-23,51982414;-46,58345819;"SPRF-SP";"DEL01-SP";"UOP01-DEL01-SP"
180651;2018-12-24;"segunda-feira";"11:55:00";"SC";101;134,5;"BALNEARIO CAMBORIU";"Ingestão de Álcool";"Colisão lateral";"Com Vítimas Feridas";"Pleno dia";"Crescente";"Sol";"Simples";"Interseção de Vias";"Não";3;0;0;1;2;0;1;3;-27,0049;-48,6266;"SPRF-SC";"DEL04-SC";"UOP03-DEL04-SC"
180652;2018-12-24;"segunda-feira";"14:10:00";"MG";116;529,8;"CARATINGA";"Falta de Atenção à Condução";"Colisão transversal";"Com Vítimas Feridas";"Pleno dia";"Crescente";"Nublado";"Simples";"Interseção de Vias";"Sim";3;0;0;2;1;0;2;2;-19,79719186;-42,13793368;"SPRF-MG";"DEL06-MG";"UOP02-DEL06-MG"
180653;2018-12-24;"segunda-feira";"14:00:00";"MG";381;579;"CARMOPOLIS DE MINAS";"Falta de Atenção à Condução";"Saída de leito carroçável";"Com Vítimas Feridas";"Pleno dia";"Crescente";"Céu Claro";"Dupla";"Curva";"Não";1;0;1;0;0;0;1;1;-20,47798057;-44,5853321;"SPRF-MG";"DEL04-MG";"UOP01-DEL04-MG"
180654;2018-12-24;"segunda-feira";"14:25:00";"MG";381;885,5;"ESTIVA";"Falta de Atenção à Condução";"Colisão com objeto estático";"Com Vítimas Feridas";"Pleno dia";"Decrescente";"Céu Claro";"Dupla";"Reta";"Não";2;0;2;0;0;0;2;1;-22,5089;-46,0171;"SPRF-MG";"DEL16-MG";"UOP01-DEL16-MG"
180655;2018-12-24;"segunda-feira";"13:40:00";"RJ";116;164;"RIO DE JANEIRO";"Avarias e/ou desgaste excessivo no pneu";"Queda de ocupante de veículo";"Com Vítimas Feridas";"Pleno dia";"Crescente";"Nublado";"Múltipla";"Reta";"Sim";3;0;2;0;1;0;2;2;-22,810741;-43,288445;"SPRF-RJ";"DEL01-RJ";"UOP01-DEL01-RJ"
180658;2018-12-24;"segunda-feira";"15:00:00";"RS";470;210;"BENTO GONCALVES";"Falta de Atenção à Condução";"Colisão lateral";"Com Vítimas Feridas";"Pleno dia";"Decrescente";"Céu Claro";"Dupla";"Aclive";"Não";2;0;2;0;0;0;2;1;-29,13041254;-51,54287707;"SPRF-RS";"DEL06-RS";"UOP01-DEL06-RS"
180659;2018-12-24;"segunda-feira";"13:20:00";"CE";116;46;"PACAJUS";"Falta de Atenção à Condução";"Colisão traseira";"Com Vítimas Feridas";"Pleno dia";"Decrescente";"Sol";"Dupla";"Retorno Regulamentado";"Não";3;0;0;1;2;0;1;3;-4,1565;-38,4819;"SPRF-CE";"DEL01-CE";"UOP02-DEL01-CE"
180660;2018-12-24;"segunda-feira";"14:10:00";"MS";163;477;"CAMPO GRANDE";"Defeito Mecânico no Veículo";"Tombamento";"Com Vítimas Feridas";"Pleno dia";"Crescente";"Nublado";"Simples";"Viaduto";"Não";1;0;1;0;0;0;1;1;-20,504061;-54,555;"SPRF-MS";"DEL01-MS";"UOP01-DEL01-MS"
180661;2018-12-24;"segunda-feira";"14:55:00";"RJ";493;1,1;"ITABORAI";"Falta de Atenção à Condução";"Colisão lateral";"Com Vítimas Feridas";"Pleno dia";"Crescente";"Nublado";"Simples";"Reta";"Sim";2;0;1;0;1;0;1;2;-22,763901;-42,927532;"SPRF-RJ";"DEL04-RJ";"UOP02-DEL04-RJ"
180662;2018-12-24;"segunda-feira";"14:00:00";"SP";116;212;"GUARULHOS";"Pista Escorregadia";"Colisão com objeto estático";"Com Vítimas Feridas";"Pleno dia";"Decrescente";"Chuva";"Múltipla";"Reta";"Sim";1;0;1;0;0;0;1;1;-23,4398378;-46,43723538;"SPRF-SP";"DEL01-SP";"UOP01-DEL01-SP"
180663;2018-12-24;"segunda-feira";"14:30:00";"SP";116;216;"GUARULHOS";"Velocidade Incompatível";"Colisão traseira";"Com Vítimas Feridas";"Pleno dia";"Decrescente";"Chuva";"Múltipla";"Reta";"Sim";4;0;3;0;0;1;3;2;-23,4524003;-46,46743655;"SPRF-SP";"DEL01-SP";"UOP01-DEL01-SP"
180665;2018-12-24;"segunda-feira";"15:15:00";"PR";376;675;"GUARATUBA";"Condutor Dormindo";"Saída de leito carroçável";"Com Vítimas Feridas";"Pleno dia";"Decrescente";"Nublado";"Dupla";"Reta";"Não";5;0;1;0;4;0;1;1;-25,9187702;-48,918663;"SPRF-PR";"DEL01-PR";"DEL7/1-UOP08/PR"
180666;2018-12-24;"segunda-feira";"14:35:00";"PR";369;497,6;"CORBELIA";"Ultrapassagem Indevida";"Colisão frontal";"Com Vítimas Fatais";"Pleno dia";"Crescente";"Céu Claro";"Simples";"Declive";"Sim";7;1;4;1;0;1;5;3;-24,7566;-53,2895;"SPRF-PR";"DEL04-PR";"UOP03-DEL04-PR"
180668;2018-12-24;"segunda-feira";"12:30:00";"MS";60;48;"PARAISO DAS AGUAS";"Ingestão de Álcool";"Saída de leito carroçável";"Com Vítimas Feridas";"Pleno dia";"Crescente";"Nublado";"Simples";"Declive;Reta";"Não";1;0;0;1;0;0;1;1;-18,963432;-52,841885;"SPRF-MS";"DEL08-MS";"UOP01-DEL08-MS"
180670;2018-12-24;"segunda-feira";"15:20:00";"SP";116;112,8;"TAUBATE";"Falta de Atenção à Condução";"Colisão com objeto estático";"Com Vítimas Feridas";"Pleno dia";"Crescente";"Garoa/Chuvisco";"Dupla";"Reta";"Sim";4;0;3;0;1;0;3;3;-23,041592;-45,570652;"SPRF-SP";"DEL06-SP";"UOP02-DEL02-SP"
180671;2018-12-24;"segunda-feira";"15:25:00";"PR";277;349,5;"GUARAPUAVA";"Velocidade Incompatível";"Saída de leito carroçável";"Com Vítimas Feridas";"Pleno dia";"Crescente";"Céu Claro";"Simples";"Reta";"Não";1;0;0;1;0;0;1;1;-25,38672067;-51,51556849;"SPRF-PR";"DEL03-PR";"UOP01-DEL08-PR"
180673;2018-12-24;"segunda-feira";"14:30:00";"MT";364;57;"ALTO GARCAS";"Desobediência às normas de trânsito pelo condutor";"Colisão lateral";"Com Vítimas Feridas";"Pleno dia";"Crescente";"Céu Claro";"Simples";"Declive";"Sim";3;0;2;0;1;0;2;2;-16,944366;-53,530155;"SPRF-MT";"DEL02-MT";"UOP02-DEL02-MT"
180674;2018-12-24;"segunda-feira";"15:00:00";"MT";70;528;"VARZEA GRANDE";"Não guardar distância de segurança";"Colisão traseira";"Com Vítimas Feridas";"Pleno dia";"Decrescente";"Céu Claro";"Simples";"Reta";"Sim";5;0;2;1;2;0;3;3;-15,649207;-56,19486;"SPRF-MT";"DEL01-MT";"DEL2/4-UOP02/MT"
180675;2018-12-24;"segunda-feira";"15:10:00";"MS";163;555,7;"BANDEIRANTES";"Falta de Atenção à Condução";"Saída de leito carroçável";"Com Vítimas Feridas";"Pleno dia";"Crescente";"Nublado";"Simples";"Reta";"Não";1;0;1;0;0;0;1;1;-19,88313607;-54,37451363;"SPRF-MS";"DEL01-MS";"UOP02-DEL01-MS"
180676;2018-12-24;"segunda-feira";"16:00:00";"RS";116;165,3;"CAXIAS DO SUL";"Ultrapassagem Indevida";"Colisão frontal";"Com Vítimas Feridas";"Pleno dia";"Decrescente";"Sol";"Simples";"Curva;Declive";"Não";6;0;3;0;3;0;3;3;-29,259678;-51,157455;"SPRF-RS";"DEL05-RS";"UOP02-DEL05-RS"
180677;2018-08-27;"segunda-feira";"06:45:00";"PB";230;38,1;"SANTA RITA";"Não guardar distância de segurança";"Engavetamento";"Com Vítimas Feridas";"Pleno dia";"Decrescente";"Céu Claro";"Dupla";"Reta";"Sim";5;0;1;0;4;0;1;4;-7,134014;-34,961765;"SPRF-PB";"DEL01-PB";"UOP01-DEL01-PB"
180680;2018-12-24;"segunda-feira";"13:45:00";"RJ";101;417;"MANGARATIBA";"Velocidade Incompatível";"Tombamento";"Com Vítimas Feridas";"Pleno dia";"Crescente";"Chuva";"Simples";"Curva";"Não";1;0;1;0;0;0;1;1;-22,912937;-43,897324;"SPRF-RJ";"DEL03-RJ";"UOP01-DEL03-RJ"
180681;2018-12-24;"segunda-feira";"15:20:00";"RN";304;83;"MOSSORO";"Pista Escorregadia";"Capotamento";"Com Vítimas Feridas";"Pleno dia";"Crescente";"Chuva";"Simples";"Curva";"Não";1;0;1;0;0;0;1;1;-5,494026;-37,152954;"SPRF-RN";"DEL04-RN";"UOP01-DEL04-RN"
180683;2018-12-24;"segunda-feira";"15:50:00";"SC";153;109,5;"CONCORDIA";"Desobediência às normas de trânsito pelo condutor";"Colisão transversal";"Com Vítimas Feridas";"Pleno dia";"Decrescente";"Céu Claro";"Simples";"Reta";"Não";3;0;2;0;1;0;2;2;-27,308092;-51,980938;"SPRF-SC";"DEL07-SC";"UOP04-DEL07-SC"
180684;2018-12-24;"segunda-feira";"13:30:00";"PR";153;75,4;"CONSELHEIRO MAIRINCK";"Pista Escorregadia";"Capotamento";"Com Vítimas Feridas";"Pleno dia";"Crescente";"Chuva";"Simples";"Curva";"Não";1;0;1;0;0;0;1;1;-23,515888;-50,114449;"SPRF-PR";"DEL07-PR";"UOP04-DEL07-PR"
180686;2018-12-24;"segunda-feira";"17:20:00";"MG";381;442;"SABARA";"Velocidade Incompatível";"Colisão com objeto estático";"Com Vítimas Feridas";"Pleno dia";"Crescente";"Nublado";"Simples";"Curva";"Sim";3;0;1;0;2;0;1;1;-19,80962879;-43,76659021;"SPRF-MG";"DEL01-MG";"UOP01-DEL01-MG"
180687;2018-12-24;"segunda-feira";"16:30:00";"SC";101;67,1;"ARAQUARI";"Falta de Atenção à Condução";"Colisão transversal";"Sem Vítimas";"Pleno dia";"Crescente";"Nublado";"Dupla";"Reta";"Não";2;0;0;0;2;0;0;2;-26,4964;-48,7319;"SPRF-SC";"DEL03-SC";"UOP02-DEL03-SC"
180688;2018-12-24;"segunda-feira";"17:00:00";"ES";101;289;"CARIACICA";"Falta de Atenção à Condução";"Colisão traseira";"Com Vítimas Feridas";"Anoitecer";"Decrescente";"Chuva";"Dupla";"Reta";"Sim";3;0;2;0;1;0;2;2;-20,27921871;-40,39278123;"SPRF-ES";"DEL01-ES";"UOP01-DEL01-ES"
180689;2018-12-24;"segunda-feira";"16:20:00";"PR";116;5,7;"CAMPINA GRANDE DO SUL";"Velocidade Incompatível";"Saída de leito carroçável";"Sem Vítimas";"Pleno dia";"Decrescente";"Nublado";"Dupla";"Curva";"Não";2;0;0;0;2;0;0;1;-25,083086;-48,60001;"SPRF-PR";"DEL01-PR";"UOP02-DEL01-PR"
180690;2018-12-24;"segunda-feira";"17:30:00";"MG";381;349,6;"JOAO MONLEVADE";"Velocidade Incompatível";"Colisão frontal";"Sem Vítimas";"Pleno dia";"Decrescente";"Nublado";"Simples";"Curva;Declive";"Não";6;0;0;0;6;0;0;2;-19,85916215;-43,10811996;"SPRF-MG";"DEL03-MG";"UOP01-DEL03-MG"
180691;2018-12-24;"segunda-feira";"16:20:00";"BA";116;643;"JAGUAQUARA";"Falta de Atenção à Condução";"Tombamento";"Com Vítimas Feridas";"Pleno dia";"Crescente";"Céu Claro";"Múltipla";"Curva";"Não";2;0;2;0;0;0;2;1;-13,58301332;-40,08364767;"SPRF-BA";"DEL03-BA";"UOP01-DEL03-BA"
180693;2018-12-24;"segunda-feira";"17:00:00";"SP";116;290;"ITAPECERICA DA SERRA";"Falta de Atenção à Condução";"Saída de leito carroçável";"Com Vítimas Feridas";"Pleno dia";"Decrescente";"Chuva";"Dupla";"Reta";"Não";3;0;1;0;2;0;1;1;-23,70629129;-46,87356256;"SPRF-SP";"DEL04-SP";"UOP01-DEL04-SP"
180695;2018-12-24;"segunda-feira";"17:15:00";"PB";101;121,4;"CAAPORA";"Condutor Dormindo";"Saída de leito carroçável";"Com Vítimas Feridas";"Anoitecer";"Decrescente";"Céu Claro";"Dupla";"Curva";"Não";2;0;2;0;0;0;2;1;-7,4591;-34,9804;"SPRF-PB";"DEL01-PB";"UOP01-DEL01-PB"
180696;2018-12-24;"segunda-feira";"15:50:00";"AP";156;801,2;"OIAPOQUE";"Falta de Atenção à Condução";"Colisão transversal";"Com Vítimas Feridas";"Pleno dia";"Crescente";"Sol";"Simples";"Reta";"Sim";2;0;0;1;1;0;1;2;3,83834361;-51,81661075;"SPRF-AP";"DEL01-AP";"UOP03-DEL01-AP"
180697;2018-12-24;"segunda-feira";"17:00:00";"PB";230;46,1;"SANTA RITA";"Defeito Mecânico no Veículo";"Tombamento";"Com Vítimas Feridas";"Pleno dia";"Crescente";"Céu Claro";"Dupla";"Reta";"Não";2;0;2;0;0;0;2;1;-7,1635;-35,025;"SPRF-PB";"DEL01-PB";"UOP03-DEL01-PB"
180698;2018-12-24;"segunda-feira";"16:00:00";"RJ";116;291;"PORTO REAL";"Velocidade Incompatível";"Capotamento";"Com Vítimas Feridas";"Pleno dia";"Crescente";"Chuva";"Dupla";"Reta";"Não";3;0;2;0;0;1;2;1;-22,449371;-44,321712;"SPRF-RJ";"DEL07-RJ";"DEL5/7-UOP03/RJ"
180699;2018-12-24;"segunda-feira";"18:00:00";"RS";285;285;"PASSO FUNDO";"Ultrapassagem Indevida";"Saída de leito carroçável";"Com Vítimas Feridas";"Pleno dia";"Crescente";"Céu Claro";"Simples";"Curva";"Não";2;0;2;0;0;0;2;1;-28,24577;-52,299809;"SPRF-RS";"DEL08-RS";"UOP03-DEL08-RS"
180700;2018-12-24;"segunda-feira";"18:15:00";"SP";116;517,9;"CAJATI";"Velocidade Incompatível";"Capotamento";"Com Vítimas Feridas";"Anoitecer";"Decrescente";"Garoa/Chuvisco";"Dupla";"Curva";"Não";4;0;1;0;3;0;1;1;-24,88048365;-48,22247028;"SPRF-SP";"DEL05-SP";"UAP01-DEL05-SP"
180701;2018-12-24;"segunda-feira";"18:00:00";"RJ";40;84;"PETROPOLIS";"Velocidade Incompatível";"Colisão com objeto estático";"Com Vítimas Feridas";"Anoitecer";"Decrescente";"Chuva";"Simples";"Curva";"Não";4;0;1;0;3;0;1;1;-22,5511;-43,2257;"SPRF-RJ";"DEL06-RJ";"UOP01-DEL06-RJ"