"id";"data_inversa";"dia_semana";"horario";"uf";"br";"km";"municipio";"causa_acidente";"tipo_acidente";"classificacao_acidente";"fase_dia";"sentido_via";"condicao_metereologica";"tipo_pista";"tracado_via";"uso_solo";"pessoas";"mortos";"feridos_leves";"feridos_graves";"ilesos";"ignorados";"feridos";"veiculos";"latitude";"longitude";"regional";"delegacia";"uop"
180702;2018-12-24;"segunda-feira";"16:30:00";"MT";158;418,6;"RIBEIRAO CASCALHEIRA";"Condutor Dormindo";"Capotamento";"Com Vítimas Fatais";"Pleno dia";"Crescente";"Sol";"Simples";"Reta";"Não";2;2;0;0;0;0;0;1;-12,92057973;-51,81941986;"SPRF-MT";"DEL07-MT";"UOP02-DEL07-MT"
180703;2018-12-24;"segunda-feira";"16:40:00";"RJ";101;420;"MANGARATIBA";"Pista Escorregadia";"Colisão frontal";"Com Vítimas Feridas";"Pleno dia";"Crescente";"Chuva";"Simples";"Curva";"Não";3;0;2;0;1;0;2;2;-22,918983;-43,923222;"SPRF-RJ";"DEL03-RJ";"UOP01-DEL03-RJ"
180704;2018-12-24;"segunda-feira";"17:30:00";"MG";381;515,7;"IGARAPE";"Velocidade Incompatível";"Saída de leito carroçável";"Com Vítimas Feridas";"Pleno dia";"Decrescente";"Nublado";"Dupla";"Curva";"Não";2;0;2;0;0;0;2;1;-20,0989;-44,3171;"SPRF-MG";"DEL01-MG";"UOP03-DEL01-MG"
180705;2018-12-24;"segunda-feira";"17:50:00";"PR";116;14;"CAMPINA GRANDE DO SUL";"Velocidade Incompatível";"Saída de leito carroçável";"Com Vítimas Feridas";"Pleno dia";"Crescente";"Chuva";"Dupla";"Curva";"Não";2;0;1;0;1;0;1;1;-25,098421;-48,673969;"SPRF-PR";"DEL01-PR";"UOP02-DEL01-PR"
180706;2018-12-24;"segunda-feira";"17:40:00";"PI";402;66;"LUIS CORREIA";"Falta de Atenção à Condução";"Colisão frontal";"Com Vítimas Feridas";"Anoitecer";"Decrescente";"Ignorado";"Simples";"Reta";"Não";9;0;1;0;8;0;1;2;-3,09963823;-41,50826544;"SPRF-PI";"DEL05-PI";"UOP01-DEL05-PI"
180707;2018-12-24;"segunda-feira";"17:49:00";"PA";316;23;"BENEVIDES";"Pista Escorregadia";"Tombamento";"Com Vítimas Feridas";"Pleno dia";"Crescente";"Chuva";"Dupla";"Curva";"Não";1;0;1;0;0;0;1;1;-1,3405423;-48,24431419;"SPRF-PA";"DEL01-PA";"DEL19/1-UOP05/PA"
180708;2018-12-24;"segunda-feira";"16:20:00";"RO";364;716;"PORTO VELHO";"Desobediência às normas de trânsito pelo condutor";"Colisão transversal";"Com Vítimas Feridas";"Pleno dia";"Decrescente";"Sol";"Dupla";"Reta";"Sim";3;0;0;1;2;0;1;2;-8,79109515;-63,90364587;"SPRF-RO";"DEL01-RO";"UOP01-DEL01-RO"
180709;2018-12-24;"segunda-feira";"19:00:00";"MG";40;449;"CAETANOPOLIS";"Defeito na Via";"Capotamento";"Com Vítimas Feridas";"Pleno dia";"Decrescente";"Céu Claro";"Dupla";"Reta";"Não";1;0;0;1;0;0;1;1;-19,3248;-44,3646;"SPRF-MG";"DEL02-MG";"UOP01-DEL02-MG"
180711;2018-12-24;"segunda-feira";"18:15:00";"PE";232;408;"SERRA TALHADA";"Falta de Atenção do Pedestre";"Atropelamento de Pedestre";"Com Vítimas Feridas";"Plena Noite";"Decrescente";"Nublado";"Simples";"Reta";"Sim";2;0;2;0;0;0;2;2;-7,981944;-38,289467;"SPRF-PE";"DEL04-PE";"UOP01-DEL04-PE"
180712;2018-12-24;"segunda-feira";"19:20:00";"MG";40;764,2;"JUIZ DE FORA";"Velocidade Incompatível";"Colisão frontal";"Com Vítimas Feridas";"Plena Noite";"Crescente";"Chuva";"Simples";"Curva";"Não";4;0;2;0;2;0;2;2;-21,5815;-43,4664;"SPRF-MG";"DEL05-MG";"UOP01-DEL05-MG"
180713;2018-12-24;"segunda-feira";"18:40:00";"PA";163;1003;"SANTAREM";"Falta de Atenção à Condução";"Colisão traseira";"Com Vítimas Feridas";"Anoitecer";"Crescente";"Nublado";"Dupla";"Curva";"Sim";2;0;1;0;1;0;1;1;-2,43925763;-54,73268509;"SPRF-PA";"DEL05-PA";"UOP01-DEL05-PA"
180714;2018-12-24;"segunda-feira";"18:40:00";"MG";381;357;"JOAO MONLEVADE";"Ingestão de Álcool";"Tombamento";"Com Vítimas Feridas";"Anoitecer";"Crescente";"Céu Claro";"Simples";"Reta";"Não";3;0;2;0;1;0;2;2;-19,84380826;-43,1690124;"SPRF-MG";"DEL03-MG";"UOP01-DEL03-MG"
180716;2018-12-24;"segunda-feira";"19:15:00";"SP";381;76;"SAO PAULO";"Pista Escorregadia";"Capotamento";"Com Vítimas Feridas";"Anoitecer";"Crescente";"Chuva";"Dupla";"Curva";"Não";2;0;1;0;1;0;1;1;-23,37633498;-46,56388903;"SPRF-SP";"DEL03-SP";"UOP01-DEL03-SP"
180718;2018-12-24;"segunda-feira";"19:45:00";"PR";376;679,7;"GUARATUBA";"Pista Escorregadia";"Colisão com objeto estático";"Com Vítimas Feridas";"Anoitecer";"Crescente";"Chuva";"Dupla";"Declive;Curva";"Não";2;0;1;0;1;0;1;1;-25,961562;-48,89875;"SPRF-PR";"DEL01-PR";"DEL7/1-UOP08/PR"
180720;2018-12-24;"segunda-feira";"19:55:00";"GO";153;436;"ANAPOLIS";"Animais na Pista";"Capotamento";"Com Vítimas Feridas";"Plena Noite";"Decrescente";"Céu Claro";"Dupla";"Reta";"Sim";1;0;1;0;0;0;1;1;-16,283987;-48,951763;"SPRF-GO";"DEL02-GO";"UOP01-DEL02-GO"
180721;2018-12-24;"segunda-feira";"18:30:00";"MG";381;946,5;"EXTREMA";"Velocidade Incompatível";"Colisão com objeto estático";"Com Vítimas Feridas";"Anoitecer";"Decrescente";"Chuva";"Dupla";"Curva";"Não";4;0;1;0;3;0;1;2;-22,8661;-46,3491;"SPRF-MG";"DEL16-MG";"UOP03-DEL16-MG"
180722;2018-12-24;"segunda-feira";"20:20:00";"PR";277;537,1;"IBEMA";"Velocidade Incompatível";"Saída de leito carroçável";"Com Vítimas Feridas";"Plena Noite";"Crescente";"Chuva";"Simples";"Curva";"Não";1;0;1;0;0;0;1;1;-25,0623;-53,0044;"SPRF-PR";"DEL04-PR";"UOP04-DEL04-PR"
180723;2018-12-24;"segunda-feira";"19:00:00";"PA";316;65,1;"CASTANHAL";"Desobediência às normas de trânsito pelo condutor";"Colisão transversal";"Sem Vítimas";"Plena Noite";"Decrescente";"Garoa/Chuvisco";"Dupla";"Interseção de Vias";"Sim";2;0;0;0;2;0;0;2;-1,295804;-47,910839;"SPRF-PA";"DEL01-PA";"UOP01-DEL01-PA"
180724;2018-12-24;"segunda-feira";"19:10:00";"AL";423;35;"CANAPI";"Falta de Atenção à Condução";"Colisão lateral";"Com Vítimas Feridas";"Plena Noite";"Crescente";"Céu Claro";"Dupla";"Reta";"Sim";2;0;1;0;1;0;1;2;-9,218829;-37,592396;"SPRF-AL";"DEL03-AL";"UOP02-DEL03-AL"
180725;2018-12-24;"segunda-feira";"16:31:00";"RJ";40;119;"DUQUE DE CAXIAS";"Pista Escorregadia";"Colisão traseira";"Com Vítimas Feridas";"Pleno dia";"Crescente";"Chuva";"Múltipla";"Reta";"Não";4;0;0;3;1;0;3;2;-22,7713;-43,2862;"SPRF-RJ";"DEL01-RJ";"UOP01-DEL01-RJ"
180727;2018-12-24;"segunda-feira";"16:35:00";"RJ";40;113;"DUQUE DE CAXIAS";"Fenômenos da Natureza";"Colisão traseira";"Com Vítimas Feridas";"Pleno dia";"Decrescente";"Chuva";"Múltipla";"Reta";"Sim";2;0;1;0;1;0;1;2;-22,7192;-43,2896;"SPRF-RJ";"DEL01-RJ";"UOP01-DEL01-RJ"
180728;2018-12-24;"segunda-feira";"19:50:00";"PB";101;88,9;"JOAO PESSOA";"Falta de Atenção à Condução";"Colisão com objeto estático";"Sem Vítimas";"Plena Noite";"Decrescente";"Céu Claro";"Dupla";"Reta";"Sim";1;0;0;0;1;0;0;1;-7,1716;-34,8978;"SPRF-PB";"DEL01-PB";"UOP01-DEL01-PB"
180730;2018-12-24;"segunda-feira";"18:20:00";"SC";282;215,2;"LAGES";"Sinalização da via insuficiente ou inadequada";"Colisão transversal";"Com Vítimas Feridas";"Pleno dia";"Crescente";"Céu Claro";"Simples";"Rotatória";"Não";4;0;2;0;2;0;2;2;-27,793665;-50,281799;"SPRF-SC";"DEL05-SC";"UOP01-DEL05-SC"
180731;2018-12-24;"segunda-feira";"21:00:00";"GO";60;39;"APARECIDA DE GOIANIA";"Falta de Atenção à Condução";"Colisão com objeto estático";"Sem Vítimas";"Plena Noite";"Decrescente";"Céu Claro";"Dupla";"Reta";"Sim";2;0;0;0;2;0;0;2;-16,8101;-49,2397;"SPRF-GO";"DEL01-GO";"UOP03-DEL01-GO"
180734;2018-12-24;"segunda-feira";"22:00:00";"SP";101;48,1;"UBATUBA";"Desobediência às normas de trânsito pelo condutor";"Colisão lateral";"Com Vítimas Feridas";"Plena Noite";"Decrescente";"Céu Claro";"Simples";"Curva";"Sim";2;0;0;1;1;0;1;2;-23,44082497;-45,08701086;"SPRF-SP";"DEL06-SP";"UOP01-DEL06-SP"
180735;2018-12-24;"segunda-feira";"21:50:00";"GO";60;136;"GOIANIA";"Restrição de Visibilidade";"Colisão com objeto em movimento";"Com Vítimas Feridas";"Plena Noite";"Decrescente";"Céu Claro";"Simples";"Reta";"Sim";2;0;1;0;1;0;1;2;-16,5959;-49,1965;"SPRF-GO";"DEL01-GO";"UOP01-DEL01-GO"
180740;2018-12-24;"segunda-feira";"21:20:00";"MG";50;171,9;"UBERABA";"Defeito na Via";"Colisão traseira";"Com Vítimas Feridas";"Plena Noite";"Decrescente";"Céu Claro";"Dupla";"Reta";"Sim";2;0;1;0;1;0;1;2;-19,7539;-47,9807;"SPRF-MG";"DEL13-MG";"UOP01-DEL13-MG"
180741;2018-12-24;"segunda-feira";"19:00:00";"PI";135;279,2;"ALVORADA DO GURGUEIA";"Falta de Atenção à Condução";"Colisão transversal";"Com Vítimas Fatais";"Plena Noite";"Crescente";"Céu Claro";"Simples";"Reta";"Não";3;2;0;0;0;1;0;2;-8,580903;-43,987701;"SPRF-PI";"DEL03-PI";"UOP02-DEL03-PI"
180742;2018-12-24;"segunda-feira";"17:50:00";"MG";116;413,5;"GOVERNADOR VALADARES";"Falta de Atenção à Condução";"Colisão transversal";"Com Vítimas Feridas";"Anoitecer";"Crescente";"Céu Claro";"Simples";"Retorno Regulamentado";"Sim";2;0;2;0;0;0;2;2;-18,87710774;-41,96334779;"SPRF-MG";"DEL06-MG";"UOP01-DEL06-MG"
180743;2018-12-24;"segunda-feira";"19:00:00";"MG";381;190,2;"PERIQUITO";"Velocidade Incompatível";"Saída de leito carroçável";"Com Vítimas Feridas";"Plena Noite";"Crescente";"Céu Claro";"Simples";"Reta";"Não";2;0;1;0;1;0;1;2;-19,08274242;-42,18466759;"SPRF-MG";"DEL06-MG";"UOP01-DEL06-MG"
180744;2018-12-24;"segunda-feira";"22:50:00";"SC";101;212,6;"PALHOCA";"Falta de Atenção à Condução";"Colisão lateral";"Sem Vítimas";"Plena Noite";"Decrescente";"Nublado";"Simples";"Reta";"Sim";2;0;0;0;2;0;0;2;-27,6446;-48,6705;"SPRF-SC";"DEL01-SC";"UOP02-DEL01-SC"
180746;2018-12-24;"segunda-feira";"21:35:00";"CE";20;208,5;"BOA VIAGEM";"Animais na Pista";"Capotamento";"Com Vítimas Feridas";"Plena Noite";"Decrescente";"Céu Claro";"Simples";"Reta";"Não";3;0;1;0;2;0;1;1;-5,09333795;-39,71042633;"SPRF-CE";"DEL02-CE";"UOP02-DEL02-CE"
180748;2018-12-24;"segunda-feira";"23:05:00";"PR";376;509;"PONTA GROSSA";"Ingestão de Álcool";"Colisão traseira";"Sem Vítimas";"Plena Noite";"Decrescente";"Céu Claro";"Dupla";"Aclive";"Não";2;0;0;0;2;0;0;2;-25,21341628;-50,06026626;"SPRF-PR";"DEL03-PR";"UOP04-DEL03-PR"
180749;2018-12-24;"segunda-feira";"23:40:00";"ES";101;231,1;"FUNDAO";"Desobediência às normas de trânsito pelo condutor";"Colisão frontal";"Com Vítimas Fatais";"Plena Noite";"Crescente";"Nublado";"Simples";"Reta";"Não";4;2;0;1;0;1;1;3;-19,94554703;-40,4080404;"SPRF-ES";"DEL02-ES";"UOP01-DEL02-ES"
180750;2018-12-24;"segunda-feira";"22:42:00";"MG";381;563,5;"ITAGUARA";"Velocidade Incompatível";"Saída de leito carroçável";"Com Vítimas Feridas";"Plena Noite";"Decrescente";"Nublado";"Dupla";"Curva";"Sim";2;0;2;0;0;0;2;1;-20,3877;-44,491;"SPRF-MG";"DEL04-MG";"UOP03-DEL04-MG"
180751;2018-12-24;"segunda-feira";"23:45:00";"MG";262;815;"UBERABA";"Falta de Atenção à Condução";"Colisão com objeto estático";"Com Vítimas Feridas";"Plena Noite";"Decrescente";"Céu Claro";"Dupla";"Retorno Regulamentado";"Sim";2;0;2;0;0;0;2;1;-19,76231144;-48,01325798;"SPRF-MG";"DEL13-MG";"UOP01-DEL13-MG"
180752;2018-12-24;"segunda-feira";"23:00:00";"GO";80;11;"PADRE BERNARDO";"Velocidade Incompatível";"Saída de leito carroçável";"Sem Vítimas";"Plena Noite";"Decrescente";"Céu Claro";"Simples";"Reta";"Não";2;0;0;0;0;2;0;1;-15,447748;-48,204663;"SPRF-DF";"DEL01-DF";"UOP02-DEL03-DF"
180753;2018-12-24;"segunda-feira";"23:40:00";"PR";277;683;"SAO MIGUEL DO IGUACU";"Ingestão de Álcool";"Saída de leito carroçável";"Com Vítimas Feridas";"Plena Noite";"Crescente";"Céu Claro";"Dupla";"Curva";"Não";4;0;2;0;2;0;2;2;-25,332716;-54,192101;"SPRF-PR";"DEL05-PR";"UOP01-DEL05-PR"
180754;2018-12-24;"segunda-feira";"08:15:00";"RO";364;800;"PORTO VELHO";"Ingestão de Álcool";"Colisão transversal";"Com Vítimas Fatais";"Plena Noite";"Decrescente";"Céu Claro";"Simples";"Reta";"Não";3;1;0;0;2;0;0;2;-9,674507;-65,44786;"SPRF-RO";"DEL01-RO";"UOP02-DEL01-RO"
180755;2018-12-24;"segunda-feira";"22:50:00";"SC";101;129,5;"BALNEARIO CAMBORIU";"Falta de Atenção à Condução";"Tombamento";"Com Vítimas Feridas";"Plena Noite";"Decrescente";"Chuva";"Dupla";"Reta";"Sim";1;0;1;0;0;0;1;1;-26,984;-48,6695;"SPRF-SC";"DEL04-SC";"UOP03-DEL04-SC"
180756;2018-12-24;"segunda-feira";"21:00:00";"PE";428;159,5;"PETROLINA";"Animais na Pista";"Atropelamento de Animal";"Com Vítimas Feridas";"Plena Noite";"Crescente";"Céu Claro";"Simples";"Reta";"Não";2;0;1;0;1;0;1;1;-9,13954;-40,352463;"SPRF-PE";"DEL06-PE";"UOP01-DEL06-PE"
180757;2018-12-25;"terça-feira";"00:20:00";"MG";116;535,1;"SANTA RITA DE MINAS";"Velocidade Incompatível";"Saída de leito carroçável";"Com Vítimas Feridas";"Plena Noite";"Decrescente";"Chuva";"Simples";"Curva";"Não";2;0;1;0;1;0;1;1;-19,841988;-42,139358;"SPRF-MG";"DEL06-MG";"UOP02-DEL06-MG"
180759;2018-12-24;"segunda-feira";"21:00:00";"AC";364;123;"RIO BRANCO";"Restrição de Visibilidade";"Colisão transversal";"Com Vítimas Feridas";"Plena Noite";"Crescente";"Céu Claro";"Dupla";"Reta";"Sim";2;0;1;0;1;0;1;2;-10,011705;-67,782433;"SPRF-AC";"DEL01-AC";"UOP01-DEL01-AC"
180760;2018-12-24;"segunda-feira";"23:25:00";"AP";156;427,5;"TARTARUGALZINHO";"Defeito na Via";"Colisão frontal";"Com Vítimas Feridas";"Plena Noite";"Crescente";"Chuva";"Simples";"Curva";"Não";6;0;4;2;0;0;6;2;1,187862;-51,018009;"SPRF-AP";"DEL01-AP";"UOP02-DEL01-AP"
180761;2018-12-24;"segunda-feira";"22:05:00";"PR";373;182,9;"PONTA GROSSA";"Falta de Atenção à Condução";"Colisão com objeto estático";"Sem Vítimas";"Plena Noite";"Crescente";"Céu Claro";"Múltipla";"Reta";"Não";1;0;0;0;1;0;0;1;-25,0396252;-50,27348578;"SPRF-PR";"DEL03-PR";"UOP01-DEL03-PR"
180762;2018-12-24;"segunda-feira";"22:30:00";"PA";10;349,4;"SANTA MARIA DO PARA";"Deficiência ou não Acionamento do Sistema de Iluminação/Sinalização do Veículo";"Colisão lateral";"Com Vítimas Feridas";"Plena Noite";"Crescente";"Nublado";"Simples";"Reta";"Não";3;0;0;1;1;1;1;3;-1,356462;-47,57423;"SPRF-PA";"DEL01-PA";"UOP02-DEL01-PA"
180764;2018-12-25;"terça-feira";"01:15:00";"SC";101;195;"BIGUACU";"Falta de Atenção à Condução";"Colisão traseira";"Sem Vítimas";"Pleno dia";"Crescente";"Chuva";"Múltipla";"Reta";"Sim";2;0;0;0;1;1;0;2;-27,511;-48,643;"SPRF-SC";"DEL01-SC";"UOP01-DEL01-SC"
180765;2018-12-25;"terça-feira";"00:20:00";"MG";381;695,8;"LAVRAS";"Velocidade Incompatível";"Capotamento";"Com Vítimas Feridas";"Plena Noite";"Decrescente";"Chuva";"Dupla";"Reta";"Não";1;0;1;0;0;0;1;1;-21,2503;-45,1383;"SPRF-MG";"DEL04-MG";"UOP02-DEL04-MG"
180767;2018-12-25;"terça-feira";"01:30:00";"RJ";116;48,9;"TERESOPOLIS";"Pista Escorregadia";"Tombamento";"Com Vítimas Feridas";"Plena Noite";"Crescente";"Chuva";"Simples";"Reta";"Não";1;0;1;0;0;0;1;1;-22,176069;-42,839436;"SPRF-RJ";"DEL04-RJ";"UOP01-DEL04-RJ"
180768;2018-12-24;"segunda-feira";"23:19:00";"AM";230;615,9;"HUMAITA";"Ingestão de Álcool";"Colisão lateral";"Com Vítimas Feridas";"Plena Noite";"Crescente";"Garoa/Chuvisco";"Simples";"Reta";"Sim";3;0;0;3;0;0;3;2;-7,53102076;-63,04993629;"SPRF-RO";"DEL01-RO";"UOP05-DEL01-AM"
180769;2018-12-25;"terça-feira";"02:00:00";"MG";381;849;"POUSO ALEGRE";"Pista Escorregadia";"Colisão com objeto estático";"Com Vítimas Feridas";"Plena Noite";"Decrescente";"Chuva";"Dupla";"Reta";"Não";3;0;3;0;0;0;3;1;-22,23039451;-45,87597728;"SPRF-MG";"DEL16-MG";"UOP01-DEL16-MG"
180771;2018-12-25;"terça-feira";"02:05:00";"GO";50;272,3;"CATALAO";"Falta de Atenção à Condução";"Colisão transversal";"Com Vítimas Feridas";"Plena Noite";"Decrescente";"Céu Claro";"Simples";"Declive";"Não";6;0;1;1;4;0;2;2;-18,1228;-47,8994;"SPRF-GO";"DEL06-GO";"UOP01-DEL06-GO"
180773;2018-12-24;"segunda-feira";"19:00:00";"RR";401;42;"BONFIM";"Falta de Atenção do Pedestre";"Atropelamento de Pedestre";"Com Vítimas Fatais";"Plena Noite";"Decrescente";"Céu Claro";"Simples";"Reta";"Não";4;1;0;0;2;1;0;2;3,007352;-60,415947;"SPRF-RR";"DEL01-RR";"UOP03/RR"
180774;2018-12-25;"terça-feira";"00:50:00";"RJ";101;66;"CAMPOS DOS GOYTACAZES";"Velocidade Incompatível";"Saída de leito carroçável";"Sem Vítimas";"Plena Noite";"Decrescente";"Céu Claro";"Simples";"Rotatória";"Sim";2;0;0;0;1;1;0;2;-21,760904;-41,347889;"SPRF-RJ";"DEL08-RJ";"UOP02-DEL08-RJ"
180775;2018-12-25;"terça-feira";"04:10:00";"SP";116;209;"GUARULHOS";"Velocidade Incompatível";"Colisão com objeto estático";"Sem Vítimas";"Amanhecer";"Crescente";"Nublado";"Múltipla";"Reta";"Sim";1;0;0;0;0;1;0;1;-23,41968458;-46,38488889;"SPRF-SP";"DEL01-SP";"UOP01-DEL01-SP"
180776;2018-12-25;"terça-feira";"03:00:00";"CE";116;373;"ICO";"Falta de Atenção à Condução";"Tombamento";"Com Vítimas Feridas";"Plena Noite";"Crescente";"Nublado";"Simples";"Reta";"Sim";4;0;2;2;0;0;4;2;-6,405386;-38,84573;"SPRF-CE";"DEL05-CE";"UOP01-DEL05-CE"
180777;2018-12-25;"terça-feira";"03:20:00";"CE";222;228;"SOBRAL";"Falta de Atenção à Condução";"Queda de ocupante de veículo";"Com Vítimas Feridas";"Plena Noite";"Crescente";"Céu Claro";"Simples";"Rotatória";"Não";1;0;0;1;0;0;1;1;-3,69564311;-40,38175106;"SPRF-CE";"DEL04-CE";"UOP01-DEL04-CE"
180779;2018-12-25;"terça-feira";"04:00:00";"SP";381;34,6;"ATIBAIA";"Condutor Dormindo";"Capotamento";"Com Vítimas Feridas";"Plena Noite";"Crescente";"Nublado";"Dupla";"Curva";"Sim";2;0;2;0;0;0;2;1;-23,080086;-46,569866;"SPRF-SP";"DEL03-SP";"UOP02-DEL03-SP"
180780;2018-12-25;"terça-feira";"02:45:00";"PI";316;1,2;"TERESINA";"Ingestão de Álcool";"Colisão transversal";"Com Vítimas Feridas";"Plena Noite";"Decrescente";"Céu Claro";"Simples";"Interseção de Vias";"Sim";8;0;1;0;5;2;1;3;-5,128619;-42,807068;"SPRF-PI";"DEL01-PI";"UOP02-DEL01-PI"
180781;2018-12-25;"terça-feira";"04:45:00";"TO";153;141,1;"ARAGUAINA";"Ingestão de Álcool";"Colisão traseira";"Com Vítimas Feridas";"Pleno dia";"Decrescente";"Céu Claro";"Dupla";"Reta";"Sim";2;0;0;1;1;0;1;2;-7,17597;-48,219559;"SPRF-TO";"DEL02-TO";"UOP01-DEL02-TO"
180782;2018-12-25;"terça-feira";"04:40:00";"CE";116;29;"AQUIRAZ";"Desobediência às normas de trânsito pelo condutor";"Colisão traseira";"Com Vítimas Fatais";"Plena Noite";"Decrescente";"Céu Claro";"Dupla";"Reta";"Sim";2;1;0;0;0;1;0;2;-4,0157;-38,5182;"SPRF-CE";"DEL01-CE";"UOP02-DEL01-CE"
180784;2018-12-25;"terça-feira";"06:10:00";"MG";153;49;"MONTE ALEGRE DE MINAS";"Falta de Atenção à Condução";"Colisão com objeto estático";"Sem Vítimas";"Amanhecer";"Crescente";"Garoa/Chuvisco";"Dupla";"Declive";"Não";1;0;0;0;1;0;0;1;-18,82;-49,0875;"SPRF-MG";"DEL15-MG";"UOP03-DEL15-MG"
180785;2018-12-25;"terça-feira";"03:40:00";"RO";319;60;"PORTO VELHO";"Ingestão de Álcool";"Colisão com objeto estático";"Com Vítimas Feridas";"Plena Noite";"Decrescente";"Nublado";"Dupla";"Reta";"Sim";3;0;1;0;2;0;1;3;-8,74020354;-63,89202118;"SPRF-RO";"DEL01-RO";"UOP01-DEL01-RO"
180788;2018-12-25;"terça-feira";"06:50:00";"RS";386;264,4;"FONTOURA XAVIER";"Velocidade Incompatível";"Saída de leito carroçável";"Com Vítimas Fatais";"Pleno dia";"Decrescente";"Sol";"Simples";"Curva";"Não";2;1;1;0;0;0;1;1;-28,935258;-52,3768;"SPRF-RS";"DEL04-RS";"NPF/DEL04-RS"
180789;2018-12-15;"sábado";"13:00:00";"MS";262;77;"TRES LAGOAS";"Defeito na Via";"Capotamento";"Com Vítimas Feridas";"Pleno dia";"Crescente";"Céu Claro";"Simples";"Reta";"Não";1;0;1;0;0;0;1;1;-20,758873;-52,033009;"SPRF-MS";"DEL07-MS";"UOP02-DEL07-MS"
180790;2018-12-25;"terça-feira";"05:30:00";"PB";230;68;"SAO MIGUEL DE TAIPU";"Falta de Atenção à Condução";"Saída de leito carroçável";"Sem Vítimas";"Amanhecer";"Decrescente";"Céu Claro";"Dupla";"Reta";"Não";1;0;0;0;0;1;0;1;-7,1873;-35,2065;"SPRF-PB";"DEL01-PB";"UOP03-DEL01-PB"
180791;2018-12-25;"terça-feira";"06:45:00";"SC";101;194;"BIGUACU";"Falta de Atenção à Condução";"Colisão com objeto estático";"Com Vítimas Feridas";"Pleno dia";"Decrescente";"Chuva";"Dupla";"Reta";"Não";1;0;1;0;0;0;1;1;-27,5055;-48,6491;"SPRF-SC";"DEL01-SC";"UOP01-DEL01-SC"
180792;2018-12-25;"terça-feira";"07:05:00";"RS";386;422;"MONTENEGRO";"Condutor Dormindo";"Saída de leito carroçável";"Com Vítimas Feridas";"Pleno dia";"Crescente";"Céu Claro";"Simples";"Curva";"Não";4;0;2;0;2;0;2;1;-29,815111;-51,402634;"SPRF-RS";"DEL04-RS";"UOP02-DEL04-RS"
180794;2018-12-25;"terça-feira";"07:20:00";"SP";116;225;"GUARULHOS";"Ingestão de Álcool";"Colisão com objeto estático";"Com Vítimas Feridas";"Pleno dia";"Crescente";"Nublado";"Múltipla";"Reta";"Não";3;0;3;0;0;0;3;1;-23,489825;-46,54697619;"SPRF-SP";"DEL01-SP";"UOP01-DEL01-SP"
180795;2018-12-25;"terça-feira";"07:20:00";"RS";290;89;"PORTO ALEGRE";"Ingestão de Álcool";"Saída de leito carroçável";"Sem Vítimas";"Pleno dia";"Decrescente";"Sol";"Dupla";"Reta";"Não";1;0;0;0;1;0;0;1;-29,967892;-51,147331;"SPRF-RS";"DEL01-RS";"UOP01-DEL01-RS"
180797;2018-12-25;"terça-feira";"07:10:00";"SC";282;63,9;"RANCHO QUEIMADO";"Velocidade Incompatível";"Saída de leito carroçável";"Com Vítimas Feridas";"Pleno dia";"Decrescente";"Chuva";"Simples";"Curva;Declive";"Não";2;0;2;0;0;0;2;1;-27,695372;-49,042824;"SPRF-SC";"DEL01-SC";"UOP03-DEL01-SC"
180799;2018-12-25;"terça-feira";"05:41:00";"RJ";40;85;"PETROPOLIS";"Condutor Dormindo";"Saída de leito carroçável";"Com Vítimas Feridas";"Amanhecer";"Decrescente";"Céu Claro";"Simples";"Curva";"Não";2;0;1;0;1;0;1;1;-22,559;-43,2263;"SPRF-RJ";"DEL06-RJ";"UOP01-DEL06-RJ"
180800;2018-12-25;"terça-feira";"06:00:00";"PA";316;25;"BENEVIDES";"Falta de Atenção à Condução";"Colisão traseira";"Com Vítimas Fatais";"Amanhecer";"Crescente";"Céu Claro";"Dupla";"Reta";"Sim";3;1;1;0;0;1;1;2;-1,32527;-48,232117;"SPRF-PA";"DEL01-PA";"DEL19/1-UOP05/PA"
180801;2018-12-25;"terça-feira";"06:30:00";"PA";316;25;"BENEVIDES";"Não guardar distância de segurança";"Colisão traseira";"Sem Vítimas";"Amanhecer";"Crescente";"Céu Claro";"Dupla";"Reta";"Não";2;0;0;0;1;1;0;2;-1,32527;-48,232117;"SPRF-PA";"DEL01-PA";"DEL19/1-UOP05/PA"
180802;2018-12-01;"sábado";"08:10:00";"ES";101;269,2;"SERRA";"Falta de Atenção à Condução";"Colisão traseira";"Com Vítimas Feridas";"Pleno dia";"Decrescente";"Céu Claro";"Múltipla";"Reta";"Sim";2;0;2;0;0;0;2;2;-20,21854498;-40,26982969;"SPRF-ES";"DEL02-ES";"UOP01-DEL02-ES"
180803;2018-12-25;"terça-feira";"02:32:00";"MT";163;854;"SINOP";"Ingestão de álcool e/ou substâncias psicoativas pelo pedestre";"Queda de ocupante de veículo";"Com Vítimas Feridas";"Amanhecer";"Crescente";"Ignorado";"Simples";"Reta";"Sim";1;0;0;1;0;0;1;1;-11,69695002;-55,45250569;"SPRF-MT";"DEL06-MT";"UOP02-DEL06-MT"
180804;2018-12-13;"quinta-feira";"20:30:00";"SC";101;118;"ITAJAI";"Falta de Atenção à Condução";"Colisão traseira";"Com Vítimas Feridas";"Anoitecer";"Crescente";"Céu Claro";"Dupla";"Reta";"Não";2;0;1;0;1;0;1;2;-26,9045;-48,7153;"SPRF-SC";"DEL04-SC";"UOP04-DEL04-SC"