"id";"data_inversa";"dia_semana";"horario";"uf";"br";"km";"municipio";"causa_acidente";"tipo_acidente";"classificacao_acidente";"fase_dia";"sentido_via";"condicao_metereologica";"tipo_pista";"tracado_via";"uso_solo";"pessoas";"mortos";"feridos_leves";"feridos_graves";"ilesos";"ignorados";"feridos";"veiculos";"latitude";"longitude";"regional";"delegacia";"uop"
180805;2018-12-25;"terça-feira";"05:30:00";"GO";40;1,4;"VALPARAISO DE GOIAS";"Desobediência às normas de trânsito pelo pedestre";"Atropelamento de Pedestre";"Com Vítimas Fatais";"Plena Noite";"Decrescente";"Céu Claro";"Dupla";"Reta";"Não";2;1;0;0;0;1;0;2;-16,058245;-47,982825;"SPRF-DF";"DEL01-DF";"UOP01-DEL01-DF"
180806;2018-12-25;"terça-feira";"08:10:00";"SC";101;199,8;"SAO JOSE";"Falta de Atenção do Pedestre";"Atropelamento de Pedestre";"Com Vítimas Feridas";"Pleno dia";"Decrescente";"Nublado";"Múltipla";"Declive";"Sim";4;0;0;1;1;2;1;2;-27,5402;-48,6226;"SPRF-SC";"DEL01-SC";"UOP01-DEL01-SC"
180807;2018-12-25;"terça-feira";"08:50:00";"SC";101;79,6;"BARRA VELHA";"Velocidade Incompatível";"Saída de leito carroçável";"Com Vítimas Feridas";"Pleno dia";"Decrescente";"Nublado";"Dupla";"Curva";"Sim";2;0;2;0;0;0;2;1;-26,5972;-48,7233;"SPRF-SC";"DEL03-SC";"UOP02-DEL03-SC"
180809;2018-12-23;"domingo";"22:33:00";"SC";116;251;"LAGES";"Ingestão de Álcool";"Saída de leito carroçável";"Sem Vítimas";"Plena Noite";"Decrescente";"Nublado";"Simples";"Reta";"Não";2;0;0;0;2;0;0;1;-27,804199;-50,365093;"SPRF-SC";"DEL05-SC";"UOP02-DEL05-SC"
180810;2018-12-25;"terça-feira";"09:20:00";"PR";369;147,2;"LONDRINA";"Ingestão de Álcool";"Colisão transversal";"Com Vítimas Feridas";"Pleno dia";"Decrescente";"Nublado";"Dupla";"Interseção de Vias";"Sim";3;0;1;0;2;0;1;2;-23,2931418;-51,13443732;"SPRF-PR";"DEL07-PR";"UOP01-DEL07-PR"
180811;2018-12-25;"terça-feira";"08:20:00";"PE";116;29,9;"SALGUEIRO";"Animais na Pista";"Saída de leito carroçável";"Com Vítimas Feridas";"Pleno dia";"Decrescente";"Céu Claro";"Simples";"Reta";"Não";5;0;5;0;0;0;5;1;-8,10298047;-39,12458452;"SPRF-PE";"DEL05-PE";"UOP01-DEL05-PE"
180813;2018-12-25;"terça-feira";"05:40:00";"AC";364;147;"RIO BRANCO";"Falta de Atenção à Condução";"Saída de leito carroçável";"Com Vítimas Feridas";"Amanhecer";"Decrescente";"Chuva";"Dupla";"Reta";"Não";2;0;2;0;0;0;2;1;-9,894361;-67,895401;"SPRF-AC";"DEL01-AC";"UOP01-DEL01-AC"
180814;2018-12-25;"terça-feira";"08:00:00";"CE";20;408;"CAUCAIA";"Falta de Atenção do Pedestre";"Atropelamento de Pedestre";"Com Vítimas Fatais";"Pleno dia";"Crescente";"Céu Claro";"Dupla";"Reta";"Não";2;1;0;0;1;0;0;2;-3,76999;-38,670063;"SPRF-CE";"DEL01-CE";"UOP01-DEL01-CE"
180815;2018-12-18;"terça-feira";"18:20:00";"MS";262;525,8;"AQUIDAUANA";"Defeito Mecânico no Veículo";"Saída de leito carroçável";"Com Vítimas Feridas";"Anoitecer";"Crescente";"Céu Claro";"Simples";"Reta";"Não";1;0;1;0;0;0;1;1;-20,4962049;-55,8190051;"SPRF-MS";"DEL03-MS";"UOP01-DEL03-MS"
180816;2018-12-25;"terça-feira";"08:20:00";"CE";116;40,9;"HORIZONTE";"Não guardar distância de segurança";"Colisão traseira";"Com Vítimas Feridas";"Pleno dia";"Crescente";"Sol";"Dupla";"Reta";"Sim";2;0;1;0;1;0;1;2;-4,1076;-38,4949;"SPRF-CE";"DEL01-CE";"UOP02-DEL01-CE"
180817;2018-12-25;"terça-feira";"10:00:00";"PR";277;360,7;"GUARAPUAVA";"Defeito Mecânico no Veículo";"Queda de ocupante de veículo";"Com Vítimas Feridas";"Pleno dia";"Crescente";"Céu Claro";"Simples";"Reta";"Não";2;0;1;0;0;1;1;1;-25,43785585;-51,61953091;"SPRF-PR";"DEL03-PR";"UOP01-DEL08-PR"
180818;2018-12-24;"segunda-feira";"18:30:00";"MA";316;375;"BACABAL";"Ultrapassagem Indevida";"Colisão frontal";"Com Vítimas Fatais";"Plena Noite";"Crescente";"Céu Claro";"Simples";"Reta";"Não";2;1;0;0;0;1;0;2;-4,213554;-44,663956;"SPRF-MA";"DEL02-MA";"DEL18/2-UOP03/MA"
180820;2018-12-25;"terça-feira";"10:25:00";"PR";476;111;"COLOMBO";"Falta de Atenção à Condução";"Saída de leito carroçável";"Sem Vítimas";"Pleno dia";"Crescente";"Chuva";"Simples";"Reta";"Não";1;0;0;0;1;0;0;1;-25,315056;-49,153545;"SPRF-PR";"DEL01-PR";"UOP01-DEL01-PR"
180821;2018-12-25;"terça-feira";"10:40:00";"MG";40;532;"BELO HORIZONTE";"Defeito Mecânico no Veículo";"Incêndio";"Sem Vítimas";"Pleno dia";"Crescente";"Céu Claro";"Dupla";"Reta";"Sim";1;0;0;0;0;1;0;1;-19,92609642;-44,00939517;"SPRF-MG";"DEL01-MG";"UOP03-DEL01-MG"
180822;2018-12-25;"terça-feira";"09:30:00";"MT";70;7;"BARRA DO GARCAS";"Falta de Atenção à Condução";"Colisão transversal";"Com Vítimas Feridas";"Pleno dia";"Decrescente";"Céu Claro";"Simples";"Rotatória";"Sim";4;0;1;0;3;0;1;2;-15,878143;-52,316788;"SPRF-MT";"DEL07-MT";"UOP01-DEL07-MT"
180823;2018-12-25;"terça-feira";"10:50:00";"SP";116;15,6;"LAVRINHAS";"Falta de Atenção à Condução";"Colisão com objeto estático";"Com Vítimas Feridas";"Pleno dia";"Crescente";"Nublado";"Dupla";"Curva";"Não";1;0;1;0;0;0;1;1;-22,560068;-44,828861;"SPRF-SP";"DEL08-SP";"UOP02-DEL08-SP"
180824;2018-12-21;"sexta-feira";"23:20:00";"MA";10;214;"GOVERNADOR EDISON LOBAO";"Falta de Atenção à Condução";"Colisão traseira";"Com Vítimas Fatais";"Plena Noite";"Decrescente";"Céu Claro";"Simples";"Reta";"Não";2;1;0;0;0;1;0;2;-5,845143;-47,356533;"SPRF-MA";"DEL04-MA";"UOP01-DEL04-MA"
180825;2018-12-25;"terça-feira";"08:15:00";"MG";262;658,1;"IBIA";"Ingestão de Álcool";"Saída de leito carroçável";"Sem Vítimas";"Pleno dia";"Crescente";"Nublado";"Simples";"Declive";"Não";2;0;0;0;2;0;0;1;-19,54668743;-46,82201385;"SPRF-MG";"DEL08-MG";"UOP01-DEL08-MG"
180827;2018-12-25;"terça-feira";"09:15:00";"RS";293;250;"DOM PEDRITO";"Desobediência às normas de trânsito pelo condutor";"Colisão traseira";"Sem Vítimas";"Pleno dia";"Decrescente";"Céu Claro";"Simples";"Reta;Interseção de Vias";"Sim";2;0;0;0;2;0;0;2;-30,968924;-54,6604;"SPRF-RS";"DEL11-RS";"UOP01-DEL11-RS"
180828;2018-12-25;"terça-feira";"09:50:00";"MS";163;322;"RIO BRILHANTE";"Ingestão de álcool e/ou substâncias psicoativas pelo pedestre";"Atropelamento de Pedestre";"Com Vítimas Feridas";"Pleno dia";"Crescente";"Nublado";"Simples";"Reta";"Não";2;0;1;0;1;0;1;2;-21,7937;-54,52603;"SPRF-MS";"DEL02-MS";"UOP02-DEL02-MS"
180830;2018-12-25;"terça-feira";"11:50:00";"ES";262;7;"CARIACICA";"Falta de Atenção à Condução";"Colisão transversal";"Com Vítimas Feridas";"Pleno dia";"Crescente";"Nublado";"Múltipla";"Reta";"Sim";3;0;1;0;2;0;1;2;-20,3426;-40,4024;"SPRF-ES";"DEL01-ES";"UOP01-DEL01-ES"
180833;2018-12-25;"terça-feira";"11:30:00";"GO";40;35,8;"LUZIANIA";"Falta de Atenção à Condução";"Saída de leito carroçável";"Com Vítimas Feridas";"Pleno dia";"Decrescente";"Céu Claro";"Dupla";"Reta";"Não";3;0;2;0;1;0;2;1;-16,316414;-47,841304;"SPRF-DF";"DEL01-DF";"UOP01-DEL01-DF"
180836;2018-12-25;"terça-feira";"10:12:00";"SP";116;506;"CAJATI";"Falta de Atenção à Condução";"Queda de ocupante de veículo";"Com Vítimas Feridas";"Pleno dia";"Crescente";"Garoa/Chuvisco";"Dupla";"Curva";"Não";1;0;1;0;0;0;1;1;-24,78673454;-48,20800781;"SPRF-SP";"DEL05-SP";"UAP01-DEL05-SP"
180837;2018-12-25;"terça-feira";"13:00:00";"SC";282;2;"FLORIANOPOLIS";"Condutor Dormindo";"Saída de leito carroçável";"Com Vítimas Feridas";"Pleno dia";"Decrescente";"Sol";"Dupla";"Reta";"Sim";1;0;0;1;0;0;1;1;-27,600384;-48,599705;"SPRF-SC";"DEL01-SC";"UOP01-DEL01-SC"
180839;2018-12-25;"terça-feira";"12:00:00";"RN";304;35;"MOSSORO";"Falta de Atenção à Condução";"Colisão lateral";"Sem Vítimas";"Pleno dia";"Decrescente";"Céu Claro";"Dupla";"Curva";"Sim";2;0;0;0;2;0;0;2;-5,161506;-37,350685;"SPRF-RN";"DEL04-RN";"UOP02-DEL04-RN"
180840;2018-12-25;"terça-feira";"10:30:00";"MT";364;196;"RONDONOPOLIS";"Desobediência às normas de trânsito pelo condutor";"Saída de leito carroçável";"Com Vítimas Feridas";"Pleno dia";"Decrescente";"Garoa/Chuvisco";"Simples";"Declive";"Não";1;0;0;1;0;0;1;1;-16,516291;-54,607464;"SPRF-MT";"DEL02-MT";"UOP01-DEL02-MT"
180841;2018-12-25;"terça-feira";"05:30:00";"SE";101;94,5;"NOSSA SENHORA DO SOCORRO";"Falta de Atenção à Condução";"Saída de leito carroçável";"Sem Vítimas";"Amanhecer";"Decrescente";"Céu Claro";"Dupla";"Declive;Reta";"Não";1;0;0;0;0;1;0;1;-10,9162;-37,1653;"SPRF-SE";"DEL01-SE";"UOP01-DEL01-SE"
180842;2018-12-25;"terça-feira";"12:35:00";"SC";101;433,1;"SOMBRIO";"Animais na Pista";"Colisão com objeto estático";"Com Vítimas Feridas";"Pleno dia";"Decrescente";"Nublado";"Dupla";"Reta";"Não";2;0;1;0;1;0;1;1;-29,0891;-49,6316;"SPRF-SC";"DEL02-SC";"UOP02-DEL02-SC"
180843;2018-12-25;"terça-feira";"14:15:00";"MG";381;420;"NOVA UNIAO";"Falta de Atenção à Condução";"Colisão traseira";"Com Vítimas Feridas";"Pleno dia";"Crescente";"Céu Claro";"Simples";"Curva";"Sim";4;0;1;0;3;0;1;3;-19,75070048;-43,62654101;"SPRF-MG";"DEL01-MG";"UOP01-DEL01-MG"
180845;2018-12-25;"terça-feira";"13:20:00";"SC";282;49;"AGUAS MORNAS";"Condutor Dormindo";"Saída de leito carroçável";"Com Vítimas Feridas";"Pleno dia";"Decrescente";"Garoa/Chuvisco";"Simples";"Curva";"Não";3;0;3;0;0;0;3;1;-27,712931;-48,943741;"SPRF-SC";"DEL01-SC";"UOP03-DEL01-SC"
180846;2018-12-25;"terça-feira";"14:20:00";"MG";40;682;"RESSAQUINHA";"Velocidade Incompatível";"Colisão traseira";"Com Vítimas Fatais";"Pleno dia";"Crescente";"Nublado";"Simples";"Declive;Reta";"Sim";2;1;0;0;1;0;0;2;-21,07663432;-43,76545521;"SPRF-MG";"DEL05-MG";"UOP02-DEL05-MG"
180847;2018-12-25;"terça-feira";"12:45:00";"RJ";116;273,1;"BARRA MANSA";"Falta de Atenção à Condução";"Colisão lateral";"Com Vítimas Feridas";"Pleno dia";"Decrescente";"Céu Claro";"Dupla";"Viaduto";"Sim";3;0;1;0;1;1;1;2;-22,560883;-44,122238;"SPRF-RJ";"DEL07-RJ";"UOP02-DEL07-RJ"
180848;2018-12-17;"segunda-feira";"15:00:00";"RJ";101;419;"MANGARATIBA";"Fenômenos da Natureza";"Saída de leito carroçável";"Com Vítimas Feridas";"Pleno dia";"Crescente";"Vento";"Simples";"Reta";"Sim";1;0;1;0;0;0;1;1;-22,918102;-43,913616;"SPRF-RJ";"DEL03-RJ";"UOP01-DEL03-RJ"
180851;2018-12-25;"terça-feira";"12:15:00";"MG";40;755;"EWBANK DA CAMARA";"Velocidade Incompatível";"Saída de leito carroçável";"Com Vítimas Feridas";"Pleno dia";"Crescente";"Nublado";"Dupla";"Curva";"Não";2;0;2;0;0;0;2;1;-21,5273;-43,5198;"SPRF-MG";"DEL05-MG";"UOP01-DEL05-MG"
180852;2018-12-25;"terça-feira";"15:30:00";"ES";262;42;"DOMINGOS MARTINS";"Falta de Atenção à Condução";"Colisão frontal";"Com Vítimas Feridas";"Pleno dia";"Crescente";"Chuva";"Dupla";"Curva";"Não";4;0;3;0;1;0;3;2;-20,3852;-40,6531;"SPRF-ES";"DEL01-ES";"UOP01-DEL01-ES"
180853;2018-11-11;"domingo";"14:40:00";"RN";101;47;"CEARA-MIRIM";"Condutor Dormindo";"Saída de leito carroçável";"Com Vítimas Feridas";"Pleno dia";"Decrescente";"Ignorado";"Simples";"Reta";"Não";5;0;5;0;0;0;5;1;-5,50186;-35,321901;"SPRF-RN";"DEL02-RN";"UOP01-DEL02-RN"
180854;2018-12-25;"terça-feira";"15:35:00";"SC";101;46,9;"JOINVILLE";"Falta de Atenção à Condução";"Colisão lateral";"Com Vítimas Feridas";"Pleno dia";"Decrescente";"Nublado";"Dupla";"Reta";"Sim";3;0;2;0;1;0;2;2;-26,3667;-48,858;"SPRF-SC";"DEL03-SC";"UOP01-DEL03-SC"
180855;2018-12-25;"terça-feira";"15:15:00";"MG";381;506,1;"BETIM";"Defeito Mecânico no Veículo";"Tombamento";"Com Vítimas Feridas";"Pleno dia";"Decrescente";"Sol";"Dupla";"Reta";"Não";2;0;2;0;0;0;2;1;-20,0411;-44,2619;"SPRF-MG";"DEL01-MG";"UOP03-DEL01-MG"
180858;2018-12-25;"terça-feira";"15:30:00";"ES";259;78,1;"COLATINA";"Avarias e/ou desgaste excessivo no pneu";"Queda de ocupante de veículo";"Com Vítimas Feridas";"Pleno dia";"Crescente";"Céu Claro";"Simples";"Aclive;Reta";"Não";2;0;2;0;0;0;2;1;-19,525969;-40,816616;"SPRF-ES";"DEL02-ES";"UOP01-DEL02-ES"
180859;2018-12-25;"terça-feira";"16:15:00";"ES";101;145,5;"LINHARES";"Falta de Atenção à Condução";"Colisão traseira";"Com Vítimas Feridas";"Pleno dia";"Decrescente";"Nublado";"Múltipla";"Reta";"Sim";2;0;1;0;1;0;1;2;-19,36301696;-40,06461918;"SPRF-ES";"DEL04-ES";"UOP01-DEL04-ES"
180861;2018-12-25;"terça-feira";"16:00:00";"MG";40;700,2;"BARBACENA";"Falta de Atenção à Condução";"Colisão traseira";"Com Vítimas Feridas";"Pleno dia";"Crescente";"Céu Claro";"Dupla";"Reta";"Sim";2;0;1;0;1;0;1;2;-21,2189;-43,739;"SPRF-MG";"DEL05-MG";"UOP02-DEL05-MG"
180862;2018-12-25;"terça-feira";"16:40:00";"GO";20;19;"FORMOSA";"Ingestão de Álcool";"Colisão traseira";"Com Vítimas Feridas";"Anoitecer";"Decrescente";"Chuva";"Simples";"Aclive;Reta";"Não";7;0;2;0;5;0;2;2;-15,553887;-47,18708;"SPRF-DF";"DEL02-DF";"UOP01-DEL02-DF"
180863;2018-12-25;"terça-feira";"16:40:00";"MG";381;491;"BETIM";"Falta de Atenção à Condução";"Colisão com objeto estático";"Com Vítimas Feridas";"Pleno dia";"Crescente";"Céu Claro";"Múltipla";"Reta";"Sim";2;0;2;0;0;0;2;1;-19,9616;-44,1603;"SPRF-MG";"DEL01-MG";"UOP03-DEL01-MG"
180864;2018-12-25;"terça-feira";"16:30:00";"PR";277;33;"MORRETES";"Falta de Atenção à Condução";"Engavetamento";"Com Vítimas Feridas";"Pleno dia";"Decrescente";"Chuva";"Dupla";"Curva";"Não";6;0;1;0;4;1;1;6;-25,57379704;-48,85531252;"SPRF-PR";"DEL01-PR";"UOP05-DEL01-PR"
180865;2018-12-25;"terça-feira";"15:06:00";"MG";40;33;"PARACATU";"Velocidade Incompatível";"Saída de leito carroçável";"Com Vítimas Feridas";"Pleno dia";"Crescente";"Chuva";"Simples";"Curva";"Não";2;0;0;1;1;0;1;1;-17,180557;-46,926617;"SPRF-MG";"DEL14-MG";"UOP01-DEL14-MG"
180866;2018-12-16;"domingo";"12:40:00";"MG";381;156;"GOVERNADOR VALADARES";"Velocidade Incompatível";"Saída de leito carroçável";"Sem Vítimas";"Pleno dia";"Crescente";"Céu Claro";"Simples";"Curva";"Não";1;0;0;0;0;1;0;1;-18,90321;-42,003414;"SPRF-MG";"DEL06-MG";"UOP01-DEL06-MG"
180867;2018-12-25;"terça-feira";"17:02:00";"MG";262;366,8;"JUATUBA";"Ingestão de álcool e/ou substâncias psicoativas pelo pedestre";"Atropelamento de Pedestre";"Com Vítimas Fatais";"Pleno dia";"Crescente";"Céu Claro";"Dupla";"Reta";"Não";3;1;0;0;1;1;0;2;-19,9739538;-44,32779551;"SPRF-MG";"DEL01-MG";"UOP03-DEL01-MG"
180868;2018-12-25;"terça-feira";"16:10:00";"CE";222;57;"SAO GONCALO DO AMARANTE";"Defeito Mecânico no Veículo";"Capotamento";"Sem Vítimas";"Pleno dia";"Decrescente";"Sol";"Simples";"Reta";"Não";1;0;0;0;1;0;0;1;-3,669965;-39,054108;"SPRF-CE";"DEL01-CE";"UOP03-DEL01-CE"
180870;2018-12-25;"terça-feira";"17:00:00";"PR";116;18,6;"ANTONINA";"Velocidade Incompatível";"Colisão com objeto estático";"Com Vítimas Feridas";"Pleno dia";"Decrescente";"Garoa/Chuvisco";"Dupla";"Curva";"Não";1;0;1;0;0;0;1;1;-25,10565282;-48,71629715;"SPRF-PR";"DEL01-PR";"UOP02-DEL01-PR"
180871;2018-12-25;"terça-feira";"15:10:00";"BA";116;439;"FEIRA DE SANTANA";"Velocidade Incompatível";"Colisão com objeto estático";"Com Vítimas Feridas";"Pleno dia";"Crescente";"Chuva";"Dupla";"Curva";"Não";1;0;0;1;0;0;1;1;-12,33724271;-39,07359213;"SPRF-BA";"DEL02-BA";"UOP01-DEL02-BA"
180872;2018-12-25;"terça-feira";"15:10:00";"MT";163;50,9;"ITIQUIRA";"Defeito Mecânico no Veículo";"Queda de ocupante de veículo";"Com Vítimas Feridas";"Pleno dia";"Crescente";"Sol";"Dupla";"Reta";"Não";2;0;2;0;0;0;2;1;-17,074646;-54,759209;"SPRF-MT";"DEL02-MT";"DEL2/2-UOP02/MT"
180873;2018-12-25;"terça-feira";"16:15:00";"MS";163;811;"PEDRO GOMES";"Condutor Dormindo";"Saída de leito carroçável";"Com Vítimas Feridas";"Pleno dia";"Crescente";"Céu Claro";"Simples";"Reta";"Não";2;0;1;0;1;0;1;1;-17,82330461;-54,72663403;"SPRF-MS";"DEL06-MS";"UOP01-DEL06-MS"
180874;2018-12-25;"terça-feira";"16:00:00";"RN";304;296,4;"MACAIBA";"Falta de Atenção à Condução";"Colisão transversal";"Com Vítimas Feridas";"Pleno dia";"Decrescente";"Céu Claro";"Simples";"Reta";"Sim";3;0;1;0;2;0;1;2;-5,864849;-35,349312;"SPRF-RN";"DEL01-RN";"UOP02-DEL01-RN"
180875;2018-12-25;"terça-feira";"17:10:00";"SC";101;356,9;"SANGAO";"Falta de Atenção à Condução";"Colisão transversal";"Com Vítimas Feridas";"Pleno dia";"Decrescente";"Nublado";"Simples";"Viaduto;Interseção de Vias";"Não";3;0;1;0;2;0;1;2;-28,6315;-49,0901;"SPRF-SC";"DEL02-SC";"UOP01-DEL02-SC"
180877;2018-12-21;"sexta-feira";"23:50:00";"ES";262;106;"VENDA NOVA DO IMIGRANTE";"Falta de Atenção à Condução";"Tombamento";"Com Vítimas Feridas";"Plena Noite";"Crescente";"Nublado";"Simples";"Reta";"Não";2;0;1;1;0;0;2;1;-20,3272;-41,147;"SPRF-ES";"DEL01-ES";"UOP02-DEL01-ES"
180878;2018-12-25;"terça-feira";"14:40:00";"BA";242;266;"ITABERABA";"Defeito Mecânico no Veículo";"Capotamento";"Com Vítimas Feridas";"Pleno dia";"Crescente";"Céu Claro";"Simples";"Curva";"Não";5;0;0;1;4;0;1;1;-12,452538;-40,594059;"SPRF-BA";"DEL06-BA";"UOP02-DEL06-BA"
180880;2018-12-25;"terça-feira";"16:30:00";"RS";290;113,2;"ELDORADO DO SUL";"Não guardar distância de segurança";"Colisão traseira";"Com Vítimas Feridas";"Pleno dia";"Decrescente";"Céu Claro";"Simples";"Reta";"Não";5;0;1;0;4;0;1;4;-30,043636;-51,337456;"SPRF-RS";"DEL02-RS";"UOP01-DEL02-RS"
180882;2018-12-25;"terça-feira";"18:10:00";"PR";116;129;"FAZENDA RIO GRANDE";"Falta de Atenção à Condução";"Colisão lateral";"Com Vítimas Feridas";"Pleno dia";"Crescente";"Nublado";"Dupla";"Reta";"Sim";2;0;1;0;1;0;1;2;-25,630278;-49,313812;"SPRF-PR";"DEL01-PR";"UOP03-DEL01-PR"
180883;2018-12-25;"terça-feira";"17:15:00";"SC";282;40,6;"AGUAS MORNAS";"Falta de Atenção à Condução";"Colisão transversal";"Sem Vítimas";"Pleno dia";"Decrescente";"Nublado";"Simples";"Curva";"Sim";3;0;0;0;3;0;0;3;-27,716148;-48,869583;"SPRF-SC";"DEL01-SC";"UOP03-DEL01-SC"
180884;2018-12-25;"terça-feira";"17:30:00";"ES";101;413;"ITAPEMIRIM";"Desobediência às normas de trânsito pelo condutor";"Colisão frontal";"Sem Vítimas";"Pleno dia";"Crescente";"Chuva";"Simples";"Reta";"Não";3;0;0;0;3;0;0;3;-20,91646841;-41,07316017;"SPRF-ES";"DEL03-ES";"UOP02-DEL03-ES"
180885;2018-12-25;"terça-feira";"17:30:00";"MG";365;702;"MONTE ALEGRE DE MINAS";"Defeito na Via";"Saída de leito carroçável";"Com Vítimas Feridas";"Pleno dia";"Decrescente";"Nublado";"Dupla";"Reta";"Não";4;0;3;0;1;0;3;1;-18,8802;-48,9993;"SPRF-MG";"DEL15-MG";"UOP03-DEL15-MG"
180886;2018-12-25;"terça-feira";"17:30:00";"MG";153;42,3;"CANAPOLIS";"Velocidade Incompatível";"Saída de leito carroçável";"Com Vítimas Feridas";"Pleno dia";"Decrescente";"Chuva";"Dupla";"Curva";"Não";4;0;4;0;0;0;4;1;-18,75502373;-49,07841682;"SPRF-MG";"DEL15-MG";"UOP03-DEL15-MG"
180887;2018-12-25;"terça-feira";"18:15:00";"SC";101;21,6;"JOINVILLE";"Falta de Atenção à Condução";"Colisão transversal";"Com Vítimas Feridas";"Pleno dia";"Crescente";"Garoa/Chuvisco";"Dupla";"Curva";"Sim";7;0;4;0;3;0;4;2;-26,1569;-48,9077;"SPRF-SC";"DEL03-SC";"UOP01-DEL03-SC"
180888;2018-12-25;"terça-feira";"14:30:00";"MG";40;731,8;"OLIVEIRA FORTES";"Velocidade Incompatível";"Capotamento";"Com Vítimas Feridas";"Pleno dia";"Crescente";"Chuva";"Dupla";"Curva";"Não";4;0;3;0;1;0;3;1;-21,3617;-43,5762;"SPRF-MG";"DEL05-MG";"UOP01-DEL05-MG"
180889;2018-12-25;"terça-feira";"18:00:00";"PR";277;650;"MATELANDIA";"Falta de Atenção à Condução";"Engavetamento";"Sem Vítimas";"Pleno dia";"Decrescente";"Céu Claro";"Simples";"Aclive";"Não";5;0;0;0;5;0;0;4;-25,190388;-53,937366;"SPRF-PR";"DEL05-PR";"UOP02-DEL05-PR"
180890;2018-12-25;"terça-feira";"18:35:00";"MG";381;337;"NOVA ERA";"Avarias e/ou desgaste excessivo no pneu";"Colisão frontal";"Com Vítimas Feridas";"Pleno dia";"Decrescente";"Chuva";"Simples";"Curva";"Não";7;0;6;1;0;0;7;2;-19,79022981;-43,0536184;"SPRF-MG";"DEL03-MG";"UOP01-DEL03-MG"
180891;2018-12-25;"terça-feira";"16:20:00";"ES";101;61,9;"SAO MATEUS";"Falta de Atenção à Condução";"Colisão lateral";"Sem Vítimas";"Pleno dia";"Decrescente";"Nublado";"Simples";"Curva";"Sim";2;0;0;0;1;1;0;2;-18,681532;-39,863647;"SPRF-ES";"DEL04-ES";"UOP02-DEL04-ES"
180892;2018-12-25;"terça-feira";"18:10:00";"PR";277;5;"FOZ DO IGUACU";"Falta de Atenção à Condução";"Colisão com objeto estático";"Com Vítimas Feridas";"Pleno dia";"Crescente";"Céu Claro";"Dupla";"Reta";"Sim";1;0;1;0;0;0;1;1;-25,5469;-54,5882;"SPRF-PR";"DEL05-PR";"UOP03-DEL05-PR"
180893;2018-12-25;"terça-feira";"18:20:00";"PR";277;108;"CAMPO LARGO";"Falta de Atenção à Condução";"Colisão transversal";"Com Vítimas Feridas";"Pleno dia";"Decrescente";"Nublado";"Dupla";"Retorno Regulamentado";"Sim";5;0;2;3;0;0;5;2;-25,43786944;-49,44571707;"SPRF-PR";"DEL01-PR";"UOP06-DEL01-PR"
180894;2018-12-25;"terça-feira";"18:15:00";"SP";116;541;"BARRA DO TURVO";"Velocidade Incompatível";"Colisão traseira";"Com Vítimas Feridas";"Pleno dia";"Crescente";"Chuva";"Dupla";"Curva;Aclive";"Não";6;0;2;0;4;0;2;2;-24,97280574;-48,40138435;"SPRF-SP";"DEL05-SP";"UOP02-DEL05-SP"
180895;2018-12-25;"terça-feira";"17:50:00";"RJ";40;78;"PETROPOLIS";"Velocidade Incompatível";"Capotamento";"Com Vítimas Feridas";"Plena Noite";"Crescente";"Chuva";"Simples";"Curva";"Não";2;0;1;0;1;0;1;1;-22,5111;-43,2316;"SPRF-RJ";"DEL06-RJ";"UOP01-DEL06-RJ"
180896;2018-12-25;"terça-feira";"12:40:00";"BA";101;116,2;"ALAGOINHAS";"Velocidade Incompatível";"Saída de leito carroçável";"Com Vítimas Feridas";"Pleno dia";"Decrescente";"Céu Claro";"Simples";"Curva";"Não";4;0;3;1;0;0;4;1;-12,1676;-38,4651;"SPRF-BA";"DEL01-BA";"UOP04-DEL01-BA"
180897;2018-12-25;"terça-feira";"18:15:00";"MG";365;414;"PATOS DE MINAS";"Não guardar distância de segurança";"Colisão traseira";"Com Vítimas Feridas";"Pleno dia";"Decrescente";"Céu Claro";"Simples";"Declive";"Não";2;0;1;0;1;0;1;2;-18,67001085;-46,53716326;"SPRF-MG";"DEL10-MG";"UOP01-DEL10-MG"
180898;2018-12-25;"terça-feira";"18:30:00";"ES";101;230;"FUNDAO";"Falta de Atenção do Pedestre";"Atropelamento de Pedestre";"Com Vítimas Feridas";"Anoitecer";"Decrescente";"Nublado";"Simples";"Curva";"Sim";2;0;0;1;0;1;1;2;-19,93461662;-40,40518999;"SPRF-ES";"DEL02-ES";"UOP01-DEL02-ES"
180899;2018-12-25;"terça-feira";"17:00:00";"SP";116;499,3;"CAJATI";"Velocidade Incompatível";"Capotamento";"Com Vítimas Feridas";"Pleno dia";"Crescente";"Nublado";"Simples";"Curva";"Não";2;0;2;0;0;0;2;1;-24,78486436;-48,18122864;"SPRF-SP";"DEL05-SP";"UAP01-DEL05-SP"
180900;2018-12-25;"terça-feira";"15:45:00";"MS";262;462,8;"DOIS IRMAOS DO BURITI";"Defeito na Via";"Queda de ocupante de veículo";"Com Vítimas Feridas";"Pleno dia";"Decrescente";"Céu Claro";"Simples";"Reta";"Não";2;0;1;1;0;0;2;1;-20,53802948;-55,56408029;"SPRF-MS";"DEL03-MS";"UOP01-DEL03-MS"
180901;2018-12-25;"terça-feira";"17:30:00";"MG";381;938,1;"EXTREMA";"Velocidade Incompatível";"Colisão transversal";"Com Vítimas Feridas";"Pleno dia";"Decrescente";"Nublado";"Dupla";"Retorno Regulamentado;Curva";"Não";5;0;4;0;1;0;4;2;-22,8194;-46,2984;"SPRF-MG";"DEL16-MG";"UOP03-DEL16-MG"