"id";"data_inversa";"dia_semana";"horario";"uf";"br";"km";"municipio";"causa_acidente";"tipo_acidente";"classificacao_acidente";"fase_dia";"sentido_via";"condicao_metereologica";"tipo_pista";"tracado_via";"uso_solo";"pessoas";"mortos";"feridos_leves";"feridos_graves";"ilesos";"ignorados";"feridos";"veiculos";"latitude";"longitude";"regional";"delegacia";"uop"
181001;2018-12-22;"sábado";"07:50:00";"SC";153;63,8;"IRANI";"Ingestão de Álcool";"Colisão frontal";"Com Vítimas Fatais";"Pleno dia";"Crescente";"Céu Claro";"Simples";"Reta";"Não";13;1;11;1;0;0;12;2;-26,994884;-51,87051;"SPRF-SC";"DEL07-SC";"UOP04-DEL07-SC"
181002;2018-12-26;"quarta-feira";"07:10:00";"PA";163;1003,6;"SANTAREM";"Falta de Atenção à Condução";"Colisão frontal";"Com Vítimas Feridas";"Amanhecer";"Decrescente";"Céu Claro";"Dupla";"Reta";"Sim";2;0;1;0;1;0;1;2;-2,44200172;-54,73148346;"SPRF-PA";"DEL05-PA";"UOP01-DEL05-PA"
181003;2018-12-26;"quarta-feira";"08:00:00";"ES";101;269,3;"SERRA";"Avarias e/ou desgaste excessivo no pneu";"Tombamento";"Com Vítimas Feridas";"Pleno dia";"Crescente";"Sol";"Dupla";"Reta";"Sim";1;0;1;0;0;0;1;1;-20,22702484;-40,27101347;"SPRF-ES";"DEL02-ES";"UOP01-DEL02-ES"
181004;2018-12-26;"quarta-feira";"07:30:00";"MG";381;460,1;"BELO HORIZONTE";"Desobediência às normas de trânsito pelo condutor";"Colisão lateral";"Com Vítimas Feridas";"Pleno dia";"Crescente";"Nublado";"Dupla";"Reta";"Sim";2;0;0;1;1;0;1;2;-19,85020127;-43,88814926;"SPRF-MG";"DEL01-MG";"UOP01-DEL01-MG"
181005;2018-12-26;"quarta-feira";"08:00:00";"PR";369;159,3;"CAMBE";"Falta de Atenção à Condução";"Colisão com objeto estático";"Com Vítimas Feridas";"Pleno dia";"Crescente";"Céu Claro";"Dupla";"Reta";"Não";2;0;1;0;1;0;1;2;-23,28322255;-51,24767482;"SPRF-PR";"DEL07-PR";"UOP01-DEL07-PR"
181007;2018-12-26;"quarta-feira";"08:40:00";"DF";70;5,6;"BRASILIA";"Falta de Atenção à Condução";"Colisão lateral";"Com Vítimas Feridas";"Pleno dia";"Decrescente";"Céu Claro";"Dupla";"Reta";"Sim";2;0;1;0;1;0;1;2;-15,79255296;-48,10242534;"SPRF-DF";"DEL01-DF";"UOP02-DEL03-DF"
181008;2018-12-26;"quarta-feira";"08:38:00";"MG";381;459,1;"BELO HORIZONTE";"Desobediência às normas de trânsito pelo condutor";"Atropelamento de Pedestre";"Com Vítimas Feridas";"Pleno dia";"Crescente";"Sol";"Dupla";"Reta";"Sim";2;0;1;1;0;0;2;2;-19,9605;-44,0357;"SPRF-MG";"DEL01-MG";"UOP01-DEL01-MG"
181009;2018-12-25;"terça-feira";"22:50:00";"MT";364;524;"ROSARIO OESTE";"Falta de Atenção à Condução";"Saída de leito carroçável";"Sem Vítimas";"Pleno dia";"Crescente";"Céu Claro";"Simples";"Reta";"Não";1;0;0;0;1;0;0;1;-15,058265;-56,516891;"SPRF-MT";"DEL01-MT";"DEL2/4-UOP02/MT"
181011;2018-12-26;"quarta-feira";"06:30:00";"BA";324;560;"SAO SEBASTIAO DO PASSE";"Falta de Atenção à Condução";"Colisão traseira";"Com Vítimas Feridas";"Pleno dia";"Crescente";"Nublado";"Dupla";"Reta";"Não";2;0;0;1;1;0;1;2;-12,50630263;-38,63479614;"SPRF-BA";"DEL01-BA";"UOP01-DEL01-BA"
181012;2018-12-26;"quarta-feira";"08:15:00";"MG";153;129,9;"PRATA";"Não guardar distância de segurança";"Colisão traseira";"Com Vítimas Feridas";"Pleno dia";"Crescente";"Nublado";"Simples";"Reta";"Não";5;0;1;0;2;2;1;3;-19,48357627;-48,86288524;"SPRF-MG";"DEL15-MG";"UOP03-DEL15-MG"
181013;2018-12-26;"quarta-feira";"07:00:00";"RJ";393;169;"TRES RIOS";"Falta de Atenção à Condução";"Queda de ocupante de veículo";"Com Vítimas Feridas";"Pleno dia";"Crescente";"Céu Claro";"Simples";"Reta";"Sim";1;0;1;0;0;0;1;1;-22,12470679;-43,17940973;"SPRF-RJ";"DEL06-RJ";"UOP02-DEL05-RJ"
181014;2018-12-26;"quarta-feira";"07:15:00";"PE";232;8;"RECIFE";"Não guardar distância de segurança";"Colisão traseira";"Com Vítimas Feridas";"Pleno dia";"Decrescente";"Céu Claro";"Dupla";"Reta";"Sim";3;0;2;0;1;0;2;2;-8,075855;-34,970215;"SPRF-PE";"DEL01-PE";"UOP01-DEL01-PE"
181015;2018-12-26;"quarta-feira";"09:00:00";"SC";470;57;"BLUMENAU";"Não guardar distância de segurança";"Colisão frontal";"Com Vítimas Feridas";"Pleno dia";"Crescente";"Céu Claro";"Simples";"Ponte";"Não";2;0;1;0;1;0;1;2;-26,880428;-49,136532;"SPRF-SC";"DEL04-SC";"UOP01-DEL04-SC"
181017;2018-12-26;"quarta-feira";"08:00:00";"MG";50;21;"UBERLANDIA";"Desobediência às normas de trânsito pelo condutor";"Colisão traseira";"Com Vítimas Feridas";"Pleno dia";"Decrescente";"Céu Claro";"Simples";"Reta";"Sim";2;0;1;0;1;0;1;2;-18,93864161;-48,22049618;"SPRF-MG";"DEL15-MG";"UOP02-DEL15-MG"
181018;2018-12-23;"domingo";"13:00:00";"MS";158;248,7;"TRES LAGOAS";"Defeito Mecânico no Veículo";"Incêndio";"Sem Vítimas";"Pleno dia";"Decrescente";"Céu Claro";"Simples";"Reta";"Não";1;0;0;0;0;1;0;1;-20,641619;-51,769527;"SPRF-MS";"DEL07-MS";"UOP01-DEL07-MS"
181019;2018-12-26;"quarta-feira";"09:00:00";"MG";381;924,5;"CAMANDUCAIA";"Velocidade Incompatível";"Colisão com objeto estático";"Com Vítimas Feridas";"Pleno dia";"Crescente";"Chuva";"Dupla";"Curva";"Sim";5;0;4;0;1;0;4;1;-22,7712;-46,1986;"SPRF-MG";"DEL16-MG";"UOP03-DEL16-MG"
181020;2018-12-26;"quarta-feira";"09:00:00";"DF";80;13;"BRASILIA";"Falta de Atenção à Condução";"Colisão frontal";"Com Vítimas Fatais";"Pleno dia";"Crescente";"Céu Claro";"Dupla";"Reta";"Não";2;1;0;0;1;0;0;2;-15,728034;-48,193768;"SPRF-DF";"DEL01-DF";"UOP02-DEL03-DF"
181021;2018-12-26;"quarta-feira";"08:00:00";"MG";381;873,9;"ESTIVA";"Velocidade Incompatível";"Colisão com objeto estático";"Com Vítimas Feridas";"Pleno dia";"Crescente";"Chuva";"Dupla";"Curva";"Não";4;0;3;1;0;0;4;1;-22,422;-45,9667;"SPRF-MG";"DEL16-MG";"UOP01-DEL16-MG"
181022;2018-12-26;"quarta-feira";"08:10:00";"MT";163;667;"LUCAS DO RIO VERDE";"Falta de Atenção à Condução";"Saída de leito carroçável";"Com Vítimas Feridas";"Pleno dia";"Decrescente";"Céu Claro";"Simples";"Reta";"Não";2;0;0;1;1;0;1;1;-13,24273;-56,01239;"SPRF-MT";"DEL06-MT";"UOP01-DEL06-MT"
181023;2018-12-26;"quarta-feira";"08:30:00";"BA";110;163;"RIBEIRA DO POMBAL";"Falta de Atenção à Condução";"Colisão transversal";"Com Vítimas Feridas";"Pleno dia";"Crescente";"Céu Claro";"Simples";"Reta";"Não";2;0;0;1;1;0;1;2;-10,7471;-38,5047;"SPRF-BA";"DEL07-BA";"UOP02-DEL07-BA"
181024;2018-12-26;"quarta-feira";"08:30:00";"ES";259;63;"COLATINA";"Falta de Atenção à Condução";"Colisão lateral";"Com Vítimas Feridas";"Pleno dia";"Crescente";"Sol";"Simples";"Reta";"Sim";2;0;1;0;0;1;1;2;-19,527531;-40,698704;"SPRF-ES";"DEL02-ES";"UOP01-DEL02-ES"
181025;2018-12-26;"quarta-feira";"09:40:00";"SP";116;27,6;"SILVEIRAS";"Pista Escorregadia";"Colisão com objeto estático";"Com Vítimas Feridas";"Pleno dia";"Decrescente";"Chuva";"Dupla";"Curva";"Não";4;0;1;0;3;0;1;1;-22,622692;-44,9095167;"SPRF-SP";"DEL08-SP";"UOP02-DEL08-SP"
181026;2018-12-26;"quarta-feira";"07:40:00";"PR";469;15;"FOZ DO IGUACU";"Falta de Atenção à Condução";"Colisão transversal";"Com Vítimas Fatais";"Pleno dia";"Decrescente";"Céu Claro";"Simples";"Retorno Regulamentado";"Sim";5;1;1;0;3;0;1;2;-25,58157239;-54,52964187;"SPRF-PR";"DEL05-PR";"UOP04-DEL05-PR"
181028;2018-12-26;"quarta-feira";"09:55:00";"MG";381;722,2;"CARMO DA CACHOEIRA";"Falta de Atenção à Condução";"Tombamento";"Com Vítimas Feridas";"Pleno dia";"Decrescente";"Nublado";"Dupla";"Curva";"Não";3;0;1;0;2;0;1;1;-21,4485;-45,2114;"SPRF-MG";"DEL04-MG";"UOP02-DEL04-MG"
181029;2018-12-26;"quarta-feira";"09:30:00";"PR";277;124,2;"CAMPO LARGO";"Falta de Atenção à Condução";"Colisão transversal";"Com Vítimas Feridas";"Pleno dia";"Crescente";"Céu Claro";"Dupla";"Reta";"Não";3;0;1;0;1;1;1;3;-25,45001745;-49,5831871;"SPRF-PR";"DEL01-PR";"UOP06-DEL01-PR"
181030;2018-12-26;"quarta-feira";"09:30:00";"ES";101;222;"IBIRACU";"Falta de Atenção à Condução";"Saída de leito carroçável";"Com Vítimas Feridas";"Pleno dia";"Crescente";"Céu Claro";"Simples";"Reta";"Não";1;0;1;0;0;0;1;1;-19,90238902;-40,40867373;"SPRF-ES";"DEL02-ES";"UOP01-DEL02-ES"
181031;2018-12-04;"terça-feira";"19:00:00";"BA";20;200;"LUIS EDUARDO MAGALHAES";"Desobediência às normas de trânsito pelo condutor";"Colisão traseira";"Com Vítimas Feridas";"Plena Noite";"Crescente";"Chuva";"Simples";"Reta";"Não";4;0;3;0;1;0;3;2;-12,202803;-45,8289511;"SPRF-BA";"DEL10-BA";"UOP01-DEL10-BA"
181032;2018-02-18;"domingo";"07:30:00";"RJ";40;111;"DUQUE DE CAXIAS";"Agressão Externa";"Colisão lateral";"Com Vítimas Feridas";"Pleno dia";"Decrescente";"Ignorado";"Múltipla";"Reta";"Sim";2;0;1;0;1;0;1;2;-22,69164095;-43,28723788;"SPRF-RJ";"DEL01-RJ";"UOP01-DEL01-RJ"
181033;2018-12-26;"quarta-feira";"07:10:00";"RO";364;381,5;"OURO PRETO DO OESTE";"Pista Escorregadia";"Capotamento";"Com Vítimas Feridas";"Pleno dia";"Decrescente";"Chuva";"Simples";"Curva";"Não";1;0;1;0;0;0;1;1;-10,73025;-62,22945;"SPRF-RO";"DEL02-RO";"UOP01-DEL02-RO"
181035;2018-12-26;"quarta-feira";"09:25:00";"SC";282;208,1;"LAGES";"Não guardar distância de segurança";"Colisão traseira";"Com Vítimas Feridas";"Pleno dia";"Crescente";"Nublado";"Simples";"Reta";"Não";1;0;1;0;0;0;1;1;-27,775284;-50,211971;"SPRF-SC";"DEL05-SC";"UOP01-DEL05-SC"
181037;2018-12-26;"quarta-feira";"08:55:00";"BA";367;50;"PORTO SEGURO";"Falta de Atenção à Condução";"Colisão transversal";"Com Vítimas Feridas";"Pleno dia";"Decrescente";"Céu Claro";"Simples";"Rotatória";"Não";4;0;3;0;1;0;3;2;-16,374952;-39,290039;"SPRF-BA";"DEL09-BA";"UOP01-DEL09-BA"
181039;2018-12-26;"quarta-feira";"08:30:00";"PE";232;4,9;"RECIFE";"Falta de Atenção à Condução";"Colisão traseira";"Sem Vítimas";"Pleno dia";"Crescente";"Sol";"Dupla";"Reta";"Sim";2;0;0;0;2;0;0;2;-8,06393553;-34,94450569;"SPRF-PE";"DEL01-PE";"UOP01-DEL01-PE"
181040;2018-12-26;"quarta-feira";"10:25:00";"MG";40;467,7;"SETE LAGOAS";"Velocidade Incompatível";"Saída de leito carroçável";"Com Vítimas Feridas";"Pleno dia";"Crescente";"Sol";"Dupla";"Reta";"Não";3;0;2;0;1;0;2;1;-19,4593;-44,3033;"SPRF-MG";"DEL02-MG";"UOP01-DEL02-MG"
181041;2018-12-26;"quarta-feira";"11:10:00";"SP";116;60;"GUARATINGUETA";"Falta de Atenção à Condução";"Colisão traseira";"Com Vítimas Feridas";"Pleno dia";"Crescente";"Nublado";"Dupla";"Reta";"Não";2;0;1;0;1;0;1;2;-22,791122;-45,161125;"SPRF-SP";"DEL08-SP";"UOP01-DEL08-SP"
181042;2018-12-26;"quarta-feira";"07:50:00";"SC";282;504,2;"XANXERE";"Velocidade Incompatível";"Colisão traseira";"Com Vítimas Feridas";"Pleno dia";"Decrescente";"Sol";"Simples";"Reta";"Sim";2;0;1;0;1;0;1;2;-26,884279;-52,408466;"SPRF-SC";"DEL07-SC";"UOP01-DEL07-SC"
181043;2018-12-26;"quarta-feira";"10:40:00";"RS";285;301,9;"PASSO FUNDO";"Condutor Dormindo";"Colisão lateral";"Com Vítimas Feridas";"Pleno dia";"Decrescente";"Nublado";"Simples";"Aclive";"Não";2;0;1;0;1;0;1;2;-28,22887096;-52,49466766;"SPRF-RS";"DEL08-RS";"UOP03-DEL08-RS"
181044;2018-12-26;"quarta-feira";"09:00:00";"PR";277;22,8;"MORRETES";"Velocidade Incompatível";"Saída de leito carroçável";"Com Vítimas Feridas";"Pleno dia";"Crescente";"Céu Claro";"Dupla";"Reta";"Não";3;0;1;1;1;0;2;1;-25,54244147;-48,68591309;"SPRF-PR";"DEL01-PR";"UOP05-DEL01-PR"
181045;2018-12-26;"quarta-feira";"11:00:00";"SC";101;216;"PALHOCA";"Desobediência às normas de trânsito pelo condutor";"Colisão transversal";"Com Vítimas Feridas";"Pleno dia";"Crescente";"Céu Claro";"Dupla";"Viaduto;Reta;Interseção de Vias";"Sim";2;0;1;0;1;0;1;2;-27,659815;-48,677479;"SPRF-SC";"DEL01-SC";"UOP02-DEL01-SC"
181046;2018-12-26;"quarta-feira";"10:15:00";"MG";381;346;"BELA VISTA DE MINAS";"Pista Escorregadia";"Colisão transversal";"Com Vítimas Feridas";"Pleno dia";"Crescente";"Nublado";"Simples";"Reta";"Não";5;0;3;0;2;0;3;2;-19,7784;-43,0437;"SPRF-MG";"DEL03-MG";"UOP01-DEL03-MG"
181047;2018-12-26;"quarta-feira";"11:15:00";"SP";116;86,7;"PINDAMONHANGABA";"Pista Escorregadia";"Tombamento";"Com Vítimas Feridas";"Pleno dia";"Crescente";"Chuva";"Dupla";"Reta";"Não";1;0;1;0;0;0;1;1;-22,926437;-45,353161;"SPRF-SP";"DEL06-SP";"UOP01-DEL06-SP"
181049;2018-12-26;"quarta-feira";"10:30:00";"MG";153;11;"ARAPORA";"Defeito Mecânico no Veículo";"Saída de leito carroçável";"Sem Vítimas";"Pleno dia";"Decrescente";"Céu Claro";"Dupla";"Reta";"Não";1;0;0;0;1;0;0;1;-18,5237;-49,1907;"SPRF-MG";"DEL15-MG";"UOP03-DEL15-MG"
181050;2018-12-26;"quarta-feira";"11:45:00";"GO";60;75,1;"ABADIANIA";"Velocidade Incompatível";"Saída de leito carroçável";"Com Vítimas Feridas";"Pleno dia";"Crescente";"Céu Claro";"Dupla";"Aclive;Curva";"Não";1;0;1;0;0;0;1;1;-16,2774;-48,7864;"SPRF-GO";"DEL02-GO";"UOP01-DEL02-GO"
181051;2018-12-26;"quarta-feira";"07:30:00";"BA";430;69,6;"CRISTOPOLIS";"Animais na Pista";"Atropelamento de Animal";"Sem Vítimas";"Pleno dia";"Decrescente";"Céu Claro";"Simples";"Curva";"Não";1;0;0;0;1;0;0;1;-12,228136;-44,425636;"SPRF-BA";"DEL10-BA";"UOP01-DEL10-BA"
181053;2018-12-26;"quarta-feira";"10:20:00";"BA";116;632;"JAGUAQUARA";"Falta de Atenção à Condução";"Saída de leito carroçável";"Com Vítimas Feridas";"Pleno dia";"Crescente";"Sol";"Simples";"Reta";"Sim";1;0;1;0;0;0;1;1;-13,51121;-40,05541;"SPRF-BA";"DEL03-BA";"UOP01-DEL03-BA"
181054;2018-12-26;"quarta-feira";"09:50:00";"PR";277;78;"CURITIBA";"Falta de Atenção à Condução";"Queda de ocupante de veículo";"Com Vítimas Feridas";"Pleno dia";"Decrescente";"Céu Claro";"Dupla";"Reta";"Sim";1;0;1;0;0;0;1;1;-25,47816182;-49,20312881;"SPRF-PR";"DEL01-PR";"UOP01-DEL01-PR"
181055;2018-12-26;"quarta-feira";"11:25:00";"PR";376;537,9;"PALMEIRA";"Falta de Atenção à Condução";"Colisão traseira";"Com Vítimas Feridas";"Pleno dia";"Crescente";"Céu Claro";"Dupla";"Reta";"Não";4;0;1;0;3;0;1;3;-25,34663913;-49,84445572;"SPRF-PR";"DEL01-PR";"UOP06-DEL01-PR"
181056;2018-12-26;"quarta-feira";"06:25:00";"RS";116;304;"GUAIBA";"Desobediência às normas de trânsito pelo condutor";"Colisão lateral";"Com Vítimas Feridas";"Pleno dia";"Decrescente";"Céu Claro";"Dupla";"Reta";"Não";2;0;1;0;0;1;1;2;-30,155315;-51,370514;"SPRF-RS";"DEL02-RS";"UOP01-DEL02-RS"
181057;2018-12-26;"quarta-feira";"11:40:00";"RJ";116;169,1;"SAO JOAO DE MERITI";"Falta de Atenção à Condução";"Atropelamento de Pedestre";"Com Vítimas Feridas";"Pleno dia";"Crescente";"Nublado";"Múltipla";"Reta";"Sim";2;0;1;0;1;0;1;2;-22,816206;-43,324463;"SPRF-RJ";"DEL01-RJ";"UOP02-DEL01-RJ"
181059;2018-12-26;"quarta-feira";"09:10:00";"PR";163;97;"CAPANEMA";"Falta de Atenção à Condução";"Saída de leito carroçável";"Com Vítimas Feridas";"Pleno dia";"Decrescente";"Céu Claro";"Simples";"Reta";"Não";3;0;2;0;0;1;2;2;-25,619;-53,7938;"SPRF-PR";"DEL02-PR";"UOP02-DEL02-PR"
181060;2018-12-26;"quarta-feira";"12:10:00";"GO";60;110,7;"GOIANAPOLIS";"Velocidade Incompatível";"Saída de leito carroçável";"Com Vítimas Feridas";"Pleno dia";"Crescente";"Sol";"Dupla";"Declive;Curva";"Não";1;0;1;0;0;0;1;1;-16,45;-49,0316;"SPRF-GO";"DEL01-GO";"UOP01-DEL01-GO"
181062;2018-12-26;"quarta-feira";"09:10:00";"MG";364;3,8;"PLANURA";"Falta de Atenção à Condução";"Capotamento";"Com Vítimas Feridas";"Pleno dia";"Crescente";"Nublado";"Simples";"Reta";"Sim";2;0;2;0;0;0;2;1;-20,13824;-48,702347;"SPRF-MG";"DEL13-MG";"UOP02-DEL13-MG"
181063;2018-12-26;"quarta-feira";"11:25:00";"PE";101;68,7;"RECIFE";"Não guardar distância de segurança";"Tombamento";"Com Vítimas Feridas";"Pleno dia";"Decrescente";"Céu Claro";"Dupla";"Reta";"Sim";1;0;1;0;0;0;1;1;-8,05777;-34,94621;"SPRF-PE";"DEL01-PE";"UOP01-DEL01-PE"
181064;2018-12-26;"quarta-feira";"13:00:00";"RS";392;651,4;"GUARANI DAS MISSOES";"Falta de Atenção à Condução";"Colisão transversal";"Com Vítimas Feridas";"Pleno dia";"Crescente";"Céu Claro";"Simples";"Reta";"Não";2;0;2;0;0;0;2;2;-28,133121;-54,634621;"SPRF-RS";"DEL10-RS";"UOP01-DEL10-RS"
181065;2018-12-26;"quarta-feira";"12:55:00";"RJ";40;93,4;"DUQUE DE CAXIAS";"Velocidade Incompatível";"Saída de leito carroçável";"Com Vítimas Feridas";"Pleno dia";"Crescente";"Nublado";"Dupla";"Declive;Curva";"Não";2;0;1;0;1;0;1;1;-22,5699;-43,2515;"SPRF-RJ";"DEL06-RJ";"UOP01-DEL06-RJ"
181066;2018-12-26;"quarta-feira";"08:25:00";"MG";262;826,9;"UBERABA";"Falta de Atenção à Condução";"Saída de leito carroçável";"Com Vítimas Feridas";"Pleno dia";"Crescente";"Céu Claro";"Dupla";"Reta";"Não";1;0;1;0;0;0;1;1;-19,762056;-48,138805;"SPRF-MG";"DEL13-MG";"UOP01-DEL13-MG"
181068;2018-12-26;"quarta-feira";"11:00:00";"PE";104;82,1;"AGRESTINA";"Falta de Atenção à Condução";"Colisão frontal";"Com Vítimas Feridas";"Pleno dia";"Decrescente";"Céu Claro";"Simples";"Reta";"Não";2;0;0;1;1;0;1;2;-8,416814;-35,965959;"SPRF-PE";"DEL02-PE";"UOP01-DEL02-PE"
181070;2018-12-26;"quarta-feira";"12:00:00";"MG";251;505;"FRANCISCO SA";"Falta de Atenção à Condução";"Saída de leito carroçável";"Sem Vítimas";"Pleno dia";"Crescente";"Céu Claro";"Simples";"Reta";"Não";4;0;0;0;4;0;0;1;-16,6164;-43,6674;"SPRF-MG";"DEL12-MG";"UOP01-DEL12-MG"
181072;2018-12-26;"quarta-feira";"11:40:00";"MG";116;622;"ORIZANIA";"Animais na Pista";"Atropelamento de Animal";"Com Vítimas Feridas";"Pleno dia";"Decrescente";"Nublado";"Simples";"Reta";"Não";2;0;2;0;0;0;2;1;-20,4289432;-42,16278076;"SPRF-MG";"DEL07-MG";"UOP03-DEL07-MG"
181073;2018-12-26;"quarta-feira";"13:45:00";"PR";476;122;"CURITIBA";"Falta de Atenção à Condução";"Colisão lateral";"Com Vítimas Feridas";"Pleno dia";"Crescente";"Céu Claro";"Simples";"Curva";"Sim";3;0;1;0;2;0;1;3;-25,385775;-49,203377;"SPRF-PR";"DEL01-PR";"UOP01-DEL01-PR"
181074;2018-12-26;"quarta-feira";"08:20:00";"PR";277;239;"IRATI";"Condutor Dormindo";"Saída de leito carroçável";"Com Vítimas Feridas";"Pleno dia";"Decrescente";"Céu Claro";"Simples";"Reta";"Não";3;0;2;0;1;0;2;1;-25,45474496;-50,62156677;"SPRF-PR";"DEL03-PR";"UOP02-DEL08-PR"
181076;2018-12-26;"quarta-feira";"10:40:00";"PR";277;297,1;"PRUDENTOPOLIS";"Falta de Atenção à Condução";"Colisão transversal";"Com Vítimas Feridas";"Pleno dia";"Decrescente";"Sol";"Simples";"Reta";"Não";3;0;1;0;2;0;1;2;-25,30958013;-51,10874176;"SPRF-PR";"DEL03-PR";"UOP02-DEL08-PR"
181077;2018-12-26;"quarta-feira";"12:45:00";"RS";158;112;"PALMEIRA DAS MISSOES";"Falta de Atenção à Condução";"Saída de leito carroçável";"Com Vítimas Feridas";"Pleno dia";"Decrescente";"Chuva";"Simples";"Curva";"Não";1;0;1;0;0;0;1;1;-27,998564;-53,335625;"SPRF-RS";"DEL08-RS";"UOP02-DEL08-RS"
181078;2018-12-26;"quarta-feira";"14:00:00";"GO";60;209,9;"GUAPO";"Avarias e/ou desgaste excessivo no pneu";"Saída de leito carroçável";"Com Vítimas Feridas";"Pleno dia";"Crescente";"Chuva";"Dupla";"Declive";"Não";2;0;1;0;1;0;1;1;-16,9324;-49,6679;"SPRF-GO";"DEL01-GO";"UOP02-DEL01-GO"
181079;2018-12-26;"quarta-feira";"09:40:00";"PE";232;12,8;"JABOATAO DOS GUARARAPES";"Falta de Atenção à Condução";"Colisão traseira";"Com Vítimas Feridas";"Pleno dia";"Crescente";"Céu Claro";"Dupla";"Aclive";"Não";1;0;1;0;0;0;1;1;-8,085784;-35,003479;"SPRF-PE";"DEL01-PE";"UOP01-DEL01-PE"
181080;2018-12-26;"quarta-feira";"13:20:00";"SC";101;134;"BALNEARIO CAMBORIU";"Falta de Atenção à Condução";"Tombamento";"Com Vítimas Feridas";"Pleno dia";"Decrescente";"Céu Claro";"Dupla";"Reta";"Sim";1;0;1;0;0;0;1;1;-27,0049;-48,6266;"SPRF-SC";"DEL04-SC";"UOP03-DEL04-SC"
181081;2018-12-26;"quarta-feira";"10:30:00";"RJ";101;498,5;"ANGRA DOS REIS";"Velocidade Incompatível";"Colisão frontal";"Com Vítimas Fatais";"Pleno dia";"Crescente";"Céu Claro";"Simples";"Curva";"Não";6;1;4;0;1;0;4;2;-22,92191889;-44,35654208;"SPRF-RJ";"DEL03-RJ";"UOP03-DEL03-RJ"
181082;2018-12-26;"quarta-feira";"09:45:00";"PE";232;90;"GRAVATA";"Velocidade Incompatível";"Capotamento";"Com Vítimas Feridas";"Pleno dia";"Crescente";"Céu Claro";"Dupla";"Curva";"Sim";3;0;2;1;0;0;3;1;-8,216229;-35,646755;"SPRF-PE";"DEL01-PE";"UOP02-DEL02PE"
181083;2018-12-26;"quarta-feira";"12:55:00";"MG";116;229,9;"TEOFILO OTONI";"Velocidade Incompatível";"Saída de leito carroçável";"Com Vítimas Fatais";"Pleno dia";"Crescente";"Chuva";"Simples";"Reta";"Não";1;1;0;0;0;0;0;1;-17,480535;-41,493376;"SPRF-MG";"DEL11-MG";"UOP01-DEL11-MG"
181085;2018-12-26;"quarta-feira";"14:15:00";"MG";381;519,2;"IGARAPE";"Velocidade Incompatível";"Saída de leito carroçável";"Com Vítimas Feridas";"Pleno dia";"Decrescente";"Chuva";"Múltipla";"Curva";"Sim";2;0;1;0;1;0;1;1;-20,10861135;-44,31466341;"SPRF-MG";"DEL01-MG";"UOP03-DEL01-MG"
181087;2018-12-26;"quarta-feira";"13:40:00";"PE";408;74,1;"PAUDALHO";"Falta de Atenção do Pedestre";"Atropelamento de Pedestre";"Sem Vítimas";"Pleno dia";"Crescente";"Céu Claro";"Dupla";"Reta";"Sim";2;0;0;0;1;1;0;2;-7,898939;-35,172983;"SPRF-PE";"DEL01-PE";"UOP01-DEL01-PE"
181088;2018-12-26;"quarta-feira";"13:20:00";"MT";70;295,8;"PRIMAVERA DO LESTE";"Fenômenos da Natureza";"Saída de leito carroçável";"Sem Vítimas";"Pleno dia";"Decrescente";"Chuva";"Simples";"Reta";"Não";4;0;0;0;4;0;0;1;-15,580365;-54,429489;"SPRF-MT";"DEL05-MT";"UOP01-DEL05-MT"
181089;2018-12-26;"quarta-feira";"14:00:00";"ES";262;47,1;"MARECHAL FLORIANO";"Não guardar distância de segurança";"Colisão traseira";"Com Vítimas Feridas";"Pleno dia";"Decrescente";"Chuva";"Dupla";"Reta";"Sim";4;0;0;1;3;0;1;3;-20,4112;-40,6788;"SPRF-ES";"DEL01-ES";"UOP01-DEL01-ES"
181090;2018-12-26;"quarta-feira";"15:05:00";"RS";116;587,2;"ARROIO GRANDE";"Condutor Dormindo";"Tombamento";"Com Vítimas Feridas";"Pleno dia";"Crescente";"Sol";"Simples";"Declive;Reta";"Não";1;0;1;0;0;0;1;1;-32,20277908;-53,01984787;"SPRF-RS";"DEL07-RS";"UOP03-DEL07-RS"
181092;2018-12-26;"quarta-feira";"14:40:00";"GO";50;103,2;"CRISTALINA";"Avarias e/ou desgaste excessivo no pneu";"Saída de leito carroçável";"Com Vítimas Feridas";"Pleno dia";"Decrescente";"Céu Claro";"Dupla";"Reta";"Não";2;0;2;0;0;0;2;1;-16,9309;-47,7117;"SPRF-DF";"DEL01-DF";"UOP02-DEL01-DF"
181093;2018-12-26;"quarta-feira";"15:25:00";"SC";101;216,5;"PALHOCA";"Falta de Atenção do Pedestre";"Atropelamento de Pedestre";"Com Vítimas Feridas";"Pleno dia";"Decrescente";"Céu Claro";"Múltipla";"Reta";"Não";3;0;1;0;2;0;1;3;-27,659815;-48,677479;"SPRF-SC";"DEL01-SC";"UOP02-DEL01-SC"
181096;2018-12-26;"quarta-feira";"15:00:00";"GO";40;10;"LUZIANIA";"Não guardar distância de segurança";"Colisão traseira";"Com Vítimas Feridas";"Pleno dia";"Decrescente";"Sol";"Dupla";"Reta";"Sim";2;0;1;0;0;1;1;2;-16,131285;-47,957923;"SPRF-DF";"DEL01-DF";"UOP01-DEL01-DF"