"id";"data_inversa";"dia_semana";"horario";"uf";"br";"km";"municipio";"causa_acidente";"tipo_acidente";"classificacao_acidente";"fase_dia";"sentido_via";"condicao_metereologica";"tipo_pista";"tracado_via";"uso_solo";"pessoas";"mortos";"feridos_leves";"feridos_graves";"ilesos";"ignorados";"feridos";"veiculos";"latitude";"longitude";"regional";"delegacia";"uop"
181213;2018-12-27;"quinta-feira";"06:30:00";"MG";116;771,4;"LEOPOLDINA";"Velocidade Incompatível";"Queda de ocupante de veículo";"Com Vítimas Feridas";"Amanhecer";"Decrescente";"Céu Claro";"Simples";"Curva;Declive";"Não";1;0;1;0;0;0;1;1;-21,56135121;-42,6763916;"SPRF-MG";"DEL07-MG";"UOP01-DEL07-MG"
181215;2018-12-27;"quinta-feira";"04:30:00";"MG";381;639,2;"SANTO ANTONIO DO AMPARO";"Falta de Atenção à Condução";"Saída de leito carroçável";"Com Vítimas Feridas";"Plena Noite";"Decrescente";"Nublado";"Dupla";"Reta";"Não";2;0;1;0;1;0;1;1;-20,8982;-44,8542;"SPRF-MG";"DEL04-MG";"UOP01-DEL04-MG"
181216;2018-12-27;"quinta-feira";"07:15:00";"SC";101;207;"SAO JOSE";"Desobediência às normas de trânsito pelo condutor";"Colisão transversal";"Com Vítimas Feridas";"Pleno dia";"Crescente";"Garoa/Chuvisco";"Dupla";"Reta";"Não";2;0;1;0;1;0;1;2;-27,6034;-48,632;"SPRF-SC";"DEL01-SC";"UOP01-DEL01-SC"
181217;2018-12-27;"quinta-feira";"07:15:00";"RS";290;716,9;"URUGUAIANA";"Falta de Atenção à Condução";"Colisão traseira";"Com Vítimas Feridas";"Pleno dia";"Crescente";"Céu Claro";"Simples";"Curva";"Sim";3;0;1;0;2;0;1;2;-29,77732;-57,032336;"SPRF-RS";"DEL13-RS";"UOP01-DEL13-RS"
181218;2018-12-27;"quinta-feira";"06:40:00";"SP";153;56;"SAO JOSE DO RIO PRETO";"Falta de Atenção à Condução";"Colisão lateral";"Sem Vítimas";"Pleno dia";"Crescente";"Nublado";"Simples";"Interseção de Vias";"Não";8;0;0;0;7;1;0;2;-20,761505;-49,346199;"SPRF-SP";"DEL09-SP";"UOP01-DEL09-SP"
181219;2018-12-27;"quinta-feira";"06:48:00";"PB";230;12,8;"CABEDELO";"Falta de Atenção à Condução";"Colisão lateral";"Com Vítimas Feridas";"Pleno dia";"Decrescente";"Sol";"Dupla";"Reta";"Sim";2;0;1;0;0;1;1;2;-7,07704379;-34,8492229;"SPRF-PB";"DEL01-PB";"UOP01-DEL01-PB"
181220;2018-12-27;"quinta-feira";"07:35:00";"SP";116;144;"SAO JOSE DOS CAMPOS";"Defeito Mecânico no Veículo";"Queda de ocupante de veículo";"Com Vítimas Feridas";"Pleno dia";"Decrescente";"Céu Claro";"Dupla";"Reta";"Sim";1;0;1;0;0;0;1;1;-23,182202;-45,84508;"SPRF-SP";"DEL02-SP";"UOP01-DEL02-SP"
181221;2018-11-29;"quinta-feira";"15:30:00";"MG";381;497,2;"BETIM";"Falta de Atenção à Condução";"Tombamento";"Com Vítimas Feridas";"Pleno dia";"Decrescente";"Céu Claro";"Dupla";"Curva";"Sim";1;0;0;1;0;0;1;1;-19,9879692;-44,19902802;"SPRF-MG";"DEL01-MG";"UOP03-DEL01-MG"
181222;2018-12-27;"quinta-feira";"07:10:00";"RN";406;163;"CEARA-MIRIM";"Velocidade Incompatível";"Colisão traseira";"Com Vítimas Feridas";"Pleno dia";"Crescente";"Céu Claro";"Simples";"Reta";"Não";2;0;1;0;1;0;1;2;-5,73820708;-35,35340309;"SPRF-RN";"DEL02-RN";"UOP01-DEL02-RN"
181223;2018-12-27;"quinta-feira";"08:25:00";"PR";376;4;"APUCARANA";"Falta de Atenção à Condução";"Colisão lateral";"Com Vítimas Feridas";"Pleno dia";"Crescente";"Céu Claro";"Simples";"Reta";"Sim";2;0;1;0;1;0;1;2;-23,5513;-51,461266;"SPRF-PR";"DEL07-PR";"UOP03-DEL07-PR"
181226;2018-12-27;"quinta-feira";"06:50:00";"BA";116;16;"VITORIA DA CONQUISTA";"Falta de Atenção à Condução";"Colisão transversal";"Com Vítimas Feridas";"Pleno dia";"Decrescente";"Sol";"Simples";"Interseção de Vias";"Não";2;0;0;1;1;0;1;2;-14,90242427;-40,84429722;"SPRF-BA";"DEL08-BA";"UOP01-DEL08-BA"
181230;2018-12-27;"quinta-feira";"08:30:00";"RJ";116;165;"RIO DE JANEIRO";"Falta de Atenção à Condução";"Colisão lateral";"Com Vítimas Feridas";"Amanhecer";"Decrescente";"Céu Claro";"Dupla";"Reta";"Sim";3;0;1;0;2;0;1;3;-22,815485;-43,290874;"SPRF-RJ";"DEL01-RJ";"UOP02-DEL01-RJ"
181234;2018-12-27;"quinta-feira";"09:00:00";"MG";381;671,5;"PERDOES";"Velocidade Incompatível";"Saída de leito carroçável";"Com Vítimas Feridas";"Pleno dia";"Crescente";"Chuva";"Dupla";"Curva";"Não";3;0;3;0;0;0;3;1;-21,0708;-45,0516;"SPRF-MG";"DEL04-MG";"UOP02-DEL04-MG"
181235;2018-12-27;"quinta-feira";"09:15:00";"RS";293;440,6;"QUARAI";"Desobediência às normas de trânsito pelo condutor";"Colisão traseira";"Com Vítimas Feridas";"Pleno dia";"Decrescente";"Céu Claro";"Simples";"Aclive";"Não";4;0;4;0;0;0;4;2;-30,39912263;-56,42809868;"SPRF-RS";"DEL11-RS";"UOP01-DEL11-RS"
181237;2018-12-27;"quinta-feira";"06:30:00";"TO";153;466,4;"BARROLANDIA";"Velocidade Incompatível";"Capotamento";"Com Vítimas Feridas";"Amanhecer";"Decrescente";"Chuva";"Simples";"Reta;Declive";"Não";4;0;2;0;2;0;2;1;-9,967069;-48,743587;"SPRF-TO";"DEL02-TO";"UOP01-DEL01-TO"
181240;2018-12-27;"quinta-feira";"07:40:00";"MG";381;279;"JAGUARACU";"Desobediência às normas de trânsito pelo condutor";"Colisão frontal";"Com Vítimas Feridas";"Pleno dia";"Decrescente";"Céu Claro";"Simples";"Reta";"Não";6;0;3;3;0;0;6;2;-19,57614175;-42,7200526;"SPRF-MG";"DEL03-MG";"UOP02-DEL03-MG"
181241;2018-12-27;"quinta-feira";"09:00:00";"BA";101;168;"FEIRA DE SANTANA";"Falta de Atenção do Pedestre";"Atropelamento de Pedestre";"Com Vítimas Feridas";"Pleno dia";"Crescente";"Céu Claro";"Simples";"Reta";"Sim";2;0;0;1;1;0;1;2;-12,3586;-38,8405;"SPRF-BA";"DEL01-BA";"UOP03-DEL01-BA"
181242;2018-12-27;"quinta-feira";"10:05:00";"MG";116;718,6;"MURIAE";"Falta de Atenção à Condução";"Capotamento";"Com Vítimas Feridas";"Pleno dia";"Crescente";"Nublado";"Simples";"Curva";"Não";2;0;1;0;1;0;1;1;-21,19290975;-42,37363994;"SPRF-MG";"DEL07-MG";"UOP02-DEL07-MG"
181243;2018-12-27;"quinta-feira";"10:00:00";"PR";376;102,3;"PARANAVAI";"Falta de Atenção à Condução";"Colisão transversal";"Com Vítimas Feridas";"Pleno dia";"Crescente";"Céu Claro";"Dupla";"Retorno Regulamentado;Curva";"Não";2;0;1;0;1;0;1;2;-23,041437;-52,473579;"SPRF-PR";"DEL07-PR";"UOP02-DEL09-PR"
181244;2018-12-27;"quinta-feira";"09:45:00";"SC";280;27,6;"ARAQUARI";"Pista Escorregadia";"Queda de ocupante de veículo";"Com Vítimas Feridas";"Pleno dia";"Decrescente";"Céu Claro";"Simples";"Reta";"Sim";1;0;1;0;0;0;1;1;-26,396912;-48,740257;"SPRF-SC";"DEL03-SC";"UOP03-DEL03-SC"
181246;2018-12-25;"terça-feira";"17:17:00";"PR";277;549,8;"CASCAVEL";"Falta de Atenção à Condução";"Colisão traseira";"Sem Vítimas";"Pleno dia";"Decrescente";"Céu Claro";"Simples";"Reta";"Não";2;0;0;0;2;0;0;2;-25,09224868;-53,1301491;"SPRF-PR";"DEL04-PR";"UOP04-DEL04-PR"
181247;2018-12-27;"quinta-feira";"08:30:00";"TO";235;203;"FORTALEZA DO TABOCAO";"Falta de Atenção à Condução";"Saída de leito carroçável";"Com Vítimas Feridas";"Pleno dia";"Crescente";"Céu Claro";"Simples";"Reta";"Não";1;0;1;0;0;0;1;1;-8,941082;-48,479996;"SPRF-TO";"DEL02-TO";"UOP02-DEL02-TO"
181250;2018-12-27;"quinta-feira";"08:50:00";"CE";20;34,7;"PARAMBU";"Desobediência às normas de trânsito pelo condutor";"Colisão transversal";"Sem Vítimas";"Pleno dia";"Decrescente";"Céu Claro";"Simples";"Reta";"Sim";2;0;0;0;2;0;0;2;-6,28629;-40,598656;"SPRF-CE";"DEL02-CE";"UOP02-DEL02-CE"
181251;2018-12-27;"quinta-feira";"09:40:00";"RS";386;342;"LAJEADO";"Falta de Atenção à Condução";"Colisão transversal";"Com Vítimas Feridas";"Pleno dia";"Crescente";"Céu Claro";"Simples";"Reta";"Sim";3;0;2;0;1;0;2;2;-29,439268;-51,993633;"SPRF-RS";"DEL04-RS";"UOP01-DEL04-RS"
181253;2018-12-27;"quinta-feira";"07:30:00";"MG";381;596,5;"CARMOPOLIS DE MINAS";"Não guardar distância de segurança";"Colisão lateral";"Com Vítimas Feridas";"Pleno dia";"Crescente";"Chuva";"Dupla";"Reta";"Não";3;0;1;0;2;0;1;2;-20,584741;-44,693424;"SPRF-MG";"DEL04-MG";"UOP01-DEL04-MG"
181254;2018-12-27;"quinta-feira";"10:50:00";"PR";277;110;"BALSA NOVA";"Não guardar distância de segurança";"Engavetamento";"Sem Vítimas";"Pleno dia";"Decrescente";"Sol";"Dupla";"Reta";"Não";6;0;0;0;6;0;0;6;-25,438928;-49,553894;"SPRF-PR";"DEL01-PR";"UOP06-DEL01-PR"
181255;2018-12-27;"quinta-feira";"05:46:00";"PR";376;667,4;"GUARATUBA";"Velocidade Incompatível";"Engavetamento";"Sem Vítimas";"Amanhecer";"Crescente";"Garoa/Chuvisco";"Dupla";"Declive;Curva";"Não";11;0;0;0;11;0;0;5;-25,8528963;-48,9769951;"SPRF-PR";"DEL01-PR";"DEL7/1-UOP08/PR"
181257;2018-12-27;"quinta-feira";"11:10:00";"GO";153;541,9;"HIDROLANDIA";"Defeito Mecânico no Veículo";"Tombamento";"Com Vítimas Feridas";"Pleno dia";"Decrescente";"Sol";"Dupla";"Reta";"Não";2;0;0;1;1;0;1;1;-17,0648;-49,2252;"SPRF-GO";"DEL01-GO";"UOP03-DEL01-GO"
181258;2018-12-27;"quinta-feira";"11:05:00";"SC";101;81;"BARRA VELHA";"Não guardar distância de segurança";"Colisão traseira";"Com Vítimas Feridas";"Pleno dia";"Crescente";"Nublado";"Dupla";"Declive";"Não";6;0;3;0;3;0;3;3;-26,60725349;-48,72359276;"SPRF-SC";"DEL03-SC";"UOP02-DEL03-SC"
181259;2018-12-27;"quinta-feira";"11:00:00";"SP";116;269;"TABOAO DA SERRA";"Falta de Atenção à Condução";"Colisão lateral";"Com Vítimas Feridas";"Pleno dia";"Decrescente";"Sol";"Dupla";"Ponte";"Sim";2;0;1;0;1;0;1;2;-23,60820901;-46,76130474;"SPRF-SP";"DEL04-SP";"UOP01-DEL04-SP"
181262;2018-12-27;"quinta-feira";"08:40:00";"RN";226;12,7;"MACAIBA";"Desobediência às normas de trânsito pelo condutor";"Colisão lateral";"Com Vítimas Feridas";"Pleno dia";"Decrescente";"Céu Claro";"Simples";"Reta";"Sim";3;0;2;0;1;0;2;2;-5,847669;-35,312698;"SPRF-RN";"DEL01-RN";"UOP02-DEL01-RN"
181263;2018-12-11;"terça-feira";"13:30:00";"MG";365;636,1;"UBERLANDIA";"Falta de Atenção à Condução";"Tombamento";"Com Vítimas Feridas";"Pleno dia";"Decrescente";"Céu Claro";"Dupla";"Reta";"Não";1;0;1;0;0;0;1;1;-18,8987;-48,3783;"SPRF-MG";"DEL15-MG";"UOP01-DEL15-MG"
181264;2018-12-27;"quinta-feira";"11:50:00";"RS";290;23,8;"SANTO ANTONIO DA PATRULHA";"Mal Súbito";"Capotamento";"Com Vítimas Feridas";"Pleno dia";"Decrescente";"Céu Claro";"Dupla";"Reta";"Não";1;0;0;1;0;0;1;1;-29,885357;-50,484364;"SPRF-RS";"DEL03-RS";"UOP02-DEL03-RS"
181265;2018-12-27;"quinta-feira";"09:00:00";"AC";364;121,6;"RIO BRANCO";"Pista Escorregadia";"Saída de leito carroçável";"Sem Vítimas";"Pleno dia";"Crescente";"Chuva";"Dupla";"Rotatória";"Sim";2;0;0;0;2;0;0;1;-10,012093;-67,764404;"SPRF-AC";"DEL01-AC";"UOP01-DEL01-AC"
181266;2018-12-27;"quinta-feira";"11:50:00";"SC";101;200,8;"SAO JOSE";"Falta de Atenção à Condução";"Colisão transversal";"Com Vítimas Feridas";"Pleno dia";"Crescente";"Céu Claro";"Dupla";"Reta";"Não";2;0;1;0;1;0;1;2;-27,5485;-48,6196;"SPRF-SC";"DEL01-SC";"UOP01-DEL01-SC"
181268;2018-12-27;"quinta-feira";"10:30:00";"GO";153;212;"URUACU";"Falta de Atenção à Condução";"Colisão traseira";"Sem Vítimas";"Pleno dia";"Crescente";"Céu Claro";"Simples";"Reta";"Não";7;0;0;0;7;0;0;2;-14,62512;-49,17255;"SPRF-GO";"DEL07-GO";"UOP02-DEL07-GO"
181269;2018-12-27;"quinta-feira";"12:10:00";"DF";40;0,3;"BRASILIA";"Falta de Atenção à Condução";"Colisão traseira";"Com Vítimas Feridas";"Pleno dia";"Decrescente";"Céu Claro";"Dupla";"Reta";"Sim";2;0;1;0;1;0;1;2;-15,976897;-47,990129;"SPRF-DF";"DEL01-DF";"UOP01-DEL01-DF"
181271;2018-12-27;"quinta-feira";"11:40:00";"RJ";101;303,9;"SAO GONCALO";"Falta de Atenção à Condução";"Colisão lateral";"Com Vítimas Feridas";"Pleno dia";"Decrescente";"Nublado";"Dupla";"Reta";"Sim";3;0;1;0;2;0;1;2;-22,782822;-42,976677;"SPRF-RJ";"DEL02-RJ";"DEL5/2-UOP04/RJ"
181272;2018-12-27;"quinta-feira";"12:20:00";"PR";277;19,3;"MORRETES";"Falta de Atenção à Condução";"Colisão traseira";"Com Vítimas Feridas";"Pleno dia";"Decrescente";"Céu Claro";"Dupla";"Reta";"Não";3;0;1;0;2;0;1;2;-25,53872419;-48,69586945;"SPRF-PR";"DEL01-PR";"UOP05-DEL01-PR"
181273;2018-12-27;"quinta-feira";"12:00:00";"RN";406;151;"CEARA-MIRIM";"Falta de Atenção à Condução";"Colisão transversal";"Com Vítimas Feridas";"Pleno dia";"Crescente";"Céu Claro";"Simples";"Reta";"Sim";2;0;1;0;1;0;1;2;-5,64878568;-35,44773102;"SPRF-RN";"DEL02-RN";"UOP01-DEL02-RN"
181274;2018-12-27;"quinta-feira";"10:50:00";"MT";70;529;"VARZEA GRANDE";"Desobediência às normas de trânsito pelo condutor";"Colisão transversal";"Com Vítimas Feridas";"Pleno dia";"Crescente";"Nublado";"Simples";"Reta";"Sim";4;0;1;0;3;0;1;3;-15,649207;-56,19486;"SPRF-MT";"DEL01-MT";"DEL2/4-UOP02/MT"
181276;2018-12-27;"quinta-feira";"12:15:00";"SC";101;332,9;"TUBARAO";"Desobediência às normas de trânsito pelo condutor";"Colisão transversal";"Com Vítimas Feridas";"Pleno dia";"Decrescente";"Céu Claro";"Dupla";"Interseção de Vias";"Sim";3;0;1;0;2;0;1;2;-28,4669;-48,9973;"SPRF-SC";"DEL02-SC";"UOP01-DEL02-SC"
181277;2018-12-27;"quinta-feira";"10:55:00";"RO";364;374,3;"OURO PRETO DO OESTE";"Falta de Atenção à Condução";"Colisão transversal";"Com Vítimas Feridas";"Pleno dia";"Crescente";"Céu Claro";"Simples";"Reta";"Não";3;0;1;1;1;0;2;2;-10,744955;-62,178303;"SPRF-RO";"DEL02-RO";"UOP01-DEL02-RO"
181279;2018-12-27;"quinta-feira";"11:50:00";"MG";40;614,4;"CONGONHAS";"Falta de Atenção à Condução";"Colisão transversal";"Com Vítimas Feridas";"Pleno dia";"Crescente";"Chuva";"Simples";"Reta";"Não";3;0;1;0;1;1;1;3;-20,539;-43,8208;"SPRF-MG";"DEL05-MG";"UOP02-DEL05-MG"
181282;2018-12-27;"quinta-feira";"10:45:00";"SC";282;658,8;"SAO MIGUEL DO OESTE";"Velocidade Incompatível";"Saída de leito carroçável";"Com Vítimas Feridas";"Pleno dia";"Decrescente";"Céu Claro";"Simples";"Reta";"Sim";1;0;1;0;0;0;1;1;-26,684761;-53,549438;"SPRF-SC";"DEL07-SC";"UOP03-DEL07-SC"
181283;2018-12-27;"quinta-feira";"13:20:00";"SC";101;132;"BALNEARIO CAMBORIU";"Falta de Atenção à Condução";"Colisão lateral";"Com Vítimas Feridas";"Pleno dia";"Crescente";"Sol";"Dupla";"Reta";"Sim";3;0;1;1;1;0;2;2;-26,9992;-48,646;"SPRF-SC";"DEL04-SC";"UOP03-DEL04-SC"
181284;2018-12-27;"quinta-feira";"09:00:00";"PR";163;59,3;"PEROLA DOESTE";"Falta de Atenção à Condução";"Saída de leito carroçável";"Com Vítimas Feridas";"Pleno dia";"Crescente";"Céu Claro";"Simples";"Reta";"Não";5;0;4;0;1;0;4;1;-25,8832;-53,7485;"SPRF-PR";"DEL02-PR";"UOP02-DEL02-PR"
181285;2018-12-27;"quinta-feira";"13:00:00";"ES";262;163;"IBATIBA";"Falta de Atenção à Condução";"Colisão lateral";"Com Vítimas Feridas";"Pleno dia";"Crescente";"Céu Claro";"Simples";"Reta";"Não";2;0;0;1;1;0;1;2;-20,2391;-41,5452;"SPRF-ES";"DEL01-ES";"UOP02-DEL01-ES"
181286;2018-12-27;"quinta-feira";"12:50:00";"MG";381;531,9;"ITATIAIUCU";"Velocidade Incompatível";"Saída de leito carroçável";"Com Vítimas Feridas";"Pleno dia";"Decrescente";"Garoa/Chuvisco";"Dupla";"Curva";"Não";1;0;1;0;0;0;1;1;-20,1635297;-44,35721397;"SPRF-MG";"DEL04-MG";"UOP03-DEL04-MG"
181287;2018-12-27;"quinta-feira";"12:50:00";"MG";40;614,8;"CONGONHAS";"Velocidade Incompatível";"Colisão traseira";"Com Vítimas Feridas";"Pleno dia";"Crescente";"Garoa/Chuvisco";"Simples";"Aclive;Reta";"Não";4;0;2;0;2;0;2;3;-20,539;-43,8208;"SPRF-MG";"DEL05-MG";"UOP02-DEL05-MG"
181289;2018-12-27;"quinta-feira";"12:30:00";"TO";153;623,4;"ALIANCA DO TOCANTINS";"Ultrapassagem Indevida";"Colisão frontal";"Com Vítimas Feridas";"Pleno dia";"Decrescente";"Nublado";"Simples";"Reta";"Não";8;0;5;0;3;0;5;2;-11,32033211;-48,94477844;"SPRF-TO";"DEL02-TO";"UOP02-DEL01-TO"
181290;2018-12-27;"quinta-feira";"13:00:00";"MG";262;397;"PARA DE MINAS";"Velocidade Incompatível";"Tombamento";"Com Vítimas Feridas";"Pleno dia";"Crescente";"Chuva";"Dupla";"Reta";"Não";2;0;1;0;1;0;1;1;-19,891;-44,5848;"SPRF-MG";"DEL01-MG";"UOP03-DEL01-MG"
181291;2018-11-01;"quinta-feira";"19:40:00";"PR";376;261,9;"CALIFORNIA";"Sinalização da via insuficiente ou inadequada";"Colisão com objeto estático";"Com Vítimas Feridas";"Plena Noite";"Crescente";"Nevoeiro/Neblina";"Dupla";"Curva";"Não";2;0;1;0;1;0;1;1;-23,70012996;-51,3346374;"SPRF-PR";"DEL07-PR";"UOP03-DEL07-PR"
181294;2018-12-27;"quinta-feira";"13:00:00";"RJ";116;137;"MAGE";"Falta de Atenção do Pedestre";"Tombamento";"Com Vítimas Feridas";"Pleno dia";"Crescente";"Céu Claro";"Dupla";"Reta";"Não";1;0;1;0;0;0;1;1;-22,647911;-43,182049;"SPRF-RJ";"DEL04-RJ";"UOP02-DEL04-RJ"
181296;2018-12-27;"quinta-feira";"13:57:00";"SP";116;214,1;"GUARULHOS";"Defeito Mecânico no Veículo";"Tombamento";"Com Vítimas Feridas";"Pleno dia";"Crescente";"Céu Claro";"Múltipla";"Reta";"Sim";4;0;4;0;0;0;4;2;-23,46508;-46,50102;"SPRF-SP";"DEL01-SP";"UOP01-DEL01-SP"
181298;2018-12-27;"quinta-feira";"14:00:00";"SC";101;204,5;"SAO JOSE";"Não guardar distância de segurança";"Colisão traseira";"Com Vítimas Feridas";"Pleno dia";"Crescente";"Céu Claro";"Múltipla";"Reta";"Sim";2;0;0;1;1;0;1;2;-27,5832;-48,6151;"SPRF-SC";"DEL01-SC";"UOP01-DEL01-SC"
181299;2018-12-27;"quinta-feira";"14:01:00";"SC";101;218;"PALHOCA";"Falta de Atenção à Condução";"Colisão traseira";"Com Vítimas Feridas";"Pleno dia";"Decrescente";"Sol";"Dupla";"Reta";"Sim";4;0;2;0;2;0;2;3;-27,6854;-48,6664;"SPRF-SC";"DEL01-SC";"UOP02-DEL01-SC"
181301;2018-12-27;"quinta-feira";"14:00:00";"MG";262;27,6;"REDUTO";"Falta de Atenção à Condução";"Colisão lateral";"Com Vítimas Feridas";"Pleno dia";"Decrescente";"Céu Claro";"Simples";"Reta;Declive";"Não";8;0;5;0;3;0;5;3;-20,240572;-41,96632;"SPRF-MG";"DEL06-MG";"UOP03-DEL06-MG"
181303;2018-12-11;"terça-feira";"18:30:00";"SP";116;272,7;"TABOAO DA SERRA";"Falta de Atenção à Condução";"Colisão transversal";"Com Vítimas Feridas";"Anoitecer";"Crescente";"Céu Claro";"Dupla";"Reta";"Sim";2;0;0;2;0;0;2;2;-23,61555125;-46,78589389;"SPRF-SP";"DEL04-SP";"UOP01-DEL04-SP"
181304;2018-12-27;"quinta-feira";"08:40:00";"PA";316;129;"SANTA MARIA DO PARA";"Falta de Atenção à Condução";"Colisão transversal";"Com Vítimas Fatais";"Pleno dia";"Crescente";"Sol";"Simples";"Curva";"Sim";4;3;0;0;1;0;0;2;-1,338084;-47,586559;"SPRF-PA";"DEL01-PA";"UOP03-DEL01-PA"
181305;2018-12-27;"quinta-feira";"13:45:00";"MG";262;388;"FLORESTAL";"Pista Escorregadia";"Saída de leito carroçável";"Sem Vítimas";"Pleno dia";"Crescente";"Chuva";"Dupla";"Reta";"Não";1;0;0;0;1;0;0;1;-19,9113;-44,5048;"SPRF-MG";"DEL01-MG";"UOP03-DEL01-MG"
181306;2018-12-27;"quinta-feira";"13:30:00";"SP";153;52,9;"SAO JOSE DO RIO PRETO";"Pista Escorregadia";"Tombamento";"Com Vítimas Feridas";"Pleno dia";"Decrescente";"Chuva";"Simples";"Curva";"Não";1;0;1;0;0;0;1;1;-20,72698;-49,33839;"SPRF-SP";"DEL09-SP";"UOP01-DEL09-SP"
181307;2018-12-27;"quinta-feira";"08:30:00";"MT";174;350,1;"CONQUISTA DOESTE";"Pista Escorregadia";"Colisão frontal";"Com Vítimas Feridas";"Pleno dia";"Crescente";"Chuva";"Simples";"Reta";"Não";7;0;2;0;5;0;2;2;-14,729687;-59,366219;"SPRF-MT";"DEL04-MT";"UOP01-DEL04-MT"
181309;2018-11-03;"sábado";"07:45:00";"SC";163;105;"SAO JOSE DO CEDRO";"Defeito na Via";"Queda de ocupante de veículo";"Com Vítimas Feridas";"Pleno dia";"Crescente";"Céu Claro";"Simples";"Reta";"Não";1;0;1;0;0;0;1;1;-26,44352481;-53,5144043;"SPRF-SC";"DEL07-SC";"UOP03-DEL07-SC"
181310;2018-12-27;"quinta-feira";"15:00:00";"SP";116;216;"GUARULHOS";"Ingestão de Álcool";"Colisão com objeto estático";"Com Vítimas Feridas";"Pleno dia";"Crescente";"Céu Claro";"Múltipla";"Curva";"Sim";1;0;1;0;0;0;1;1;-23,45254131;-46,4685645;"SPRF-SP";"DEL01-SP";"UOP01-DEL01-SP"
181311;2018-12-27;"quinta-feira";"13:30:00";"PR";476;191,6;"LAPA";"Falta de Atenção à Condução";"Colisão lateral";"Com Vítimas Feridas";"Pleno dia";"Decrescente";"Sol";"Dupla";"Reta";"Não";2;0;1;0;1;0;1;2;-25,720638;-49,696972;"SPRF-PR";"DEL01-PR";"UOP06-DEL01-PR"
181313;2018-12-27;"quinta-feira";"15:00:00";"MG";381;489,2;"BETIM";"Velocidade Incompatível";"Colisão com objeto estático";"Com Vítimas Feridas";"Pleno dia";"Decrescente";"Chuva";"Dupla";"Aclive;Reta";"Sim";2;0;1;0;1;0;1;1;-19,9563;-44,1428;"SPRF-MG";"DEL01-MG";"UOP03-DEL01-MG"
181314;2018-12-27;"quinta-feira";"15:30:00";"ES";262;94;"DOMINGOS MARTINS";"Falta de Atenção à Condução";"Colisão transversal";"Com Vítimas Feridas";"Pleno dia";"Crescente";"Chuva";"Simples";"Interseção de Vias";"Não";4;0;3;1;0;0;4;2;-20,3751;-41,0566;"SPRF-ES";"DEL01-ES";"UOP02-DEL01-ES"
181316;2018-12-16;"domingo";"03:40:00";"MS";158;6;"CASSILANDIA";"Não guardar distância de segurança";"Colisão traseira";"Sem Vítimas";"Plena Noite";"Decrescente";"Céu Claro";"Simples";"Reta";"Sim";2;0;0;0;2;0;0;2;-19,13224;-51,706646;"SPRF-MS";"DEL08-MS";"UOP01-DEL08-MS"
181318;2018-12-27;"quinta-feira";"15:40:00";"MG";40;467,5;"SETE LAGOAS";"Pista Escorregadia";"Saída de leito carroçável";"Sem Vítimas";"Pleno dia";"Crescente";"Chuva";"Dupla";"Reta";"Não";1;0;0;0;1;0;0;1;-19,4593;-44,3033;"SPRF-MG";"DEL02-MG";"UOP01-DEL02-MG"
181319;2018-12-27;"quinta-feira";"16:15:00";"RJ";116;116;"MAGE";"Falta de Atenção à Condução";"Colisão traseira";"Com Vítimas Feridas";"Pleno dia";"Decrescente";"Céu Claro";"Simples";"Reta";"Sim";2;0;1;0;1;0;1;2;-22,594313;-43,02306;"SPRF-RJ";"DEL04-RJ";"UOP02-DEL04-RJ"
181321;2018-12-27;"quinta-feira";"13:00:00";"MG";40;638;"CONSELHEIRO LAFAIETE";"Velocidade Incompatível";"Saída de leito carroçável";"Com Vítimas Feridas";"Pleno dia";"Decrescente";"Chuva";"Simples";"Reta;Declive";"Não";1;0;0;1;0;0;1;1;-20,7398;-43,7994;"SPRF-MG";"DEL05-MG";"UOP02-DEL05-MG"
181322;2018-09-07;"sexta-feira";"17:45:00";"MA";222;666;"ACAILANDIA";"Falta de Atenção à Condução";"Colisão transversal";"Com Vítimas Feridas";"Pleno dia";"Decrescente";"Céu Claro";"Simples";"Aclive";"Não";2;0;1;0;1;0;1;2;-4,88500978;-47,36848516;"SPRF-MA";"DEL04-MA";"UOP03-DEL04-MA"
181323;2018-12-27;"quinta-feira";"15:30:00";"TO";153;251;"COLINAS DO TOCANTINS";"Não guardar distância de segurança";"Colisão traseira";"Com Vítimas Feridas";"Pleno dia";"Crescente";"Chuva";"Simples";"Reta";"Não";2;0;1;0;1;0;1;2;-8,089269;-48,467525;"SPRF-TO";"DEL02-TO";"UOP02-DEL02-TO"
181325;2018-12-02;"domingo";"04:05:00";"PB";230;31;"BAYEUX";"Animais na Pista";"Atropelamento de Animal";"Com Vítimas Feridas";"Amanhecer";"Decrescente";"Céu Claro";"Dupla";"Reta";"Sim";2;0;2;0;0;0;2;1;-7,1484;-34,9129;"SPRF-PB";"DEL01-PB";"UOP01-DEL01-PB"
181328;2018-12-27;"quinta-feira";"16:15:00";"MG";381;345;"BELA VISTA DE MINAS";"Velocidade Incompatível";"Saída de leito carroçável";"Com Vítimas Feridas";"Pleno dia";"Decrescente";"Chuva";"Simples";"Declive;Curva";"Não";6;0;5;1;0;0;6;1;-19,7784;-43,0437;"SPRF-MG";"DEL03-MG";"UOP01-DEL03-MG"
181329;2018-12-27;"quinta-feira";"16:50:00";"RS";116;259,2;"CANOAS";"Não guardar distância de segurança";"Colisão traseira";"Com Vítimas Feridas";"Pleno dia";"Crescente";"Céu Claro";"Simples";"Reta";"Não";3;0;1;0;2;0;1;2;-29,870504;-51,179878;"SPRF-RS";"DEL01-RS";"UOP01-DEL01-RS"