"id";"data_inversa";"dia_semana";"horario";"uf";"br";"km";"municipio";"causa_acidente";"tipo_acidente";"classificacao_acidente";"fase_dia";"sentido_via";"condicao_metereologica";"tipo_pista";"tracado_via";"uso_solo";"pessoas";"mortos";"feridos_leves";"feridos_graves";"ilesos";"ignorados";"feridos";"veiculos";"latitude";"longitude";"regional";"delegacia";"uop"
181330;2018-12-27;"quinta-feira";"16:15:00";"MS";163;478,3;"CAMPO GRANDE";"Desobediência às normas de trânsito pelo condutor";"Atropelamento de Pedestre";"Com Vítimas Feridas";"Pleno dia";"Crescente";"Sol";"Simples";"Reta";"Sim";2;0;1;0;0;1;1;2;-20,490832;-54,559388;"SPRF-MS";"DEL01-MS";"UOP01-DEL01-MS"
181331;2018-12-27;"quinta-feira";"15:00:00";"GO";414;357,5;"COCALZINHO DE GOIAS";"Velocidade Incompatível";"Saída de leito carroçável";"Com Vítimas Feridas";"Pleno dia";"Crescente";"Chuva";"Simples";"Curva";"Não";2;0;1;0;1;0;1;1;-15,580993;-48,628662;"SPRF-GO";"DEL02-GO";"UOP01-DEL02-GO"
181333;2018-12-27;"quinta-feira";"17:40:00";"PR";277;729,3;"FOZ DO IGUACU";"Falta de Atenção do Pedestre";"Atropelamento de Pedestre";"Com Vítimas Feridas";"Pleno dia";"Crescente";"Céu Claro";"Dupla";"Reta";"Sim";2;0;2;0;0;0;2;2;-25,507555;-54,583755;"SPRF-PR";"DEL05-PR";"UOP03-DEL05-PR"
181335;2018-12-27;"quinta-feira";"18:07:00";"RJ";101;310;"SAO GONCALO";"Falta de Atenção à Condução";"Colisão traseira";"Com Vítimas Feridas";"Pleno dia";"Decrescente";"Nublado";"Dupla";"Reta";"Não";3;0;0;1;2;0;1;3;-22,797176;-43,044071;"SPRF-RJ";"DEL02-RJ";"DEL5/2-UOP04/RJ"
181337;2018-12-27;"quinta-feira";"17:20:00";"PR";487;129,7;"TUNEIRAS DO OESTE";"Velocidade Incompatível";"Saída de leito carroçável";"Com Vítimas Feridas";"Pleno dia";"Decrescente";"Chuva";"Simples";"Reta";"Não";2;0;1;0;1;0;1;1;-23,88199214;-52,83548355;"SPRF-PR";"DEL04-PR";"UOP03-DEL09-PR"
181338;2018-12-18;"terça-feira";"22:40:00";"PR";116;12,8;"COLOMBO";"Velocidade Incompatível";"Saída de leito carroçável";"Com Vítimas Feridas";"Plena Noite";"Decrescente";"Chuva";"Múltipla";"Reta";"Sim";1;0;1;0;0;0;1;1;-25,3755;-49,1496;"SPRF-PR";"DEL01-PR";"UOP02-DEL01-PR"
181339;2018-12-27;"quinta-feira";"17:20:00";"RN";101;73;"EXTREMOZ";"Falta de Atenção à Condução";"Colisão transversal";"Sem Vítimas";"Plena Noite";"Decrescente";"Céu Claro";"Simples";"Interseção de Vias";"Não";3;0;0;0;3;0;0;3;-5,706872;-35,266884;"SPRF-RN";"DEL02-RN";"UOP01-DEL02-RN"
181340;2018-12-27;"quinta-feira";"18:40:00";"SP";116;118,5;"TAUBATE";"Falta de Atenção à Condução";"Engavetamento";"Com Vítimas Feridas";"Pleno dia";"Decrescente";"Chuva";"Dupla";"Reta";"Não";5;0;1;0;4;0;1;4;-23,062664;-45,626652;"SPRF-SP";"DEL06-SP";"UOP02-DEL02-SP"
181341;2018-12-27;"quinta-feira";"18:30:00";"SC";101;90;"BARRA VELHA";"Falta de Atenção à Condução";"Colisão traseira";"Com Vítimas Feridas";"Anoitecer";"Crescente";"Nublado";"Dupla";"Reta";"Sim";2;0;1;0;1;0;1;2;-26,678;-48,692;"SPRF-SC";"DEL03-SC";"UOP02-DEL03-SC"
181342;2018-12-27;"quinta-feira";"18:57:00";"SC";101;215,3;"PALHOCA";"Falta de Atenção à Condução";"Saída de leito carroçável";"Com Vítimas Feridas";"Pleno dia";"Crescente";"Céu Claro";"Múltipla";"Reta";"Sim";2;0;1;0;1;0;1;2;-27,6601;-48,6774;"SPRF-SC";"DEL01-SC";"UOP02-DEL01-SC"
181345;2018-12-27;"quinta-feira";"19:15:00";"SC";101;222,3;"PALHOCA";"Não guardar distância de segurança";"Colisão traseira";"Com Vítimas Feridas";"Pleno dia";"Decrescente";"Nublado";"Dupla";"Declive";"Sim";6;0;2;0;4;0;2;4;-27,7172;-48,6476;"SPRF-SC";"DEL01-SC";"UOP02-DEL01-SC"
181346;2018-12-27;"quinta-feira";"17:00:00";"RJ";101;305;"SAO GONCALO";"Falta de Atenção do Pedestre";"Atropelamento de Pedestre";"Com Vítimas Feridas";"Pleno dia";"Decrescente";"Nublado";"Dupla";"Reta";"Sim";2;0;1;0;1;0;1;2;-22,787031;-42,995907;"SPRF-RJ";"DEL02-RJ";"DEL5/2-UOP04/RJ"
181347;2018-12-27;"quinta-feira";"18:55:00";"SC";101;214;"PALHOCA";"Não guardar distância de segurança";"Colisão traseira";"Com Vítimas Feridas";"Pleno dia";"Crescente";"Céu Claro";"Múltipla";"Aclive;Reta";"Sim";3;0;2;0;1;0;2;2;-27,652;-48,676;"SPRF-SC";"DEL01-SC";"UOP02-DEL01-SC"
181348;2018-12-27;"quinta-feira";"17:30:00";"RR";174;505;"BOA VISTA";"Defeito na Via";"Tombamento";"Com Vítimas Feridas";"Pleno dia";"Decrescente";"Céu Claro";"Simples";"Rotatória";"Sim";2;0;1;0;1;0;1;2;2,805917;-60,690617;"SPRF-RR";"DEL01-RR";"UOP01-DEL01-RR"
181349;2018-12-27;"quinta-feira";"16:40:00";"RO";319;63,4;"PORTO VELHO";"Desobediência às normas de trânsito pelo condutor";"Saída de leito carroçável";"Com Vítimas Feridas";"Pleno dia";"Decrescente";"Céu Claro";"Dupla";"Reta";"Sim";1;0;1;0;0;0;1;1;-8,753036;-63,886997;"SPRF-RO";"DEL01-RO";"UOP01-DEL01-RO"
181350;2018-12-27;"quinta-feira";"19:00:00";"DF";70;10;"BRASILIA";"Ingestão de Álcool";"Colisão lateral";"Com Vítimas Feridas";"Anoitecer";"Crescente";"Nublado";"Dupla";"Reta";"Não";2;0;1;0;1;0;1;2;-15,787066;-48,140709;"SPRF-DF";"DEL01-DF";"UOP02-DEL03-DF"
181352;2018-12-27;"quinta-feira";"14:30:00";"MG";262;585;"CAMPOS ALTOS";"Pista Escorregadia";"Saída de leito carroçável";"Com Vítimas Feridas";"Pleno dia";"Crescente";"Chuva";"Simples";"Curva";"Não";2;0;2;0;0;0;2;1;-19,648819;-46,071289;"SPRF-MG";"DEL08-MG";"UOP02-DEL08-MG"
181353;2018-12-27;"quinta-feira";"18:10:00";"MG";381;333;"NOVA ERA";"Velocidade Incompatível";"Capotamento";"Com Vítimas Feridas";"Pleno dia";"Crescente";"Chuva";"Dupla";"Curva";"Não";1;0;1;0;0;0;1;1;-19,7784;-43,0437;"SPRF-MG";"DEL03-MG";"UOP01-DEL03-MG"
181354;2018-12-27;"quinta-feira";"12:50:00";"MG";262;611,2;"IBIA";"Pista Escorregadia";"Saída de leito carroçável";"Com Vítimas Feridas";"Pleno dia";"Decrescente";"Chuva";"Simples";"Aclive;Curva";"Não";2;0;2;0;0;0;2;1;-19,58890345;-46,3142395;"SPRF-MG";"DEL08-MG";"UOP02-DEL08-MG"
181355;2018-12-27;"quinta-feira";"19:00:00";"SC";101;153;"PORTO BELO";"Falta de Atenção à Condução";"Colisão lateral";"Com Vítimas Feridas";"Pleno dia";"Crescente";"Nublado";"Dupla";"Reta";"Sim";2;0;0;1;1;0;1;2;-27,1539;-48,6107;"SPRF-SC";"DEL04-SC";"UOP03-DEL04-SC"
181358;2018-12-27;"quinta-feira";"19:20:00";"SC";282;6;"SAO JOSE";"Velocidade Incompatível";"Tombamento";"Com Vítimas Feridas";"Pleno dia";"Crescente";"Céu Claro";"Dupla";"Declive;Curva";"Sim";2;0;2;0;0;0;2;2;-27,591936;-48,618244;"SPRF-SC";"DEL01-SC";"UOP01-DEL01-SC"
181359;2018-12-27;"quinta-feira";"16:30:00";"MG";40;520,9;"CONTAGEM";"Avarias e/ou desgaste excessivo no pneu";"Saída de leito carroçável";"Com Vítimas Feridas";"Pleno dia";"Crescente";"Chuva";"Dupla";"Reta";"Não";3;0;3;0;0;0;3;1;-19,8604;-44,0712;"SPRF-MG";"DEL01-MG";"UOP03-DEL01-MG"
181360;2018-12-27;"quinta-feira";"20:00:00";"SP";101;47;"UBATUBA";"Ingestão de Álcool";"Atropelamento de Pedestre";"Com Vítimas Feridas";"Plena Noite";"Crescente";"Garoa/Chuvisco";"Simples";"Reta";"Sim";6;0;1;0;1;4;1;2;-23,429897;-45,082436;"SPRF-SP";"DEL06-SP";"UOP01-DEL06-SP"
181361;2018-12-27;"quinta-feira";"20:00:00";"RJ";356;150;"CAMPOS DOS GOYTACAZES";"Animais na Pista";"Atropelamento de Animal";"Sem Vítimas";"Plena Noite";"Crescente";"Garoa/Chuvisco";"Simples";"Reta";"Não";1;0;0;0;1;0;0;1;-21,777777;-41,306713;"SPRF-RJ";"DEL08-RJ";"UOP02-DEL08-RJ"
181362;2018-12-27;"quinta-feira";"19:45:00";"SC";101;206,9;"SAO JOSE";"Falta de Atenção à Condução";"Colisão transversal";"Com Vítimas Feridas";"Anoitecer";"Crescente";"Céu Claro";"Dupla";"Viaduto";"Não";2;0;0;1;1;0;1;2;-27,6001;-48,6225;"SPRF-SC";"DEL01-SC";"UOP01-DEL01-SC"
181364;2018-12-27;"quinta-feira";"19:40:00";"SC";282;5,7;"SAO JOSE";"Desobediência às normas de trânsito pelo condutor";"Colisão lateral";"Com Vítimas Feridas";"Anoitecer";"Crescente";"Céu Claro";"Dupla";"Viaduto";"Sim";3;0;1;0;2;0;1;3;-27,588425;-48,612919;"SPRF-SC";"DEL01-SC";"UOP01-DEL01-SC"
181367;2018-12-27;"quinta-feira";"19:20:00";"MG";381;495,6;"BETIM";"Velocidade Incompatível";"Colisão com objeto estático";"Com Vítimas Feridas";"Plena Noite";"Crescente";"Chuva";"Dupla";"Reta";"Sim";3;0;2;1;0;0;3;1;-19,9754;-44,1937;"SPRF-MG";"DEL01-MG";"UOP03-DEL01-MG"
181368;2018-12-27;"quinta-feira";"20:15:00";"GO";60;75,1;"ABADIANIA";"Pista Escorregadia";"Saída de leito carroçável";"Sem Vítimas";"Plena Noite";"Decrescente";"Chuva";"Dupla";"Reta";"Não";1;0;0;0;1;0;0;1;-16,2774;-48,7864;"SPRF-GO";"DEL02-GO";"UOP01-DEL02-GO"
181369;2018-12-27;"quinta-feira";"20:15:00";"RS";285;315,2;"PASSO FUNDO";"Desobediência às normas de trânsito pelo condutor";"Saída de leito carroçável";"Com Vítimas Feridas";"Plena Noite";"Crescente";"Céu Claro";"Dupla";"Reta";"Não";2;0;0;1;1;0;1;2;-28,249598;-52,581173;"SPRF-RS";"DEL08-RS";"UOP03-DEL08-RS"
181370;2018-03-13;"terça-feira";"15:45:00";"BA";101;711;"EUNAPOLIS";"Falta de Atenção à Condução";"Colisão frontal";"Com Vítimas Fatais";"Pleno dia";"Crescente";"Céu Claro";"Simples";"Curva";"Não";3;1;0;0;2;0;0;2;-16,3143;-39,5977;"SPRF-BA";"DEL09-BA";"UOP01-DEL09-BA"
181371;2018-12-27;"quinta-feira";"18:45:00";"RR";174;505;"BOA VISTA";"Ingestão de Álcool";"Colisão lateral";"Sem Vítimas";"Plena Noite";"Decrescente";"Nublado";"Dupla";"Interseção de Vias";"Sim";2;0;0;0;2;0;0;2;2,805917;-60,690617;"SPRF-RR";"DEL01-RR";"UOP01-DEL01-RR"
181372;2018-12-27;"quinta-feira";"16:45:00";"MG";262;380;"JUATUBA";"Velocidade Incompatível";"Saída de leito carroçável";"Com Vítimas Feridas";"Pleno dia";"Decrescente";"Chuva";"Dupla";"Declive";"Não";2;0;2;0;0;0;2;1;-19,9356;-44,4406;"SPRF-MG";"DEL01-MG";"UOP03-DEL01-MG"
181373;2018-12-27;"quinta-feira";"05:30:00";"CE";20;373;"MARANGUAPE";"Falta de Atenção à Condução";"Colisão transversal";"Sem Vítimas";"Anoitecer";"Decrescente";"Céu Claro";"Simples";"Reta";"Não";2;0;0;0;2;0;0;2;-4,032512;-38,992687;"SPRF-CE";"DEL02-CE";"UOP01-DEL02-CE"
181374;2018-12-27;"quinta-feira";"10:30:00";"SC";282;321,2;"CAMPOS NOVOS";"Falta de Atenção à Condução";"Colisão lateral";"Com Vítimas Feridas";"Pleno dia";"Decrescente";"Céu Claro";"Simples";"Reta";"Não";2;0;0;1;1;0;1;2;-27,407452;-51,039322;"SPRF-SC";"DEL07-SC";"UOP06-DEL07-SC"
181375;2018-12-27;"quinta-feira";"21:00:00";"ES";101;410;"ITAPEMIRIM";"Condutor Dormindo";"Colisão frontal";"Com Vítimas Feridas";"Plena Noite";"Crescente";"Chuva";"Simples";"Reta";"Não";9;0;7;1;1;0;8;4;-20,89928547;-41,05434364;"SPRF-ES";"DEL03-ES";"UOP02-DEL03-ES"
181378;2018-12-27;"quinta-feira";"21:00:00";"RJ";116;76;"TERESOPOLIS";"Pista Escorregadia";"Queda de ocupante de veículo";"Com Vítimas Feridas";"Plena Noite";"Decrescente";"Chuva";"Simples";"Curva";"Sim";1;0;1;0;0;0;1;1;-22,361216;-42,948738;"SPRF-RJ";"DEL04-RJ";"UOP01-DEL04-RJ"
181379;2018-12-27;"quinta-feira";"17:45:00";"MG";381;944;"EXTREMA";"Condutor Dormindo";"Colisão com objeto estático";"Com Vítimas Feridas";"Pleno dia";"Crescente";"Sol";"Dupla";"Reta";"Não";1;0;1;0;0;0;1;1;-22,8532;-46,3374;"SPRF-MG";"DEL16-MG";"UOP03-DEL16-MG"
181380;2018-12-27;"quinta-feira";"19:35:00";"MG";40;699,5;"BARBACENA";"Falta de Atenção à Condução";"Colisão traseira";"Com Vítimas Feridas";"Plena Noite";"Crescente";"Nublado";"Dupla";"Curva";"Não";2;0;1;0;1;0;1;2;-21,2158;-43,7473;"SPRF-MG";"DEL05-MG";"UOP02-DEL05-MG"
181381;2018-12-27;"quinta-feira";"17:30:00";"MS";262;302;"CAMPO GRANDE";"Falta de Atenção à Condução";"Saída de leito carroçável";"Sem Vítimas";"Pleno dia";"Decrescente";"Céu Claro";"Simples";"Curva";"Não";1;0;0;0;0;1;0;1;-20,758873;-54,316866;"SPRF-MS";"DEL01-MS";"UOP01-DEL01-MS"
181382;2018-12-27;"quinta-feira";"18:00:00";"RJ";40;89;"PETROPOLIS";"Fenômenos da Natureza";"Queda de ocupante de veículo";"Com Vítimas Feridas";"Pleno dia";"Decrescente";"Chuva";"Simples";"Curva";"Não";1;0;1;0;0;0;1;1;-22,5555;-43,2331;"SPRF-RJ";"DEL06-RJ";"UOP01-DEL06-RJ"
181383;2018-12-27;"quinta-feira";"21:55:00";"SC";101;214,3;"PALHOCA";"Desobediência às normas de trânsito pelo condutor";"Colisão traseira";"Com Vítimas Feridas";"Plena Noite";"Decrescente";"Chuva";"Dupla";"Viaduto";"Sim";2;0;1;0;1;0;1;2;-27,652;-48,676;"SPRF-SC";"DEL01-SC";"UOP02-DEL01-SC"
181384;2018-12-27;"quinta-feira";"19:50:00";"ES";101;18;"PEDRO CANARIO";"Falta de Atenção à Condução";"Colisão frontal";"Com Vítimas Feridas";"Plena Noite";"Crescente";"Chuva";"Simples";"Curva";"Não";3;0;2;0;1;0;2;2;-18,313208;-39,953465;"SPRF-ES";"DEL04-ES";"UOP02-DEL04-ES"
181385;2018-12-27;"quinta-feira";"20:50:00";"ES";101;266,4;"SERRA";"Falta de Atenção à Condução";"Colisão lateral";"Com Vítimas Feridas";"Plena Noite";"Crescente";"Nublado";"Múltipla";"Interseção de Vias";"Sim";2;0;1;0;1;0;1;2;-20,19544009;-40,26892218;"SPRF-ES";"DEL02-ES";"UOP01-DEL02-ES"
181386;2018-12-27;"quinta-feira";"17:40:00";"MT";364;30;"ALTO ARAGUAIA";"Ultrapassagem Indevida";"Colisão frontal";"Com Vítimas Fatais";"Pleno dia";"Crescente";"Garoa/Chuvisco";"Simples";"Reta";"Não";3;1;0;2;0;0;2;2;-17,157316;-53,414444;"SPRF-MT";"DEL02-MT";"UOP02-DEL02-MT"
181387;2018-12-27;"quinta-feira";"15:50:00";"PI";316;82,2;"LAGOINHA DO PIAUI";"Desobediência às normas de trânsito pelo condutor";"Colisão transversal";"Com Vítimas Feridas";"Pleno dia";"Crescente";"Sol";"Simples";"Interseção de Vias";"Sim";2;0;0;1;1;0;1;2;-5,76562002;-42,6115036;"SPRF-PI";"DEL01-PI";"UOP02-DEL01-PI"
181389;2018-12-27;"quinta-feira";"21:35:00";"PI";343;214;"CAPITAO DE CAMPOS";"Ingestão de Álcool";"Atropelamento de Pedestre";"Com Vítimas Feridas";"Plena Noite";"Crescente";"Céu Claro";"Dupla";"Reta";"Sim";2;0;1;0;1;0;1;2;-4,462317;-41,943611;"SPRF-PI";"DEL01-PI";"UOP03-DEL01-PI"
181392;2018-12-27;"quinta-feira";"14:30:00";"GO";364;286,6;"MINEIROS";"Agressão Externa";"Saída de leito carroçável";"Com Vítimas Feridas";"Pleno dia";"Decrescente";"Nublado";"Simples";"Curva";"Não";1;0;1;0;0;0;1;1;-17,603376;-52,434643;"SPRF-GO";"DEL05-GO";"UOP01-DEL05-GO"
181393;2018-12-27;"quinta-feira";"17:10:00";"SC";116;206;"PONTE ALTA";"Desobediência às normas de trânsito pelo condutor";"Colisão traseira";"Com Vítimas Feridas";"Pleno dia";"Decrescente";"Céu Claro";"Simples";"Rotatória";"Sim";2;0;1;0;1;0;1;2;-27,47278098;-50,38200259;"SPRF-SC";"DEL05-SC";"UOP03-DEL05-SC"
181397;2018-12-27;"quinta-feira";"20:30:00";"RS";116;247;"SAO LEOPOLDO";"Velocidade Incompatível";"Tombamento";"Com Vítimas Feridas";"Anoitecer";"Crescente";"Céu Claro";"Simples";"Curva";"Sim";1;0;1;0;0;0;1;1;-29,76738;-51,153519;"SPRF-RS";"DEL01-RS";"UOP02-DEL01-RS"
181399;2018-12-27;"quinta-feira";"21:30:00";"PR";277;2;"FOZ DO IGUACU";"Avarias e/ou desgaste excessivo no pneu";"Colisão lateral";"Com Vítimas Feridas";"Plena Noite";"Crescente";"Céu Claro";"Simples";"Curva";"Sim";1;0;0;1;0;0;1;1;-25,5469;-54,5882;"SPRF-PR";"DEL05-PR";"UOP03-DEL05-PR"
181400;2018-12-27;"quinta-feira";"18:30:00";"CE";116;318,9;"JAGUARIBE";"Falta de Atenção à Condução";"Colisão transversal";"Sem Vítimas";"Plena Noite";"Crescente";"Céu Claro";"Simples";"Interseção de Vias";"Não";2;0;0;0;1;1;0;2;-5,98843917;-38,62759709;"SPRF-CE";"DEL05-CE";"UOP02-DEL05-CE"
181402;2018-12-28;"sexta-feira";"00:40:00";"PR";376;490,9;"PONTA GROSSA";"Ingestão de Álcool";"Colisão lateral";"Sem Vítimas";"Plena Noite";"Crescente";"Nublado";"Dupla";"Declive";"Sim";3;0;0;0;2;1;0;3;-25,10737992;-50,19200295;"SPRF-PR";"DEL03-PR";"UOP04-DEL03-PR"
181403;2018-12-27;"quinta-feira";"22:40:00";"RR";174;506,6;"BOA VISTA";"Falta de Atenção à Condução";"Colisão traseira";"Com Vítimas Feridas";"Plena Noite";"Crescente";"Céu Claro";"Dupla";"Reta";"Sim";2;0;1;0;1;0;1;2;2,816381;-60,693253;"SPRF-RR";"DEL01-RR";"UOP01-DEL01-RR"
181407;2018-12-28;"sexta-feira";"01:50:00";"GO";50;207,3;"CAMPO ALEGRE DE GOIAS";"Defeito Mecânico no Veículo";"Incêndio";"Sem Vítimas";"Plena Noite";"Decrescente";"Chuva";"Simples";"Rotatória";"Não";2;0;0;0;2;0;0;1;-17,62739682;-47,77119398;"SPRF-GO";"DEL06-GO";"UOP01-DEL06-GO"
181409;2018-12-28;"sexta-feira";"02:15:00";"RJ";101;302,3;"SAO GONCALO";"Agressão Externa";"Capotamento";"Com Vítimas Feridas";"Plena Noite";"Decrescente";"Nublado";"Dupla";"Reta";"Sim";1;0;1;0;0;0;1;1;-22,780695;-42,967072;"SPRF-RJ";"DEL02-RJ";"DEL5/2-UOP04/RJ"
181411;2018-01-25;"quinta-feira";"08:30:00";"ES";101;262,5;"SERRA";"Falta de Atenção à Condução";"Colisão traseira";"Com Vítimas Feridas";"Pleno dia";"Crescente";"Céu Claro";"Múltipla";"Interseção de Vias";"Sim";4;0;1;0;3;0;1;2;-20,1826315;-40,26563074;"SPRF-ES";"DEL02-ES";"UOP01-DEL02-ES"
181413;2018-12-28;"sexta-feira";"02:45:00";"MG";116;701,4;"MURIAE";"Ingestão de Álcool";"Capotamento";"Com Vítimas Feridas";"Plena Noite";"Crescente";"Nublado";"Simples";"Curva";"Sim";1;0;1;0;0;0;1;1;-21,09505083;-42,37392962;"SPRF-MG";"DEL07-MG";"UOP02-DEL07-MG"
181414;2018-12-28;"sexta-feira";"04:50:00";"SC";101;209,6;"SAO JOSE";"Ingestão de Álcool";"Tombamento";"Com Vítimas Feridas";"Plena Noite";"Decrescente";"Céu Claro";"Múltipla";"Reta";"Sim";1;0;1;0;0;0;1;1;-27,6176;-48,6463;"SPRF-SC";"DEL01-SC";"UOP01-DEL01-SC"
181415;2018-12-28;"sexta-feira";"05:35:00";"PR";476;129;"CURITIBA";"Falta de Atenção à Condução";"Queda de ocupante de veículo";"Com Vítimas Feridas";"Amanhecer";"Decrescente";"Céu Claro";"Dupla";"Curva";"Sim";1;0;1;0;0;0;1;1;-25,440983;-49,233715;"SPRF-PR";"DEL01-PR";"UOP07-DEL01-PR"
181416;2018-12-27;"quinta-feira";"21:15:00";"SC";101;455,5;"SAO JOAO DO SUL";"Falta de Atenção do Pedestre";"Atropelamento de Pedestre";"Com Vítimas Feridas";"Plena Noite";"Crescente";"Céu Claro";"Múltipla";"Reta";"Não";2;0;0;1;1;0;1;2;-29,2235;-49,7601;"SPRF-SC";"DEL02-SC";"UOP02-DEL02-SC"
181417;2018-12-28;"sexta-feira";"04:20:00";"SC";101;90,7;"BARRA VELHA";"Ingestão de Álcool";"Saída de leito carroçável";"Sem Vítimas";"Plena Noite";"Crescente";"Nublado";"Dupla";"Reta";"Sim";1;0;0;0;1;0;0;1;-26,678;-48,692;"SPRF-SC";"DEL03-SC";"UOP02-DEL03-SC"
181418;2018-12-27;"quinta-feira";"22:10:00";"SC";101;430,2;"SOMBRIO";"Desobediência às normas de trânsito pelo condutor";"Colisão frontal";"Sem Vítimas";"Plena Noite";"Crescente";"Céu Claro";"Múltipla";"Interseção de Vias";"Não";2;0;0;0;2;0;0;2;-29,0599;-49,6231;"SPRF-SC";"DEL02-SC";"UOP02-DEL02-SC"
181420;2018-12-27;"quinta-feira";"09:20:00";"SC";282;523,2;"XAXIM";"Não guardar distância de segurança";"Tombamento";"Com Vítimas Feridas";"Pleno dia";"Decrescente";"Sol";"Simples";"Reta";"Não";1;0;1;0;0;0;1;1;-26,963129;-52,548851;"SPRF-SC";"DEL07-SC";"UOP01-DEL07-SC"
181421;2018-12-28;"sexta-feira";"05:30:00";"MG";381;693,2;"LAVRAS";"Condutor Dormindo";"Colisão traseira";"Sem Vítimas";"Amanhecer";"Decrescente";"Ignorado";"Dupla";"Reta";"Não";2;0;0;0;2;0;0;2;-21,2338;-45,1347;"SPRF-MG";"DEL04-MG";"UOP02-DEL04-MG"
181422;2018-12-28;"sexta-feira";"05:50:00";"RS";116;336,6;"BARRA DO RIBEIRO";"Não guardar distância de segurança";"Colisão traseira";"Com Vítimas Feridas";"Amanhecer";"Crescente";"Nublado";"Simples";"Reta";"Não";4;0;3;0;1;0;3;2;-30,34457;-51,42852;"SPRF-RS";"DEL02-RS";"UOP01-DEL02-RS"
181423;2018-12-28;"sexta-feira";"06:45:00";"MG";381;510;"IGARAPE";"Animais na Pista";"Atropelamento de Animal";"Com Vítimas Feridas";"Pleno dia";"Decrescente";"Chuva";"Dupla";"Reta";"Sim";1;0;1;0;0;0;1;1;-20,0613;-44,2919;"SPRF-MG";"DEL01-MG";"UOP03-DEL01-MG"
181424;2018-12-28;"sexta-feira";"06:15:00";"SC";101;337,2;"TUBARAO";"Condutor Dormindo";"Saída de leito carroçável";"Com Vítimas Feridas";"Amanhecer";"Decrescente";"Céu Claro";"Dupla";"Aclive";"Sim";1;0;1;0;0;0;1;1;-28,4881;-49,0386;"SPRF-SC";"DEL02-SC";"UOP01-DEL02-SC"
181425;2018-12-28;"sexta-feira";"06:50:00";"MG";365;625;"UBERLANDIA";"Ultrapassagem Indevida";"Colisão lateral";"Com Vítimas Feridas";"Pleno dia";"Decrescente";"Nublado";"Múltipla";"Reta";"Sim";3;0;2;0;1;0;2;2;-18,905;-48,2879;"SPRF-MG";"DEL15-MG";"UOP01-DEL15-MG"
181427;2018-12-28;"sexta-feira";"06:45:00";"SC";282;5;"SAO JOSE";"Não guardar distância de segurança";"Colisão traseira";"Com Vítimas Feridas";"Pleno dia";"Crescente";"Céu Claro";"Múltipla";"Reta";"Sim";3;0;1;0;2;0;1;3;-27,588425;-48,612919;"SPRF-SC";"DEL01-SC";"UOP01-DEL01-SC"
181430;2018-12-28;"sexta-feira";"06:30:00";"RJ";116;306;"RESENDE";"Defeito Mecânico no Veículo";"Capotamento";"Com Vítimas Feridas";"Amanhecer";"Decrescente";"Nublado";"Dupla";"Reta";"Não";1;0;1;0;0;0;1;1;-22,459236;-44,434776;"SPRF-RJ";"DEL07-RJ";"DEL5/7-UOP03/RJ"
181431;2018-12-28;"sexta-feira";"07:25:00";"PR";376;625,5;"SAO JOSE DOS PINHAIS";"Falta de Atenção à Condução";"Colisão traseira";"Com Vítimas Feridas";"Pleno dia";"Crescente";"Sol";"Dupla";"Reta";"Não";4;0;1;0;3;0;1;3;-25,66961854;-49,15223122;"SPRF-PR";"DEL01-PR";"DEL7/1-UOP08/PR"
181432;2018-12-28;"sexta-feira";"08:00:00";"PR";369;137;"IBIPORA";"Desobediência às normas de trânsito pelo condutor";"Colisão transversal";"Com Vítimas Feridas";"Pleno dia";"Crescente";"Céu Claro";"Simples";"Reta";"Sim";2;0;1;0;1;0;1;2;-23,27033684;-51,04586005;"SPRF-PR";"DEL07-PR";"UOP01-DEL07-PR"
181433;2018-12-28;"sexta-feira";"06:40:00";"SP";116;459,8;"PARIQUERA-ACU";"Agressão Externa";"Tombamento";"Com Vítimas Feridas";"Pleno dia";"Crescente";"Céu Claro";"Dupla";"Reta;Declive";"Não";14;0;1;0;13;0;1;4;-24,611154;-47,883761;"SPRF-SP";"DEL05-SP";"UOP01-DEL05-SP"
181436;2018-09-17;"segunda-feira";"19:20:00";"MG";381;251;"IPATINGA";"Não guardar distância de segurança";"Colisão traseira";"Com Vítimas Feridas";"Plena Noite";"Crescente";"Chuva";"Simples";"Reta";"Sim";2;0;1;0;1;0;1;2;-19,45995631;-42,52567291;"SPRF-MG";"DEL06-MG";"UOP01-DEL06-MG"
181437;2018-12-28;"sexta-feira";"08:00:00";"RS";101;71;"OSORIO";"Velocidade Incompatível";"Tombamento";"Com Vítimas Feridas";"Pleno dia";"Crescente";"Céu Claro";"Dupla";"Curva";"Não";1;0;0;1;0;0;1;1;-29,75661899;-50,21697164;"SPRF-RS";"DEL03-RS";"UOP01-DEL03-RS"
181438;2018-12-28;"sexta-feira";"07:15:00";"BA";116;561,9;"NOVA ITARANA";"Falta de Atenção à Condução";"Saída de leito carroçável";"Com Vítimas Feridas";"Pleno dia";"Decrescente";"Céu Claro";"Simples";"Reta";"Não";4;0;1;0;3;0;1;1;-12,943926;-39,912179;"SPRF-BA";"DEL03-BA";"UOP02-DEL03-BA"
181439;2018-12-28;"sexta-feira";"07:20:00";"MG";116;424,5;"CARATINGA";"Desobediência às normas de trânsito pelo condutor";"Colisão transversal";"Com Vítimas Feridas";"Pleno dia";"Crescente";"Chuva";"Dupla";"Interseção de Vias";"Sim";2;0;1;0;1;0;1;2;-19,75280993;-42,13329792;"SPRF-MG";"DEL06-MG";"UOP01-DEL06-MG"