"id";"data_inversa";"dia_semana";"horario";"uf";"br";"km";"municipio";"causa_acidente";"tipo_acidente";"classificacao_acidente";"fase_dia";"sentido_via";"condicao_metereologica";"tipo_pista";"tracado_via";"uso_solo";"pessoas";"mortos";"feridos_leves";"feridos_graves";"ilesos";"ignorados";"feridos";"veiculos";"latitude";"longitude";"regional";"delegacia";"uop"
181440;2018-12-28;"sexta-feira";"08:15:00";"RS";116;521;"PELOTAS";"Falta de Atenção à Condução";"Colisão transversal";"Com Vítimas Feridas";"Pleno dia";"Crescente";"Céu Claro";"Simples";"Interseção de Vias";"Não";2;0;1;0;1;0;1;2;-31,732491;-52,374992;"SPRF-RS";"DEL07-RS";"UOP01-DEL07-RS"
181441;2018-12-28;"sexta-feira";"08:15:00";"RS";116;149,1;"CAXIAS DO SUL";"Não guardar distância de segurança";"Tombamento";"Com Vítimas Feridas";"Pleno dia";"Crescente";"Céu Claro";"Dupla";"Reta";"Sim";1;0;0;1;0;0;1;1;-29,159958;-51,156448;"SPRF-RS";"DEL05-RS";"UOP01-DEL05-RS"
181442;2018-12-28;"sexta-feira";"08:40:00";"RJ";116;132;"MAGE";"Falta de Atenção à Condução";"Queda de ocupante de veículo";"Com Vítimas Feridas";"Pleno dia";"Crescente";"Céu Claro";"Simples";"Curva";"Sim";1;0;1;0;0;0;1;1;-22,657026;-43,134602;"SPRF-RJ";"DEL04-RJ";"UOP02-DEL04-RJ"
181443;2018-12-28;"sexta-feira";"08:25:00";"GO";60;80,4;"ANAPOLIS";"Velocidade Incompatível";"Saída de leito carroçável";"Com Vítimas Feridas";"Pleno dia";"Crescente";"Chuva";"Dupla";"Curva";"Não";4;0;3;0;1;0;3;1;-16,3089365;-48,8249588;"SPRF-GO";"DEL02-GO";"UOP01-DEL02-GO"
181444;2018-12-28;"sexta-feira";"07:20:00";"MG";267;63,2;"BICAS";"Velocidade Incompatível";"Capotamento";"Com Vítimas Feridas";"Pleno dia";"Decrescente";"Céu Claro";"Simples";"Curva";"Não";1;0;1;0;0;0;1;1;-21,7397;-43,1022;"SPRF-MG";"DEL05-MG";"UOP01-DEL05-MG"
181445;2018-12-28;"sexta-feira";"06:40:00";"RN";304;34,7;"MOSSORO";"Falta de Atenção à Condução";"Colisão com objeto estático";"Com Vítimas Feridas";"Pleno dia";"Crescente";"Céu Claro";"Dupla";"Viaduto";"Sim";1;0;1;0;0;0;1;1;-5,157929;-37,350162;"SPRF-RN";"DEL04-RN";"UOP02-DEL04-RN"
181447;2018-12-28;"sexta-feira";"07:30:00";"PB";230;80,6;"CALDAS BRANDAO";"Animais na Pista";"Atropelamento de Pedestre";"Com Vítimas Feridas";"Pleno dia";"Decrescente";"Céu Claro";"Dupla";"Reta";"Sim";2;0;0;1;1;0;1;2;-7,1807;-35,3127;"SPRF-PB";"DEL01-PB";"UOP03-DEL01-PB"
181448;2018-12-28;"sexta-feira";"08:00:00";"MT";70;541;"NOSSA SENHORA DO LIVRAMENTO";"Desobediência às normas de trânsito pelo condutor";"Colisão frontal";"Com Vítimas Feridas";"Pleno dia";"Crescente";"Chuva";"Simples";"Reta";"Não";5;0;5;0;0;0;5;2;-15,67923765;-56,30836487;"SPRF-MT";"DEL01-MT";"DEL2/4-UOP02/MT"
181452;2018-12-28;"sexta-feira";"08:50:00";"PE";101;84,8;"JABOATAO DOS GUARARAPES";"Desobediência às normas de trânsito pelo condutor";"Colisão transversal";"Com Vítimas Feridas";"Pleno dia";"Crescente";"Céu Claro";"Simples";"Reta";"Sim";2;0;1;0;1;0;1;2;-8,188304;-34,954212;"SPRF-PE";"DEL01-PE";"UOP03-DEL01-PE"
181454;2018-12-28;"sexta-feira";"07:30:00";"SP";116;458;"PARIQUERA-ACU";"Condutor Dormindo";"Saída de leito carroçável";"Com Vítimas Feridas";"Pleno dia";"Crescente";"Nublado";"Dupla";"Curva";"Não";5;0;2;0;3;0;2;1;-24,5951876;-47,87777424;"SPRF-SP";"DEL05-SP";"UOP01-DEL05-SP"
181455;2018-12-28;"sexta-feira";"09:00:00";"MG";153;150,1;"CAMPO FLORIDO";"Pista Escorregadia";"Saída de leito carroçável";"Com Vítimas Feridas";"Pleno dia";"Decrescente";"Chuva";"Simples";"Curva";"Não";4;0;0;1;3;0;1;1;-19,64115821;-48,86327418;"SPRF-MG";"DEL13-MG";"UOP02-DEL13-MG"
181456;2018-12-28;"sexta-feira";"09:30:00";"SP";116;461;"PARIQUERA-ACU";"Falta de Atenção à Condução";"Colisão com objeto estático";"Com Vítimas Feridas";"Pleno dia";"Crescente";"Céu Claro";"Dupla";"Reta";"Sim";4;0;1;0;3;0;1;1;-24,62346792;-47,89660347;"SPRF-SP";"DEL05-SP";"UOP01-DEL05-SP"
181458;2018-12-28;"sexta-feira";"08:30:00";"MG";40;699,1;"BARBACENA";"Pista Escorregadia";"Saída de leito carroçável";"Com Vítimas Feridas";"Pleno dia";"Crescente";"Nublado";"Dupla";"Curva";"Sim";1;0;1;0;0;0;1;1;-21,2158;-43,7473;"SPRF-MG";"DEL05-MG";"UOP02-DEL05-MG"
181459;2018-12-28;"sexta-feira";"08:20:00";"MT";163;753;"SORRISO";"Pista Escorregadia";"Queda de ocupante de veículo";"Com Vítimas Feridas";"Pleno dia";"Decrescente";"Nublado";"Dupla";"Retorno Regulamentado";"Sim";1;0;1;0;0;0;1;1;-12,5495263;-55,71253896;"SPRF-MT";"DEL06-MT";"UOP01-DEL06-MT"
181461;2018-12-28;"sexta-feira";"07:30:00";"RJ";116;87;"TERESOPOLIS";"Condutor Dormindo";"Saída de leito carroçável";"Com Vítimas Feridas";"Pleno dia";"Decrescente";"Céu Claro";"Simples";"Reta";"Não";2;0;1;0;1;0;1;1;-22,445335;-42,951752;"SPRF-RJ";"DEL04-RJ";"UOP01-DEL04-RJ"
181463;2018-12-28;"sexta-feira";"10:00:00";"GO";20;221;"POSSE";"Falta de Atenção à Condução";"Colisão traseira";"Com Vítimas Feridas";"Pleno dia";"Crescente";"Nublado";"Simples";"Reta";"Não";3;0;2;0;1;0;2;2;-14,188759;-46,330856;"SPRF-DF";"DEL02-DF";"UOP03-DEL02-DF"
181464;2018-12-21;"sexta-feira";"14:50:00";"MS";262;143;"AGUA CLARA";"Falta de Atenção à Condução";"Atropelamento de Pedestre";"Com Vítimas Feridas";"Pleno dia";"Decrescente";"Céu Claro";"Dupla";"Reta";"Sim";2;0;1;0;0;1;1;2;-20,44442567;-52,8786993;"SPRF-MS";"DEL07-MS";"UOP02-DEL07-MS"
181466;2018-12-28;"sexta-feira";"07:20:00";"DF";20;9;"BRASILIA";"Ingestão de Álcool";"Colisão traseira";"Com Vítimas Feridas";"Pleno dia";"Crescente";"Garoa/Chuvisco";"Dupla";"Reta";"Sim";4;0;1;0;3;0;1;2;-15,654671;-47,782917;"SPRF-DF";"DEL02-DF";"UOP01-DEL02-DF"
181467;2018-12-28;"sexta-feira";"09:50:00";"GO";60;355,4;"SANTO ANTONIO DA BARRA";"Avarias e/ou desgaste excessivo no pneu";"Saída de leito carroçável";"Com Vítimas Feridas";"Pleno dia";"Decrescente";"Chuva";"Dupla";"Curva";"Não";3;0;2;0;1;0;2;1;-17,598;-50,7337;"SPRF-GO";"DEL04-GO";"UOP01-DEL04-GO"
181468;2018-12-28;"sexta-feira";"07:25:00";"RO";364;61;"PORTO VELHO";"Desobediência às normas de trânsito pelo condutor";"Colisão transversal";"Com Vítimas Feridas";"Pleno dia";"Decrescente";"Nublado";"Dupla";"Reta";"Sim";3;0;1;1;1;0;2;2;-8,74461177;-63,8888921;"SPRF-RO";"DEL04-RO";"DEL21/4-UOP03/RO"
181469;2018-12-28;"sexta-feira";"09:00:00";"BA";242;778,9;"BARREIRAS";"Velocidade Incompatível";"Capotamento";"Com Vítimas Feridas";"Pleno dia";"Crescente";"Chuva";"Simples";"Curva";"Não";2;0;2;0;0;0;2;1;-12,14204686;-44,8853302;"SPRF-BA";"DEL10-BA";"UOP01-DEL10-BA"
181470;2018-12-28;"sexta-feira";"09:10:00";"MG";381;628,9;"OLIVEIRA";"Velocidade Incompatível";"Saída de leito carroçável";"Com Vítimas Feridas";"Pleno dia";"Crescente";"Chuva";"Dupla";"Declive;Curva";"Não";2;0;1;0;1;0;1;1;-20,8264;-44,8036;"SPRF-MG";"DEL04-MG";"UOP01-DEL04-MG"
181472;2018-12-28;"sexta-feira";"08:00:00";"RJ";493;2;"GUAPIMIRIM";"Defeito na Via";"Colisão frontal";"Com Vítimas Feridas";"Pleno dia";"Decrescente";"Céu Claro";"Simples";"Declive";"Sim";5;0;1;0;4;0;1;2;-22,759342;-42,935555;"SPRF-RJ";"DEL04-RJ";"UOP02-DEL04-RJ"
181473;2018-12-28;"sexta-feira";"11:00:00";"SC";101;210;"SAO JOSE";"Falta de Atenção à Condução";"Colisão lateral";"Com Vítimas Feridas";"Pleno dia";"Decrescente";"Céu Claro";"Dupla";"Reta";"Não";2;0;1;0;1;0;1;2;-27,6235;-48,6524;"SPRF-SC";"DEL01-SC";"UOP01-DEL01-SC"
181474;2018-12-03;"segunda-feira";"04:45:00";"PB";104;107;"SAO SEBASTIAO DE LAGOA DE  ROCA";"Falta de Atenção à Condução";"Saída de leito carroçável";"Com Vítimas Feridas";"Amanhecer";"Decrescente";"Chuva";"Simples";"Reta";"Sim";3;0;1;0;2;0;1;1;-7,103037;-35,866142;"SPRF-PB";"DEL02-PB";"UOP04-DEL02-PB"
181475;2018-12-28;"sexta-feira";"10:30:00";"PR";476;136;"CURITIBA";"Falta de Atenção do Pedestre";"Atropelamento de Pedestre";"Com Vítimas Feridas";"Pleno dia";"Decrescente";"Céu Claro";"Múltipla";"Curva";"Sim";2;0;1;0;1;0;1;2;-25,491047;-49,271679;"SPRF-PR";"DEL01-PR";"UOP07-DEL01-PR"
181476;2018-12-28;"sexta-feira";"08:00:00";"MG";262;11,6;"MARTINS SOARES";"Falta de Atenção à Condução";"Atropelamento de Pedestre";"Com Vítimas Feridas";"Pleno dia";"Crescente";"Chuva";"Simples";"Reta";"Não";2;0;0;1;1;0;1;2;-20,246508;-41,846962;"SPRF-MG";"DEL06-MG";"UOP03-DEL06-MG"
181477;2018-12-28;"sexta-feira";"11:40:00";"PR";369;174,6;"ROLANDIA";"Defeito Mecânico no Veículo";"Queda de ocupante de veículo";"Com Vítimas Feridas";"Pleno dia";"Crescente";"Céu Claro";"Dupla";"Reta";"Sim";2;0;2;0;0;0;2;1;-23,321;-51,383;"SPRF-PR";"DEL07-PR";"UOP01-DEL07-PR"
181478;2018-12-28;"sexta-feira";"08:20:00";"PR";277;436,2;"VIRMOND";"Velocidade Incompatível";"Saída de leito carroçável";"Com Vítimas Feridas";"Pleno dia";"Decrescente";"Sol";"Simples";"Curva";"Não";3;0;3;0;0;0;3;1;-25,377089;-52,253227;"SPRF-PR";"DEL04-PR";"UOP02-DEL04-PR"
181480;2018-12-28;"sexta-feira";"10:15:00";"SE";101;169,8;"SANTA LUZIA DO ITANHY";"Ultrapassagem Indevida";"Saída de leito carroçável";"Com Vítimas Feridas";"Pleno dia";"Decrescente";"Céu Claro";"Simples";"Reta";"Não";4;0;2;0;2;0;2;1;-11,32661255;-37,56557107;"SPRF-SE";"DEL02-SE";"UOP01-DEL02-SE"
181482;2018-11-24;"sábado";"11:26:00";"SC";116;140;"SANTA CECILIA";"Defeito na Via";"Colisão com objeto em movimento";"Com Vítimas Feridas";"Pleno dia";"Crescente";"Céu Claro";"Simples";"Reta";"Sim";1;0;0;1;0;0;1;1;-26,966255;-50,409283;"SPRF-SC";"DEL06-SC";"UOP02-DEL06-SC"
181483;2018-12-28;"sexta-feira";"10:10:00";"PE";101;45,8;"IGARASSU";"Falta de Atenção à Condução";"Colisão traseira";"Com Vítimas Feridas";"Pleno dia";"Decrescente";"Nublado";"Múltipla";"Reta";"Sim";2;0;0;1;1;0;1;2;-7,8728;-34,9061;"SPRF-PE";"DEL01-PE";"UOP02-DEL01-PE"
181484;2018-12-28;"sexta-feira";"10:15:00";"CE";222;2,5;"FORTALEZA";"Não guardar distância de segurança";"Colisão traseira";"Com Vítimas Feridas";"Pleno dia";"Decrescente";"Sol";"Múltipla";"Reta";"Sim";3;0;0;1;2;0;1;3;-3,739117;-38,586914;"SPRF-CE";"DEL01-CE";"UOP01-DEL01-CE"
181485;2018-12-28;"sexta-feira";"09:30:00";"RO";319;63;"PORTO VELHO";"Falta de Atenção à Condução";"Colisão traseira";"Com Vítimas Feridas";"Pleno dia";"Crescente";"Nublado";"Dupla";"Reta";"Sim";3;0;3;0;0;0;3;2;-8,76491062;-63,88478994;"SPRF-RO";"DEL01-RO";"UOP01-DEL01-RO"
181486;2018-12-28;"sexta-feira";"10:40:00";"MG";116;522,4;"CARATINGA";"Falta de Atenção à Condução";"Colisão transversal";"Com Vítimas Feridas";"Pleno dia";"Crescente";"Céu Claro";"Simples";"Reta";"Sim";2;0;1;0;1;0;1;2;-19,73269436;-42,13291168;"SPRF-MG";"DEL06-MG";"UOP02-DEL06-MG"
181487;2018-12-28;"sexta-feira";"11:50:00";"GO";50;101;"CRISTALINA";"Falta de Atenção à Condução";"Saída de leito carroçável";"Sem Vítimas";"Pleno dia";"Crescente";"Céu Claro";"Dupla";"Reta";"Não";1;0;0;0;1;0;0;1;-16,9309;-47,7117;"SPRF-DF";"DEL01-DF";"UOP02-DEL01-DF"
181488;2018-12-28;"sexta-feira";"12:00:00";"PR";376;184,5;"SARANDI";"Desobediência às normas de trânsito pelo condutor";"Colisão lateral";"Com Vítimas Feridas";"Pleno dia";"Decrescente";"Céu Claro";"Dupla";"Reta";"Sim";3;0;2;0;1;0;2;2;-23,441591;-51,870674;"SPRF-PR";"DEL07-PR";"UOP01-DEL09-PR"
181490;2018-12-22;"sábado";"12:30:00";"MS";163;818,7;"PEDRO GOMES";"Não guardar distância de segurança";"Colisão traseira";"Sem Vítimas";"Pleno dia";"Crescente";"Céu Claro";"Simples";"Reta";"Sim";8;0;0;0;8;0;0;2;-17,7212181;-54,75448608;"SPRF-MS";"DEL06-MS";"UOP01-DEL06-MS"
181491;2018-12-28;"sexta-feira";"11:50:00";"SC";101;211,2;"PALHOCA";"Não guardar distância de segurança";"Colisão lateral";"Com Vítimas Feridas";"Pleno dia";"Decrescente";"Céu Claro";"Dupla";"Reta";"Sim";2;0;1;0;1;0;1;2;-27,6301;-48,659;"SPRF-SC";"DEL01-SC";"UOP02-DEL01-SC"
181492;2018-12-28;"sexta-feira";"10:00:00";"SC";101;127,5;"BALNEARIO CAMBORIU";"Falta de Atenção à Condução";"Colisão lateral";"Com Vítimas Feridas";"Pleno dia";"Crescente";"Sol";"Dupla";"Reta";"Não";2;0;1;0;1;0;1;2;-26,973;-48,6828;"SPRF-SC";"DEL04-SC";"UOP04-DEL04-SC"
181494;2018-12-28;"sexta-feira";"12:00:00";"SC";282;388,2;"JOACABA";"Desobediência às normas de trânsito pelo condutor";"Colisão transversal";"Com Vítimas Feridas";"Pleno dia";"Crescente";"Céu Claro";"Simples";"Reta";"Sim";2;0;0;1;1;0;1;2;-27,178604;-51,541367;"SPRF-SC";"DEL07-SC";"UOP05-DEL07-SC"
181495;2018-12-28;"sexta-feira";"12:38:00";"MG";381;502,5;"BETIM";"Desobediência às normas de trânsito pelo condutor";"Colisão lateral";"Com Vítimas Feridas";"Pleno dia";"Decrescente";"Céu Claro";"Simples";"Reta";"Sim";2;0;1;0;1;0;1;2;-20,0236;-44,2299;"SPRF-MG";"DEL01-MG";"UOP03-DEL01-MG"
181496;2018-12-28;"sexta-feira";"11:50:00";"GO";60;104,8;"ANAPOLIS";"Falta de Atenção à Condução";"Capotamento";"Com Vítimas Feridas";"Pleno dia";"Crescente";"Nublado";"Dupla";"Reta";"Não";1;0;1;0;0;0;1;1;-16,4118;-49,0004;"SPRF-GO";"DEL02-GO";"UOP01-DEL02-GO"
181499;2018-12-28;"sexta-feira";"11:30:00";"PB";230;17;"JOAO PESSOA";"Desobediência às normas de trânsito pelo condutor";"Colisão traseira";"Sem Vítimas";"Pleno dia";"Crescente";"Céu Claro";"Dupla";"Retorno Regulamentado;Curva";"Sim";3;0;0;0;3;0;0;3;-7,11604245;-34,84214187;"SPRF-PB";"DEL01-PB";"UOP01-DEL01-PB"
181500;2018-12-28;"sexta-feira";"13:10:00";"CE";116;4;"FORTALEZA";"Falta de Atenção à Condução";"Saída de leito carroçável";"Com Vítimas Feridas";"Pleno dia";"Decrescente";"Céu Claro";"Múltipla";"Reta";"Sim";2;0;2;0;0;0;2;1;-3,7956;-38,507;"SPRF-CE";"DEL01-CE";"UOP02-DEL01-CE"
181501;2018-12-28;"sexta-feira";"10:30:00";"ES";262;28;"VIANA";"Velocidade Incompatível";"Saída de leito carroçável";"Com Vítimas Feridas";"Pleno dia";"Crescente";"Chuva";"Simples";"Curva";"Não";3;0;1;1;1;0;2;1;-20,3852;-40,5545;"SPRF-ES";"DEL01-ES";"UOP01-DEL01-ES"
181504;2018-12-28;"sexta-feira";"13:10:00";"ES";262;47;"MARECHAL FLORIANO";"Ultrapassagem Indevida";"Colisão transversal";"Com Vítimas Feridas";"Pleno dia";"Decrescente";"Chuva";"Simples";"Reta";"Sim";3;0;1;0;2;0;1;2;-20,4112;-40,6788;"SPRF-ES";"DEL01-ES";"UOP01-DEL01-ES"
181505;2018-12-28;"sexta-feira";"12:45:00";"RN";101;105,1;"PARNAMIRIM";"Não guardar distância de segurança";"Engavetamento";"Sem Vítimas";"Pleno dia";"Decrescente";"Sol";"Dupla";"Reta";"Sim";3;0;0;0;3;0;0;3;-5,90336904;-35,25963306;"SPRF-RN";"DEL01-RN";"UOP01-DEL01-RN"
181506;2018-12-28;"sexta-feira";"13:00:00";"MT";163;609;"NOVA MUTUM";"Defeito Mecânico no Veículo";"Saída de leito carroçável";"Com Vítimas Feridas";"Pleno dia";"Decrescente";"Garoa/Chuvisco";"Simples";"Reta";"Não";13;0;11;2;0;0;13;1;-13,75005681;-56,05224609;"SPRF-MT";"DEL01-MT";"UOP01-DEL01-MT"
181508;2018-12-28;"sexta-feira";"14:00:00";"SC";101;219;"PALHOCA";"Não guardar distância de segurança";"Engavetamento";"Com Vítimas Feridas";"Pleno dia";"Decrescente";"Céu Claro";"Dupla";"Reta";"Não";5;0;3;0;2;0;3;3;-27,693;-48,6631;"SPRF-SC";"DEL01-SC";"UOP02-DEL01-SC"
181509;2018-12-28;"sexta-feira";"11:00:00";"MG";381;362;"JOAO MONLEVADE";"Velocidade Incompatível";"Saída de leito carroçável";"Com Vítimas Feridas";"Pleno dia";"Decrescente";"Nublado";"Simples";"Reta";"Não";5;0;3;0;2;0;3;1;-19,84965634;-43,20910606;"SPRF-MG";"DEL03-MG";"UOP01-DEL03-MG"
181510;2018-12-28;"sexta-feira";"13:15:00";"CE";116;502,5;"BREJO SANTO";"Falta de Atenção do Pedestre";"Atropelamento de Pedestre";"Com Vítimas Feridas";"Pleno dia";"Crescente";"Céu Claro";"Simples";"Reta";"Sim";2;0;0;1;1;0;1;2;-7,49303;-38,98426;"SPRF-CE";"DEL05-CE";"UOP03-DEL05-CE"
181511;2018-12-28;"sexta-feira";"13:00:00";"MT";70;1,5;"BARRA DO GARCAS";"Falta de Atenção à Condução";"Colisão traseira";"Com Vítimas Feridas";"Pleno dia";"Decrescente";"Nublado";"Simples";"Reta";"Sim";2;0;1;0;1;0;1;2;-15,891638;-52,262032;"SPRF-MT";"DEL07-MT";"UOP01-DEL07-MT"
181512;2018-12-28;"sexta-feira";"11:30:00";"PE";101;86;"JABOATAO DOS GUARARAPES";"Defeito na Via";"Danos eventuais";"Sem Vítimas";"Pleno dia";"Crescente";"Céu Claro";"Dupla";"Reta";"Não";1;0;0;0;1;0;0;1;-8,1919;-34,9748;"SPRF-PE";"DEL01-PE";"UOP03-DEL01-PE"
181513;2018-12-28;"sexta-feira";"08:30:00";"BA";101;422;"IBIRAPITANGA";"Velocidade Incompatível";"Capotamento";"Com Vítimas Feridas";"Pleno dia";"Decrescente";"Nublado";"Simples";"Curva";"Não";3;0;1;0;2;0;1;1;-14,1385;-39,3546;"SPRF-BA";"DEL05-BA";"UOP03-DEL05-BA"
181514;2018-12-28;"sexta-feira";"14:45:00";"RJ";101;406;"ITAGUAI";"Falta de Atenção à Condução";"Colisão transversal";"Com Vítimas Fatais";"Pleno dia";"Crescente";"Nublado";"Dupla";"Curva";"Sim";3;1;2;0;0;0;2;2;-22,871887;-43,808964;"SPRF-RJ";"DEL03-RJ";"UOP01-DEL03-RJ"
181515;2018-12-28;"sexta-feira";"13:45:00";"PE";408;89;"SAO LOURENCO DA MATA";"Falta de Atenção do Pedestre";"Atropelamento de Pedestre";"Com Vítimas Fatais";"Pleno dia";"Decrescente";"Céu Claro";"Simples";"Reta";"Sim";2;1;0;0;0;1;0;2;-7,984917;-35,077476;"SPRF-PE";"DEL01-PE";"UOP01-DEL01-PE"
181516;2018-12-28;"sexta-feira";"14:30:00";"SP";116;156;"SAO JOSE DOS CAMPOS";"Falta de Atenção à Condução";"Colisão traseira";"Com Vítimas Feridas";"Pleno dia";"Decrescente";"Céu Claro";"Simples";"Reta";"Não";1;0;1;0;0;0;1;1;-23,219809;-45,899918;"SPRF-SP";"DEL02-SP";"UOP01-DEL02-SP"
181518;2018-12-28;"sexta-feira";"15:20:00";"SC";101;202;"SAO JOSE";"Falta de Atenção à Condução";"Colisão traseira";"Com Vítimas Feridas";"Pleno dia";"Crescente";"Céu Claro";"Múltipla";"Reta";"Sim";2;0;1;0;1;0;1;2;-27,5651;-48,6144;"SPRF-SC";"DEL01-SC";"UOP01-DEL01-SC"
181521;2018-12-28;"sexta-feira";"14:00:00";"PE";232;127;"CARUARU";"Falta de Atenção à Condução";"Colisão traseira";"Com Vítimas Feridas";"Pleno dia";"Crescente";"Céu Claro";"Simples";"Reta";"Sim";2;0;1;0;1;0;1;2;-8,3042;-35,96364;"SPRF-PE";"DEL02-PE";"UOP03-DEL02-PE"
181522;2018-12-28;"sexta-feira";"14:10:00";"CE";222;2,5;"FORTALEZA";"Não guardar distância de segurança";"Colisão traseira";"Com Vítimas Feridas";"Pleno dia";"Decrescente";"Céu Claro";"Múltipla";"Reta";"Sim";3;0;2;0;1;0;2;2;-3,73965654;-38,59119415;"SPRF-CE";"DEL01-CE";"UOP01-DEL01-CE"
181524;2018-12-28;"sexta-feira";"14:40:00";"GO";153;193,5;"URUACU";"Não guardar distância de segurança";"Colisão traseira";"Com Vítimas Feridas";"Pleno dia";"Crescente";"Chuva";"Simples";"Reta";"Não";6;0;1;0;5;0;1;2;-14,454575;-49,156357;"SPRF-GO";"DEL07-GO";"UOP02-DEL07-GO"
181526;2018-12-28;"sexta-feira";"14:30:00";"MG";40;702,3;"BARBACENA";"Falta de Atenção à Condução";"Colisão com objeto estático";"Com Vítimas Feridas";"Pleno dia";"Crescente";"Nublado";"Dupla";"Curva";"Sim";2;0;1;0;1;0;1;1;-21,2309;-43,7269;"SPRF-MG";"DEL05-MG";"UOP02-DEL05-MG"
181528;2018-12-28;"sexta-feira";"15:00:00";"MG";116;774,6;"LEOPOLDINA";"Velocidade Incompatível";"Saída de leito carroçável";"Com Vítimas Feridas";"Pleno dia";"Decrescente";"Chuva";"Simples";"Declive;Curva";"Não";5;0;2;0;3;0;2;1;-21,57783406;-42,68724918;"SPRF-MG";"DEL07-MG";"UOP01-DEL07-MG"
181532;2018-12-28;"sexta-feira";"13:55:00";"RO";364;350;"JI-PARANA";"Ingestão de Álcool";"Saída de leito carroçável";"Sem Vítimas";"Pleno dia";"Decrescente";"Céu Claro";"Simples";"Reta";"Não";1;0;0;0;1;0;0;1;-10,84392772;-62,00160027;"SPRF-RO";"DEL02-RO";"UOP01-DEL02-RO"
181533;2018-12-28;"sexta-feira";"16:10:00";"SP";101;52;"UBATUBA";"Ingestão de Álcool";"Colisão lateral";"Sem Vítimas";"Pleno dia";"Crescente";"Sol";"Simples";"Reta";"Sim";2;0;0;0;2;0;0;2;-23,456977;-45,07042408;"SPRF-SP";"DEL06-SP";"UOP01-DEL06-SP"
181535;2018-12-28;"sexta-feira";"14:00:00";"RJ";101;300;"SAO GONCALO";"Falta de Atenção à Condução";"Colisão lateral";"Com Vítimas Feridas";"Pleno dia";"Decrescente";"Céu Claro";"Dupla";"Reta";"Sim";2;0;1;0;1;0;1;2;-22,776459;-42,947842;"SPRF-RJ";"DEL02-RJ";"DEL5/2-UOP04/RJ"
181536;2018-12-28;"sexta-feira";"15:40:00";"RJ";40;60;"PETROPOLIS";"Pista Escorregadia";"Saída de leito carroçável";"Com Vítimas Feridas";"Pleno dia";"Decrescente";"Chuva";"Dupla";"Curva";"Não";2;0;2;0;0;0;2;1;-22,4032;-43,1389;"SPRF-RJ";"DEL06-RJ";"UOP01-DEL06-RJ"
181537;2018-12-28;"sexta-feira";"12:40:00";"AC";317;300,9;"BRASILEIA";"Falta de Atenção à Condução";"Colisão lateral";"Com Vítimas Feridas";"Pleno dia";"Decrescente";"Nublado";"Simples";"Aclive";"Não";3;0;2;0;1;0;2;2;-10,972685;-68,76667;"SPRF-AC";"DEL01-AC";"UOP02-DEL01-AC"
181538;2018-12-28;"sexta-feira";"15:50:00";"RJ";101;324;"NITEROI";"Falta de Atenção à Condução";"Colisão traseira";"Com Vítimas Feridas";"Pleno dia";"Decrescente";"Céu Claro";"Dupla";"Reta";"Não";3;0;2;0;1;0;2;2;-22,873808;-43,126438;"SPRF-RJ";"DEL02-RJ";"UOP02-DEL02-RJ"
181539;2018-12-28;"sexta-feira";"15:30:00";"SC";101;25,6;"JOINVILLE";"Falta de Atenção à Condução";"Colisão transversal";"Com Vítimas Feridas";"Pleno dia";"Crescente";"Céu Claro";"Dupla";"Reta";"Sim";4;0;1;0;3;0;1;2;-26,18850345;-48,91171217;"SPRF-SC";"DEL03-SC";"UOP01-DEL03-SC"
181540;2018-12-28;"sexta-feira";"17:00:00";"GO";40;5;"VALPARAISO DE GOIAS";"Falta de Atenção à Condução";"Colisão lateral";"Com Vítimas Feridas";"Pleno dia";"Crescente";"Sol";"Dupla";"Reta";"Não";2;0;1;0;1;0;1;2;-16,093134;-47,982236;"SPRF-DF";"DEL01-DF";"UOP01-DEL01-DF"
181541;2018-12-28;"sexta-feira";"14:50:00";"PR";280;313,9;"BARRACAO";"Falta de Atenção à Condução";"Colisão frontal";"Com Vítimas Fatais";"Pleno dia";"Decrescente";"Sol";"Simples";"Declive";"Não";8;1;1;6;0;0;7;2;-26,30017683;-53,4941107;"SPRF-PR";"DEL02-PR";"UOP01-DEL02-PR"
181542;2018-12-27;"quinta-feira";"19:15:00";"SC";116;223;"CORREIA PINTO";"Velocidade Incompatível";"Saída de leito carroçável";"Com Vítimas Feridas";"Pleno dia";"Crescente";"Sol";"Simples";"Curva";"Não";1;0;1;0;0;0;1;1;-27,585733;-50,365551;"SPRF-SC";"DEL05-SC";"UOP03-DEL05-SC"
181543;2018-12-28;"sexta-feira";"17:05:00";"RS";290;45;"GLORINHA";"Defeito Mecânico no Veículo";"Incêndio";"Sem Vítimas";"Pleno dia";"Decrescente";"Céu Claro";"Dupla";"Reta";"Não";1;0;0;0;1;0;0;1;-29,890198;-50,709991;"SPRF-RS";"DEL03-RS";"UOP02-DEL03-RS"
181546;2018-12-28;"sexta-feira";"16:20:00";"SP";381;76,3;"SAO PAULO";"Pista Escorregadia";"Capotamento";"Com Vítimas Feridas";"Pleno dia";"Crescente";"Garoa/Chuvisco";"Dupla";"Curva";"Não";3;0;1;0;2;0;1;1;-23,38637976;-46,56898499;"SPRF-SP";"DEL03-SP";"UOP01-DEL03-SP"