"id";"data_inversa";"dia_semana";"horario";"uf";"br";"km";"municipio";"causa_acidente";"tipo_acidente";"classificacao_acidente";"fase_dia";"sentido_via";"condicao_metereologica";"tipo_pista";"tracado_via";"uso_solo";"pessoas";"mortos";"feridos_leves";"feridos_graves";"ilesos";"ignorados";"feridos";"veiculos";"latitude";"longitude";"regional";"delegacia";"uop"
181547;2018-12-28;"sexta-feira";"12:10:00";"BA";367;23,9;"PORTO SEGURO";"Desobediência às normas de trânsito pelo condutor";"Colisão traseira";"Com Vítimas Feridas";"Pleno dia";"Decrescente";"Nublado";"Simples";"Reta";"Sim";2;0;1;0;1;0;1;2;-16,435177;-39,072018;"SPRF-BA";"DEL09-BA";"UOP01-DEL09-BA"
181548;2018-12-28;"sexta-feira";"16:30:00";"ES";101;6,4;"JOAO NEIVA";"Velocidade Incompatível";"Colisão com objeto estático";"Com Vítimas Feridas";"Pleno dia";"Crescente";"Chuva";"Simples";"Viaduto";"Sim";1;0;1;0;0;0;1;1;-19,69081689;-40,3883985;"SPRF-ES";"DEL04-ES";"UOP02-DEL04-ES"
181550;2018-12-28;"sexta-feira";"16:00:00";"RN";101;107,5;"PARNAMIRIM";"Desobediência às normas de trânsito pelo condutor";"Colisão transversal";"Com Vítimas Feridas";"Pleno dia";"Crescente";"Sol";"Dupla";"Reta";"Sim";2;0;1;0;1;0;1;2;-5,919193;-35,264118;"SPRF-RN";"DEL01-RN";"UOP01-DEL01-RN"
181551;2018-12-28;"sexta-feira";"17:30:00";"MG";262;360;"BETIM";"Ingestão de Álcool";"Colisão traseira";"Sem Vítimas";"Pleno dia";"Decrescente";"Sol";"Dupla";"Retorno Regulamentado;Curva";"Não";2;0;0;0;2;0;0;2;-19,9726;-44,279;"SPRF-MG";"DEL01-MG";"UOP03-DEL01-MG"
181552;2018-12-28;"sexta-feira";"16:39:00";"PE";232;4,9;"RECIFE";"Não guardar distância de segurança";"Colisão traseira";"Com Vítimas Feridas";"Pleno dia";"Crescente";"Nublado";"Dupla";"Reta";"Sim";2;0;1;0;1;0;1;2;-8,064473;-34,936928;"SPRF-PE";"DEL01-PE";"UOP01-DEL01-PE"
181554;2018-12-28;"sexta-feira";"18:00:00";"MG";381;857;"POUSO ALEGRE";"Falta de Atenção à Condução";"Saída de leito carroçável";"Com Vítimas Feridas";"Anoitecer";"Crescente";"Chuva";"Simples";"Rotatória";"Não";1;0;1;0;0;0;1;1;-22,3045;-45,9014;"SPRF-MG";"DEL16-MG";"UOP01-DEL16-MG"
181556;2018-12-28;"sexta-feira";"17:04:00";"CE";20;311,9;"CANINDE";"Não guardar distância de segurança";"Colisão traseira";"Com Vítimas Feridas";"Pleno dia";"Crescente";"Céu Claro";"Simples";"Reta";"Não";2;0;1;0;1;0;1;2;-4,342279;-39,293922;"SPRF-CE";"DEL02-CE";"UOP01-DEL02-CE"
181557;2018-12-28;"sexta-feira";"14:40:00";"MA";135;163,8;"SAO MATEUS DO MARANHAO";"Defeito na Via";"Colisão traseira";"Sem Vítimas";"Pleno dia";"Crescente";"Sol";"Simples";"Reta";"Não";2;0;0;0;2;0;0;2;-3,96187348;-44,47849274;"SPRF-MA";"DEL01-MA";"UOP02-DEL01-MA"
181559;2018-12-28;"sexta-feira";"18:10:00";"RS";290;140;"ELDORADO DO SUL";"Falta de Atenção à Condução";"Colisão transversal";"Com Vítimas Feridas";"Pleno dia";"Decrescente";"Céu Claro";"Simples";"Reta";"Sim";4;0;0;3;1;0;3;2;-30,082417;-51,609337;"SPRF-RS";"DEL02-RS";"UOP01-DEL02-RS"
181560;2018-12-28;"sexta-feira";"18:40:00";"SC";101;436;"SOMBRIO";"Desobediência às normas de trânsito pelo condutor";"Colisão transversal";"Com Vítimas Feridas";"Anoitecer";"Crescente";"Sol";"Múltipla";"Interseção de Vias";"Sim";3;0;2;0;1;0;2;2;-29,1138;-49,6396;"SPRF-SC";"DEL02-SC";"UOP02-DEL02-SC"
181562;2018-11-19;"segunda-feira";"07:10:00";"RJ";40;67;"PETROPOLIS";"Velocidade Incompatível";"Colisão com objeto estático";"Com Vítimas Feridas";"Amanhecer";"Decrescente";"Nevoeiro/Neblina";"Dupla";"Curva";"Não";3;0;1;1;1;0;2;1;-22,44132676;-43,18725924;"SPRF-RJ";"DEL06-RJ";"UOP01-DEL06-RJ"
181564;2018-12-28;"sexta-feira";"17:20:00";"BA";116;672,7;"JEQUIE";"Falta de Atenção à Condução";"Colisão lateral";"Com Vítimas Feridas";"Pleno dia";"Crescente";"Céu Claro";"Simples";"Reta";"Sim";2;0;1;0;1;0;1;2;-13,85608057;-40,11400223;"SPRF-BA";"DEL03-BA";"UOP01-DEL03-BA"
181565;2018-12-28;"sexta-feira";"18:30:00";"SC";116;203,1;"PONTE ALTA";"Falta de Atenção à Condução";"Colisão traseira";"Com Vítimas Feridas";"Pleno dia";"Decrescente";"Sol";"Simples";"Curva";"Não";3;0;1;0;2;0;1;2;-27,481998;-50,379116;"SPRF-SC";"DEL05-SC";"UOP03-DEL05-SC"
181567;2018-12-28;"sexta-feira";"17:40:00";"AP";210;2,2;"MACAPA";"Ingestão de Álcool";"Colisão traseira";"Com Vítimas Feridas";"Anoitecer";"Decrescente";"Garoa/Chuvisco";"Dupla";"Reta";"Sim";5;0;1;1;3;0;2;2;0,08348104;-51,07931256;"SPRF-AP";"DEL01-AP";"UOP01-DEL01-AP"
181568;2018-12-28;"sexta-feira";"14:10:00";"RJ";356;54,5;"ITAPERUNA";"Pista Escorregadia";"Tombamento";"Com Vítimas Feridas";"Pleno dia";"Decrescente";"Chuva";"Simples";"Reta";"Não";1;0;1;0;0;0;1;1;-21,27364;-41,74522;"SPRF-RJ";"DEL08-RJ";"UOP03-DEL08-RJ"
181569;2018-12-28;"sexta-feira";"19:35:00";"PR";277;366,6;"GUARAPUAVA";"Falta de Atenção à Condução";"Colisão frontal";"Com Vítimas Feridas";"Pleno dia";"Decrescente";"Sol";"Simples";"Reta;Declive";"Não";6;0;4;2;0;0;6;2;-25,422472;-51,665939;"SPRF-PR";"DEL03-PR";"UOP01-DEL08-PR"
181571;2018-12-28;"sexta-feira";"18:30:00";"BA";101;386;"IBIRAPITANGA";"Falta de Atenção do Pedestre";"Atropelamento de Pedestre";"Com Vítimas Fatais";"Plena Noite";"Crescente";"Céu Claro";"Simples";"Curva";"Não";2;1;1;0;0;0;1;2;-13,9103;-39,4816;"SPRF-BA";"DEL05-BA";"UOP03-DEL05-BA"
181572;2018-12-28;"sexta-feira";"17:30:00";"PI";316;0,3;"TERESINA";"Desobediência às normas de trânsito pelo condutor";"Colisão frontal";"Com Vítimas Feridas";"Pleno dia";"Crescente";"Céu Claro";"Dupla";"Reta";"Sim";2;0;1;0;1;0;1;2;-5,12853;-42,80635;"SPRF-PI";"DEL01-PI";"UOP02-DEL01-PI"
181575;2018-12-28;"sexta-feira";"19:15:00";"SC";282;90,7;"ALFREDO WAGNER";"Velocidade Incompatível";"Saída de leito carroçável";"Com Vítimas Feridas";"Pleno dia";"Crescente";"Garoa/Chuvisco";"Simples";"Curva";"Não";1;0;1;0;0;0;1;1;-27,683796;-49,222366;"SPRF-SC";"DEL01-SC";"UOP03-DEL01-SC"
181577;2018-12-24;"segunda-feira";"14:40:00";"MS";262;84,8;"TRES LAGOAS";"Defeito na Via";"Saída de leito carroçável";"Com Vítimas Feridas";"Pleno dia";"Crescente";"Nublado";"Simples";"Reta";"Não";1;0;1;0;0;0;1;1;-20,758873;-52,033009;"SPRF-MS";"DEL07-MS";"UOP02-DEL07-MS"
181580;2018-12-28;"sexta-feira";"20:00:00";"PR";369;154;"LONDRINA";"Desobediência às normas de trânsito pelo condutor";"Colisão transversal";"Com Vítimas Feridas";"Anoitecer";"Crescente";"Céu Claro";"Dupla";"Interseção de Vias";"Sim";3;0;0;1;0;2;1;3;-23,29741314;-51,20115459;"SPRF-PR";"DEL07-PR";"UOP01-DEL07-PR"
181581;2018-12-28;"sexta-feira";"18:45:00";"MG";262;793;"UBERABA";"Agressão Externa";"Danos eventuais";"Sem Vítimas";"Anoitecer";"Crescente";"Nublado";"Simples";"Reta";"Não";1;0;0;0;1;0;0;1;-19,766218;-47,87801;"SPRF-MG";"DEL13-MG";"UOP01-DEL13-MG"
181582;2018-12-28;"sexta-feira";"18:30:00";"BA";324;231;"CAPIM GROSSO";"Falta de Atenção à Condução";"Colisão transversal";"Com Vítimas Feridas";"Plena Noite";"Crescente";"Céu Claro";"Simples";"Reta";"Sim";2;0;1;0;1;0;1;2;-11,372763;-40,011303;"SPRF-BA";"DEL04-BA";"UOP02-DEL04-BA"
181583;2018-12-28;"sexta-feira";"19:20:00";"BA";324;525;"FEIRA DE SANTANA";"Carga excessiva e/ou mal acondicionada";"Tombamento";"Com Vítimas Feridas";"Plena Noite";"Crescente";"Céu Claro";"Dupla";"Reta";"Sim";2;0;2;0;0;0;2;1;-12,32356717;-38,86894226;"SPRF-BA";"DEL01-BA";"UOP01-DEL01-BA"
181584;2018-12-28;"sexta-feira";"19:00:00";"RS";386;401,3;"TRIUNFO";"Falta de Atenção à Condução";"Saída de leito carroçável";"Sem Vítimas";"Pleno dia";"Crescente";"Céu Claro";"Dupla";"Interseção de Vias";"Não";8;0;0;0;7;1;0;3;-29,758154;-51,594955;"SPRF-RS";"DEL04-RS";"UOP02-DEL04-RS"
181585;2018-12-28;"sexta-feira";"19:30:00";"MG";381;909,9;"CAMANDUCAIA";"Objeto estático sobre o leito carroçável";"Tombamento";"Com Vítimas Feridas";"Anoitecer";"Crescente";"Nublado";"Dupla";"Reta";"Não";2;0;1;1;0;0;2;1;-22,69197255;-46,10982299;"SPRF-MG";"DEL16-MG";"UOP03-DEL16-MG"
181586;2018-12-28;"sexta-feira";"19:00:00";"SC";101;141;"ITAPEMA";"Defeito Mecânico no Veículo";"Tombamento";"Com Vítimas Feridas";"Plena Noite";"Crescente";"Céu Claro";"Dupla";"Curva";"Sim";2;0;2;0;0;0;2;1;-27,0562;-48,5985;"SPRF-SC";"DEL04-SC";"UOP03-DEL04-SC"
181587;2018-12-28;"sexta-feira";"18:40:00";"RN";226;11;"MACAIBA";"Ingestão de Álcool";"Colisão frontal";"Sem Vítimas";"Plena Noite";"Crescente";"Céu Claro";"Simples";"Reta";"Sim";2;0;0;0;2;0;0;2;-5,84586;-35,303917;"SPRF-RN";"DEL01-RN";"UOP02-DEL01-RN"
181588;2018-12-28;"sexta-feira";"20:40:00";"RS";386;226;"SOLEDADE";"Falta de Atenção à Condução";"Colisão frontal";"Com Vítimas Feridas";"Anoitecer";"Decrescente";"Céu Claro";"Simples";"Reta";"Não";3;0;1;0;2;0;1;2;-28,671412;-52,609882;"SPRF-RS";"DEL04-RS";"NPF/DEL04-RS"
181590;2018-12-28;"sexta-feira";"20:55:00";"SP";101;48,9;"UBATUBA";"Falta de Atenção à Condução";"Tombamento";"Com Vítimas Feridas";"Plena Noite";"Decrescente";"Nublado";"Simples";"Reta";"Sim";1;0;1;0;0;0;1;1;-23,436964;-45,087685;"SPRF-SP";"DEL06-SP";"UOP01-DEL06-SP"
181593;2018-12-28;"sexta-feira";"20:55:00";"SC";470;57,5;"BLUMENAU";"Desobediência às normas de trânsito pelo condutor";"Colisão transversal";"Com Vítimas Feridas";"Plena Noite";"Decrescente";"Nublado";"Simples";"Interseção de Vias";"Sim";2;0;0;1;1;0;1;2;-26,880428;-49,136532;"SPRF-SC";"DEL04-SC";"UOP01-DEL04-SC"
181594;2018-12-28;"sexta-feira";"20:20:00";"MG";381;480;"CONTAGEM";"Velocidade Incompatível";"Colisão traseira";"Com Vítimas Feridas";"Plena Noite";"Decrescente";"Nublado";"Múltipla";"Reta";"Sim";2;0;1;0;1;0;1;2;-19,9586;-44,0608;"SPRF-MG";"DEL01-MG";"UOP03-DEL01-MG"
181595;2018-12-28;"sexta-feira";"20:20:00";"PR";116;92;"SAO JOSE DOS PINHAIS";"Falta de Atenção à Condução";"Capotamento";"Com Vítimas Feridas";"Anoitecer";"Decrescente";"Céu Claro";"Dupla";"Reta";"Não";3;0;1;1;1;0;2;1;-25,476923;-49,097691;"SPRF-PR";"DEL01-PR";"UOP01-DEL01-PR"
181596;2018-12-28;"sexta-feira";"20:20:00";"PR";116;92,6;"SAO JOSE DOS PINHAIS";"Ingestão de Álcool";"Colisão com objeto estático";"Sem Vítimas";"Anoitecer";"Decrescente";"Céu Claro";"Dupla";"Viaduto";"Não";1;0;0;0;1;0;0;1;-25,50981862;-49,12670195;"SPRF-PR";"DEL01-PR";"UOP01-DEL01-PR"
181597;2018-08-30;"quinta-feira";"09:26:00";"BA";324;616;"SALVADOR";"Falta de Atenção à Condução";"Tombamento";"Com Vítimas Feridas";"Pleno dia";"Crescente";"Céu Claro";"Dupla";"Reta";"Sim";2;0;0;1;1;0;1;1;-12,8654445;-38,42415691;"SPRF-BA";"DEL01-BA";"UOP01-DEL01-BA"
181598;2018-12-28;"sexta-feira";"20:00:00";"RJ";40;24;"TRES RIOS";"Avarias e/ou desgaste excessivo no pneu";"Capotamento";"Com Vítimas Feridas";"Plena Noite";"Crescente";"Chuva";"Dupla";"Curva";"Não";5;0;1;0;4;0;1;1;-22,1485;-43,1583;"SPRF-RJ";"DEL06-RJ";"UOP02-DEL05-RJ"
181599;2018-12-28;"sexta-feira";"20:50:00";"BA";101;98;"ALAGOINHAS";"Falta de Atenção à Condução";"Colisão transversal";"Com Vítimas Feridas";"Plena Noite";"Decrescente";"Céu Claro";"Simples";"Reta";"Não";3;0;0;2;1;0;2;2;-12,0819;-38,349;"SPRF-BA";"DEL01-BA";"UOP04-DEL01-BA"
181600;2018-12-28;"sexta-feira";"21:55:00";"PR";369;148;"LONDRINA";"Ingestão de Álcool";"Colisão transversal";"Com Vítimas Feridas";"Plena Noite";"Crescente";"Céu Claro";"Dupla";"Interseção de Vias";"Sim";4;0;0;1;3;0;1;2;-23,293;-51,143;"SPRF-PR";"DEL07-PR";"UOP01-DEL07-PR"
181603;2018-12-28;"sexta-feira";"21:30:00";"PR";376;229;"JANDAIA DO SUL";"Deficiência ou não Acionamento do Sistema de Iluminação/Sinalização do Veículo";"Colisão traseira";"Com Vítimas Feridas";"Plena Noite";"Decrescente";"Nublado";"Dupla";"Reta";"Não";2;0;0;1;1;0;1;2;-23,60048662;-51,6027832;"SPRF-PR";"DEL07-PR";"UOP03-DEL07-PR"
181604;2018-12-28;"sexta-feira";"19:00:00";"CE";222;77,6;"SAO LUIS DO CURU";"Não guardar distância de segurança";"Colisão traseira";"Com Vítimas Feridas";"Plena Noite";"Decrescente";"Céu Claro";"Simples";"Ponte";"Sim";3;0;1;1;1;0;2;2;-3,67137;-39,233509;"SPRF-CE";"DEL04-CE";"UOP03-DEL04-CE"
181605;2018-12-28;"sexta-feira";"21:30:00";"RS";392;642,5;"GUARANI DAS MISSOES";"Ingestão de Álcool";"Colisão frontal";"Com Vítimas Feridas";"Plena Noite";"Crescente";"Céu Claro";"Simples";"Reta;Declive";"Não";2;0;0;1;1;0;1;2;-28,13461241;-54,60509777;"SPRF-RS";"DEL10-RS";"UOP01-DEL10-RS"
181606;2018-12-28;"sexta-feira";"18:55:00";"SE";235;38;"AREIA BRANCA";"Falta de Atenção à Condução";"Tombamento";"Sem Vítimas";"Plena Noite";"Crescente";"Ignorado";"Simples";"Aclive;Reta";"Não";1;0;0;0;0;1;0;1;-10,770479;-37,346272;"SPRF-SE";"DEL01-SE";"UOP02-DEL01-SE"
181607;2018-12-28;"sexta-feira";"22:15:00";"MG";153;242,4;"FRONTEIRA";"Ingestão de Álcool";"Saída de leito carroçável";"Com Vítimas Feridas";"Plena Noite";"Crescente";"Céu Claro";"Simples";"Reta";"Não";2;0;0;1;0;1;1;2;-20,2694;-49,1849;"SPRF-MG";"DEL13-MG";"UOP02-DEL13-MG"
181609;2018-12-28;"sexta-feira";"20:40:00";"RO";364;346;"JI-PARANA";"Desobediência às normas de trânsito pelo condutor";"Colisão lateral";"Com Vítimas Feridas";"Plena Noite";"Decrescente";"Céu Claro";"Dupla";"Reta";"Sim";2;0;1;0;0;1;1;2;-10,865874;-61,968647;"SPRF-RO";"DEL02-RO";"UOP01-DEL02-RO"
181614;2018-12-28;"sexta-feira";"20:30:00";"PR";376;128;"ALTO PARANA";"Restrição de Visibilidade";"Capotamento";"Com Vítimas Feridas";"Plena Noite";"Decrescente";"Chuva";"Dupla";"Aclive";"Não";3;0;3;0;0;0;3;1;-23,132568;-52,297016;"SPRF-PR";"DEL07-PR";"UOP02-DEL09-PR"
181615;2018-12-28;"sexta-feira";"23:00:00";"RS";116;235,1;"ESTANCIA VELHA";"Desobediência às normas de trânsito pelo condutor";"Colisão lateral";"Com Vítimas Feridas";"Plena Noite";"Crescente";"Nublado";"Múltipla";"Viaduto";"Não";2;0;1;0;1;0;1;2;-29,660376;-51,143867;"SPRF-RS";"DEL01-RS";"UOP02-DEL01-RS"
181616;2018-12-28;"sexta-feira";"20:00:00";"BA";116;912,4;"ENCRUZILHADA";"Falta de Atenção à Condução";"Atropelamento de Pedestre";"Com Vítimas Fatais";"Plena Noite";"Crescente";"Céu Claro";"Simples";"Reta";"Sim";2;1;0;0;0;1;0;2;-15,53365296;-41,24858033;"SPRF-BA";"DEL08-BA";"UOP03-DEL08-BA"
181617;2018-12-28;"sexta-feira";"21:45:00";"PR";376;135;"NOVA ESPERANCA";"Pista Escorregadia";"Saída de leito carroçável";"Com Vítimas Feridas";"Plena Noite";"Decrescente";"Chuva";"Dupla";"Reta";"Sim";3;0;2;0;1;0;2;1;-23,201941;-52,196896;"SPRF-PR";"DEL07-PR";"UOP02-DEL09-PR"
181621;2018-12-28;"sexta-feira";"19:03:00";"RS";116;657,3;"JAGUARAO";"Falta de Atenção à Condução";"Colisão lateral";"Com Vítimas Feridas";"Pleno dia";"Crescente";"Céu Claro";"Simples";"Interseção de Vias";"Sim";1;0;1;0;0;0;1;1;-32,55393948;-53,3854866;"SPRF-RS";"DEL07-RS";"UOP03-DEL07-RS"
181622;2018-12-28;"sexta-feira";"23:15:00";"ES";262;7;"CARIACICA";"Velocidade Incompatível";"Colisão com objeto estático";"Com Vítimas Feridas";"Plena Noite";"Crescente";"Chuva";"Dupla";"Declive";"Sim";1;0;1;0;0;0;1;1;-20,3426;-40,4024;"SPRF-ES";"DEL01-ES";"UOP01-DEL01-ES"
181625;2018-12-28;"sexta-feira";"23:00:00";"MG";40;614,2;"CONGONHAS";"Desobediência às normas de trânsito pelo pedestre";"Atropelamento de Pedestre";"Com Vítimas Feridas";"Plena Noite";"Decrescente";"Chuva";"Simples";"Reta";"Não";2;0;0;1;1;0;1;2;-20,539;-43,8208;"SPRF-MG";"DEL05-MG";"UOP02-DEL05-MG"
181626;2018-12-28;"sexta-feira";"23:45:00";"RS";101;40,1;"TRES FORQUILHAS";"Ingestão de Álcool";"Colisão transversal";"Sem Vítimas";"Plena Noite";"Decrescente";"Nublado";"Dupla";"Retorno Regulamentado";"Sim";7;0;0;0;6;1;0;2;-29,53601367;-50,02727509;"SPRF-RS";"DEL03-RS";"DEL9/3-UOP03/RS"
181627;2018-12-28;"sexta-feira";"22:50:00";"SC";282;490;"FAXINAL DOS GUEDES";"Desobediência às normas de trânsito pelo condutor";"Colisão traseira";"Com Vítimas Feridas";"Plena Noite";"Crescente";"Céu Claro";"Simples";"Reta";"Não";3;0;1;0;2;0;1;3;-26,874599;-52,282806;"SPRF-SC";"DEL07-SC";"UOP01-DEL07-SC"
181629;2018-12-28;"sexta-feira";"13:10:00";"MG";381;315;"NOVA ERA";"Pista Escorregadia";"Colisão frontal";"Com Vítimas Feridas";"Pleno dia";"Decrescente";"Chuva";"Simples";"Curva";"Não";8;0;1;0;7;0;1;2;-19,66937004;-42,9696438;"SPRF-MG";"DEL03-MG";"UOP02-DEL03-MG"
181631;2018-12-29;"sábado";"00:49:00";"SC";470;138;"RIO DO SUL";"Velocidade Incompatível";"Tombamento";"Sem Vítimas";"Plena Noite";"Crescente";"Nevoeiro/Neblina";"Simples";"Reta";"Não";1;0;0;0;1;0;0;1;-27,207214;-49,648476;"SPRF-SC";"DEL04-SC";"UOP02-DEL04-SC"
181632;2018-12-29;"sábado";"00:10:00";"RJ";116;54;"TERESOPOLIS";"Falta de Atenção à Condução";"Colisão frontal";"Com Vítimas Feridas";"Plena Noite";"Decrescente";"Céu Claro";"Simples";"Reta";"Não";2;0;0;2;0;0;2;2;-22,206223;-42,879627;"SPRF-RJ";"DEL04-RJ";"UOP01-DEL04-RJ"
181633;2018-12-29;"sábado";"01:10:00";"MG";381;688,2;"LAVRAS";"Pista Escorregadia";"Saída de leito carroçável";"Com Vítimas Fatais";"Plena Noite";"Decrescente";"Chuva";"Dupla";"Declive;Curva";"Não";4;1;0;0;3;0;0;2;-21,1946;-45,1182;"SPRF-MG";"DEL04-MG";"UOP02-DEL04-MG"
181634;2018-12-29;"sábado";"01:40:00";"SP";101;45,6;"UBATUBA";"Ingestão de Álcool";"Colisão frontal";"Com Vítimas Feridas";"Plena Noite";"Crescente";"Nublado";"Simples";"Reta";"Sim";3;0;0;1;2;0;1;2;-23,42190952;-45,07225335;"SPRF-SP";"DEL06-SP";"UOP01-DEL06-SP"
181636;2018-12-29;"sábado";"00:00:00";"AL";104;33,3;"UNIAO DOS PALMARES";"Falta de Atenção à Condução";"Saída de leito carroçável";"Com Vítimas Fatais";"Plena Noite";"Decrescente";"Céu Claro";"Simples";"Reta";"Não";2;1;0;1;0;0;1;1;-9,14245859;-36,01590872;"SPRF-AL";"DEL01-AL";"UOP02-DEL01-AL"
181637;2018-12-29;"sábado";"00:45:00";"MG";381;554,9;"ITAGUARA";"Falta de Atenção à Condução";"Saída de leito carroçável";"Com Vítimas Feridas";"Plena Noite";"Crescente";"Chuva";"Dupla";"Reta";"Não";2;0;2;0;0;0;2;1;-20,3418;-44,4408;"SPRF-MG";"DEL04-MG";"UOP03-DEL04-MG"
181638;2018-12-28;"sexta-feira";"22:50:00";"RO";174;13,9;"VILHENA";"Desobediência às normas de trânsito pelo condutor";"Colisão transversal";"Sem Vítimas";"Plena Noite";"Crescente";"Céu Claro";"Dupla";"Interseção de Vias";"Sim";3;0;0;0;2;1;0;3;-12,73357732;-60,12993336;"SPRF-RO";"DEL04-RO";"UOP01-DEL04-RO"
181640;2018-10-20;"sábado";"18:00:00";"RO";364;569,4;"ALTO PARAISO";"Defeito Mecânico no Veículo";"Queda de ocupante de veículo";"Com Vítimas Feridas";"Pleno dia";"Crescente";"Nublado";"Simples";"Declive";"Não";2;0;0;2;0;0;2;1;-9,48373086;-63,09806585;"SPRF-RO";"DEL03-RO";"UOP04-DEL01-RO"
181641;2018-12-29;"sábado";"02:20:00";"MG";40;581;"ITABIRITO";"Pista Escorregadia";"Saída de leito carroçável";"Com Vítimas Feridas";"Plena Noite";"Crescente";"Chuva";"Dupla";"Reta";"Não";2;0;2;0;0;0;2;1;-20,3105;-43,9349;"SPRF-MG";"DEL01-MG";"UOP02-DEL01-MG"
181642;2018-12-29;"sábado";"03:20:00";"SC";282;604,7;"MARAVILHA";"Falta de Atenção à Condução";"Atropelamento de Pedestre";"Com Vítimas Feridas";"Plena Noite";"Crescente";"Céu Claro";"Simples";"Declive";"Sim";2;0;0;1;0;1;1;2;-26,795523;-53,192974;"SPRF-SC";"DEL07-SC";"UOP02-DEL07-SC"
181643;2018-12-29;"sábado";"04:25:00";"ES";101;141,2;"LINHARES";"Falta de Atenção do Pedestre";"Atropelamento de Pedestre";"Com Vítimas Fatais";"Plena Noite";"Crescente";"Nublado";"Simples";"Reta";"Não";4;1;0;0;3;0;0;2;-19,32789463;-40,07122636;"SPRF-ES";"DEL04-ES";"UOP01-DEL04-ES"
181645;2018-12-29;"sábado";"04:30:00";"SC";101;330;"TUBARAO";"Ingestão de Álcool";"Colisão com objeto estático";"Sem Vítimas";"Plena Noite";"Crescente";"Céu Claro";"Dupla";"Reta";"Não";1;0;0;0;1;0;0;1;-28,4561;-48,9819;"SPRF-SC";"DEL02-SC";"UOP01-DEL02-SC"
181647;2018-12-28;"sexta-feira";"21:15:00";"RS";101;7;"TORRES";"Defeito na Via";"Tombamento";"Com Vítimas Feridas";"Plena Noite";"Crescente";"Céu Claro";"Dupla";"Retorno Regulamentado";"Sim";2;0;2;0;0;0;2;1;-29,354038;-49,800503;"SPRF-RS";"DEL03-RS";"DEL9/3-UOP03/RS"
181648;2018-12-28;"sexta-feira";"09:50:00";"SC";470;118;"IBIRAMA";"Falta de Atenção à Condução";"Engavetamento";"Sem Vítimas";"Pleno dia";"Crescente";"Céu Claro";"Simples";"Curva";"Não";4;0;0;0;4;0;0;4;-27,082176;-49,511818;"SPRF-SC";"DEL04-SC";"UOP02-DEL04-SC"
181649;2018-12-29;"sábado";"05:35:00";"RS";470;225;"GARIBALDI";"Falta de Atenção à Condução";"Queda de ocupante de veículo";"Com Vítimas Feridas";"Plena Noite";"Crescente";"Céu Claro";"Simples";"Reta";"Não";1;0;1;0;0;0;1;1;-29,24490049;-51,51632282;"SPRF-RS";"DEL06-RS";"UOP01-DEL06-RS"
181650;2018-12-29;"sábado";"05:35:00";"GO";60;35;"ALEXANIA";"Ingestão de Álcool";"Saída de leito carroçável";"Com Vítimas Feridas";"Pleno dia";"Crescente";"Garoa/Chuvisco";"Simples";"Reta";"Sim";1;0;1;0;0;0;1;1;-16,1045;-48,5242;"SPRF-DF";"DEL01-DF";"UOP01-DEL03-DF"
181651;2018-12-29;"sábado";"05:23:00";"SP";116;227;"GUARULHOS";"Falta de Atenção à Condução";"Colisão traseira";"Com Vítimas Feridas";"Amanhecer";"Decrescente";"Céu Claro";"Múltipla";"Reta";"Sim";3;0;1;0;2;0;1;2;-23,50196562;-46,56427234;"SPRF-SP";"DEL01-SP";"UOP01-DEL01-SP"
181653;2018-12-29;"sábado";"05:05:00";"SC";101;377;"ICARA";"Falta de Atenção à Condução";"Colisão frontal";"Com Vítimas Feridas";"Amanhecer";"Decrescente";"Céu Claro";"Simples";"Rotatória";"Não";2;0;1;0;1;0;1;2;-28,74605905;-49,25814629;"SPRF-SC";"DEL02-SC";"UOP01-DEL02-SC"
181655;2018-12-29;"sábado";"04:45:00";"CE";116;18;"EUSEBIO";"Condutor Dormindo";"Colisão com objeto estático";"Sem Vítimas";"Amanhecer";"Decrescente";"Céu Claro";"Dupla";"Reta";"Sim";1;0;0;0;0;1;0;1;-3,9178;-38,5068;"SPRF-CE";"DEL01-CE";"UOP02-DEL01-CE"
181657;2018-12-28;"sexta-feira";"20:29:00";"RJ";116;272;"BARRA MANSA";"Falta de Atenção à Condução";"Colisão transversal";"Com Vítimas Feridas";"Plena Noite";"Decrescente";"Céu Claro";"Dupla";"Aclive";"Sim";2;0;1;0;1;0;1;2;-22,560883;-44,122238;"SPRF-RJ";"DEL07-RJ";"UOP02-DEL07-RJ"
181658;2018-12-29;"sábado";"01:30:00";"RO";319;62;"PORTO VELHO";"Falta de Atenção do Pedestre";"Atropelamento de Pedestre";"Com Vítimas Feridas";"Plena Noite";"Crescente";"Céu Claro";"Dupla";"Interseção de Vias";"Sim";2;0;1;0;1;0;1;2;-8,75562092;-63,88679177;"SPRF-RO";"DEL01-RO";"UOP01-DEL01-RO"
181659;2018-12-29;"sábado";"06:00:00";"SC";101;245;"PAULO LOPES";"Condutor Dormindo";"Saída de leito carroçável";"Com Vítimas Feridas";"Pleno dia";"Decrescente";"Céu Claro";"Dupla";"Reta";"Não";3;0;3;0;0;0;3;1;-27,9138;-48,6513;"SPRF-SC";"DEL02-SC";"UOP03-DEL02-SC"
181660;2018-12-29;"sábado";"04:45:00";"GO";40;92,9;"CRISTALINA";"Desobediência às normas de trânsito pelo condutor";"Colisão traseira";"Sem Vítimas";"Plena Noite";"Crescente";"Céu Claro";"Simples";"Reta";"Sim";2;0;0;0;2;0;0;2;-16,730814;-47,626211;"SPRF-DF";"DEL01-DF";"UOP02-DEL01-DF"