"id";"data_inversa";"dia_semana";"horario";"uf";"br";"km";"municipio";"causa_acidente";"tipo_acidente";"classificacao_acidente";"fase_dia";"sentido_via";"condicao_metereologica";"tipo_pista";"tracado_via";"uso_solo";"pessoas";"mortos";"feridos_leves";"feridos_graves";"ilesos";"ignorados";"feridos";"veiculos";"latitude";"longitude";"regional";"delegacia";"uop"
181767;2018-12-29;"sábado";"14:00:00";"MG";365;750;"ITUIUTABA";"Desobediência às normas de trânsito pelo condutor";"Saída de leito carroçável";"Com Vítimas Feridas";"Pleno dia";"Crescente";"Chuva";"Simples";"Declive";"Não";1;0;1;0;0;0;1;1;-18,96636377;-49,48516846;"SPRF-MG";"DEL15-MG";"UOP03-DEL15-MG"
181768;2018-12-29;"sábado";"05:00:00";"MG";365;538,1;"VAZANTE";"Pista Escorregadia";"Saída de leito carroçável";"Com Vítimas Feridas";"Amanhecer";"Crescente";"Chuva";"Simples";"Curva";"Não";2;0;2;0;0;0;2;1;-18;-47;"SPRF-MG";"DEL10-MG";"UOP01-DEL10-MG"
181769;2018-12-29;"sábado";"14:40:00";"MG";153;58;"MONTE ALEGRE DE MINAS";"Falta de Atenção à Condução";"Colisão traseira";"Com Vítimas Feridas";"Pleno dia";"Decrescente";"Chuva";"Simples";"Aclive";"Não";10;0;2;0;8;0;2;2;-18,8878;-49,051;"SPRF-MG";"DEL15-MG";"UOP03-DEL15-MG"
181770;2018-12-29;"sábado";"17:05:00";"RJ";116;142;"DUQUE DE CAXIAS";"Falta de Atenção à Condução";"Colisão transversal";"Com Vítimas Feridas";"Pleno dia";"Crescente";"Céu Claro";"Múltipla";"Reta";"Sim";3;0;0;1;2;0;1;2;-22,648762;-43,230316;"SPRF-RJ";"DEL04-RJ";"UOP02-DEL04-RJ"
181771;2018-12-29;"sábado";"16:55:00";"SC";101;147;"ITAPEMA";"Não guardar distância de segurança";"Tombamento";"Com Vítimas Feridas";"Pleno dia";"Decrescente";"Sol";"Dupla";"Reta";"Sim";2;0;2;0;0;0;2;1;-27,1012;-48,618;"SPRF-SC";"DEL04-SC";"UOP03-DEL04-SC"
181772;2018-12-16;"domingo";"07:30:00";"MG";381;929,9;"ITAPEVA";"Falta de Atenção à Condução";"Saída de leito carroçável";"Com Vítimas Feridas";"Pleno dia";"Crescente";"Chuva";"Dupla";"Curva";"Não";3;0;2;0;1;0;2;1;-22,7766;-46,2388;"SPRF-MG";"DEL16-MG";"UOP03-DEL16-MG"
181773;2018-12-29;"sábado";"15:50:00";"CE";222;149;"IRAUCUBA";"Falta de Atenção à Condução";"Colisão transversal";"Com Vítimas Feridas";"Pleno dia";"Crescente";"Céu Claro";"Simples";"Reta";"Sim";3;0;1;1;1;0;2;2;-3,750077;-39,781975;"SPRF-CE";"DEL04-CE";"UOP03-DEL04-CE"
181774;2018-12-29;"sábado";"16:20:00";"PI";316;7,8;"TERESINA";"Falta de Atenção à Condução";"Colisão traseira";"Com Vítimas Feridas";"Pleno dia";"Crescente";"Céu Claro";"Simples";"Reta";"Sim";3;0;1;1;1;0;2;2;-5,155847;-42,771732;"SPRF-PI";"DEL01-PI";"UOP02-DEL01-PI"
181775;2018-12-29;"sábado";"17:00:00";"GO";40;8,4;"VALPARAISO DE GOIAS";"Falta de Atenção à Condução";"Colisão traseira";"Com Vítimas Feridas";"Pleno dia";"Decrescente";"Céu Claro";"Dupla";"Reta";"Sim";2;0;1;0;1;0;1;2;-16,116158;-47,96761;"SPRF-DF";"DEL01-DF";"UOP01-DEL01-DF"
181776;2018-12-29;"sábado";"17:30:00";"PR";376;674,8;"GUARATUBA";"Não guardar distância de segurança";"Engavetamento";"Sem Vítimas";"Pleno dia";"Crescente";"Nublado";"Dupla";"Reta";"Não";6;0;0;0;6;0;0;6;-25,93612589;-48,90975952;"SPRF-PR";"DEL01-PR";"DEL7/1-UOP08/PR"
181779;2018-12-29;"sábado";"12:30:00";"MA";135;36;"BACABEIRA";"Não guardar distância de segurança";"Colisão traseira";"Com Vítimas Feridas";"Pleno dia";"Decrescente";"Céu Claro";"Simples";"Reta";"Não";3;0;2;0;1;0;2;2;-2,858075;-44,374744;"SPRF-MA";"DEL01-MA";"UOP01-DEL01-MA"
181780;2018-12-29;"sábado";"17:30:00";"ES";101;143,1;"LINHARES";"Pista Escorregadia";"Saída de leito carroçável";"Com Vítimas Feridas";"Pleno dia";"Crescente";"Chuva";"Múltipla";"Reta";"Sim";2;0;0;1;1;0;1;1;-19,34672132;-40,06388448;"SPRF-ES";"DEL04-ES";"UOP01-DEL04-ES"
181782;2018-12-29;"sábado";"17:05:00";"RS";290;60,8;"GRAVATAI";"Defeito Mecânico no Veículo";"Tombamento";"Com Vítimas Feridas";"Pleno dia";"Decrescente";"Céu Claro";"Dupla";"Reta";"Não";2;0;2;0;0;0;2;1;-29,924509;-50,858528;"SPRF-RS";"DEL03-RS";"UOP02-DEL03-RS"
181784;2018-12-29;"sábado";"17:40:00";"MG";40;604,6;"CONGONHAS";"Velocidade Incompatível";"Colisão frontal";"Com Vítimas Feridas";"Pleno dia";"Decrescente";"Nublado";"Simples";"Declive;Curva";"Não";4;0;1;1;2;0;2;3;-20,4577;-43,8379;"SPRF-MG";"DEL05-MG";"UOP02-DEL05-MG"
181786;2018-12-29;"sábado";"18:10:00";"MG";354;705,4;"CAXAMBU";"Falta de Atenção à Condução";"Colisão transversal";"Com Vítimas Feridas";"Pleno dia";"Crescente";"Sol";"Simples";"Interseção de Vias";"Sim";2;0;1;0;1;0;1;2;-21,99016847;-44,92412567;"SPRF-MG";"DEL05-MG";"UOP01-DEL17-MG"
181787;2018-12-29;"sábado";"16:30:00";"ES";101;266,7;"SERRA";"Desobediência às normas de trânsito pelo condutor";"Colisão lateral";"Com Vítimas Feridas";"Pleno dia";"Crescente";"Chuva";"Dupla";"Reta";"Sim";4;0;2;0;2;0;2;3;-20,1949775;-40,2689058;"SPRF-ES";"DEL02-ES";"UOP01-DEL02-ES"
181789;2018-12-29;"sábado";"18:00:00";"RN";101;110;"PARNAMIRIM";"Falta de Atenção à Condução";"Colisão traseira";"Sem Vítimas";"Plena Noite";"Decrescente";"Céu Claro";"Dupla";"Reta";"Sim";3;0;0;0;3;0;0;2;-5,946376;-35,264851;"SPRF-RN";"DEL01-RN";"UOP01-DEL01-RN"
181790;2018-12-29;"sábado";"18:00:00";"MG";381;527;"BRUMADINHO";"Velocidade Incompatível";"Capotamento";"Com Vítimas Feridas";"Amanhecer";"Crescente";"Chuva";"Dupla";"Curva";"Não";3;0;2;0;1;0;2;1;-20,167;-44,3321;"SPRF-MG";"DEL04-MG";"UOP03-DEL04-MG"
181793;2018-12-24;"segunda-feira";"19:50:00";"MS";60;593,2;"JARDIM";"Desobediência às normas de trânsito pelo condutor";"Colisão transversal";"Com Vítimas Feridas";"Plena Noite";"Decrescente";"Garoa/Chuvisco";"Simples";"Interseção de Vias";"Sim";3;0;2;0;0;1;2;2;-21,485424;-56,15041;"SPRF-MS";"DEL05-MS";"UOP01-DEL05-MS"
181794;2018-12-29;"sábado";"18:53:00";"SC";101;212;"PALHOCA";"Velocidade Incompatível";"Colisão traseira";"Com Vítimas Feridas";"Anoitecer";"Decrescente";"Céu Claro";"Dupla";"Reta";"Sim";2;0;0;1;1;0;1;2;-27,6372;-48,6651;"SPRF-SC";"DEL01-SC";"UOP02-DEL01-SC"
181795;2018-12-29;"sábado";"19:00:00";"SP";101;40,1;"UBATUBA";"Ingestão de Álcool";"Colisão lateral";"Com Vítimas Feridas";"Pleno dia";"Decrescente";"Céu Claro";"Simples";"Reta";"Sim";4;0;0;1;2;1;1;3;-23,414946;-45,035156;"SPRF-SP";"DEL06-SP";"UOP01-DEL06-SP"
181799;2018-12-29;"sábado";"18:50:00";"MG";262;385;"MATEUS LEME";"Velocidade Incompatível";"Capotamento";"Com Vítimas Feridas";"Anoitecer";"Crescente";"Chuva";"Dupla";"Declive";"Não";2;0;2;0;0;0;2;1;-19,9201;-44,4779;"SPRF-MG";"DEL01-MG";"UOP03-DEL01-MG"
181800;2018-12-29;"sábado";"19:30:00";"PR";277;708;"SANTA TEREZINHA DE ITAIPU";"Desobediência às normas de trânsito pelo pedestre";"Atropelamento de Pedestre";"Com Vítimas Feridas";"Pleno dia";"Decrescente";"Céu Claro";"Dupla";"Reta";"Sim";3;0;0;1;1;1;1;2;-25,442902;-54,395679;"SPRF-PR";"DEL05-PR";"UOP01-DEL05-PR"
181801;2018-12-29;"sábado";"16:20:00";"MG";381;451;"SANTA LUZIA";"Pista Escorregadia";"Tombamento";"Com Vítimas Feridas";"Pleno dia";"Decrescente";"Chuva";"Simples";"Reta";"Não";2;0;2;0;0;0;2;1;-19,82506774;-43,83338794;"SPRF-MG";"DEL01-MG";"UOP01-DEL01-MG"
181802;2018-12-29;"sábado";"18:05:00";"RN";405;13;"MOSSORO";"Ingestão de Álcool";"Colisão traseira";"Com Vítimas Feridas";"Plena Noite";"Crescente";"Ignorado";"Simples";"Reta";"Não";2;0;0;1;1;0;1;2;-5,206055;-37,467892;"SPRF-RN";"DEL04-RN";"UOP02-DEL04-RN"
181803;2018-12-29;"sábado";"13:50:00";"BA";242;230;"ITABERABA";"Falta de Atenção à Condução";"Colisão lateral";"Com Vítimas Feridas";"Pleno dia";"Crescente";"Nublado";"Simples";"Reta";"Sim";2;0;1;0;0;1;1;2;-12,511523;-40,322498;"SPRF-BA";"DEL06-BA";"UOP02-DEL06-BA"
181804;2018-12-29;"sábado";"19:20:00";"ES";101;170;"LINHARES";"Falta de Atenção à Condução";"Saída de leito carroçável";"Com Vítimas Feridas";"Plena Noite";"Crescente";"Chuva";"Simples";"Reta";"Não";1;0;1;0;0;0;1;1;-19,57208307;-40,18352509;"SPRF-ES";"DEL04-ES";"UOP01-DEL04-ES"
181807;2018-12-29;"sábado";"19:05:00";"SC";101;206,9;"SAO JOSE";"Falta de Atenção à Condução";"Colisão transversal";"Com Vítimas Feridas";"Pleno dia";"Crescente";"Céu Claro";"Múltipla";"Interseção de Vias";"Sim";2;0;0;1;1;0;1;2;-27,6001;-48,6225;"SPRF-SC";"DEL01-SC";"UOP01-DEL01-SC"
181808;2018-12-29;"sábado";"19:20:00";"SC";101;61;"ARAQUARI";"Falta de Atenção à Condução";"Colisão traseira";"Com Vítimas Feridas";"Pleno dia";"Crescente";"Nublado";"Dupla";"Reta";"Não";3;0;1;1;1;0;2;2;-26,455;-48,7661;"SPRF-SC";"DEL03-SC";"UOP02-DEL03-SC"
181809;2018-12-29;"sábado";"19:30:00";"RJ";40;84;"PETROPOLIS";"Não guardar distância de segurança";"Colisão traseira";"Com Vítimas Feridas";"Plena Noite";"Decrescente";"Céu Claro";"Simples";"Curva";"Não";2;0;1;0;1;0;1;2;-22,55378161;-43,22536469;"SPRF-RJ";"DEL06-RJ";"UOP01-DEL06-RJ"
181810;2018-12-29;"sábado";"19:30:00";"PE";424;89,7;"GARANHUNS";"Desobediência às normas de trânsito pelo condutor";"Colisão lateral";"Com Vítimas Feridas";"Plena Noite";"Decrescente";"Céu Claro";"Simples";"Curva";"Sim";4;0;1;0;2;1;1;3;-8,89439002;-36,50034081;"SPRF-PE";"DEL03-PE";"UOP01-DEL03-PE"
181811;2018-12-29;"sábado";"18:00:00";"RO";364;435;"JARU";"Falta de Atenção à Condução";"Saída de leito carroçável";"Com Vítimas Feridas";"Anoitecer";"Decrescente";"Nublado";"Simples";"Curva";"Não";3;0;1;0;2;0;1;1;-10,384226;-62,547104;"SPRF-RO";"DEL03-RO";"UOP02-DEL03-RO"
181812;2018-12-29;"sábado";"20:30:00";"RJ";393;283,9;"VOLTA REDONDA";"Desobediência às normas de trânsito pelo condutor";"Colisão frontal";"Com Vítimas Feridas";"Plena Noite";"Crescente";"Céu Claro";"Simples";"Curva";"Não";2;0;1;0;1;0;1;2;-22,510941;-44,084461;"SPRF-RJ";"DEL05-RJ";"UOP04-DEL05-RJ"
181813;2018-12-29;"sábado";"18:00:00";"MA";135;13;"SAO LUIS";"Avarias e/ou desgaste excessivo no pneu";"Capotamento";"Com Vítimas Feridas";"Plena Noite";"Decrescente";"Nublado";"Dupla";"Declive";"Não";3;0;1;2;0;0;3;2;-2,53073;-44,3068;"SPRF-MA";"DEL01-MA";"UOP01-DEL01-MA"
181814;2018-12-29;"sábado";"15:00:00";"RO";435;67;"VILHENA";"Falta de Atenção à Condução";"Colisão frontal";"Sem Vítimas";"Pleno dia";"Decrescente";"Garoa/Chuvisco";"Simples";"Reta";"Não";6;0;0;0;6;0;0;2;-13,095956;-60,376038;"SPRF-RO";"DEL04-RO";"UOP02-DEL04-RO"
181815;2018-12-29;"sábado";"15:40:00";"GO";60;20,5;"ALEXANIA";"Falta de Atenção à Condução";"Capotamento";"Com Vítimas Feridas";"Pleno dia";"Decrescente";"Céu Claro";"Dupla";"Curva";"Não";1;0;1;0;0;0;1;1;-16,0963;-48,5202;"SPRF-DF";"DEL01-DF";"UOP01-DEL03-DF"
181816;2018-12-29;"sábado";"16:15:00";"MG";262;583,9;"CAMPOS ALTOS";"Velocidade Incompatível";"Saída de leito carroçável";"Com Vítimas Fatais";"Pleno dia";"Decrescente";"Chuva";"Simples";"Declive;Curva";"Não";4;1;2;1;0;0;3;1;-19,648819;-46,071289;"SPRF-MG";"DEL08-MG";"UOP02-DEL08-MG"
181817;2018-12-29;"sábado";"21:05:00";"PR";476;114;"COLOMBO";"Falta de Atenção à Condução";"Colisão frontal";"Com Vítimas Feridas";"Plena Noite";"Decrescente";"Nublado";"Simples";"Reta";"Não";4;0;3;0;1;0;3;2;-25,33813058;-49,15781021;"SPRF-PR";"DEL01-PR";"UOP01-DEL01-PR"
181818;2018-12-29;"sábado";"18:30:00";"BA";324;472,4;"TANQUINHO";"Ultrapassagem Indevida";"Colisão lateral";"Com Vítimas Feridas";"Pleno dia";"Decrescente";"Céu Claro";"Simples";"Reta";"Não";4;0;2;0;2;0;2;2;-11,96989311;-39,13239512;"SPRF-BA";"DEL02-BA";"UOP01-DEL02-BA"
181821;2018-12-29;"sábado";"20:46:00";"SP";101;44,9;"UBATUBA";"Desobediência às normas de trânsito pelo condutor";"Colisão frontal";"Com Vítimas Feridas";"Plena Noite";"Crescente";"Céu Claro";"Simples";"Reta";"Sim";3;0;1;2;0;0;3;2;-23,41970473;-45,06943887;"SPRF-SP";"DEL06-SP";"UOP01-DEL06-SP"
181823;2018-12-29;"sábado";"21:20:00";"RJ";101;113;"CAMPOS DOS GOYTACAZES";"Falta de Atenção à Condução";"Colisão traseira";"Com Vítimas Feridas";"Plena Noite";"Decrescente";"Céu Claro";"Dupla";"Retorno Regulamentado";"Não";2;0;0;1;1;0;1;2;-21,97859;-41,655983;"SPRF-RJ";"DEL08-RJ";"UOP02-DEL08-RJ"
181825;2018-12-29;"sábado";"20:30:00";"BA";324;365,8;"SAO JOSE DO JACUIPE";"Falta de Atenção à Condução";"Colisão traseira";"Com Vítimas Feridas";"Plena Noite";"Crescente";"Nublado";"Simples";"Reta";"Não";2;0;1;0;1;0;1;2;-11,421573;-39,897583;"SPRF-BA";"DEL04-BA";"UOP02-DEL04-BA"
181826;2018-12-29;"sábado";"20:50:00";"RS";285;95,7;"VACARIA";"Desobediência às normas de trânsito pelo condutor";"Colisão frontal";"Com Vítimas Feridas";"Plena Noite";"Decrescente";"Céu Claro";"Simples";"Declive;Reta";"Não";7;0;5;2;0;0;7;2;-28,59857;-50,732716;"SPRF-RS";"DEL05-RS";"UOP03-DEL05-RS"
181828;2018-12-29;"sábado";"22:00:00";"PR";277;24,3;"MORRETES";"Falta de Atenção à Condução";"Saída de leito carroçável";"Sem Vítimas";"Plena Noite";"Crescente";"Céu Claro";"Dupla";"Reta";"Não";1;0;0;0;0;1;0;1;-25,530619;-48,748801;"SPRF-PR";"DEL01-PR";"UOP05-DEL01-PR"
181829;2018-12-29;"sábado";"21:50:00";"PR";277;723,4;"FOZ DO IGUACU";"Ingestão de Álcool";"Saída de leito carroçável";"Sem Vítimas";"Plena Noite";"Decrescente";"Nublado";"Dupla";"Reta";"Sim";1;0;0;0;0;1;0;1;-25,498783;-54,529865;"SPRF-PR";"DEL05-PR";"UOP01-DEL05-PR"
181830;2018-11-04;"domingo";"05:20:00";"CE";20;407;"CAUCAIA";"Desobediência às normas de trânsito pelo condutor";"Colisão com objeto estático";"Com Vítimas Fatais";"Amanhecer";"Crescente";"Céu Claro";"Dupla";"Reta";"Não";3;1;0;2;0;0;2;1;-3,790682;-38,651175;"SPRF-CE";"DEL01-CE";"UOP01-DEL01-CE"
181832;2018-12-29;"sábado";"21:15:00";"MG";50;66;"UBERLANDIA";"Falta de Atenção do Pedestre";"Atropelamento de Pedestre";"Com Vítimas Feridas";"Plena Noite";"Crescente";"Céu Claro";"Dupla";"Reta";"Não";3;0;0;1;1;1;1;2;-18,8726;-48,2572;"SPRF-MG";"DEL15-MG";"UOP01-DEL15-MG"
181833;2018-12-29;"sábado";"22:10:00";"PR";272;368,4;"CAMPO MOURAO";"Falta de Atenção à Condução";"Queda de ocupante de veículo";"Com Vítimas Feridas";"Plena Noite";"Decrescente";"Céu Claro";"Dupla";"Reta";"Sim";2;0;0;1;0;1;1;1;-24,054752;-52,410614;"SPRF-PR";"DEL04-PR";"UOP03-DEL09-PR"
181835;2018-12-29;"sábado";"22:30:00";"RJ";116;255;"PIRAI";"Falta de Atenção do Pedestre";"Atropelamento de Pedestre";"Com Vítimas Fatais";"Plena Noite";"Decrescente";"Céu Claro";"Dupla";"Reta";"Não";2;1;0;0;1;0;0;2;-22,624538;-43,917652;"SPRF-RJ";"DEL07-RJ";"UOP02-DEL07-RJ"
181836;2018-12-29;"sábado";"22:30:00";"MG";251;513;"FRANCISCO SA";"Restrição de Visibilidade";"Colisão com objeto estático";"Com Vítimas Feridas";"Plena Noite";"Crescente";"Chuva";"Simples";"Reta";"Não";1;0;1;0;0;0;1;1;-16,6556;-43,7194;"SPRF-MG";"DEL12-MG";"UOP01-DEL12-MG"
181837;2018-12-29;"sábado";"19:30:00";"MG";116;607,8;"MANHUACU";"Velocidade Incompatível";"Colisão frontal";"Com Vítimas Fatais";"Pleno dia";"Decrescente";"Nublado";"Simples";"Reta";"Não";4;1;0;1;1;1;1;3;-20,38292898;-42,14698792;"SPRF-MG";"DEL07-MG";"UOP03-DEL07-MG"
181840;2018-12-29;"sábado";"22:30:00";"MG";40;439,9;"PARAOPEBA";"Pista Escorregadia";"Saída de leito carroçável";"Sem Vítimas";"Plena Noite";"Crescente";"Chuva";"Dupla";"Reta";"Não";1;0;0;0;0;1;0;1;-19,2666;-44,4202;"SPRF-MG";"DEL02-MG";"UOP01-DEL02-MG"
181841;2018-12-29;"sábado";"22:50:00";"MG";381;526,2;"BRUMADINHO";"Velocidade Incompatível";"Capotamento";"Com Vítimas Feridas";"Plena Noite";"Crescente";"Chuva";"Dupla";"Curva";"Não";3;0;1;0;2;0;1;1;-20,1586;-44,3295;"SPRF-MG";"DEL04-MG";"UOP03-DEL04-MG"
181843;2018-12-29;"sábado";"23:15:00";"SP";116;225;"GUARULHOS";"Ingestão de álcool e/ou substâncias psicoativas pelo pedestre";"Colisão com objeto estático";"Com Vítimas Feridas";"Plena Noite";"Decrescente";"Céu Claro";"Múltipla";"Curva";"Sim";1;0;1;0;0;0;1;1;-23,48702099;-46,54231399;"SPRF-SP";"DEL01-SP";"UOP01-DEL01-SP"
181844;2018-12-29;"sábado";"22:00:00";"MS";163;615,7;"SAO GABRIEL DO OESTE";"Desobediência às normas de trânsito pelo condutor";"Colisão transversal";"Sem Vítimas";"Plena Noite";"Crescente";"Nublado";"Simples";"Reta";"Sim";4;0;0;0;4;0;0;2;-19,389423;-54,5714;"SPRF-MS";"DEL06-MS";"UOP02-DEL06-MS"
181845;2018-12-29;"sábado";"21:30:00";"AL";104;87;"RIO LARGO";"Ingestão de Álcool";"Colisão traseira";"Com Vítimas Feridas";"Plena Noite";"Crescente";"Céu Claro";"Dupla";"Reta";"Sim";3;0;1;0;2;0;1;2;-9,47297918;-35,82233906;"SPRF-AL";"DEL01-AL";"UOP01-DEL01-AL"
181846;2018-12-29;"sábado";"20:26:00";"MA";316;258;"SANTA INES";"Velocidade Incompatível";"Colisão traseira";"Com Vítimas Feridas";"Plena Noite";"Decrescente";"Nublado";"Simples";"Interseção de Vias";"Não";3;0;1;0;2;0;1;2;-3,657972;-45,407597;"SPRF-MA";"DEL02-MA";"UI04-DEL02-MA"
181847;2018-12-29;"sábado";"22:20:00";"RS";285;335;"CARAZINHO";"Desobediência às normas de trânsito pelo condutor";"Colisão transversal";"Com Vítimas Feridas";"Plena Noite";"Decrescente";"Céu Claro";"Simples";"Reta";"Sim";2;0;1;0;1;0;1;2;-28,31254181;-52,79205322;"SPRF-RS";"DEL08-RS";"UOP03-DEL08-RS"
181848;2018-12-29;"sábado";"23:00:00";"PR";277;11,5;"PARANAGUA";"Falta de Atenção à Condução";"Queda de ocupante de veículo";"Com Vítimas Feridas";"Plena Noite";"Crescente";"Nublado";"Dupla";"Reta;Interseção de Vias";"Não";2;0;1;0;1;0;1;1;-25,56176172;-48,64209652;"SPRF-PR";"DEL01-PR";"UOP05-DEL01-PR"
181849;2018-12-29;"sábado";"22:43:00";"PA";316;61,1;"CASTANHAL";"Desobediência às normas de trânsito pelo condutor";"Colisão transversal";"Com Vítimas Feridas";"Plena Noite";"Decrescente";"Céu Claro";"Dupla";"Reta";"Sim";3;0;0;2;1;0;2;2;-1,296296;-47,919842;"SPRF-PA";"DEL01-PA";"UOP01-DEL01-PA"
181850;2018-12-29;"sábado";"23:20:00";"DF";20;21,3;"BRASILIA";"Ingestão de Álcool";"Colisão traseira";"Com Vítimas Feridas";"Plena Noite";"Crescente";"Nublado";"Dupla";"Reta";"Sim";2;0;1;0;1;0;1;2;-15,603384;-47,684692;"SPRF-DF";"DEL02-DF";"UOP01-DEL02-DF"
181851;2018-12-29;"sábado";"23:00:00";"TO";153;411;"MIRANORTE";"Falta de Atenção à Condução";"Queda de ocupante de veículo";"Com Vítimas Feridas";"Plena Noite";"Crescente";"Céu Claro";"Dupla";"Curva";"Sim";1;0;1;0;0;0;1;1;-9,507273;-48,588051;"SPRF-TO";"DEL02-TO";"UOP02-DEL02-TO"
181852;2018-12-29;"sábado";"22:00:00";"PE";232;73,9;"GRAVATA";"Desobediência às normas de trânsito pelo condutor";"Capotamento";"Com Vítimas Feridas";"Plena Noite";"Crescente";"Céu Claro";"Dupla";"Reta";"Não";3;0;2;0;1;0;2;2;-8,187141;-35,501026;"SPRF-PE";"DEL01-PE";"UOP02-DEL02PE"
181853;2018-12-29;"sábado";"23:50:00";"RS";101;11;"DOM PEDRO DE ALCANTARA";"Velocidade Incompatível";"Colisão traseira";"Com Vítimas Feridas";"Plena Noite";"Crescente";"Céu Claro";"Dupla";"Reta";"Não";4;0;0;1;3;0;1;2;-29,379953;-49,829617;"SPRF-RS";"DEL03-RS";"DEL9/3-UOP03/RS"
181856;2018-12-30;"domingo";"00:20:00";"SP";116;295;"ITAPECERICA DA SERRA";"Ingestão de Álcool";"Colisão traseira";"Com Vítimas Feridas";"Plena Noite";"Crescente";"Nevoeiro/Neblina";"Dupla";"Reta";"Sim";6;0;1;0;3;2;1;2;-23,75716804;-46,90261516;"SPRF-SP";"DEL04-SP";"UOP01-DEL04-SP"
181857;2018-12-30;"domingo";"00:50:00";"DF";20;21,8;"BRASILIA";"Ingestão de Álcool";"Colisão traseira";"Com Vítimas Feridas";"Plena Noite";"Decrescente";"Céu Claro";"Dupla";"Reta";"Sim";2;0;1;0;1;0;1;2;-15,603384;-47,684692;"SPRF-DF";"DEL02-DF";"UOP01-DEL02-DF"
181858;2018-12-30;"domingo";"00:55:00";"SC";101;148;"ITAPEMA";"Mal Súbito";"Tombamento";"Com Vítimas Feridas";"Plena Noite";"Decrescente";"Céu Claro";"Dupla";"Reta";"Sim";1;0;1;0;0;0;1;1;-27,109;-48,6126;"SPRF-SC";"DEL04-SC";"UOP03-DEL04-SC"
181859;2018-12-30;"domingo";"00:25:00";"AL";316;158,2;"PALMEIRA DOS INDIOS";"Ingestão de Álcool";"Colisão frontal";"Sem Vítimas";"Plena Noite";"Crescente";"Céu Claro";"Simples";"Reta";"Não";4;0;0;0;4;0;0;2;-9,433344;-36,613235;"SPRF-AL";"DEL03-AL";"UOP01-DEL03-AL"
181861;2018-12-30;"domingo";"00:50:00";"MG";116;585,7;"MANHUACU";"Falta de Atenção à Condução";"Tombamento";"Com Vítimas Feridas";"Plena Noite";"Decrescente";"Nublado";"Simples";"Declive";"Não";2;0;1;1;0;0;2;1;-20,2216101;-42,17960358;"SPRF-MG";"DEL06-MG";"UOP03-DEL06-MG"
181863;2018-12-30;"domingo";"01:30:00";"PR";487;168,5;"CAMPO MOURAO";"Ingestão de Álcool";"";"Com Vítimas Feridas";"Plena Noite";"Decrescente";"Céu Claro";"Simples";"Aclive";"Não";2;0;1;0;1;0;1;1;-24,03597509;-52,41823375;"SPRF-PR";"DEL04-PR";"UOP03-DEL09-PR"
181864;2018-12-29;"sábado";"23:20:00";"MA";10;252;"IMPERATRIZ";"Não guardar distância de segurança";"Colisão traseira";"Sem Vítimas";"Plena Noite";"Crescente";"Chuva";"Simples";"Curva";"Não";2;0;0;0;2;0;0;2;-5,53562;-47,469585;"SPRF-MA";"DEL04-MA";"UOP01-DEL04-MA"
181866;2018-12-30;"domingo";"02:20:00";"ES";101;257;"SERRA";"Falta de Atenção à Condução";"Colisão traseira";"Com Vítimas Feridas";"Plena Noite";"Crescente";"Chuva";"Dupla";"Reta";"Sim";2;0;1;0;0;1;1;2;-20,12441341;-40,30351823;"SPRF-ES";"DEL02-ES";"UOP01-DEL02-ES"
181868;2018-12-30;"domingo";"00:50:00";"RJ";101;532;"ANGRA DOS REIS";"Desobediência às normas de trânsito pelo condutor";"Colisão transversal";"Com Vítimas Feridas";"Plena Noite";"Decrescente";"Céu Claro";"Simples";"Interseção de Vias";"Sim";4;0;0;1;1;2;1;3;-23,02192003;-44,53548431;"SPRF-RJ";"DEL03-RJ";"UOP02-DEL03-RJ"
181869;2018-12-30;"domingo";"02:00:00";"SP";116;412,1;"JUQUIA";"Falta de Atenção à Condução";"Colisão traseira";"Com Vítimas Feridas";"Plena Noite";"Decrescente";"Céu Claro";"Dupla";"Reta";"Não";6;0;3;0;3;0;3;2;-24,33239469;-47,60684967;"SPRF-SP";"DEL05-SP";"UOP01-DEL05-SP"
181870;2018-12-30;"domingo";"03:05:00";"PR";277;727,5;"FOZ DO IGUACU";"Desobediência às normas de trânsito pelo pedestre";"Atropelamento de Pedestre";"Com Vítimas Feridas";"Plena Noite";"Decrescente";"Céu Claro";"Dupla";"Reta";"Sim";2;0;1;1;0;0;2;2;-25,50851702;-54,58132267;"SPRF-PR";"DEL05-PR";"UOP03-DEL05-PR"
181871;2018-12-30;"domingo";"03:00:00";"MG";365;106;"JEQUITAI";"Condutor Dormindo";"Colisão frontal";"Com Vítimas Feridas";"Plena Noite";"Decrescente";"Nublado";"Simples";"Reta";"Não";6;0;2;2;2;0;4;2;-17,207939;-44,578037;"SPRF-MG";"DEL12-MG";"UOP01-DEL12-MG"
181872;2018-12-30;"domingo";"03:40:00";"MG";262;355;"BETIM";"Ingestão de álcool e/ou substâncias psicoativas pelo pedestre";"Atropelamento de Pedestre";"Com Vítimas Feridas";"Plena Noite";"Crescente";"Nublado";"Dupla";"Curva";"Sim";3;0;1;0;1;1;1;2;-19,9826;-44,2321;"SPRF-MG";"DEL01-MG";"UOP03-DEL01-MG"