"id";"data_inversa";"dia_semana";"horario";"uf";"br";"km";"municipio";"causa_acidente";"tipo_acidente";"classificacao_acidente";"fase_dia";"sentido_via";"condicao_metereologica";"tipo_pista";"tracado_via";"uso_solo";"pessoas";"mortos";"feridos_leves";"feridos_graves";"ilesos";"ignorados";"feridos";"veiculos";"latitude";"longitude";"regional";"delegacia";"uop"
181873;2018-12-30;"domingo";"03:15:00";"SE";101;182;"UMBAUBA";"Ingestão de Álcool";"Queda de ocupante de veículo";"Com Vítimas Feridas";"Plena Noite";"Crescente";"Céu Claro";"Simples";"Reta";"Sim";1;0;1;0;0;0;1;1;-11,372578;-37,65359;"SPRF-SE";"DEL02-SE";"UOP03-DEL02-SE"
181874;2018-12-30;"domingo";"04:00:00";"GO";153;496;"GOIANIA";"Falta de Atenção à Condução";"Colisão com objeto estático";"Sem Vítimas";"Plena Noite";"Decrescente";"Céu Claro";"Dupla";"Viaduto";"Sim";1;0;0;0;1;0;0;1;-16,6776;-49,2314;"SPRF-GO";"DEL01-GO";"UOP01-DEL01-GO"
181875;2018-12-30;"domingo";"03:50:00";"MG";116;116;"ITAOBIM";"Animais na Pista";"Atropelamento de Animal";"Com Vítimas Feridas";"Plena Noite";"Crescente";"Nublado";"Simples";"Reta";"Sim";1;0;0;1;0;0;1;1;-16,57335178;-41,50428772;"SPRF-MG";"DEL11-MG";"UOP02-DEL11-MG"
181876;2018-12-30;"domingo";"01:50:00";"PE";232;147;"SAO CAITANO";"Animais na Pista";"Atropelamento de Animal";"Com Vítimas Feridas";"Plena Noite";"Decrescente";"Céu Claro";"Dupla";"Aclive";"Sim";1;0;0;1;0;0;1;1;-8,329969;-36,145531;"SPRF-PE";"DEL02-PE";"UOP03-DEL02-PE"
181879;2018-12-09;"domingo";"11:20:00";"DF";60;22,7;"BRASILIA";"Defeito Mecânico no Veículo";"Capotamento";"Com Vítimas Feridas";"Pleno dia";"Crescente";"Céu Claro";"Dupla";"Curva";"Não";5;0;3;0;2;0;3;1;-15,984106;-48,215378;"SPRF-DF";"DEL01-DF";"UOP01-DEL03-DF"
181880;2018-12-30;"domingo";"04:00:00";"PR";163;8;"BARRACAO";"Ingestão de Álcool";"Colisão frontal";"Com Vítimas Feridas";"Plena Noite";"Decrescente";"Céu Claro";"Dupla";"Reta";"Sim";6;0;1;0;5;0;1;2;-26,257;-53,6211;"SPRF-PR";"DEL02-PR";"UOP02-DEL02-PR"
181881;2018-12-30;"domingo";"04:45:00";"AL";424;102,7;"MARECHAL DEODORO";"Falta de Atenção à Condução";"Saída de leito carroçável";"Com Vítimas Feridas";"Amanhecer";"Crescente";"Vento";"Simples";"Rotatória";"Não";2;0;1;0;1;0;1;1;-9,703379;-35,809669;"SPRF-AL";"DEL02-AL";"UOP01-DEL02-AL"
181882;2018-12-30;"domingo";"05:40:00";"RS";290;28,1;"SANTO ANTONIO DA PATRULHA";"Condutor Dormindo";"Capotamento";"Com Vítimas Feridas";"Amanhecer";"Decrescente";"Céu Claro";"Dupla";"Reta";"Não";1;0;0;1;0;0;1;1;-29,88299;-50,536243;"SPRF-RS";"DEL03-RS";"UOP02-DEL03-RS"
181883;2018-12-30;"domingo";"05:40:00";"RJ";116;67,9;"TERESOPOLIS";"Falta de Atenção à Condução";"Tombamento";"Com Vítimas Feridas";"Amanhecer";"Crescente";"Nublado";"Simples";"Reta";"Não";1;0;1;0;0;0;1;1;-22,293701;-42,93354;"SPRF-RJ";"DEL04-RJ";"UOP01-DEL04-RJ"
181884;2018-12-30;"domingo";"05:43:00";"SP";116;116,1;"TAUBATE";"Animais na Pista";"Atropelamento de Animal";"Com Vítimas Feridas";"Amanhecer";"Crescente";"Nublado";"Dupla";"Reta";"Não";6;0;1;0;5;0;1;1;-23,053757;-45,608791;"SPRF-SP";"DEL06-SP";"UOP02-DEL02-SP"
181885;2018-12-30;"domingo";"03:40:00";"PR";153;62,2;"GUAPIRAMA";"Falta de Atenção à Condução";"Saída de leito carroçável";"Com Vítimas Feridas";"Plena Noite";"Crescente";"Céu Claro";"Simples";"Curva";"Não";3;0;1;2;0;0;3;1;-23,45707;-50,102248;"SPRF-PR";"DEL07-PR";"UOP04-DEL07-PR"
181886;2018-12-30;"domingo";"05:10:00";"PI";135;253;"ALVORADA DO GURGUEIA";"Defeito na Via";"Saída de leito carroçável";"Com Vítimas Feridas";"Amanhecer";"Crescente";"Nublado";"Simples";"Reta";"Não";6;0;2;0;4;0;2;1;-8,395143;-43,854801;"SPRF-PI";"DEL03-PI";"UOP02-DEL03-PI"
181887;2018-12-30;"domingo";"06:00:00";"SC";280;25,3;"ARAQUARI";"Ingestão de Álcool";"Atropelamento de Pedestre";"Com Vítimas Feridas";"Amanhecer";"Decrescente";"Nublado";"Simples";"Reta";"Sim";2;0;0;1;1;0;1;2;-26,410728;-48,75304;"SPRF-SC";"DEL03-SC";"UOP03-DEL03-SC"
181888;2018-12-30;"domingo";"06:55:00";"SP";116;143,6;"SAO JOSE DOS CAMPOS";"Condutor Dormindo";"Colisão lateral";"Com Vítimas Feridas";"Pleno dia";"Decrescente";"Céu Claro";"Dupla";"Reta";"Sim";3;0;1;0;2;0;1;2;-23,18029017;-45,84134459;"SPRF-SP";"DEL02-SP";"UOP01-DEL02-SP"
181889;2018-12-30;"domingo";"05:00:00";"AM";174;989;"PRESIDENTE FIGUEIREDO";"Desobediência às normas de trânsito pelo condutor";"Colisão frontal";"Com Vítimas Feridas";"Amanhecer";"Crescente";"Nublado";"Simples";"Declive";"Sim";3;0;0;2;0;1;2;2;-2,05090462;-60,02524137;"SPRF-AM";"DEL01-AM";"UOP02-DEL01-AM"
181890;2018-12-30;"domingo";"05:00:00";"SC";282;84,4;"ALFREDO WAGNER";"Condutor Dormindo";"Saída de leito carroçável";"Com Vítimas Feridas";"Amanhecer";"Crescente";"Chuva";"Simples";"Curva";"Não";1;0;0;1;0;0;1;1;-27,666992;-49,183552;"SPRF-SC";"DEL01-SC";"UOP03-DEL01-SC"
181891;2018-12-30;"domingo";"07:00:00";"SC";101;302,4;"LAGUNA";"Ingestão de Álcool";"Colisão traseira";"Com Vítimas Feridas";"Pleno dia";"Crescente";"Céu Claro";"Dupla";"Reta";"Sim";3;0;1;0;2;0;1;2;-28,37764778;-48,76497388;"SPRF-SC";"DEL02-SC";"UOP03-DEL02-SC"
181893;2018-12-30;"domingo";"07:00:00";"SC";101;211,8;"PALHOCA";"Falta de Atenção à Condução";"Colisão com objeto estático";"Com Vítimas Feridas";"Pleno dia";"Decrescente";"Céu Claro";"Dupla";"Reta";"Não";3;0;2;0;1;0;2;1;-27,6301;-48,659;"SPRF-SC";"DEL01-SC";"UOP02-DEL01-SC"
181894;2018-12-30;"domingo";"06:35:00";"BA";116;670,1;"JEQUIE";"Velocidade Incompatível";"Saída de leito carroçável";"Com Vítimas Fatais";"Pleno dia";"Crescente";"Céu Claro";"Simples";"Interseção de Vias";"Não";4;1;1;2;0;0;3;1;-13,836;-40,105;"SPRF-BA";"DEL03-BA";"UOP01-DEL03-BA"
181895;2018-12-30;"domingo";"07:05:00";"DF";40;0,8;"BRASILIA";"Falta de Atenção à Condução";"Colisão lateral";"Com Vítimas Feridas";"Pleno dia";"Decrescente";"Céu Claro";"Dupla";"Reta";"Não";2;0;2;0;0;0;2;2;-15,976897;-47,990129;"SPRF-DF";"DEL01-DF";"UOP01-DEL01-DF"
181896;2018-12-29;"sábado";"23:10:00";"MG";381;316;"NOVA ERA";"Velocidade Incompatível";"Capotamento";"Com Vítimas Feridas";"Plena Noite";"Decrescente";"Chuva";"Simples";"Curva";"Não";1;0;1;0;0;0;1;1;-19,7609;-43,0306;"SPRF-MG";"DEL03-MG";"UOP02-DEL03-MG"
181897;2018-12-30;"domingo";"07:00:00";"PR";376;381,9;"IMBAU";"Defeito Mecânico no Veículo";"Saída de leito carroçável";"Sem Vítimas";"Pleno dia";"Decrescente";"Céu Claro";"Simples";"Declive;Curva";"Não";1;0;0;0;1;0;0;1;-24,41782;-50,777203;"SPRF-PR";"DEL03-PR";"UOP02-DEL03-PR"
181899;2018-12-30;"domingo";"05:30:00";"MG";365;454,5;"PATROCINIO";"Condutor Dormindo";"Colisão frontal";"Com Vítimas Feridas";"Plena Noite";"Crescente";"Chuva";"Simples";"Reta";"Não";9;0;0;9;0;0;9;2;-18,84;-46,851;"SPRF-MG";"DEL10-MG";"UOP01-DEL10-MG"
181900;2018-12-30;"domingo";"05:40:00";"SC";282;246;"SAO JOSE DO CERRITO";"Ingestão de Álcool";"Colisão transversal";"Com Vítimas Feridas";"Amanhecer";"Decrescente";"Céu Claro";"Simples";"Curva";"Não";6;0;2;0;4;0;2;2;-27,727213;-50,529724;"SPRF-SC";"DEL05-SC";"UOP02-DEL05-SC"
181902;2018-12-30;"domingo";"07:50:00";"RS";290;17;"SANTO ANTONIO DA PATRULHA";"Falta de Atenção à Condução";"Capotamento";"Com Vítimas Feridas";"Pleno dia";"Decrescente";"Céu Claro";"Dupla";"Reta";"Não";2;0;2;0;0;0;2;1;-29,876266;-50,426552;"SPRF-RS";"DEL03-RS";"UOP02-DEL03-RS"
181903;2018-12-30;"domingo";"06:10:00";"RJ";101;511;"ANGRA DOS REIS";"Condutor Dormindo";"Colisão traseira";"Com Vítimas Feridas";"Pleno dia";"Crescente";"Céu Claro";"Simples";"Reta";"Sim";3;0;2;0;1;0;2;2;-22,96792948;-44,44055557;"SPRF-RJ";"DEL03-RJ";"UOP02-DEL03-RJ"
181905;2018-12-30;"domingo";"08:40:00";"SP";116;68,7;"APARECIDA";"Não guardar distância de segurança";"Colisão lateral";"Com Vítimas Feridas";"Pleno dia";"Crescente";"Sol";"Dupla";"Curva";"Sim";3;0;2;0;1;0;2;2;-22,83787537;-45,22300959;"SPRF-SP";"DEL08-SP";"UOP01-DEL08-SP"
181906;2018-12-30;"domingo";"05:00:00";"PR";476;301,5;"SAO MATEUS DO SUL";"Não guardar distância de segurança";"Colisão traseira";"Sem Vítimas";"Amanhecer";"Crescente";"Céu Claro";"Simples";"Reta";"Não";1;0;0;0;0;1;0;1;-25,994148;-50,580643;"SPRF-PR";"DEL02-PR";"UOP04-DEL02-PR"
181908;2018-12-30;"domingo";"08:55:00";"PR";376;661,6;"TIJUCAS DO SUL";"Velocidade Incompatível";"Colisão traseira";"Com Vítimas Feridas";"Pleno dia";"Crescente";"Céu Claro";"Dupla";"Reta";"Não";7;0;1;0;6;0;1;3;-25,85458928;-48,98529053;"SPRF-PR";"DEL01-PR";"DEL7/1-UOP08/PR"
181909;2018-12-30;"domingo";"08:20:00";"SC";101;315;"LAGUNA";"Falta de Atenção à Condução";"Capotamento";"Com Vítimas Feridas";"Pleno dia";"Decrescente";"Céu Claro";"Dupla";"Ponte";"Não";1;0;1;0;0;0;1;1;-28,429;-48,8427;"SPRF-SC";"DEL02-SC";"UOP01-DEL02-SC"
181910;2018-12-30;"domingo";"05:20:00";"RS";392;50,5;"RIO GRANDE";"Ingestão de Álcool";"Saída de leito carroçável";"Com Vítimas Fatais";"Amanhecer";"Crescente";"Céu Claro";"Dupla";"Reta";"Não";2;2;0;0;0;0;0;1;-31,8787604;-52,32129154;"SPRF-RS";"DEL07-RS";"UOP02-DEL07-RS"
181912;2018-12-30;"domingo";"08:00:00";"MG";381;304;"ANTONIO DIAS";"Velocidade Incompatível";"Capotamento";"Com Vítimas Feridas";"Pleno dia";"Decrescente";"Nublado";"Simples";"Curva";"Não";4;0;3;0;1;0;3;1;-19,6330486;-42,89852142;"SPRF-MG";"DEL03-MG";"UOP02-DEL03-MG"
181913;2018-12-30;"domingo";"08:15:00";"RN";101;96;"NATAL";"Falta de Atenção à Condução";"Colisão com objeto estático";"Com Vítimas Feridas";"Pleno dia";"Crescente";"Céu Claro";"Múltipla";"Reta";"Sim";1;0;1;0;0;0;1;1;-5,849496;-35,208908;"SPRF-RN";"DEL01-RN";"UOP01-DEL01-RN"
181914;2018-12-30;"domingo";"09:15:00";"SC";101;211,8;"PALHOCA";"Desobediência às normas de trânsito pelo condutor";"Colisão transversal";"Com Vítimas Feridas";"Pleno dia";"Decrescente";"Céu Claro";"Dupla";"Reta";"Sim";2;0;1;0;1;0;1;2;-27,6301;-48,659;"SPRF-SC";"DEL01-SC";"UOP02-DEL01-SC"
181915;2018-12-30;"domingo";"08:15:00";"BA";242;775;"BARREIRAS";"Velocidade Incompatível";"Saída de leito carroçável";"Com Vítimas Fatais";"Pleno dia";"Crescente";"Chuva";"Simples";"Reta";"Não";2;1;1;0;0;0;1;1;-12,16704055;-44,86521363;"SPRF-BA";"DEL10-BA";"UOP01-DEL10-BA"
181916;2018-12-30;"domingo";"08:25:00";"RN";101;96;"NATAL";"Desobediência às normas de trânsito pelo condutor";"Colisão traseira";"Com Vítimas Feridas";"Pleno dia";"Crescente";"Céu Claro";"Múltipla";"Reta";"Sim";3;0;1;0;2;0;1;2;-5,849496;-35,208908;"SPRF-RN";"DEL01-RN";"UOP01-DEL01-RN"
181917;2018-12-30;"domingo";"06:00:00";"RJ";393;188;"PARAIBA DO SUL";"Falta de Atenção à Condução";"Colisão frontal";"Com Vítimas Feridas";"Amanhecer";"Crescente";"Céu Claro";"Simples";"Reta";"Não";2;0;0;1;1;0;1;2;-22,145863;-43,292759;"SPRF-RJ";"DEL05-RJ";"UOP03-DEL05-RJ"
181918;2018-12-30;"domingo";"07:15:00";"PR";376;347;"ORTIGUEIRA";"Desobediência às normas de trânsito pelo condutor";"Queda de ocupante de veículo";"Com Vítimas Feridas";"Pleno dia";"Decrescente";"Céu Claro";"Simples";"Curva;Aclive";"Não";1;0;1;0;0;0;1;1;-24,18983732;-50,95991135;"SPRF-PR";"DEL07-PR";"UOP02-DEL07-PR"
181919;2018-12-30;"domingo";"07:30:00";"RO";364;239,1;"CACOAL";"Desobediência às normas de trânsito pelo condutor";"Colisão transversal";"Com Vítimas Feridas";"Pleno dia";"Crescente";"Nublado";"Simples";"Reta;Rotatória";"Sim";3;0;2;0;1;0;2;2;-11,434251;-61,462673;"SPRF-RO";"DEL02-RO";"UOP02-DEL02-RO"
181920;2018-12-30;"domingo";"09:40:00";"SC";101;199;"BIGUACU";"Falta de Atenção à Condução";"Colisão traseira";"Com Vítimas Feridas";"Pleno dia";"Decrescente";"Sol";"Dupla";"Reta";"Sim";5;0;2;0;3;0;2;3;-27,5402;-48,6226;"SPRF-SC";"DEL01-SC";"UOP01-DEL01-SC"
181921;2018-12-30;"domingo";"08:40:00";"RN";101;96,5;"NATAL";"Pista Escorregadia";"Tombamento";"Com Vítimas Feridas";"Pleno dia";"Crescente";"Céu Claro";"Dupla";"Declive;Curva";"Sim";1;0;1;0;0;0;1;1;-5,849496;-35,208908;"SPRF-RN";"DEL01-RN";"UOP01-DEL01-RN"
181922;2018-12-30;"domingo";"08:50:00";"MT";163;858;"SINOP";"Ultrapassagem Indevida";"Colisão frontal";"Com Vítimas Feridas";"Pleno dia";"Crescente";"Céu Claro";"Simples";"Reta";"Não";6;0;0;5;0;1;5;2;-11,67913489;-55,44782639;"SPRF-MT";"DEL06-MT";"UOP02-DEL06-MT"
181923;2018-12-30;"domingo";"09:30:00";"PR";376;429,5;"TIBAGI";"Ultrapassagem Indevida";"Saída de leito carroçável";"Com Vítimas Feridas";"Pleno dia";"Crescente";"Sol";"Simples";"Reta";"Não";3;0;2;0;1;0;2;1;-24,7371653;-50,53813934;"SPRF-PR";"DEL03-PR";"UOP02-DEL03-PR"
181924;2018-12-30;"domingo";"08:35:00";"RS";386;181;"CARAZINHO";"Falta de Atenção à Condução";"Saída de leito carroçável";"Com Vítimas Feridas";"Pleno dia";"Crescente";"Céu Claro";"Simples";"Reta";"Não";5;0;0;5;0;0;5;1;-28,307653;-52,738903;"SPRF-RS";"DEL08-RS";"UOP01-DEL08-RS"
181926;2018-12-30;"domingo";"09:45:00";"PR";277;625;"CEU AZUL";"Falta de Atenção à Condução";"Tombamento";"Com Vítimas Feridas";"Pleno dia";"Crescente";"Céu Claro";"Simples";"Reta";"Não";1;0;1;0;0;0;1;1;-25,10770272;-53,7493068;"SPRF-PR";"DEL05-PR";"UOP02-DEL05-PR"
181927;2018-12-30;"domingo";"10:45:00";"SC";101;199;"BIGUACU";"Não guardar distância de segurança";"Colisão traseira";"Com Vítimas Feridas";"Pleno dia";"Decrescente";"Sol";"Múltipla";"Reta";"Sim";2;0;1;0;1;0;1;2;-27,5350173;-48,62883031;"SPRF-SC";"DEL01-SC";"UOP01-DEL01-SC"
181928;2018-12-30;"domingo";"10:40:00";"PR";376;174;"MARINGA";"Falta de Atenção à Condução";"Colisão traseira";"Com Vítimas Feridas";"Pleno dia";"Decrescente";"Céu Claro";"Dupla";"Reta";"Sim";3;0;1;0;2;0;1;3;-23,411356;-51,940777;"SPRF-PR";"DEL07-PR";"UOP01-DEL09-PR"
181929;2018-12-30;"domingo";"10:55:00";"MG";40;453;"CAETANOPOLIS";"Condutor Dormindo";"Colisão com objeto estático";"Com Vítimas Feridas";"Pleno dia";"Decrescente";"Nublado";"Dupla";"Reta";"Não";3;0;3;0;0;0;3;1;-19,3571;-44,3478;"SPRF-MG";"DEL02-MG";"UOP01-DEL02-MG"
181930;2018-12-30;"domingo";"10:50:00";"GO";153;510;"APARECIDA DE GOIANIA";"Condutor Dormindo";"Tombamento";"Com Vítimas Feridas";"Pleno dia";"Crescente";"Sol";"Dupla";"Reta";"Sim";2;0;2;0;0;0;2;1;-16,7977;-49,2386;"SPRF-GO";"DEL01-GO";"UOP03-DEL01-GO"
181931;2018-12-30;"domingo";"09:40:00";"SC";101;231,4;"PALHOCA";"Falta de Atenção à Condução";"Colisão lateral";"Com Vítimas Feridas";"Pleno dia";"Crescente";"Céu Claro";"Dupla";"Aclive";"Sim";3;0;1;0;2;0;1;2;-27,7937;-48,6383;"SPRF-SC";"DEL01-SC";"UOP02-DEL01-SC"
181932;2018-12-30;"domingo";"10:45:00";"RS";386;187;"SANTO ANTONIO DO PLANALTO";"Mal Súbito";"Saída de leito carroçável";"Com Vítimas Feridas";"Pleno dia";"Decrescente";"Céu Claro";"Simples";"Reta";"Não";3;0;1;0;2;0;1;1;-28,354872;-52,711296;"SPRF-RS";"DEL08-RS";"UOP01-DEL08-RS"
181934;2018-12-30;"domingo";"10:50:00";"RS";116;199;"PICADA CAFE";"Falta de Atenção à Condução";"Colisão transversal";"Com Vítimas Feridas";"Pleno dia";"Crescente";"Céu Claro";"Simples";"Reta";"Sim";2;0;0;1;1;0;1;2;-29,482916;-51,135796;"SPRF-RS";"DEL05-RS";"UOP02-DEL05-RS"
181935;2018-12-30;"domingo";"11:15:00";"SC";470;68,9;"INDAIAL";"Desobediência às normas de trânsito pelo condutor";"Colisão lateral";"Com Vítimas Feridas";"Pleno dia";"Decrescente";"Nublado";"Simples";"Rotatória";"Não";3;0;2;0;1;0;2;2;-26,88377998;-49,2471385;"SPRF-SC";"DEL04-SC";"UOP01-DEL04-SC"
181936;2018-12-30;"domingo";"11:30:00";"MG";40;802,7;"MATIAS BARBOSA";"Falta de Atenção à Condução";"Colisão traseira";"Com Vítimas Feridas";"Pleno dia";"Decrescente";"Céu Claro";"Dupla";"Curva";"Sim";3;0;1;0;2;0;1;2;-21,8523;-43,3802;"SPRF-MG";"DEL05-MG";"UOP01-DEL05-MG"
181939;2018-12-30;"domingo";"07:15:00";"MG";50;116,4;"UBERABA";"Condutor Dormindo";"Saída de leito carroçável";"Com Vítimas Feridas";"Pleno dia";"Crescente";"Nublado";"Dupla";"Curva";"Não";3;0;3;0;0;0;3;1;-19,2841;-48,1206;"SPRF-MG";"DEL13-MG";"UOP01-DEL13-MG"
181940;2018-12-30;"domingo";"11:10:00";"TO";153;333;"GUARAI";"Falta de Atenção à Condução";"Colisão lateral";"Com Vítimas Feridas";"Pleno dia";"Crescente";"Céu Claro";"Dupla";"Reta";"Sim";2;0;1;0;1;0;1;2;-8,826486;-48,512161;"SPRF-TO";"DEL02-TO";"UOP02-DEL02-TO"
181941;2018-12-30;"domingo";"06:20:00";"MG";262;774,6;"UBERABA";"Falta de Atenção à Condução";"Saída de leito carroçável";"Com Vítimas Feridas";"Amanhecer";"Decrescente";"Chuva";"Simples";"Curva";"Não";1;0;0;1;0;0;1;1;-19,685202;-47,676212;"SPRF-MG";"DEL13-MG";"UOP01-DEL13-MG"
181942;2018-12-30;"domingo";"10:30:00";"CE";20;413;"MARACANAU";"Desobediência às normas de trânsito pelo condutor";"Colisão transversal";"Com Vítimas Feridas";"Pleno dia";"Decrescente";"Céu Claro";"Simples";"Reta";"Sim";3;0;2;0;1;0;2;2;-3,81663992;-38,63298297;"SPRF-CE";"DEL01-CE";"UOP01-DEL01-CE"
181943;2018-12-30;"domingo";"11:19:00";"MT";364;266;"SAO PEDRO DA CIPA";"Falta de Atenção à Condução";"Colisão transversal";"Com Vítimas Feridas";"Pleno dia";"Decrescente";"Nublado";"Simples";"Reta";"Sim";2;0;1;0;1;0;1;2;-15,995973;-54,922596;"SPRF-MT";"DEL02-MT";"UOP02-DEL05-MT"
181944;2018-12-30;"domingo";"11:50:00";"MG";365;443,3;"GUIMARANIA";"Falta de Atenção à Condução";"Colisão transversal";"Com Vítimas Feridas";"Pleno dia";"Decrescente";"Nublado";"Simples";"Aclive;Curva";"Não";4;0;2;0;2;0;2;2;-18,80026844;-46,75571702;"SPRF-MG";"DEL10-MG";"UOP01-DEL10-MG"
181945;2018-12-30;"domingo";"11:30:00";"MS";163;261,9;"DOURADOS";"Ingestão de Álcool";"Saída de leito carroçável";"Com Vítimas Feridas";"Pleno dia";"Decrescente";"Céu Claro";"Dupla";"Reta";"Não";1;0;1;0;0;0;1;1;-22,23604534;-54,75821972;"SPRF-MS";"DEL04-MS";"UOP01-DEL04-MS"
181946;2018-12-30;"domingo";"10:30:00";"SC";280;29,4;"ARAQUARI";"Falta de Atenção à Condução";"Colisão transversal";"Com Vítimas Feridas";"Pleno dia";"Crescente";"Céu Claro";"Simples";"Reta";"Sim";3;0;1;0;2;0;1;2;-26,410728;-48,75304;"SPRF-SC";"DEL03-SC";"UOP03-DEL03-SC"
181948;2018-12-30;"domingo";"10:50:00";"MG";40;635,7;"CONSELHEIRO LAFAIETE";"Falta de Atenção à Condução";"Saída de leito carroçável";"Com Vítimas Feridas";"Pleno dia";"Crescente";"Céu Claro";"Simples";"Reta";"Não";1;0;1;0;0;0;1;1;-20,7198;-43,7985;"SPRF-MG";"DEL05-MG";"UOP02-DEL05-MG"
181949;2018-12-30;"domingo";"08:35:00";"BA";324;548,8;"AMELIA RODRIGUES";"Ingestão de álcool e/ou substâncias psicoativas pelo pedestre";"Atropelamento de Pedestre";"Com Vítimas Feridas";"Pleno dia";"Crescente";"Céu Claro";"Dupla";"Reta";"Não";2;0;0;1;1;0;1;2;-12,43925866;-38,72406006;"SPRF-BA";"DEL01-BA";"UOP01-DEL01-BA"
181950;2018-12-30;"domingo";"11:55:00";"ES";101;383,7;"RIO NOVO DO SUL";"Velocidade Incompatível";"Colisão com objeto estático";"Sem Vítimas";"Pleno dia";"Decrescente";"Céu Claro";"Simples";"Curva";"Não";1;0;0;0;1;0;0;1;-20,8287577;-40,8569264;"SPRF-ES";"DEL03-ES";"UOP01-DEL03-ES"
181953;2018-12-30;"domingo";"10:55:00";"SC";101;84,7;"BARRA VELHA";"Falta de Atenção à Condução";"Colisão traseira";"Sem Vítimas";"Pleno dia";"Decrescente";"Céu Claro";"Dupla";"Interseção de Vias";"Sim";2;0;0;0;2;0;0;2;-26,6321;-48,703;"SPRF-SC";"DEL03-SC";"UOP02-DEL03-SC"
181954;2018-12-30;"domingo";"12:50:00";"SP";101;1,1;"UBATUBA";"Falta de Atenção à Condução";"Colisão transversal";"Com Vítimas Feridas";"Pleno dia";"Crescente";"Nublado";"Simples";"Reta";"Sim";3;0;1;0;2;0;1;2;-23,349546;-44,75702;"SPRF-SP";"DEL06-SP";"UOP01-DEL06-SP"
181956;2018-12-30;"domingo";"14:00:00";"SC";101;222;"PALHOCA";"Falta de Atenção à Condução";"Queda de ocupante de veículo";"Com Vítimas Feridas";"Pleno dia";"Crescente";"Céu Claro";"Dupla";"Reta";"Não";2;0;2;0;0;0;2;1;-27,7172;-48,6476;"SPRF-SC";"DEL01-SC";"UOP02-DEL01-SC"
181957;2018-12-22;"sábado";"15:13:00";"ES";262;113;"VENDA NOVA DO IMIGRANTE";"Deficiência ou não Acionamento do Sistema de Iluminação/Sinalização do Veículo";"Colisão traseira";"Sem Vítimas";"Pleno dia";"Crescente";"Céu Claro";"Simples";"Reta";"Não";2;0;0;0;2;0;0;2;-20,32604355;-41,20889696;"SPRF-ES";"DEL01-ES";"UOP02-DEL01-ES"
181959;2018-12-29;"sábado";"12:24:00";"BA";116;457;"SANTO ESTEVAO";"Avarias e/ou desgaste excessivo no pneu";"Saída de leito carroçável";"Com Vítimas Feridas";"Pleno dia";"Decrescente";"Céu Claro";"Dupla";"Reta";"Não";5;0;4;0;1;0;4;1;-12,430037;-39,213181;"SPRF-BA";"DEL02-BA";"UOP01-DEL02-BA"
181960;2018-12-30;"domingo";"11:45:00";"GO";60;46;"ALEXANIA";"Falta de Atenção à Condução";"Queda de ocupante de veículo";"Com Vítimas Feridas";"Pleno dia";"Decrescente";"Céu Claro";"Dupla";"Curva";"Não";1;0;1;0;0;0;1;1;-16,1417;-48,5988;"SPRF-GO";"DEL02-GO";"UOP01-DEL02-GO"
181961;2018-12-30;"domingo";"13:30:00";"PB";230;22;"JOAO PESSOA";"Velocidade Incompatível";"Colisão traseira";"Com Vítimas Feridas";"Pleno dia";"Decrescente";"Sol";"Dupla";"Reta";"Sim";2;0;1;0;1;0;1;2;-7,1495;-34,8517;"SPRF-PB";"DEL01-PB";"UOP01-DEL01-PB"
181962;2018-12-30;"domingo";"13:40:00";"PB";230;23;"JOAO PESSOA";"Não guardar distância de segurança";"Colisão traseira";"Com Vítimas Feridas";"Pleno dia";"Decrescente";"Céu Claro";"Dupla";"Reta";"Sim";2;0;1;0;1;0;1;2;-7,1562;-34,8574;"SPRF-PB";"DEL01-PB";"UOP01-DEL01-PB"
181963;2018-12-30;"domingo";"10:45:00";"MA";135;34,5;"BACABEIRA";"Defeito na Via";"Tombamento";"Sem Vítimas";"Pleno dia";"Decrescente";"Céu Claro";"Dupla";"Reta";"Não";1;0;0;0;1;0;0;1;-2,840073;-44,374596;"SPRF-MA";"DEL01-MA";"UOP01-DEL01-MA"
181964;2018-12-30;"domingo";"11:30:00";"AC";364;138;"RIO BRANCO";"Defeito na Via";"Queda de ocupante de veículo";"Com Vítimas Feridas";"Pleno dia";"Decrescente";"Céu Claro";"Dupla";"Reta";"Sim";1;0;1;0;0;0;1;1;-9,961135;-67,856461;"SPRF-AC";"DEL01-AC";"UOP01-DEL01-AC"
181965;2018-12-30;"domingo";"14:20:00";"MG";381;745,5;"TRES CORACOES";"Velocidade Incompatível";"Saída de leito carroçável";"Sem Vítimas";"Pleno dia";"Crescente";"Céu Claro";"Dupla";"Curva";"Não";1;0;0;0;1;0;0;1;-21,6148;-45,2614;"SPRF-MG";"DEL16-MG";"UOP02-DEL16-MG"
181966;2018-12-30;"domingo";"13:45:00";"MS";60;56,3;"PARAISO DAS AGUAS";"Falta de Atenção à Condução";"Saída de leito carroçável";"Com Vítimas Feridas";"Pleno dia";"Crescente";"Céu Claro";"Simples";"Curva";"Não";2;0;0;1;1;0;1;1;-19,022671;-53,005013;"SPRF-MS";"DEL08-MS";"UOP01-DEL08-MS"
181967;2018-12-30;"domingo";"13:40:00";"PA";316;36;"SANTA IZABEL DO PARA";"Desobediência às normas de trânsito pelo condutor";"Colisão transversal";"Com Vítimas Feridas";"Pleno dia";"Crescente";"Céu Claro";"Dupla";"Retorno Regulamentado";"Sim";2;0;1;0;1;0;1;2;-1,289763;-48,156025;"SPRF-PA";"DEL01-PA";"DEL19/1-UOP05/PA"