"id";"data_inversa";"dia_semana";"horario";"uf";"br";"km";"municipio";"causa_acidente";"tipo_acidente";"classificacao_acidente";"fase_dia";"sentido_via";"condicao_metereologica";"tipo_pista";"tracado_via";"uso_solo";"pessoas";"mortos";"feridos_leves";"feridos_graves";"ilesos";"ignorados";"feridos";"veiculos";"latitude";"longitude";"regional";"delegacia";"uop"
181968;2018-12-30;"domingo";"15:25:00";"SP";101;49,3;"UBATUBA";"Ingestão de Álcool";"Colisão traseira";"Sem Vítimas";"Pleno dia";"Crescente";"Céu Claro";"Simples";"Reta";"Sim";3;0;0;0;2;1;0;3;-23,444124;-45,08374;"SPRF-SP";"DEL06-SP";"UOP01-DEL06-SP"
181969;2018-12-30;"domingo";"13:50:00";"PA";316;109;"SANTA MARIA DO PARA";"Desobediência às normas de trânsito pelo condutor";"Colisão transversal";"Com Vítimas Feridas";"Pleno dia";"Crescente";"Céu Claro";"Simples";"Curva";"Não";3;0;2;0;1;0;2;2;-1,322351;-47,520523;"SPRF-PA";"DEL01-PA";"UOP02-DEL01-PA"
181970;2018-12-30;"domingo";"14:45:00";"PI";407;572;"PAULISTANA";"Ingestão de Álcool";"Saída de leito carroçável";"Com Vítimas Fatais";"Pleno dia";"Crescente";"Céu Claro";"Simples";"Reta";"Sim";1;1;0;0;0;0;0;1;-8,1425788;-41,1351122;"SPRF-PI";"DEL04-PI";"UOP01-DEL04-PI"
181971;2018-12-30;"domingo";"13:35:00";"PE";232;408,9;"SERRA TALHADA";"Desobediência às normas de trânsito pelo condutor";"Colisão lateral";"Sem Vítimas";"Pleno dia";"Crescente";"Céu Claro";"Simples";"Declive";"Sim";2;0;0;0;2;0;0;2;-7,98245085;-38,28673124;"SPRF-PE";"DEL04-PE";"UOP01-DEL04-PE"
181972;2018-12-30;"domingo";"15:40:00";"RJ";101;219,7;"SILVA JARDIM";"Pista Escorregadia";"Colisão com objeto estático";"Com Vítimas Feridas";"Pleno dia";"Decrescente";"Chuva";"Dupla";"Reta";"Não";4;0;4;0;0;0;4;1;-22,51169;-42,309006;"SPRF-RJ";"DEL02-RJ";"UOP03-DEL02-RJ"
181973;2018-12-30;"domingo";"16:15:00";"PR";277;10;"PARANAGUA";"Avarias e/ou desgaste excessivo no pneu";"Queda de ocupante de veículo";"Com Vítimas Feridas";"Pleno dia";"Decrescente";"Chuva";"Dupla";"Reta";"Sim";1;0;1;0;0;0;1;1;-25,569698;-48,61862183;"SPRF-PR";"DEL01-PR";"UOP05-DEL01-PR"
181974;2018-12-30;"domingo";"12:00:00";"PR";476;124;"CURITIBA";"Velocidade Incompatível";"Colisão lateral";"Com Vítimas Feridas";"Pleno dia";"Crescente";"Céu Claro";"Dupla";"Reta";"Sim";2;0;1;0;1;0;1;2;-25,399845;-49,215855;"SPRF-PR";"DEL01-PR";"UOP07-DEL01-PR"
181975;2018-12-30;"domingo";"16:20:00";"SC";470;63;"INDAIAL";"Falta de Atenção à Condução";"Colisão frontal";"Com Vítimas Feridas";"Pleno dia";"Crescente";"Céu Claro";"Simples";"Aclive;Reta";"Sim";8;0;6;1;1;0;7;3;-26,87192296;-49,19519484;"SPRF-SC";"DEL04-SC";"UOP01-DEL04-SC"
181977;2018-12-30;"domingo";"16:20:00";"SC";101;145;"ITAPEMA";"Não guardar distância de segurança";"Colisão lateral";"Sem Vítimas";"Pleno dia";"Decrescente";"Céu Claro";"Dupla";"Reta";"Sim";2;0;0;0;2;0;0;2;-27,0868;-48,6095;"SPRF-SC";"DEL04-SC";"UOP03-DEL04-SC"
181978;2018-12-30;"domingo";"14:40:00";"CE";116;365,2;"ICO";"Avarias e/ou desgaste excessivo no pneu";"Colisão com objeto estático";"Com Vítimas Feridas";"Pleno dia";"Crescente";"Céu Claro";"Simples";"Reta";"Não";6;0;4;0;2;0;4;1;-6,35103679;-38,77099872;"SPRF-CE";"DEL05-CE";"UOP01-DEL05-CE"
181979;2018-12-30;"domingo";"16:45:00";"RS";116;180,9;"NOVA PETROPOLIS";"Não guardar distância de segurança";"Colisão traseira";"Com Vítimas Feridas";"Pleno dia";"Crescente";"Nublado";"Simples";"Curva";"Não";7;0;2;0;5;0;2;2;-29,364599;-51,130661;"SPRF-RS";"DEL05-RS";"UOP02-DEL05-RS"
181980;2018-12-30;"domingo";"15:30:00";"SP";116;521;"CAJATI";"Ingestão de Álcool";"Colisão com objeto estático";"Com Vítimas Feridas";"Pleno dia";"Decrescente";"Céu Claro";"Dupla";"Curva";"Não";1;0;1;0;0;0;1;1;-24,897492;-48,243594;"SPRF-SP";"DEL05-SP";"UAP01-DEL05-SP"
181981;2018-12-30;"domingo";"17:15:00";"SC";470;68;"INDAIAL";"Falta de Atenção à Condução";"Colisão transversal";"Com Vítimas Feridas";"Pleno dia";"Crescente";"Céu Claro";"Simples";"Rotatória";"Não";2;0;1;0;1;0;1;2;-26,877615;-49,239231;"SPRF-SC";"DEL04-SC";"UOP01-DEL04-SC"
181982;2018-12-30;"domingo";"15:30:00";"ES";262;99,7;"VENDA NOVA DO IMIGRANTE";"Ultrapassagem Indevida";"Saída de leito carroçável";"Com Vítimas Feridas";"Pleno dia";"Crescente";"Nublado";"Simples";"Reta";"Não";1;0;1;0;0;0;1;1;-20,34990812;-41,09826565;"SPRF-ES";"DEL01-ES";"UOP02-DEL01-ES"
181983;2018-12-30;"domingo";"17:20:00";"RS";116;143,2;"CAXIAS DO SUL";"Falta de Atenção à Condução";"Colisão traseira";"Com Vítimas Feridas";"Pleno dia";"Crescente";"Nublado";"Dupla";"Reta";"Sim";6;0;2;0;4;0;2;2;-29,12022;-51,122593;"SPRF-RS";"DEL05-RS";"UOP01-DEL05-RS"
181984;2018-12-30;"domingo";"16:35:00";"MG";381;602,2;"OLIVEIRA";"Ingestão de Álcool";"Saída de leito carroçável";"Com Vítimas Feridas";"Pleno dia";"Crescente";"Céu Claro";"Dupla";"Reta";"Não";5;0;2;0;3;0;2;1;-20,6178;-44,7351;"SPRF-MG";"DEL04-MG";"UOP01-DEL04-MG"
181985;2018-12-30;"domingo";"15:15:00";"CE";116;1;"FORTALEZA";"Ingestão de Álcool";"Colisão traseira";"Sem Vítimas";"Pleno dia";"Crescente";"Céu Claro";"Dupla";"Reta";"Sim";1;0;0;0;1;0;0;1;-3,7704;-38,5169;"SPRF-CE";"DEL01-CE";"UOP02-DEL01-CE"
181986;2018-12-30;"domingo";"16:50:00";"GO";153;434,9;"ANAPOLIS";"Ingestão de Álcool";"Colisão lateral";"Sem Vítimas";"Pleno dia";"Crescente";"Céu Claro";"Dupla";"Reta";"Sim";3;0;0;0;1;2;0;3;-16,28442992;-48,95120654;"SPRF-GO";"DEL02-GO";"UOP01-DEL02-GO"
181989;2018-12-30;"domingo";"17:30:00";"SP";153;128;"UBARANA";"Ingestão de Álcool";"Capotamento";"Com Vítimas Feridas";"Pleno dia";"Decrescente";"Céu Claro";"Simples";"Reta";"Sim";1;0;1;0;0;0;1;1;-21,235699;-49,747795;"SPRF-SP";"DEL09-SP";"UOP01-DEL09-SP"
181990;2018-12-30;"domingo";"16:00:00";"BA";324;561;"SAO SEBASTIAO DO PASSE";"Restrição de Visibilidade";"Colisão transversal";"Com Vítimas Feridas";"Pleno dia";"Crescente";"Céu Claro";"Dupla";"Declive";"Não";2;0;1;0;1;0;1;2;-12,55664882;-38,56790923;"SPRF-BA";"DEL01-BA";"UOP01-DEL01-BA"
181991;2018-12-30;"domingo";"17:00:00";"PR";277;99;"CURITIBA";"Falta de Atenção à Condução";"Capotamento";"Com Vítimas Feridas";"Pleno dia";"Decrescente";"Sol";"Dupla";"Reta";"Não";2;0;1;1;0;0;2;1;-25,4533632;-49,242112;"SPRF-PR";"DEL01-PR";"UOP06-DEL01-PR"
181993;2018-12-30;"domingo";"15:30:00";"RR";401;1;"BOA VISTA";"Ingestão de Álcool";"Colisão traseira";"Sem Vítimas";"Pleno dia";"Crescente";"Céu Claro";"Múltipla";"Reta";"Sim";3;0;0;0;3;0;0;3;2,802294;-60,682434;"SPRF-RR";"DEL01-RR";"UOP01-DEL01-RR"
181994;2018-12-30;"domingo";"18:34:00";"SP";153;58,8;"SAO JOSE DO RIO PRETO";"Desobediência às normas de trânsito pelo condutor";"Colisão transversal";"Com Vítimas Feridas";"Pleno dia";"Crescente";"Céu Claro";"Simples";"Reta";"Sim";2;0;1;0;1;0;1;2;-20,778318;-49,352997;"SPRF-SP";"DEL09-SP";"UOP01-DEL09-SP"
181995;2018-12-30;"domingo";"17:25:00";"MG";40;29,5;"PARACATU";"Velocidade Incompatível";"Saída de leito carroçável";"Com Vítimas Feridas";"Pleno dia";"Decrescente";"Chuva";"Simples";"Curva";"Não";4;0;1;0;3;0;1;1;-17,148924;-46,942764;"SPRF-MG";"DEL14-MG";"UOP01-DEL14-MG"
181996;2018-12-30;"domingo";"17:30:00";"RN";101;119,7;"SAO JOSE DE MIPIBU";"Ingestão de Álcool";"Colisão traseira";"Com Vítimas Feridas";"Anoitecer";"Crescente";"Céu Claro";"Dupla";"Reta";"Não";3;0;2;0;1;0;2;2;-6,024968;-35,25098;"SPRF-RN";"DEL01-RN";"UOP01-DEL01-RN"
181997;2018-12-30;"domingo";"18:30:00";"RJ";116;169;"SAO JOAO DE MERITI";"Agressão Externa";"Danos eventuais";"Com Vítimas Feridas";"Pleno dia";"Crescente";"Céu Claro";"Múltipla";"Reta";"Sim";1;0;0;1;0;0;1;1;-22,78994587;-43,37156117;"SPRF-RJ";"DEL01-RJ";"UOP02-DEL01-RJ"
181998;2018-12-30;"domingo";"17:30:00";"MG";381;331,3;"NOVA ERA";"Pista Escorregadia";"Colisão com objeto estático";"Com Vítimas Feridas";"Anoitecer";"Decrescente";"Chuva";"Dupla";"Curva";"Não";2;0;1;0;1;0;1;1;-19,7711;-43,0471;"SPRF-MG";"DEL03-MG";"UOP01-DEL03-MG"
182002;2018-12-30;"domingo";"19:00:00";"RJ";493;25;"MAGE";"Desobediência às normas de trânsito pelo condutor";"Colisão transversal";"Com Vítimas Feridas";"Plena Noite";"Decrescente";"Garoa/Chuvisco";"Simples";"Reta";"Sim";3;0;0;1;2;0;1;2;-22,657885;-43,079643;"SPRF-RJ";"DEL04-RJ";"UOP02-DEL04-RJ"
182004;2018-12-30;"domingo";"15:00:00";"MG";381;759,8;"TRES CORACOES";"Condutor Dormindo";"Saída de leito carroçável";"Com Vítimas Feridas";"Pleno dia";"Crescente";"Sol";"Dupla";"Reta";"Não";2;0;1;0;1;0;1;1;-21,6962;-45,3613;"SPRF-MG";"DEL16-MG";"UOP02-DEL16-MG"
182005;2018-12-30;"domingo";"19:00:00";"MG";381;489;"BETIM";"Defeito Mecânico no Veículo";"Tombamento";"Com Vítimas Feridas";"Anoitecer";"Decrescente";"Nublado";"Dupla";"Reta";"Sim";2;0;1;1;0;0;2;1;-19,9563;-44,1428;"SPRF-MG";"DEL01-MG";"UOP03-DEL01-MG"
182006;2018-12-30;"domingo";"19:30:00";"PR";376;133,5;"NOVA ESPERANCA";"Ingestão de Álcool";"Saída de leito carroçável";"Com Vítimas Feridas";"Anoitecer";"Decrescente";"Céu Claro";"Simples";"Reta";"Não";6;0;5;0;0;1;5;1;-23,194996;-52,202679;"SPRF-PR";"DEL07-PR";"UOP02-DEL09-PR"
182007;2018-12-30;"domingo";"18:40:00";"ES";262;185;"IRUPI";"Desobediência às normas de trânsito pelo condutor";"Tombamento";"Com Vítimas Feridas";"Plena Noite";"Decrescente";"Nublado";"Simples";"Reta";"Não";3;0;3;0;0;0;3;1;-20,3068;-41,7101;"SPRF-ES";"DEL01-ES";"UOP02-DEL01-ES"
182008;2018-12-30;"domingo";"16:00:00";"SC";282;428;"VARGEM BONITA";"Pista Escorregadia";"Saída de leito carroçável";"Com Vítimas Feridas";"Pleno dia";"Crescente";"Chuva";"Simples";"Curva";"Não";2;0;2;0;0;0;2;1;-26,975683;-51,780529;"SPRF-SC";"DEL07-SC";"UOP05-DEL07-SC"
182009;2018-12-30;"domingo";"18:55:00";"RS";153;34,2;"TRES ARROIOS";"Falta de Atenção à Condução";"Tombamento";"Com Vítimas Feridas";"Pleno dia";"Decrescente";"Céu Claro";"Simples";"Reta";"Não";2;0;1;0;0;1;1;2;-27,547695;-52,196205;"SPRF-RS";"DEL08-RS";"UOP04-DEL08-RS"
182010;2018-12-30;"domingo";"19:00:00";"CE";222;8,5;"CAUCAIA";"Deficiência ou não Acionamento do Sistema de Iluminação/Sinalização do Veículo";"Atropelamento de Pedestre";"Com Vítimas Feridas";"Plena Noite";"Crescente";"Céu Claro";"Dupla";"Reta";"Sim";3;0;2;0;0;1;2;2;-3,753637;-38,638035;"SPRF-CE";"DEL01-CE";"UOP01-DEL01-CE"
182011;2018-12-30;"domingo";"18:45:00";"PE";232;511,9;"SALGUEIRO";"Ingestão de Álcool";"Colisão frontal";"Com Vítimas Feridas";"Plena Noite";"Crescente";"Céu Claro";"Simples";"Reta";"Sim";4;0;1;1;2;0;2;2;-8,06342083;-39,12732666;"SPRF-PE";"DEL05-PE";"UOP01-DEL05-PE"
182012;2018-12-30;"domingo";"19:30:00";"MG";40;764,2;"JUIZ DE FORA";"Velocidade Incompatível";"Saída de leito carroçável";"Com Vítimas Feridas";"Anoitecer";"Crescente";"Chuva";"Simples";"Curva";"Não";2;0;1;0;1;0;1;1;-21,5815;-43,4664;"SPRF-MG";"DEL05-MG";"UOP01-DEL05-MG"
182013;2018-12-30;"domingo";"20:10:00";"ES";101;262,1;"SERRA";"Velocidade Incompatível";"Colisão com objeto estático";"Com Vítimas Feridas";"Plena Noite";"Crescente";"Céu Claro";"Dupla";"Declive";"Sim";7;0;3;3;1;0;6;2;-20,15904335;-40,27641719;"SPRF-ES";"DEL02-ES";"UOP01-DEL02-ES"
182014;2018-12-30;"domingo";"19:00:00";"BA";235;349;"JUAZEIRO";"Ingestão de Álcool";"Colisão transversal";"Com Vítimas Feridas";"Plena Noite";"Crescente";"Céu Claro";"Dupla";"Reta";"Sim";2;0;1;0;1;0;1;2;-9,440673;-40,493809;"SPRF-BA";"DEL07-BA";"UOP01-DEL07-BA"
182015;2018-12-30;"domingo";"17:25:00";"AC";364;131,1;"RIO BRANCO";"Não guardar distância de segurança";"Colisão traseira";"Com Vítimas Feridas";"Anoitecer";"Decrescente";"Céu Claro";"Simples";"Reta";"Sim";3;0;1;0;1;1;1;2;-10,01516183;-67,84098387;"SPRF-AC";"DEL01-AC";"UOP01-DEL01-AC"
182016;2018-12-30;"domingo";"20:00:00";"SC";163;105;"SAO JOSE DO CEDRO";"Velocidade Incompatível";"Capotamento";"Com Vítimas Feridas";"Anoitecer";"Crescente";"Céu Claro";"Simples";"Declive;Reta";"Sim";3;0;1;0;2;0;1;1;-26,446108;-53,514904;"SPRF-SC";"DEL07-SC";"UOP03-DEL07-SC"
182018;2018-12-30;"domingo";"20:40:00";"DF";80;16,6;"BRASILIA";"Ultrapassagem Indevida";"Saída de leito carroçável";"Com Vítimas Fatais";"Plena Noite";"Crescente";"Nublado";"Simples";"Declive";"Não";2;1;0;0;0;1;0;2;-15,701065;-48,202263;"SPRF-DF";"DEL01-DF";"UOP02-DEL03-DF"
182019;2018-12-30;"domingo";"18:45:00";"SC";101;88,1;"BARRA VELHA";"Falta de Atenção à Condução";"Tombamento";"Com Vítimas Feridas";"Pleno dia";"Decrescente";"Céu Claro";"Dupla";"Reta";"Sim";1;0;1;0;0;0;1;1;-26,6597;-48,6883;"SPRF-SC";"DEL03-SC";"UOP02-DEL03-SC"
182020;2018-12-30;"domingo";"18:30:00";"PI";343;213,4;"CAPITAO DE CAMPOS";"Desobediência às normas de trânsito pelo condutor";"Colisão transversal";"Com Vítimas Feridas";"Plena Noite";"Crescente";"Céu Claro";"Dupla";"Reta";"Sim";4;0;1;1;2;0;2;2;-4,45770478;-41,9408226;"SPRF-PI";"DEL01-PI";"UOP03-DEL01-PI"
182021;2018-12-30;"domingo";"20:50:00";"PR";373;256,6;"PRUDENTOPOLIS";"Velocidade Incompatível";"Colisão frontal";"Com Vítimas Fatais";"Plena Noite";"Crescente";"Céu Claro";"Simples";"Curva";"Não";22;1;1;0;20;0;1;2;-25,19966089;-50,92715621;"SPRF-PR";"DEL03-PR";"UOP01-DEL03-PR"
182022;2018-12-30;"domingo";"20:20:00";"BA";101;365;"GANDU";"Falta de Atenção à Condução";"Colisão lateral";"Com Vítimas Feridas";"Plena Noite";"Crescente";"Céu Claro";"Simples";"Reta;Aclive";"Sim";2;0;0;1;1;0;1;2;-13,739;-39,4806;"SPRF-BA";"DEL05-BA";"UOP03-DEL05-BA"
182023;2018-12-30;"domingo";"19:50:00";"SC";101;131;"BALNEARIO CAMBORIU";"Falta de Atenção à Condução";"Colisão transversal";"Com Vítimas Feridas";"Anoitecer";"Crescente";"Céu Claro";"Dupla";"Reta";"Sim";2;0;1;1;0;0;2;2;-26,9965;-48,6555;"SPRF-SC";"DEL04-SC";"UOP03-DEL04-SC"
182024;2018-12-30;"domingo";"19:15:00";"RR";174;502;"BOA VISTA";"Animais na Pista";"Atropelamento de Animal";"Com Vítimas Feridas";"Plena Noite";"Decrescente";"Céu Claro";"Dupla";"Reta";"Sim";2;0;1;0;1;0;1;1;2,787376;-60,699524;"SPRF-RR";"DEL01-RR";"UOP01-DEL01-RR"
182025;2018-12-30;"domingo";"18:30:00";"SE";101;144,3;"ESTANCIA";"Velocidade Incompatível";"Colisão traseira";"Com Vítimas Feridas";"Plena Noite";"Crescente";"Céu Claro";"Dupla";"Reta";"Não";4;0;1;0;2;1;1;3;-11,2177;-37,4175;"SPRF-SE";"DEL02-SE";"UOP01-DEL02-SE"
182026;2018-12-30;"domingo";"20:40:00";"GO";70;56;"COCALZINHO DE GOIAS";"Falta de Atenção à Condução";"Colisão transversal";"Com Vítimas Feridas";"Plena Noite";"Decrescente";"Nublado";"Simples";"Reta";"Não";8;0;4;3;1;0;7;2;-15,7495;-48,6709;"SPRF-DF";"DEL01-DF";"UOP02-DEL03-DF"
182027;2018-12-30;"domingo";"21:30:00";"MG";381;482,9;"BETIM";"Defeito Mecânico no Veículo";"Tombamento";"Com Vítimas Feridas";"Plena Noite";"Crescente";"Nublado";"Dupla";"Reta";"Sim";1;0;1;0;0;0;1;1;-19,9578;-44,0795;"SPRF-MG";"DEL01-MG";"UOP03-DEL01-MG"
182028;2018-06-17;"domingo";"18:25:00";"BA";101;513,9;"ITABUNA";"Falta de Atenção do Pedestre";"Atropelamento de Pedestre";"Com Vítimas Fatais";"Plena Noite";"Crescente";"Nublado";"Simples";"Reta";"Não";3;1;1;0;1;0;1;2;-14,866806;-39,280458;"SPRF-BA";"DEL05-BA";"UOP01-DEL05-BA"
182030;2018-12-30;"domingo";"21:00:00";"RJ";101;568;"PARATY";"Falta de Atenção à Condução";"Colisão transversal";"Sem Vítimas";"Plena Noite";"Crescente";"Nublado";"Simples";"Reta";"Não";2;0;0;0;2;0;0;2;-23,16129325;-44,70950603;"SPRF-RJ";"DEL03-RJ";"UOP04-DEL03-RJ"
182031;2018-12-30;"domingo";"20:40:00";"MS";163;734;"COXIM";"Ingestão de Álcool";"Queda de ocupante de veículo";"Sem Vítimas";"Plena Noite";"Crescente";"Céu Claro";"Simples";"Reta";"Não";1;0;0;0;1;0;0;1;-18,47322;-54,7182;"SPRF-MS";"DEL06-MS";"UOP01-DEL06-MS"
182032;2018-12-30;"domingo";"21:00:00";"RJ";101;406;"ITAGUAI";"Ingestão de Álcool";"Colisão traseira";"Com Vítimas Feridas";"Plena Noite";"Decrescente";"Céu Claro";"Simples";"Reta";"Sim";5;0;2;0;3;0;2;3;-22,871887;-43,808964;"SPRF-RJ";"DEL03-RJ";"UOP01-DEL03-RJ"
182034;2018-12-30;"domingo";"20:10:00";"BA";101;867;"TEIXEIRA DE FREITAS";"Velocidade Incompatível";"Capotamento";"Com Vítimas Feridas";"Plena Noite";"Crescente";"Céu Claro";"Simples";"Reta";"Não";2;0;1;0;0;1;1;1;-17,4543;-39,698;"SPRF-BA";"DEL09-BA";"UOP02-DEL09-BA"
182035;2018-12-30;"domingo";"21:30:00";"MS";163;485,1;"CAMPO GRANDE";"Desobediência às normas de trânsito pelo condutor";"Colisão lateral";"Com Vítimas Feridas";"Plena Noite";"Crescente";"Céu Claro";"Simples";"Reta";"Sim";3;0;1;1;0;1;2;2;-20,440395;-54,542373;"SPRF-MS";"DEL01-MS";"UOP02-DEL01-MS"
182036;2018-12-30;"domingo";"18:30:00";"MA";316;550;"CAXIAS";"Falta de Atenção do Pedestre";"Atropelamento de Pedestre";"Com Vítimas Feridas";"Plena Noite";"Decrescente";"Nublado";"Simples";"Reta";"Sim";2;0;0;2;0;0;2;2;-4,886773;-43,362507;"SPRF-MA";"DEL03-MA";"UOP02-DEL03-MA"
182037;2018-12-30;"domingo";"20:30:00";"CE";20;311;"CANINDE";"Desobediência às normas de trânsito pelo condutor";"Queda de ocupante de veículo";"Com Vítimas Feridas";"Plena Noite";"Decrescente";"Céu Claro";"Simples";"Ponte";"Não";1;0;1;0;0;0;1;1;-4,342279;-39,293922;"SPRF-CE";"DEL02-CE";"UOP01-DEL02-CE"
182039;2018-12-30;"domingo";"22:00:00";"PI";316;295;"PICOS";"Falta de Atenção à Condução";"Tombamento";"Com Vítimas Feridas";"Plena Noite";"Decrescente";"Céu Claro";"Simples";"Reta";"Não";1;0;1;0;0;0;1;1;-7,013543;-41,58796;"SPRF-PI";"DEL04-PI";"UOP01-DEL04-PI"
182040;2018-12-30;"domingo";"22:35:00";"BA";242;185;"BARREIRAS";"Ultrapassagem Indevida";"Colisão lateral";"Com Vítimas Feridas";"Plena Noite";"Crescente";"Céu Claro";"Simples";"Reta";"Não";2;0;1;0;0;1;1;2;-12,19251429;-45,01334667;"SPRF-BA";"DEL06-BA";"UOP02-DEL06-BA"
182042;2018-12-30;"domingo";"23:30:00";"RJ";393;284,2;"VOLTA REDONDA";"Falta de Atenção à Condução";"Colisão traseira";"Com Vítimas Feridas";"Plena Noite";"Crescente";"Céu Claro";"Simples";"Reta";"Sim";4;0;1;0;3;0;1;2;-22,49600841;-44,07032643;"SPRF-RJ";"DEL05-RJ";"UOP04-DEL05-RJ"
182043;2018-12-30;"domingo";"21:00:00";"PI";343;502;"AMARANTE";"Agressão Externa";"Capotamento";"Sem Vítimas";"Plena Noite";"Decrescente";"Céu Claro";"Simples";"Reta";"Não";1;0;0;0;0;1;0;1;-6,24687;-42,820049;"SPRF-PI";"DEL03-PI";"UOP01-DEL03-PI"
182044;2018-12-31;"segunda-feira";"00:05:00";"MG";381;502;"BETIM";"Velocidade Incompatível";"Saída de leito carroçável";"Com Vítimas Feridas";"Plena Noite";"Decrescente";"Chuva";"Múltipla";"Curva";"Sim";3;0;1;1;1;0;2;1;-20,01877855;-44,22726631;"SPRF-MG";"DEL01-MG";"UOP03-DEL01-MG"
182045;2018-12-30;"domingo";"22:45:00";"RN";406;171,1;"SAO GONCALO DO AMARANTE";"Ingestão de Álcool";"Colisão lateral";"Sem Vítimas";"Plena Noite";"Decrescente";"Céu Claro";"Dupla";"Declive";"Sim";2;0;0;0;2;0;0;2;-5,761293;-35,291981;"SPRF-RN";"DEL02-RN";"UOP01-DEL02-RN"
182046;2018-12-31;"segunda-feira";"00:40:00";"SC";470;37;"GASPAR";"Falta de Atenção à Condução";"Saída de leito carroçável";"Sem Vítimas";"Plena Noite";"Crescente";"Céu Claro";"Simples";"Curva";"Não";1;0;0;0;1;0;0;1;-26,912727;-48,978043;"SPRF-SC";"DEL04-SC";"UOP01-DEL04-SC"
182047;2018-12-30;"domingo";"23:30:00";"SC";282;216,5;"LAGES";"Falta de Atenção à Condução";"Colisão frontal";"Com Vítimas Feridas";"Plena Noite";"Decrescente";"Nublado";"Simples";"Curva";"Sim";6;0;2;1;3;0;3;2;-27,797529;-50,291862;"SPRF-SC";"DEL05-SC";"UOP01-DEL05-SC"
182048;2018-12-31;"segunda-feira";"00:40:00";"ES";262;6;"CARIACICA";"Falta de Atenção à Condução";"Saída de leito carroçável";"Com Vítimas Feridas";"Plena Noite";"Decrescente";"Céu Claro";"Múltipla";"Reta";"Sim";1;0;0;1;0;0;1;1;-20,3404;-40,395;"SPRF-ES";"DEL01-ES";"UOP01-DEL01-ES"
182049;2018-12-30;"domingo";"21:55:00";"RO";364;383;"OURO PRETO DO OESTE";"Ingestão de Álcool";"Colisão traseira";"Sem Vítimas";"Plena Noite";"Crescente";"Nublado";"Simples";"Reta";"Sim";2;0;0;0;2;0;0;2;-10,721015;-62,2439;"SPRF-RO";"DEL02-RO";"UOP01-DEL02-RO"
182050;2018-12-30;"domingo";"22:50:00";"CE";20;395,5;"CAUCAIA";"Ingestão de Álcool";"Colisão traseira";"Sem Vítimas";"Plena Noite";"Crescente";"Céu Claro";"Simples";"Reta";"Sim";2;0;0;0;2;0;0;2;-3,82083628;-38,7443161;"SPRF-CE";"DEL01-CE";"UOP01-DEL01-CE"
182053;2018-12-30;"domingo";"19:40:00";"CE";20;256,4;"MADALENA";"Animais na Pista";"Atropelamento de Animal";"Com Vítimas Fatais";"Plena Noite";"Decrescente";"Céu Claro";"Simples";"Reta";"Não";2;1;0;1;0;0;1;1;-4,759606;-39,482101;"SPRF-CE";"DEL02-CE";"UOP01-DEL02-CE"
182056;2018-12-30;"domingo";"18:20:00";"GO";153;444;"ANAPOLIS";"Falta de Atenção à Condução";"Queda de ocupante de veículo";"Com Vítimas Feridas";"Anoitecer";"Decrescente";"Céu Claro";"Simples";"Rotatória";"Sim";1;0;1;0;0;0;1;1;-16,343756;-48,9245;"SPRF-GO";"DEL02-GO";"UOP01-DEL02-GO"
182057;2018-12-31;"segunda-feira";"00:25:00";"MG";364;16,4;"MONTE ALEGRE DE MINAS";"Falta de Atenção à Condução";"Saída de leito carroçável";"Com Vítimas Feridas";"Plena Noite";"Decrescente";"Nublado";"Simples";"Reta";"Não";1;0;0;1;0;0;1;1;-18,7958;-49,0827;"SPRF-MG";"DEL13-MG";"UOP02-DEL13-MG"
182058;2018-12-31;"segunda-feira";"01:15:00";"AL";316;142,1;"ESTRELA DE ALAGOAS";"Ingestão de Álcool";"Saída de leito carroçável";"Com Vítimas Feridas";"Plena Noite";"Crescente";"Céu Claro";"Simples";"Reta";"Não";2;0;2;0;0;0;2;1;-9,393572;-36,740456;"SPRF-AL";"DEL03-AL";"UOP01-DEL03-AL"
182061;2018-12-30;"domingo";"23:30:00";"PR";158;503,7;"CORONEL VIVIDA";"Velocidade Incompatível";"Colisão frontal";"Com Vítimas Feridas";"Plena Noite";"Decrescente";"Céu Claro";"Simples";"Curva";"Sim";3;0;3;0;0;0;3;2;-25,991112;-52,557045;"SPRF-PR";"DEL02-PR";"UOP01-DEL02-PR"
182065;2018-12-31;"segunda-feira";"02:50:00";"MS";163;728;"COXIM";"Falta de Atenção à Condução";"Colisão traseira";"Com Vítimas Feridas";"Plena Noite";"Decrescente";"Céu Claro";"Simples";"Reta;Declive";"Sim";40;0;0;1;39;0;1;2;-18,52290085;-54,7393477;"SPRF-MS";"DEL06-MS";"UOP01-DEL06-MS"
182066;2018-12-30;"domingo";"23:30:00";"MS";158;10,7;"CASSILANDIA";"Falta de Atenção à Condução";"Saída de leito carroçável";"Com Vítimas Feridas";"Plena Noite";"Crescente";"Céu Claro";"Simples";"Declive";"Não";1;0;1;0;0;0;1;1;-19,148396;-51,670933;"SPRF-MS";"DEL08-MS";"UOP01-DEL08-MS"
182067;2018-12-31;"segunda-feira";"04:00:00";"RJ";393;225,9;"VASSOURAS";"Falta de Atenção do Pedestre";"Atropelamento de Pedestre";"Com Vítimas Fatais";"Plena Noite";"Crescente";"Nublado";"Simples";"Reta";"Não";3;1;2;0;0;0;2;2;-22,36295398;-43,608555;"SPRF-RJ";"DEL05-RJ";"UOP03-DEL05-RJ"