"id";"data_inversa";"dia_semana";"horario";"uf";"br";"km";"municipio";"causa_acidente";"tipo_acidente";"classificacao_acidente";"fase_dia";"sentido_via";"condicao_metereologica";"tipo_pista";"tracado_via";"uso_solo";"pessoas";"mortos";"feridos_leves";"feridos_graves";"ilesos";"ignorados";"feridos";"veiculos";"latitude";"longitude";"regional";"delegacia";"uop"
183833;2018-10-11;"quinta-feira";"07:00:00";"SP";116;283;"EMBU DAS ARTES";"Falta de Atenção à Condução";"Colisão lateral";"Com Vítimas Feridas";"Pleno dia";"Decrescente";"Céu Claro";"Dupla";"Reta";"Não";3;0;1;0;1;1;1;3;-23,66614437;-46,85455441;"SPRF-SP";"DEL04-SP";"UOP01-DEL04-SP"
183910;2018-12-14;"sexta-feira";"16:20:00";"MT";163;1002;"TERRA NOVA DO NORTE";"Falta de Atenção à Condução";"Colisão transversal";"Com Vítimas Feridas";"Pleno dia";"Crescente";"Ignorado";"Simples";"Reta";"Não";3;0;0;1;2;0;1;2;-10,43897043;-55,05955224;"SPRF-MT";"DEL06-MT";"UOP02-DEL06-MT"
183934;2018-10-31;"quarta-feira";"08:30:00";"ES";101;298;"VIANA";"Falta de Atenção à Condução";"Colisão traseira";"Com Vítimas Feridas";"Pleno dia";"Decrescente";"Chuva";"Múltipla";"Reta";"Não";3;0;1;0;2;0;1;2;-20,35355957;-40,41535378;"SPRF-ES";"DEL01-ES";"UOP01-DEL01-ES"
183943;2018-12-25;"terça-feira";"09:00:00";"BA";324;570;"SAO SEBASTIAO DO PASSE";"Falta de Atenção à Condução";"Capotamento";"Com Vítimas Feridas";"Pleno dia";"Crescente";"Céu Claro";"Simples";"Reta";"Não";3;0;3;0;0;0;3;1;-12,57592056;-38,53930665;"SPRF-BA";"DEL01-BA";"UOP01-DEL01-BA"
184026;2018-12-31;"segunda-feira";"16:17:00";"GO";153;498,9;"GOIANIA";"Objeto estático sobre o leito carroçável";"Colisão traseira";"Com Vítimas Feridas";"Pleno dia";"Decrescente";"Chuva";"Dupla";"Curva";"Sim";6;0;1;0;5;0;1;4;-16,6939;-49,2321;"SPRF-GO";"DEL01-GO";"UOP01-DEL01-GO"
184033;2018-12-03;"segunda-feira";"18:30:00";"GO";153;501;"GOIANIA";"Não guardar distância de segurança";"";"Com Vítimas Feridas";"Anoitecer";"Decrescente";"Céu Claro";"Múltipla";"Reta";"Sim";4;0;2;0;2;0;2;2;-16,71194377;-49,23240781;"SPRF-GO";"DEL01-GO";"UOP01-DEL01-GO"
184049;2018-12-30;"domingo";"15:30:00";"AP";156;95;"MACAPA";"Pista Escorregadia";"Colisão frontal";"Com Vítimas Feridas";"Pleno dia";"Crescente";"Céu Claro";"Simples";"Declive";"Não";7;0;3;4;0;0;7;2;0,20283;-51,116314;"SPRF-AP";"DEL01-AP";"UOP01-DEL01-AP"
184070;2018-12-15;"sábado";"08:40:00";"PR";277;6,7;"PARANAGUA";"Falta de Atenção à Condução";"Colisão traseira";"Com Vítimas Feridas";"Pleno dia";"Crescente";"Nublado";"Simples";"Curva";"Não";2;0;1;0;1;0;1;2;-25,56474273;-48,58154297;"SPRF-PR";"DEL01-PR";"UOP05-DEL01-PR"
184121;2018-12-27;"quinta-feira";"07:10:00";"MG";459;102;"POUSO ALEGRE";"Não guardar distância de segurança";"Colisão lateral";"Com Vítimas Feridas";"Pleno dia";"Decrescente";"Céu Claro";"Dupla";"Curva";"Sim";2;0;1;0;1;0;1;2;-22,2228772;-45,91261994;"SPRF-MG";"DEL16-MG";"UOP01-DEL16-MG"
184132;2018-09-28;"sexta-feira";"04:50:00";"MG";381;459;"BELO HORIZONTE";"Desobediência às normas de trânsito pelo condutor";"Colisão lateral";"Sem Vítimas";"Plena Noite";"Crescente";"Céu Claro";"Dupla";"Reta";"Sim";2;0;0;0;2;0;0;2;-19,9026677;-43,98376465;"SPRF-MG";"DEL01-MG";"UOP01-DEL01-MG"
184137;2018-11-24;"sábado";"16:00:00";"MT";174;259;"VALE DE SAO DOMINGOS";"Velocidade Incompatível";"Saída de leito carroçável";"Com Vítimas Fatais";"Pleno dia";"Crescente";"Nublado";"Simples";"Reta";"Não";2;2;0;0;0;0;0;1;-15,428802;-59,118839;"SPRF-MT";"DEL04-MT";"UOP01-DEL04-MT"
184138;2018-12-07;"sexta-feira";"12:20:00";"PE";232;146;"SAO CAITANO";"Falta de Atenção à Condução";"Colisão lateral";"Com Vítimas Feridas";"Pleno dia";"Crescente";"Sol";"Dupla";"Reta";"Sim";3;0;2;0;1;0;2;2;-8,334091;-36,133804;"SPRF-PE";"DEL02-PE";"UOP03-DEL02-PE"
184160;2018-12-29;"sábado";"17:00:00";"PA";308;107,7;"SANTA MARIA DO PARA";"Falta de Atenção à Condução";"Colisão lateral";"Com Vítimas Feridas";"Pleno dia";"Crescente";"Garoa/Chuvisco";"Simples";"Reta";"Sim";2;0;1;0;1;0;1;2;-1,339653;-47,577732;"SPRF-PA";"DEL01-PA";"UOP02-DEL01-PA"
184185;2018-12-12;"quarta-feira";"07:10:00";"MG";381;478;"CONTAGEM";"Falta de Atenção à Condução";"Colisão lateral";"Com Vítimas Feridas";"Pleno dia";"Crescente";"Sol";"Dupla";"Reta";"Sim";2;0;1;0;1;0;1;2;-19,96203001;-44,03922777;"SPRF-MG";"DEL01-MG";"UOP03-DEL01-MG"
184220;2018-10-18;"quinta-feira";"14:00:00";"PA";230;122;"MARABA";"Desobediência às normas de trânsito pelo condutor";"Colisão lateral";"Com Vítimas Feridas";"Pleno dia";"Decrescente";"Céu Claro";"Simples";"Reta";"Sim";2;0;1;0;0;1;1;2;-5,361375;-49,12376;"SPRF-PA";"DEL03-PA";"UOP01-DEL03-PA"
184229;2018-12-27;"quinta-feira";"16:10:00";"SP";381;84;"SAO PAULO";"Desobediência às normas de trânsito pelo condutor";"Colisão traseira";"Sem Vítimas";"Pleno dia";"Crescente";"Céu Claro";"Dupla";"Reta";"Sim";2;0;0;0;2;0;0;2;-23,44993518;-46,56992376;"SPRF-SP";"DEL03-SP";"UOP01-DEL03-SP"
184232;2018-11-07;"quarta-feira";"06:55:00";"MG";365;623;"UBERLANDIA";"Agressão Externa";"Queda de ocupante de veículo";"Com Vítimas Feridas";"Amanhecer";"Decrescente";"Céu Claro";"Dupla";"Reta";"Sim";1;0;1;0;0;0;1;1;-18,90895141;-48,30018163;"SPRF-MG";"DEL15-MG";"UOP01-DEL15-MG"
184319;2018-12-14;"sexta-feira";"02:40:00";"MG";262;618;"IBIA";"Condutor Dormindo";"Saída de leito carroçável";"Com Vítimas Fatais";"Plena Noite";"Crescente";"Nevoeiro/Neblina";"Simples";"Reta";"Não";3;1;1;1;0;0;2;1;-19,591888;-46,48101;"SPRF-MG";"DEL08-MG";"UOP02-DEL08-MG"
184321;2018-12-28;"sexta-feira";"21:00:00";"PE";101;174,9;"JOAQUIM NABUCO";"Desobediência às normas de trânsito pelo condutor";"Capotamento";"Com Vítimas Feridas";"Plena Noite";"Crescente";"Céu Claro";"Dupla";"Curva";"Não";1;0;1;0;0;0;1;1;-8,6031;-35,535;"SPRF-PE";"DEL01-PE";"UOP03-DEL01-PE"
184327;2018-12-29;"sábado";"11:10:00";"MA";10;322,3;"ACAILANDIA";"Falta de Atenção à Condução";"Colisão frontal";"Com Vítimas Fatais";"Pleno dia";"Crescente";"Céu Claro";"Simples";"Curva";"Sim";6;3;2;1;0;0;3;2;-4,925427;-47,503456;"SPRF-MA";"DEL04-MA";"UOP03-DEL04-MA"
184329;2018-12-21;"sexta-feira";"23:00:00";"RJ";116;302;"RESENDE";"Defeito Mecânico no Veículo";"";"Com Vítimas Feridas";"Plena Noite";"Crescente";"Céu Claro";"Dupla";"Reta";"Não";1;0;1;0;0;0;1;1;-22,45782611;-44,41952705;"SPRF-RJ";"DEL07-RJ";"DEL5/7-UOP03/RJ"
184332;2018-12-13;"quinta-feira";"15:10:00";"SC";116;263,7;"CAPAO ALTO";"Falta de Atenção à Condução";"Colisão transversal";"Sem Vítimas";"Pleno dia";"Decrescente";"Céu Claro";"Simples";"Reta";"Não";2;0;0;0;2;0;0;2;-27,952471;-50,47995;"SPRF-SC";"DEL05-SC";"UOP02-DEL05-SC"
184344;2018-08-19;"domingo";"18:00:00";"PE";424;77,9;"CAETES";"Ingestão de Álcool";"Colisão frontal";"Com Vítimas Feridas";"Plena Noite";"Crescente";"Céu Claro";"Simples";"Reta";"Não";5;0;2;2;1;0;4;3;-8,82218654;-36,55882001;"SPRF-PE";"DEL03-PE";"UOP01-DEL03-PE"
184346;2018-03-18;"domingo";"22:30:00";"PB";230;32;"BAYEUX";"Animais na Pista";"Atropelamento de Animal";"Com Vítimas Feridas";"Plena Noite";"Decrescente";"Céu Claro";"Dupla";"Reta";"Não";6;0;4;0;2;0;4;3;-7,142473;-34,919894;"SPRF-PB";"DEL01-PB";"UOP01-DEL01-PB"
184359;2018-12-17;"segunda-feira";"19:30:00";"MT";70;7;"BARRA DO GARCAS";"Desobediência às normas de trânsito pelo condutor";"Colisão lateral";"Com Vítimas Feridas";"Plena Noite";"Crescente";"Céu Claro";"Simples";"Reta";"Sim";2;0;0;1;1;0;1;2;-15,878143;-52,316788;"SPRF-MT";"DEL07-MT";"UOP01-DEL07-MT"
184363;2018-12-15;"sábado";"22:40:00";"PE";101;89;"CABO DE SANTO AGOSTINHO";"Velocidade Incompatível";"Saída de leito carroçável";"Com Vítimas Fatais";"Plena Noite";"Crescente";"Nublado";"Dupla";"Reta";"Não";1;1;0;0;0;0;0;1;-8,2155;-34,9874;"SPRF-PE";"DEL01-PE";"UOP03-DEL01-PE"
184370;2018-11-23;"sexta-feira";"00:40:00";"PR";116;10;"COLOMBO";"Falta de Atenção à Condução";"Colisão transversal";"Com Vítimas Feridas";"Plena Noite";"Crescente";"Nublado";"Dupla";"Reta";"Sim";1;0;1;0;0;0;1;1;-25,3719;-49,134;"SPRF-PR";"DEL01-PR";"UOP02-DEL01-PR"
184494;2018-12-01;"sábado";"22:00:00";"BA";101;950,5;"MUCURI";"Ultrapassagem Indevida";"Colisão frontal";"Com Vítimas Fatais";"Plena Noite";"Crescente";"Nublado";"Simples";"Reta";"Não";3;1;0;2;0;0;2;2;-18,1216;-39,8901;"SPRF-BA";"DEL09-BA";"UOP02-DEL09-BA"
184496;2018-12-18;"terça-feira";"07:40:00";"SC";101;117;"ITAJAI";"Não guardar distância de segurança";"Engavetamento";"Com Vítimas Feridas";"Pleno dia";"Crescente";"Sol";"Dupla";"Viaduto;Reta;Declive";"Sim";5;0;1;0;4;0;1;5;-26,8961;-48,7188;"SPRF-SC";"DEL04-SC";"UOP04-DEL04-SC"
184519;2018-12-30;"domingo";"13:15:00";"PE";101;77,8;"JABOATAO DOS GUARARAPES";"Ultrapassagem Indevida";"Colisão lateral";"Com Vítimas Feridas";"Pleno dia";"Crescente";"Sol";"Simples";"Curva";"Sim";3;0;0;1;1;1;1;3;-8,14723;-34,944988;"SPRF-PE";"DEL01-PE";"UOP01-DEL01-PE"
184521;2018-05-09;"quarta-feira";"07:50:00";"PE";407;128,9;"PETROLINA";"Falta de Atenção do Pedestre";"Atropelamento de Pedestre";"Com Vítimas Feridas";"Pleno dia";"Crescente";"Céu Claro";"Simples";"Aclive";"Sim";2;0;2;0;0;0;2;2;-9,39989078;-40,50509155;"SPRF-PE";"DEL06-PE";"UOP01-DEL06-PE"
184538;2018-11-23;"sexta-feira";"22:00:00";"BA";367;22,5;"PORTO SEGURO";"Falta de Atenção à Condução";"Colisão com objeto em movimento";"Com Vítimas Feridas";"Plena Noite";"Crescente";"Céu Claro";"Simples";"Retorno Regulamentado;Reta";"Sim";1;0;0;1;0;0;1;1;-16,4361675;-39,07582641;"SPRF-BA";"DEL09-BA";"UOP01-DEL09-BA"
184545;2018-11-16;"sexta-feira";"16:30:00";"RJ";40;94;"DUQUE DE CAXIAS";"Velocidade Incompatível";"Colisão com objeto estático";"Com Vítimas Feridas";"Pleno dia";"Crescente";"Ignorado";"Simples";"Curva";"Não";3;0;3;0;0;0;3;1;-22,55647215;-43,26572841;"SPRF-RJ";"DEL06-RJ";"UOP01-DEL06-RJ"
184569;2018-12-10;"segunda-feira";"07:10:00";"GO";153;507;"GOIANIA";"Defeito Mecânico no Veículo";"Colisão traseira";"Com Vítimas Feridas";"Pleno dia";"Decrescente";"Céu Claro";"Dupla";"Reta";"Sim";3;0;0;1;2;0;1;2;-16,7610043;-49,2401666;"SPRF-GO";"DEL01-GO";"UOP03-DEL01-GO"
184633;2018-08-19;"domingo";"23:26:00";"PR";163;344;"GUAIRA";"Falta de Atenção à Condução";"Capotamento";"Com Vítimas Feridas";"Plena Noite";"Crescente";"Céu Claro";"Simples";"Reta";"Não";1;0;0;1;0;0;1;1;-24,128;-54,2403;"SPRF-PR";"DEL06-PR";"UOP01-DEL06-PR"
184635;2018-11-05;"segunda-feira";"01:35:00";"BA";116;402;"FEIRA DE SANTANA";"Falta de Atenção à Condução";"Colisão transversal";"Com Vítimas Feridas";"Plena Noite";"Decrescente";"Céu Claro";"Simples";"Interseção de Vias";"Não";2;0;2;0;0;0;2;2;-12,05644435;-38,97004008;"SPRF-BA";"DEL02-BA";"DEL10/2-UOP02/BA"
184637;2018-10-08;"segunda-feira";"22:25:00";"SE";235;24,8;"LARANJEIRAS";"Deficiência ou não Acionamento do Sistema de Iluminação/Sinalização do Veículo";"Colisão traseira";"Com Vítimas Feridas";"Plena Noite";"Decrescente";"Céu Claro";"Simples";"Reta";"Não";1;0;1;0;0;0;1;1;-10,81037523;-37,25772858;"SPRF-SE";"DEL01-SE";"UOP01-DEL01-SE"
184642;2018-12-20;"quinta-feira";"19:30:00";"MS";463;1;"DOURADOS";"Ingestão de Álcool";"Colisão traseira";"Com Vítimas Feridas";"Plena Noite";"Crescente";"Céu Claro";"Simples";"Reta";"Sim";2;0;1;0;1;0;1;2;-22,259064;-54,813751;"SPRF-MS";"DEL04-MS";"UOP01-DEL04-MS"
184646;2018-12-27;"quinta-feira";"16:35:00";"SC";282;0;"FLORIANOPOLIS";"Falta de Atenção à Condução";"Colisão com objeto estático";"Com Vítimas Feridas";"Pleno dia";"Crescente";"Céu Claro";"Dupla";"Aclive";"Não";3;0;2;0;1;0;2;2;-27,59845;-48,571995;"SPRF-SC";"DEL01-SC";"UOP01-DEL01-SC"
184746;2018-11-21;"quarta-feira";"16:20:00";"ES";101;266,5;"SERRA";"Falta de Atenção à Condução";"Colisão traseira";"Com Vítimas Feridas";"Pleno dia";"Crescente";"Sol";"Múltipla";"Reta";"Sim";3;0;1;0;2;0;1;2;-20,19713493;-40,26884448;"SPRF-ES";"DEL02-ES";"UOP01-DEL02-ES"
184756;2018-10-04;"quinta-feira";"18:00:00";"MG";459;103,9;"POUSO ALEGRE";"Animais na Pista";"Atropelamento de Animal";"Com Vítimas Feridas";"Anoitecer";"Decrescente";"Céu Claro";"Dupla";"Reta;Aclive";"Não";1;0;1;0;0;0;1;1;-22,23412369;-45,89750469;"SPRF-MG";"DEL16-MG";"UOP01-DEL16-MG"
184765;2018-12-15;"sábado";"19:45:00";"BA";101;467;"URUCUCA";"Desobediência às normas de trânsito pelo condutor";"Colisão frontal";"Com Vítimas Feridas";"Plena Noite";"Crescente";"Céu Claro";"Simples";"Reta";"Não";3;0;1;1;0;1;2;2;-14,4933;-39,3294;"SPRF-BA";"DEL05-BA";"UOP01-DEL05-BA"
184919;2018-10-31;"quarta-feira";"13:50:00";"SP";116;53;"LORENA";"Falta de Atenção à Condução";"Colisão lateral";"Com Vítimas Feridas";"Pleno dia";"Crescente";"Ignorado";"Dupla";"Rotatória";"Sim";1;0;1;0;0;0;1;1;-22,752562;-45,107422;"SPRF-SP";"DEL08-SP";"UOP01-DEL08-SP"
184923;2018-11-20;"terça-feira";"11:46:00";"PR";277;729;"FOZ DO IGUACU";"Não guardar distância de segurança";"Queda de ocupante de veículo";"Com Vítimas Feridas";"Pleno dia";"Crescente";"Céu Claro";"Dupla";"Reta";"Sim";1;0;1;0;0;0;1;1;-25,46917384;-54,58479345;"SPRF-PR";"DEL05-PR";"UOP03-DEL05-PR"
185162;2018-12-22;"sábado";"11:00:00";"MG";381;477;"BETIM";"Falta de Atenção à Condução";"Colisão traseira";"Com Vítimas Feridas";"Pleno dia";"Decrescente";"Céu Claro";"Dupla";"Reta";"Sim";4;0;2;0;2;0;2;2;-19,96185316;-44,05050659;"SPRF-MG";"DEL01-MG";"UOP03-DEL01-MG"
185163;2018-12-24;"segunda-feira";"16:30:00";"PR";376;156;"MANDAGUACU";"Fenômenos da Natureza";"Colisão traseira";"Com Vítimas Feridas";"Pleno dia";"Crescente";"Chuva";"Dupla";"Reta";"Sim";2;0;0;1;1;0;1;2;-23,34082421;-52,09258642;"SPRF-PR";"DEL07-PR";"UOP01-DEL09-PR"
185175;2018-10-24;"quarta-feira";"17:25:00";"PA";230;120;"MARABA";"Velocidade Incompatível";"Colisão traseira";"Com Vítimas Feridas";"Pleno dia";"Crescente";"Sol";"Dupla";"Reta;Interseção de Vias";"Sim";2;0;1;0;1;0;1;2;-5,36130655;-49,12398756;"SPRF-PA";"DEL03-PA";"UOP01-DEL03-PA"
185187;2018-12-17;"segunda-feira";"00:00:00";"RR";401;1;"BOA VISTA";"Falta de Atenção do Pedestre";"Atropelamento de Pedestre";"Com Vítimas Fatais";"Plena Noite";"Decrescente";"Céu Claro";"Dupla";"Reta";"Sim";2;1;0;0;1;0;0;2;2,802294;-60,682434;"SPRF-RR";"DEL01-RR";"UOP01-DEL01-RR"
185205;2018-12-23;"domingo";"06:14:00";"SP";116;328,5;"JUQUITIBA";"Velocidade Incompatível";"Capotamento";"Com Vítimas Feridas";"Pleno dia";"Crescente";"Nublado";"Dupla";"Curva";"Não";2;0;2;0;0;0;2;1;-23,94980423;-47,10079931;"SPRF-SP";"DEL04-SP";"UOP03-DEL04-SP"
185227;2018-12-20;"quinta-feira";"21:20:00";"RJ";101;266;"RIO BONITO";"Animais na Pista";"Colisão com objeto estático";"Com Vítimas Feridas";"Plena Noite";"Decrescente";"Céu Claro";"Dupla";"Curva";"Não";1;0;1;0;0;0;1;1;-22,70859;-42,651821;"SPRF-RJ";"DEL02-RJ";"UOP03-DEL02-RJ"
185304;2018-07-14;"sábado";"08:00:00";"PR";373;218;"IMBITUVA";"Falta de Atenção à Condução";"Colisão traseira";"Com Vítimas Feridas";"Pleno dia";"Crescente";"Céu Claro";"Simples";"Reta";"Não";7;0;2;0;4;1;2;5;-25,16332404;-50,56057692;"SPRF-PR";"DEL03-PR";"UOP01-DEL03-PR"
185331;2018-12-23;"domingo";"21:40:00";"GO";50;106;"CRISTALINA";"Falta de Atenção à Condução";"Tombamento";"Com Vítimas Feridas";"Plena Noite";"Decrescente";"Céu Claro";"Dupla";"Reta";"Não";4;0;3;0;1;0;3;1;-16,9309;-47,7117;"SPRF-DF";"DEL01-DF";"UOP02-DEL01-DF"
185358;2018-12-01;"sábado";"11:45:00";"MG";381;315;"ANTONIO DIAS";"Velocidade Incompatível";"Saída de leito carroçável";"Com Vítimas Feridas";"Pleno dia";"Decrescente";"Chuva";"Simples";"Curva;Declive";"Não";1;0;0;1;0;0;1;1;-19,6693496;-42,96996206;"SPRF-MG";"DEL03-MG";"UOP02-DEL03-MG"
185387;2018-01-24;"quarta-feira";"14:50:00";"RN";101;30,2;"RIO DO FOGO";"Desobediência às normas de trânsito pelo condutor";"Colisão transversal";"Sem Vítimas";"Pleno dia";"Decrescente";"Céu Claro";"Simples";"Interseção de Vias";"Não";2;0;0;0;2;0;0;2;-5,37103332;-35,37623137;"SPRF-RN";"DEL02-RN";"UOP01-DEL02-RN"
185453;2018-12-27;"quinta-feira";"06:35:00";"MG";381;262;"CORONEL FABRICIANO";"Fenômenos da Natureza";"Colisão com objeto estático";"Com Vítimas Feridas";"Amanhecer";"Crescente";"Ignorado";"Simples";"Reta";"Não";3;0;1;0;2;0;1;1;-19,53457646;-42,58859418;"SPRF-MG";"DEL03-MG";"UOP02-DEL03-MG"
185463;2018-09-21;"sexta-feira";"20:45:00";"MG";50;173,2;"UBERABA";"Falta de Atenção à Condução";"Colisão traseira";"Com Vítimas Feridas";"Plena Noite";"Decrescente";"Céu Claro";"Dupla";"Reta";"Sim";4;0;3;0;0;1;3;3;-19,76321545;-47,97682285;"SPRF-MG";"DEL13-MG";"UOP01-DEL13-MG"
185492;2018-10-21;"domingo";"06:00:00";"SC";470;161,5;"TROMBUDO CENTRAL";"Velocidade Incompatível";"Colisão com objeto estático";"Com Vítimas Feridas";"Plena Noite";"Crescente";"Céu Claro";"Simples";"Curva";"Não";1;0;0;1;0;0;1;1;-27,285444;-49,807579;"SPRF-SC";"DEL04-SC";"UOP02-DEL04-SC"
185518;2018-12-15;"sábado";"15:30:00";"SP";116;203;"ARUJA";"Falta de Atenção à Condução";"Colisão com objeto estático";"Sem Vítimas";"Pleno dia";"Crescente";"Nublado";"Dupla";"Reta";"Sim";5;0;0;0;5;0;0;1;-23,4103483;-46,3471743;"SPRF-SP";"DEL01-SP";"UOP02-DEL01-SP"
185539;2018-12-15;"sábado";"00:30:00";"SC";280;227,1;"TRES BARRAS";"Velocidade Incompatível";"Saída de leito carroçável";"Com Vítimas Feridas";"Plena Noite";"Crescente";"Chuva";"Simples";"Reta";"Não";1;0;0;1;0;0;1;1;-26,18187348;-50,32706056;"SPRF-SC";"DEL06-SC";"UOP04-DEL06-SC"
185554;2018-01-01;"segunda-feira";"18:05:00";"GO";20;14,9;"FORMOSA";"Não guardar distância de segurança";"Colisão traseira";"Com Vítimas Feridas";"Pleno dia";"Decrescente";"Chuva";"Simples";"Reta";"Não";5;0;2;0;3;0;2;3;-15,56582362;-47,22590843;"SPRF-DF";"DEL02-DF";"UOP01-DEL02-DF"
185566;2018-11-25;"domingo";"18:00:00";"MG";251;396;"GRAO MOGOL";"Defeito na Via";"Capotamento";"Com Vítimas Feridas";"Anoitecer";"Crescente";"Céu Claro";"Simples";"Reta";"Não";4;0;4;0;0;0;4;1;-16,2164;-42,8702;"SPRF-MG";"DEL12-MG";"UOP01-DEL12-MG"
185576;2018-11-13;"terça-feira";"17:30:00";"PR";369;480;"CORBELIA";"Falta de Atenção à Condução";"Colisão transversal";"Com Vítimas Feridas";"Pleno dia";"Crescente";"Sol";"Simples";"Interseção de Vias";"Não";2;0;0;1;1;0;1;2;-24,6383;-53,2083;"SPRF-PR";"DEL04-PR";"UOP03-DEL04-PR"
185608;2018-12-28;"sexta-feira";"00:30:00";"SC";282;1,9;"FLORIANOPOLIS";"Pista Escorregadia";"Colisão com objeto estático";"Com Vítimas Feridas";"Plena Noite";"Crescente";"Chuva";"Dupla";"Reta";"Não";1;0;0;1;0;0;1;1;-27,60320146;-48,58988732;"SPRF-SC";"DEL01-SC";"UOP01-DEL01-SC"
185611;2018-12-31;"segunda-feira";"09:40:00";"ES";262;136,8;"BREJETUBA";"Falta de Atenção à Condução";"Colisão transversal";"Com Vítimas Feridas";"Pleno dia";"Decrescente";"Céu Claro";"Simples";"Reta";"Não";3;0;2;0;1;0;2;2;-20,2381;-41,3395;"SPRF-ES";"DEL01-ES";"UOP02-DEL01-ES"
185638;2018-11-25;"domingo";"10:20:00";"PR";277;81,5;"CURITIBA";"Falta de Atenção à Condução";"Colisão lateral";"Com Vítimas Feridas";"Pleno dia";"Decrescente";"Sol";"Dupla";"Reta";"Sim";2;0;0;1;1;0;1;2;-25,452544;-49,2437504;"SPRF-PR";"DEL01-PR";"UOP01-DEL01-PR"
185700;2018-07-07;"sábado";"22:10:00";"GO";20;6,7;"FORMOSA";"Ingestão de Álcool";"Saída de leito carroçável";"Com Vítimas Feridas";"Plena Noite";"Decrescente";"Céu Claro";"Simples";"Declive;Reta";"Sim";1;0;1;0;0;0;1;1;-15,54685185;-47,29528058;"SPRF-DF";"DEL02-DF";"UOP01-DEL02-DF"
185706;2018-09-20;"quinta-feira";"14:30:00";"PR";476;137;"CURITIBA";"Falta de Atenção à Condução";"Colisão traseira";"Com Vítimas Feridas";"Pleno dia";"Crescente";"Chuva";"Dupla";"Reta";"Sim";1;0;1;0;0;0;1;1;-25,498302;-49,277546;"SPRF-PR";"DEL01-PR";"UOP07-DEL01-PR"
185713;2018-08-14;"terça-feira";"17:30:00";"GO";20;11,6;"FORMOSA";"Falta de Atenção à Condução";"Colisão traseira";"Sem Vítimas";"Anoitecer";"Crescente";"Céu Claro";"Simples";"Reta";"Não";4;0;0;0;4;0;0;2;-15,56354655;-47,25421509;"SPRF-DF";"DEL02-DF";"UOP01-DEL02-DF"
185714;2018-12-29;"sábado";"05:00:00";"GO";20;16,6;"FORMOSA";"Falta de Atenção à Condução";"Colisão frontal";"Com Vítimas Fatais";"Plena Noite";"Crescente";"Garoa/Chuvisco";"Simples";"Reta";"Não";6;5;0;0;1;0;0;2;-15,56090872;-47,2100544;"SPRF-DF";"DEL02-DF";"UOP01-DEL02-DF"
185797;2018-11-06;"terça-feira";"07:20:00";"PR";116;118;"CURITIBA";"Falta de Atenção à Condução";"Colisão traseira";"Com Vítimas Feridas";"Pleno dia";"Decrescente";"Nublado";"Dupla";"Reta";"Sim";2;0;0;1;1;0;1;2;-25,544559;-49,30146;"SPRF-PR";"DEL01-PR";"UOP07-DEL01-PR"
185801;2018-12-12;"quarta-feira";"13:30:00";"PR";116;166,8;"QUITANDINHA";"Falta de Atenção à Condução";"Colisão transversal";"Com Vítimas Feridas";"Pleno dia";"Crescente";"Sol";"Simples";"Reta";"Sim";2;0;2;0;0;0;2;2;-25,87910943;-49,49207515;"SPRF-PR";"DEL01-PR";"UOP03-DEL01-PR"
185871;2018-10-07;"domingo";"17:05:00";"PR";369;177;"ROLANDIA";"Desobediência às normas de trânsito pelo condutor";"Colisão transversal";"Com Vítimas Feridas";"Pleno dia";"Crescente";"Sol";"Simples";"Interseção de Vias";"Sim";2;0;1;0;1;0;1;2;-23,33676049;-51,38838941;"SPRF-PR";"DEL07-PR";"UOP01-DEL07-PR"
185875;2018-12-21;"sexta-feira";"20:15:00";"MG";381;480;"CONTAGEM";"Velocidade Incompatível";"Colisão traseira";"Sem Vítimas";"Plena Noite";"Decrescente";"Nublado";"Múltipla";"Reta";"Sim";2;0;0;0;2;0;0;2;-19,9586;-44,0608;"SPRF-MG";"DEL01-MG";"UOP03-DEL01-MG"
185904;2018-06-29;"sexta-feira";"14:30:00";"SC";101;207;"SAO JOSE";"Falta de Atenção à Condução";"Colisão traseira";"Com Vítimas Feridas";"Pleno dia";"Decrescente";"Céu Claro";"Dupla";"Declive";"Sim";3;0;2;0;1;0;2;2;-27,602134;-48,62797737;"SPRF-SC";"DEL01-SC";"UOP01-DEL01-SC"
185921;2018-12-21;"sexta-feira";"09:30:00";"ES";101;273,5;"SERRA";"Falta de Atenção do Pedestre";"Atropelamento de Pedestre";"Com Vítimas Fatais";"Pleno dia";"Decrescente";"Céu Claro";"Dupla";"Reta";"Não";2;1;0;1;0;0;1;2;-20,21526286;-40,29429143;"SPRF-ES";"DEL02-ES";"UOP01-DEL02-ES"
185926;2018-03-26;"segunda-feira";"19:17:00";"MG";381;572;"ITAGUARA";"Falta de Atenção à Condução";"Colisão transversal";"Com Vítimas Feridas";"Plena Noite";"Decrescente";"Céu Claro";"Dupla";"Reta";"Não";4;0;1;1;2;0;2;2;-20,4344;-44,5556;"SPRF-MG";"DEL04-MG";"UOP03-DEL04-MG"