"id";"data_inversa";"dia_semana";"horario";"uf";"br";"km";"municipio";"causa_acidente";"tipo_acidente";"classificacao_acidente";"fase_dia";"sentido_via";"condicao_metereologica";"tipo_pista";"tracado_via";"uso_solo";"pessoas";"mortos";"feridos_leves";"feridos_graves";"ilesos";"ignorados";"feridos";"veiculos";"latitude";"longitude";"regional";"delegacia";"uop"
185929;2018-12-24;"segunda-feira";"06:30:00";"BA";242;797;"BARREIRAS";"Falta de Atenção à Condução";"Colisão transversal";"Com Vítimas Feridas";"Pleno dia";"Crescente";"Céu Claro";"Simples";"Reta";"Sim";2;0;1;0;1;0;1;2;-12,12618729;-45,02703667;"SPRF-BA";"DEL10-BA";"UOP01-DEL10-BA"
185936;2018-12-12;"quarta-feira";"14:40:00";"SP";381;86,3;"SAO PAULO";"Objeto estático sobre o leito carroçável";"Tombamento";"Com Vítimas Feridas";"Pleno dia";"Crescente";"Céu Claro";"Dupla";"Reta";"Não";2;0;1;0;1;0;1;1;-23,46560833;-46,57173157;"SPRF-SP";"DEL03-SP";"UOP01-DEL03-SP"
185937;2018-10-30;"terça-feira";"07:25:00";"PR";476;130,7;"CURITIBA";"Falta de Atenção à Condução";"Colisão lateral";"Com Vítimas Feridas";"Pleno dia";"Crescente";"Céu Claro";"Múltipla";"Reta";"Sim";2;0;1;0;1;0;1;2;-25,45298367;-49,24266122;"SPRF-PR";"DEL01-PR";"UOP07-DEL01-PR"
185962;2018-06-24;"domingo";"04:32:00";"PI";402;36;"PARNAIBA";"Ingestão de Álcool";"Queda de ocupante de veículo";"Com Vítimas Feridas";"Amanhecer";"Crescente";"Céu Claro";"Simples";"Rotatória";"Sim";1;0;0;1;0;0;1;1;-2,932223;-41,754227;"SPRF-PI";"DEL05-PI";"UOP01-DEL05-PI"
185987;2018-12-20;"quinta-feira";"22:00:00";"BA";418;111;"CARAVELAS";"Animais na Pista";"Atropelamento de Animal";"Com Vítimas Feridas";"Plena Noite";"Crescente";"Céu Claro";"Simples";"Reta";"Não";1;0;0;1;0;0;1;1;-17,734264;-39,553185;"SPRF-BA";"DEL09-BA";"UOP02-DEL09-BA"
186063;2018-11-22;"quinta-feira";"19:20:00";"PE";428;141;"LAGOA GRANDE";"Falta de Atenção à Condução";"Saída de leito carroçável";"Sem Vítimas";"Plena Noite";"Crescente";"Ignorado";"Simples";"Reta";"Sim";1;0;0;0;1;0;0;1;-8,999874;-40,272125;"SPRF-PE";"DEL06-PE";"UOP01-DEL06-PE"
186175;2018-10-23;"terça-feira";"17:20:00";"RN";226;4,8;"NATAL";"Desobediência às normas de trânsito pelo condutor";"Colisão frontal";"Com Vítimas Feridas";"Anoitecer";"Decrescente";"Céu Claro";"Simples";"Curva";"Sim";3;0;0;2;1;0;2;2;-5,82003631;-35,26679993;"SPRF-RN";"DEL01-RN";"UOP02-DEL01-RN"
186180;2018-12-03;"segunda-feira";"04:30:00";"RJ";116;195;"SEROPEDICA";"Falta de Atenção à Condução";"Saída de leito carroçável";"Sem Vítimas";"Plena Noite";"Crescente";"Céu Claro";"Dupla";"Reta";"Sim";1;0;0;0;0;1;0;1;-22,7166385;-43,7151682;"SPRF-RJ";"DEL01-RJ";"UOP03-DEL01-RJ"
186194;2018-12-14;"sexta-feira";"16:30:00";"BA";407;126;"SENHOR DO BONFIM";"Velocidade Incompatível";"Tombamento";"Com Vítimas Feridas";"Pleno dia";"Crescente";"Céu Claro";"Simples";"Rotatória";"Sim";1;0;1;0;0;0;1;1;-10,45835601;-40,17974854;"SPRF-BA";"DEL04-BA";"UOP01-DEL04-BA"
186344;2018-12-20;"quinta-feira";"04:25:00";"BA";101;519;"ITABUNA";"Ultrapassagem Indevida";"Saída de leito carroçável";"Com Vítimas Feridas";"Amanhecer";"Crescente";"Céu Claro";"Simples";"Reta";"Não";1;0;1;0;0;0;1;1;-14,770481;-39,292555;"SPRF-BA";"DEL05-BA";"UOP01-DEL05-BA"
186349;2018-12-22;"sábado";"18:00:00";"PI";235;434;"MONTE ALEGRE DO PIAUI";"Falta de Atenção à Condução";"Saída de leito carroçável";"Com Vítimas Fatais";"Anoitecer";"Decrescente";"Céu Claro";"Simples";"Reta";"Não";3;2;0;1;0;0;1;1;-9,76759;-45,31834;"SPRF-PI";"DEL03-PI";"UOP02-DEL03-PI"
186368;2018-11-26;"segunda-feira";"05:20:00";"BA";101;425;"IBIRAPITANGA";"Defeito Mecânico no Veículo";"Incêndio";"Sem Vítimas";"Amanhecer";"Decrescente";"Céu Claro";"Dupla";"Reta";"Não";1;0;0;0;1;0;0;1;-14,151456;-39,33082018;"SPRF-BA";"DEL05-BA";"UOP03-DEL05-BA"
186379;2018-10-19;"sexta-feira";"14:12:00";"BA";324;616;"SALVADOR";"Desobediência às normas de trânsito pelo condutor";"Colisão traseira";"Com Vítimas Feridas";"Pleno dia";"Decrescente";"Céu Claro";"Simples";"Curva";"Sim";2;0;0;1;1;0;1;2;-12,887185;-38,439163;"SPRF-BA";"DEL01-BA";"UOP01-DEL01-BA"
186390;2018-05-13;"domingo";"06:50:00";"BA";101;882;"TEIXEIRA DE FREITAS";"Falta de Atenção à Condução";"Colisão traseira";"Com Vítimas Feridas";"Pleno dia";"Crescente";"Sol";"Simples";"Em Obras";"Não";2;0;1;1;0;0;2;2;-17,5784;-39,7371;"SPRF-BA";"DEL09-BA";"UOP02-DEL09-BA"
186408;2018-10-16;"terça-feira";"08:00:00";"DF";40;3;"BRASILIA";"Desobediência às normas de trânsito pelo condutor";"Colisão traseira";"Com Vítimas Feridas";"Pleno dia";"Decrescente";"Céu Claro";"Dupla";"Reta";"Sim";2;0;1;0;1;0;1;2;-16,00068806;-47,98444033;"SPRF-DF";"DEL01-DF";"UOP01-DEL01-DF"
186535;2018-12-17;"segunda-feira";"06:35:00";"RS";290;94;"PORTO ALEGRE";"Falta de Atenção à Condução";"Tombamento";"Com Vítimas Feridas";"Amanhecer";"Crescente";"Céu Claro";"Múltipla";"Curva";"Não";1;0;1;0;0;0;1;1;-29,97357147;-51,19800936;"SPRF-RS";"DEL01-RS";"UOP01-DEL01-RS"
186536;2018-11-02;"sexta-feira";"03:30:00";"RJ";116;173;"MESQUITA";"Falta de Atenção à Condução";"Capotamento";"Com Vítimas Feridas";"Amanhecer";"Decrescente";"Céu Claro";"Múltipla";"Reta";"Sim";3;0;1;1;1;0;2;2;-22,77659698;-43,39934349;"SPRF-RJ";"DEL01-RJ";"UOP02-DEL01-RJ"
186569;2018-11-28;"quarta-feira";"20:10:00";"MG";262;49,3;"MANHUACU";"Desobediência às normas de trânsito pelo condutor";"Colisão frontal";"Com Vítimas Fatais";"Pleno dia";"Decrescente";"Nublado";"Simples";"Curva";"Não";4;1;1;0;0;2;1;3;-20,247702;-42,129566;"SPRF-MG";"DEL06-MG";"UOP03-DEL06-MG"
186614;2018-10-27;"sábado";"18:15:00";"SP";381;59;"MAIRIPORA";"Condutor Dormindo";"Saída de leito carroçável";"Com Vítimas Feridas";"Anoitecer";"Decrescente";"Nublado";"Dupla";"Reta";"Sim";1;0;1;0;0;0;1;1;-23,28365867;-46,58829099;"SPRF-SP";"DEL03-SP";"UOP01-DEL03-SP"
186624;2018-11-08;"quinta-feira";"19:45:00";"AL";316;143,8;"PALMEIRA DOS INDIOS";"Desobediência às normas de trânsito pelo condutor";"Colisão traseira";"Com Vítimas Feridas";"Plena Noite";"Decrescente";"Céu Claro";"Simples";"Reta";"Não";2;0;0;1;0;1;1;2;-9,395119;-36,731464;"SPRF-AL";"DEL03-AL";"UOP01-DEL03-AL"
186636;2018-12-16;"domingo";"20:20:00";"MS";163;257,5;"DOURADOS";"Ingestão de Álcool";"Colisão traseira";"Com Vítimas Feridas";"Plena Noite";"Crescente";"Céu Claro";"Dupla";"Reta;Declive";"Sim";3;0;1;0;1;1;1;3;-22,2589452;-54,79113948;"SPRF-MS";"DEL04-MS";"UOP01-DEL04-MS"
186756;2018-05-18;"sexta-feira";"08:40:00";"PR";369;138,4;"IBIPORA";"Animais na Pista";"Atropelamento de Animal";"Com Vítimas Feridas";"Pleno dia";"Crescente";"Ignorado";"Simples";"Reta";"Sim";1;0;0;1;0;0;1;1;-23,28800665;-51,08136607;"SPRF-PR";"DEL07-PR";"UOP01-DEL07-PR"
186765;2018-10-25;"quinta-feira";"19:35:00";"SP";116;150,2;"SAO JOSE DOS CAMPOS";"Não guardar distância de segurança";"Engavetamento";"Com Vítimas Feridas";"Plena Noite";"Decrescente";"Garoa/Chuvisco";"Múltipla";"Interseção de Vias;Declive;Reta";"Sim";5;0;2;0;3;0;2;4;-23,21401309;-45,89341044;"SPRF-SP";"DEL02-SP";"UOP01-DEL02-SP"
186766;2018-12-11;"terça-feira";"13:00:00";"SP";116;279,8;"EMBU DAS ARTES";"Falta de Atenção à Condução";"Colisão traseira";"Com Vítimas Feridas";"Pleno dia";"Decrescente";"Sol";"Dupla";"Reta";"Sim";3;0;2;0;1;0;2;2;-23,65231524;-46,84590429;"SPRF-SP";"DEL04-SP";"UOP01-DEL04-SP"
186857;2018-07-31;"terça-feira";"17:30:00";"PI";135;614,2;"CRISTALANDIA DO PIAUI";"Desobediência às normas de trânsito pelo condutor";"Colisão lateral";"Com Vítimas Feridas";"Pleno dia";"Decrescente";"Céu Claro";"Simples";"Reta";"Não";55;0;28;3;24;0;31;2;-10,61775551;-45,20436287;"SPRF-PI";"DEL03-PI";"UOP02-DEL03-PI"
186880;2018-01-22;"segunda-feira";"18:00:00";"SC";101;25;"JOINVILLE";"Defeito na Via";"Queda de ocupante de veículo";"Com Vítimas Feridas";"Anoitecer";"Decrescente";"Céu Claro";"Simples";"Reta";"Sim";1;0;0;1;0;0;1;1;-26,1925;-48,912;"SPRF-SC";"DEL03-SC";"UOP01-DEL03-SC"
186882;2018-12-07;"sexta-feira";"11:00:00";"PB";104;114,5;"LAGOA SECA";"Falta de Atenção à Condução";"Engavetamento";"Com Vítimas Feridas";"Pleno dia";"Decrescente";"Céu Claro";"Simples";"Declive;Reta";"Sim";3;0;1;0;2;0;1;3;-7,162039;-35,857132;"SPRF-PB";"DEL02-PB";"UOP04-DEL02-PB"
186909;2018-10-14;"domingo";"05:20:00";"SC";153;64;"IRANI";"Fenômenos da Natureza";"Colisão frontal";"Com Vítimas Feridas";"Amanhecer";"Crescente";"Nevoeiro/Neblina";"Simples";"Reta";"Não";4;0;4;0;0;0;4;2;-27,003662;-51,872604;"SPRF-SC";"DEL07-SC";"UOP04-DEL07-SC"
186912;2018-10-23;"terça-feira";"05:10:00";"AC";364;49;"SENADOR GUIOMARD";"Defeito na Via";"Tombamento";"Com Vítimas Feridas";"Amanhecer";"Crescente";"Ignorado";"Simples";"Declive";"Não";21;0;8;4;9;0;12;1;-9,987303;-67,16993;"SPRF-AC";"DEL01-AC";"UOP01-DEL01-AC"
186918;2018-12-01;"sábado";"16:15:00";"PI";343;594,4;"FLORIANO";"Falta de Atenção à Condução";"Colisão lateral";"Com Vítimas Feridas";"Pleno dia";"Crescente";"Céu Claro";"Simples";"Reta";"Não";2;0;0;1;1;0;1;2;-6,7921046;-43,04552794;"SPRF-PI";"DEL03-PI";"UOP01-DEL03-PI"
186929;2018-11-30;"sexta-feira";"13:35:00";"RO";364;344;"JI-PARANA";"Falta de Atenção à Condução";"Colisão lateral";"Com Vítimas Feridas";"Pleno dia";"Decrescente";"Céu Claro";"Simples";"Reta";"Sim";2;0;0;1;1;0;1;2;-10,873834;-61,952469;"SPRF-RO";"DEL02-RO";"UOP01-DEL02-RO"
186933;2018-09-25;"terça-feira";"18:30:00";"PE";0;0;"PETROLINA";"Restrição de Visibilidade";"Colisão traseira";"Sem Vítimas";"Anoitecer";"Não Informado";"Nublado";"Simples";"Reta";"Não";2;0;0;0;1;1;0;2;-9,31899019;-40,54332733;"SPRF-PE";"DEL06-PE";"UOP01-DEL06-PE"
186936;2018-09-29;"sábado";"17:51:00";"MG";365;0,1;"MONTES CLAROS";"Falta de Atenção à Condução";"Tombamento";"Com Vítimas Feridas";"Pleno dia";"Decrescente";"Céu Claro";"Simples";"Rotatória";"Não";1;0;0;1;0;0;1;1;-16,76469228;-43,88418144;"SPRF-MG";"DEL12-MG";"UOP01-DEL12-MG"
186948;2018-12-16;"domingo";"13:50:00";"SP";381;69,5;"MAIRIPORA";"Falta de Atenção à Condução";"Colisão lateral";"Com Vítimas Feridas";"Pleno dia";"Crescente";"Nublado";"Dupla";"Curva";"Não";3;0;1;0;2;0;1;3;-23,34883859;-46,55417194;"SPRF-SP";"DEL03-SP";"UOP01-DEL03-SP"
186959;2018-12-17;"segunda-feira";"05:35:00";"PB";230;183,2;"POCINHOS";"Falta de Atenção à Condução";"Colisão com objeto estático";"Sem Vítimas";"Amanhecer";"Crescente";"Nublado";"Simples";"Reta";"Não";2;0;0;0;2;0;0;2;-7,15423941;-36,09475493;"SPRF-PB";"DEL02-PB";"UOP02-DEL02-PB"
186996;2018-10-23;"terça-feira";"22:10:00";"PB";361;6;"PATOS";"Animais na Pista";"Atropelamento de Animal";"Com Vítimas Feridas";"Plena Noite";"Decrescente";"Céu Claro";"Simples";"Declive";"Sim";1;0;0;1;0;0;1;1;-7,036254;-37,31297;"SPRF-PB";"DEL03-PB";"UOP01-DEL03-PB"
186997;2018-09-22;"sábado";"21:50:00";"RN";304;36,2;"MOSSORO";"Desobediência às normas de trânsito pelo condutor";"Colisão frontal";"Com Vítimas Feridas";"Plena Noite";"Crescente";"Céu Claro";"Dupla";"Reta";"Sim";2;0;2;0;0;0;2;2;-5,168547;-37,355415;"SPRF-RN";"DEL04-RN";"UOP02-DEL04-RN"
187004;2018-12-18;"terça-feira";"21:00:00";"PB";230;22;"JOAO PESSOA";"Falta de Atenção à Condução";"Tombamento";"Com Vítimas Feridas";"Plena Noite";"Crescente";"Céu Claro";"Dupla";"Reta";"Sim";1;0;1;0;0;0;1;1;-7,1495;-34,8517;"SPRF-PB";"DEL01-PB";"UOP01-DEL01-PB"
187041;2018-12-18;"terça-feira";"17:00:00";"PR";116;115;"CURITIBA";"Falta de Atenção à Condução";"Queda de ocupante de veículo";"Com Vítimas Feridas";"Pleno dia";"Crescente";"Céu Claro";"Dupla";"Reta";"Sim";1;0;0;1;0;0;1;1;-25,544559;-49,30146;"SPRF-PR";"DEL01-PR";"UOP01-DEL01-PR"
187053;2018-12-26;"quarta-feira";"11:30:00";"PI";316;5,3;"TERESINA";"Condutor Dormindo";"Colisão com objeto estático";"Com Vítimas Feridas";"Pleno dia";"Crescente";"Sol";"Múltipla";"Reta";"Sim";3;0;2;0;1;0;2;2;-5,141744;-42,781494;"SPRF-PI";"DEL01-PI";"UOP02-DEL01-PI"
187061;2018-12-15;"sábado";"18:20:00";"PB";230;30;"BAYEUX";"Falta de Atenção à Condução";"Colisão transversal";"Com Vítimas Feridas";"Anoitecer";"Decrescente";"Céu Claro";"Dupla";"Reta";"Sim";3;0;2;0;0;1;2;2;-7,1549;-34,9077;"SPRF-PB";"DEL01-PB";"UOP01-DEL01-PB"
187082;2018-04-20;"sexta-feira";"22:00:00";"MG";116;540;"ENGENHEIRO CALDAS";"Objeto estático sobre o leito carroçável";"Tombamento";"Com Vítimas Feridas";"Plena Noite";"Crescente";"Céu Claro";"Simples";"Curva";"Não";2;0;1;1;0;0;2;1;-19,0867778;-41,99832916;"SPRF-MG";"DEL06-MG";"UOP02-DEL06-MG"
187091;2018-06-17;"domingo";"03:30:00";"MG";365;764,2;"ITUIUTABA";"Condutor Dormindo";"Saída de leito carroçável";"Com Vítimas Feridas";"Plena Noite";"Crescente";"Céu Claro";"Simples";"Reta";"Não";1;0;1;0;0;0;1;1;-18,96374893;-49,55426277;"SPRF-MG";"DEL15-MG";"UOP03-DEL15-MG"
187100;2018-12-08;"sábado";"01:30:00";"AL";104;22,8;"UNIAO DOS PALMARES";"Ingestão de Álcool";"Queda de ocupante de veículo";"Com Vítimas Feridas";"Plena Noite";"Decrescente";"Céu Claro";"Simples";"Curva";"Não";1;0;0;1;0;0;1;1;-9,08379029;-36,05026245;"SPRF-AL";"DEL01-AL";"UOP02-DEL01-AL"
187103;2018-08-24;"sexta-feira";"17:10:00";"PR";476;356;"UNIAO DA VITORIA";"Defeito Mecânico no Veículo";"Tombamento";"Com Vítimas Feridas";"Pleno dia";"Crescente";"Nublado";"Simples";"Reta";"Não";2;0;1;0;1;0;1;1;-26,19610892;-51,02303982;"SPRF-PR";"DEL02-PR";"UOP03-DEL02-PR"
187109;2018-12-15;"sábado";"19:30:00";"SP";381;73;"SAO PAULO";"Velocidade Incompatível";"Saída de leito carroçável";"Com Vítimas Feridas";"Plena Noite";"Crescente";"Céu Claro";"Dupla";"Reta";"Não";5;0;4;1;0;0;5;1;-23,3639185;-46,55233774;"SPRF-SP";"DEL03-SP";"UOP01-DEL03-SP"
187118;2018-12-24;"segunda-feira";"18:50:00";"RS";290;16,7;"SANTO ANTONIO DA PATRULHA";"Condutor Dormindo";"Saída de leito carroçável";"Com Vítimas Feridas";"Pleno dia";"Decrescente";"Céu Claro";"Múltipla";"Reta";"Não";1;0;0;1;0;0;1;1;-29,871126;-50,418049;"SPRF-RS";"DEL03-RS";"UOP02-DEL03-RS"
187121;2018-06-14;"quinta-feira";"10:37:00";"RS";290;92;"PORTO ALEGRE";"Falta de Atenção à Condução";"Colisão traseira";"Com Vítimas Feridas";"Pleno dia";"Decrescente";"Céu Claro";"Simples";"Reta";"Sim";2;0;0;1;1;0;1;2;-29,9509923;-51,1742355;"SPRF-RS";"DEL01-RS";"UOP01-DEL01-RS"
187129;2018-12-25;"terça-feira";"06:00:00";"MS";262;365,3;"CAMPO GRANDE";"Ingestão de Álcool";"Colisão transversal";"Sem Vítimas";"Pleno dia";"Decrescente";"Céu Claro";"Simples";"Reta";"Sim";2;0;0;0;2;0;0;2;-20,489371;-54,742668;"SPRF-MS";"DEL01-MS";"UOP03-DEL01-MS"
187155;2018-07-24;"terça-feira";"18:00:00";"RJ";116;237;"PIRAI";"Falta de Atenção à Condução";"Colisão lateral";"Com Vítimas Feridas";"Anoitecer";"Crescente";"Nublado";"Simples";"Reta";"Não";2;0;0;1;1;0;1;2;-22,63017319;-43,91029358;"SPRF-RJ";"DEL07-RJ";"UOP01-DEL07-RJ"
187163;2018-12-19;"quarta-feira";"07:00:00";"PB";230;20,8;"JOAO PESSOA";"Falta de Atenção à Condução";"Colisão lateral";"Com Vítimas Feridas";"Pleno dia";"Decrescente";"Céu Claro";"Dupla";"Reta";"Sim";3;0;2;0;1;0;2;2;-7,1337;-34,8544;"SPRF-PB";"DEL01-PB";"UOP01-DEL01-PB"
187202;2018-07-05;"quinta-feira";"01:40:00";"RJ";116;164;"RIO DE JANEIRO";"Condutor Dormindo";"Colisão com objeto estático";"Com Vítimas Feridas";"Plena Noite";"Decrescente";"Céu Claro";"Dupla";"Reta";"Sim";1;0;1;0;0;0;1;1;-22,81248122;-43,33136022;"SPRF-RJ";"DEL01-RJ";"UOP01-DEL01-RJ"
187292;2018-11-22;"quinta-feira";"19:40:00";"PE";408;41,5;"ALIANCA";"Ultrapassagem Indevida";"Colisão frontal";"Com Vítimas Feridas";"Plena Noite";"Crescente";"Chuva";"Simples";"Curva";"Não";2;0;1;1;0;0;2;2;-7,662889;-35,249701;"SPRF-PE";"DEL01-PE";"UOP01-DEL01-PE"
187310;2018-12-11;"terça-feira";"08:07:00";"RJ";101;482;"ANGRA DOS REIS";"Falta de Atenção à Condução";"Colisão lateral";"Com Vítimas Feridas";"Pleno dia";"Crescente";"Céu Claro";"Simples";"Reta";"Sim";2;0;1;0;1;0;1;2;-23,00495669;-44,29739736;"SPRF-RJ";"DEL03-RJ";"UOP03-DEL03-RJ"
187312;2018-12-15;"sábado";"16:50:00";"PR";373;454,6;"CHOPINZINHO";"Pista Escorregadia";"Colisão frontal";"Com Vítimas Fatais";"Pleno dia";"Decrescente";"Chuva";"Simples";"Reta";"Não";13;1;12;0;0;0;12;2;-25,90540185;-52,37929344;"SPRF-PR";"DEL02-PR";"UOP01-DEL02-PR"
187317;2018-10-03;"quarta-feira";"08:45:00";"ES";101;267;"SERRA";"Desobediência às normas de trânsito pelo condutor";"Atropelamento de Pedestre";"Com Vítimas Feridas";"Pleno dia";"Crescente";"Ignorado";"Dupla";"Reta";"Sim";2;0;1;0;1;0;1;2;-20,19960279;-40,26919149;"SPRF-ES";"DEL02-ES";"UOP01-DEL02-ES"
187320;2018-12-19;"quarta-feira";"03:40:00";"MG";381;363;"JOAO MONLEVADE";"Falta de Atenção à Condução";"Colisão frontal";"Com Vítimas Feridas";"Plena Noite";"Crescente";"Ignorado";"Simples";"Curva";"Não";3;0;1;0;2;0;1;2;-19,8507298;-43,21696803;"SPRF-MG";"DEL03-MG";"UOP01-DEL03-MG"
187321;2018-11-22;"quinta-feira";"18:40:00";"SC";101;212;"PALHOCA";"Falta de Atenção à Condução";"Colisão traseira";"Com Vítimas Feridas";"Pleno dia";"Decrescente";"Céu Claro";"Dupla";"Reta";"Sim";2;0;1;0;1;0;1;2;-27,6372;-48,6651;"SPRF-SC";"DEL01-SC";"UOP02-DEL01-SC"
187324;2018-09-03;"segunda-feira";"15:45:00";"MG";50;36;"ARAGUARI";"Falta de Atenção à Condução";"";"Com Vítimas Feridas";"Pleno dia";"Decrescente";"Céu Claro";"Dupla";"Viaduto";"Sim";1;0;0;1;0;0;1;1;-18,6588;-48,1568;"SPRF-MG";"DEL15-MG";"UOP02-DEL15-MG"
187328;2018-12-21;"sexta-feira";"11:13:00";"PB";101;11,5;"MAMANGUAPE";"Falta de Atenção à Condução";"Colisão com objeto estático";"Com Vítimas Feridas";"Pleno dia";"Crescente";"Céu Claro";"Dupla";"Reta;Declive";"Sim";1;0;1;0;0;0;1;1;-6,6035;-35,1404;"SPRF-PB";"DEL01-PB";"UOP04-DEL01-PB"
187340;2018-11-27;"terça-feira";"05:30:00";"MG";365;669;"MONTE ALEGRE DE MINAS";"Animais na Pista";"Atropelamento de Animal";"Com Vítimas Feridas";"Plena Noite";"Crescente";"Céu Claro";"Dupla";"Reta";"Não";4;0;2;1;1;0;3;1;-18,8917;-48,6787;"SPRF-MG";"DEL15-MG";"UOP01-DEL15-MG"
187346;2018-12-19;"quarta-feira";"16:30:00";"PB";230;36;"SANTA RITA";"Mal Súbito";"Colisão traseira";"Com Vítimas Feridas";"Pleno dia";"Crescente";"Céu Claro";"Dupla";"Aclive";"Sim";4;0;1;0;3;0;1;4;-7,1246;-34,9473;"SPRF-PB";"DEL01-PB";"UOP01-DEL01-PB"
187373;2018-11-11;"domingo";"00:40:00";"PR";369;518,4;"CASCAVEL";"Desobediência às normas de trânsito pelo condutor";"Colisão frontal";"Com Vítimas Feridas";"Plena Noite";"Decrescente";"Céu Claro";"Simples";"Reta";"Não";4;0;0;3;1;0;3;2;-24,91352906;-53,383255;"SPRF-PR";"DEL04-PR";"UOP01-DEL04-PR"
187519;2018-12-30;"domingo";"01:25:00";"SP";116;217;"GUARULHOS";"Ingestão de Álcool";"Saída de leito carroçável";"Com Vítimas Feridas";"Plena Noite";"Decrescente";"Céu Claro";"Múltipla";"Aclive";"Sim";2;0;2;0;0;0;2;1;-23,45745927;-46,47875547;"SPRF-SP";"DEL01-SP";"UOP01-DEL01-SP"
187742;2018-12-10;"segunda-feira";"16:15:00";"MG";116;275;"TEOFILO OTONI";"Pista Escorregadia";"Tombamento";"Com Vítimas Feridas";"Pleno dia";"Crescente";"Chuva";"Dupla";"Rotatória";"Sim";1;0;1;0;0;0;1;1;-17,84668271;-41,51572466;"SPRF-MG";"DEL11-MG";"UOP01-DEL11-MG"
187942;2018-07-14;"sábado";"05:00:00";"MA";10;243,1;"IMPERATRIZ";"Animais na Pista";"Atropelamento de Animal";"Com Vítimas Fatais";"Plena Noite";"Crescente";"Céu Claro";"Simples";"Reta";"Não";1;1;0;0;0;0;0;1;-5,60354;-47,423855;"SPRF-MA";"DEL04-MA";"UOP01-DEL04-MA"
187977;2018-12-30;"domingo";"07:15:00";"PB";101;86,2;"JOAO PESSOA";"Velocidade Incompatível";"Tombamento";"Com Vítimas Feridas";"Pleno dia";"Crescente";"Céu Claro";"Dupla";"Reta";"Sim";1;0;1;0;0;0;1;1;-7,1617;-34,9037;"SPRF-PB";"DEL01-PB";"UOP01-DEL01-PB"
187997;2018-12-25;"terça-feira";"16:40:00";"AL";316;241;"ATALAIA";"Desobediência às normas de trânsito pelo pedestre";"Atropelamento de Pedestre";"Com Vítimas Feridas";"Pleno dia";"Crescente";"Céu Claro";"Simples";"Curva";"Sim";3;0;0;1;1;1;1;2;-9,510221;-36,004715;"SPRF-AL";"DEL01-AL";"UOP01-DEL01-AL"
188080;2018-12-30;"domingo";"19:25:00";"PR";277;43;"MORRETES";"Não guardar distância de segurança";"Colisão com objeto em movimento";"Com Vítimas Feridas";"Anoitecer";"Crescente";"Céu Claro";"Dupla";"Reta;Aclive";"Não";7;0;1;0;5;1;1;3;-25,59168454;-48,87817383;"SPRF-PR";"DEL01-PR";"UOP07-DEL01-PR"
188106;2018-12-08;"sábado";"23:40:00";"GO";70;61,3;"COCALZINHO DE GOIAS";"Avarias e/ou desgaste excessivo no pneu";"Saída de leito carroçável";"Com Vítimas Fatais";"Plena Noite";"Crescente";"Nevoeiro/Neblina";"Dupla";"Reta";"Não";2;1;0;0;0;1;0;2;-15,767;-48,7136;"SPRF-DF";"DEL01-DF";"UOP02-DEL03-DF"
188137;2018-11-25;"domingo";"22:30:00";"RJ";116;175;"NOVA IGUACU";"Desobediência às normas de trânsito pelo pedestre";"Atropelamento de Pedestre";"Com Vítimas Fatais";"Plena Noite";"Decrescente";"Chuva";"Múltipla";"Reta";"Sim";2;1;0;0;1;0;0;2;-22,789236;-43,372753;"SPRF-RJ";"DEL01-RJ";"UOP02-DEL01-RJ"
188164;2018-10-19;"sexta-feira";"20:00:00";"PB";230;367,5;"MALTA";"Falta de Atenção à Condução";"Colisão frontal";"Com Vítimas Feridas";"Plena Noite";"Crescente";"Céu Claro";"Simples";"Reta";"Sim";2;0;0;1;1;0;1;2;-6,90491228;-37,52667904;"SPRF-PB";"DEL03-PB";"UOP02-DEL03-PB"
188177;2018-10-05;"sexta-feira";"18:20:00";"ES";262;2;"CARIACICA";"Falta de Atenção à Condução";"Engavetamento";"Sem Vítimas";"Plena Noite";"Decrescente";"Chuva";"Dupla";"Curva";"Sim";3;0;0;0;1;2;0;3;-20,33302328;-40,36087459;"SPRF-ES";"DEL01-ES";"UOP01-DEL01-ES"
188180;2018-12-08;"sábado";"04:00:00";"CE";20;306,1;"CANINDE";"Falta de Atenção do Pedestre";"Atropelamento de Pedestre";"Com Vítimas Fatais";"Amanhecer";"Crescente";"Céu Claro";"Simples";"Reta";"Sim";2;1;0;0;0;1;0;2;-4,36242331;-39,30241674;"SPRF-CE";"DEL02-CE";"UOP01-DEL02-CE"
188199;2018-12-20;"quinta-feira";"16:10:00";"SC";282;275,7;"SAO JOSE DO CERRITO";"Velocidade Incompatível";"Saída de leito carroçável";"Sem Vítimas";"Pleno dia";"Crescente";"Chuva";"Simples";"Curva";"Não";1;0;0;0;1;0;0;1;-27,606421;-50,720207;"SPRF-SC";"DEL05-SC";"UOP02-DEL05-SC"
188217;2018-12-25;"terça-feira";"20:30:00";"PB";230;8,8;"CABEDELO";"Ingestão de Álcool";"Colisão com objeto estático";"Com Vítimas Feridas";"Plena Noite";"Decrescente";"Céu Claro";"Dupla";"Retorno Regulamentado;Em Obras";"Sim";1;0;0;1;0;0;1;1;-7,04013948;-34,84498501;"SPRF-PB";"DEL01-PB";"UOP01-DEL01-PB"
188286;2018-05-03;"quinta-feira";"07:57:00";"RJ";101;317;"SAO GONCALO";"Desobediência às normas de trânsito pelo condutor";"Colisão lateral";"Com Vítimas Feridas";"Pleno dia";"Crescente";"Céu Claro";"Dupla";"Reta";"Sim";3;0;1;0;2;0;1;2;-22,790446;-43,0243382;"SPRF-RJ";"DEL02-RJ";"DEL5/2-UOP04/RJ"