"id";"data_inversa";"dia_semana";"horario";"uf";"br";"km";"municipio";"causa_acidente";"tipo_acidente";"classificacao_acidente";"fase_dia";"sentido_via";"condicao_metereologica";"tipo_pista";"tracado_via";"uso_solo";"pessoas";"mortos";"feridos_leves";"feridos_graves";"ilesos";"ignorados";"feridos";"veiculos";"latitude";"longitude";"regional";"delegacia";"uop"
188291;2018-12-21;"sexta-feira";"13:00:00";"PB";361;4,3;"PATOS";"Falta de Atenção à Condução";"Colisão lateral";"Com Vítimas Feridas";"Pleno dia";"Decrescente";"Céu Claro";"Simples";"Reta";"Sim";2;0;2;0;0;0;2;2;-7,018599;-37,26078;"SPRF-PB";"DEL03-PB";"UOP01-DEL03-PB"
188317;2018-09-17;"segunda-feira";"06:30:00";"MA";135;41;"BACABEIRA";"Agressão Externa";"Saída de leito carroçável";"Sem Vítimas";"Pleno dia";"Decrescente";"Céu Claro";"Dupla";"Reta";"Não";1;0;0;0;1;0;0;1;-2,899871;-44,366676;"SPRF-MA";"DEL01-MA";"UOP01-DEL01-MA"
188332;2018-12-29;"sábado";"13:45:00";"BA";30;713;"ITACARE";"Ingestão de Álcool";"Colisão frontal";"Sem Vítimas";"Pleno dia";"Crescente";"Céu Claro";"Simples";"Reta";"Não";2;0;0;0;1;1;0;2;-14,2271391;-39,093652;"SPRF-BA";"DEL05-BA";"UOP01-DEL05-BA"
188444;2018-08-26;"domingo";"18:00:00";"BA";20;184,7;"LUIS EDUARDO MAGALHAES";"Falta de Atenção à Condução";"Colisão transversal";"Com Vítimas Fatais";"Pleno dia";"Crescente";"Céu Claro";"Simples";"Reta";"Não";3;1;0;1;1;0;1;2;-12,34721264;-45,85830688;"SPRF-BA";"DEL10-BA";"UOP01-DEL10-BA"
188446;2018-11-16;"sexta-feira";"13:30:00";"AL";104;33,9;"UNIAO DOS PALMARES";"Falta de Atenção à Condução";"Colisão transversal";"Sem Vítimas";"Pleno dia";"Decrescente";"Nublado";"Simples";"Reta";"Sim";2;0;0;0;2;0;0;2;-9,1512483;-36,01318359;"SPRF-AL";"DEL01-AL";"UOP02-DEL01-AL"
188460;2018-12-16;"domingo";"05:50:00";"RN";101;106;"PARNAMIRIM";"Desobediência às normas de trânsito pelo condutor";"Colisão traseira";"Com Vítimas Feridas";"Pleno dia";"Decrescente";"Céu Claro";"Múltipla";"Viaduto;Reta";"Sim";2;0;1;0;1;0;1;2;-5,910553;-35,261307;"SPRF-RN";"DEL01-RN";"UOP01-DEL01-RN"
188494;2018-11-20;"terça-feira";"20:00:00";"PR";369;185;"ARAPONGAS";"Falta de Atenção à Condução";"Colisão lateral";"Com Vítimas Feridas";"Plena Noite";"Decrescente";"Céu Claro";"Simples";"Reta";"Sim";2;0;1;0;1;0;1;2;-23,41744575;-51,42660499;"SPRF-PR";"DEL07-PR";"UOP03-DEL07-PR"
188507;2018-12-14;"sexta-feira";"20:40:00";"MG";381;372;"SAO GONCALO DO RIO ABAIXO";"Velocidade Incompatível";"Colisão lateral";"Com Vítimas Feridas";"Plena Noite";"Crescente";"Ignorado";"Simples";"Curva";"Não";1;0;1;0;0;0;1;1;-19,834627;-43,36495489;"SPRF-MG";"DEL01-MG";"UOP01-DEL01-MG"
188513;2018-12-14;"sexta-feira";"19:45:00";"MG";381;410;"NOVA UNIAO";"Desobediência às normas de trânsito pelo condutor";"Colisão com objeto estático";"Com Vítimas Feridas";"Plena Noite";"Decrescente";"Ignorado";"Simples";"Reta";"Não";4;0;3;1;0;0;4;1;-19,74000952;-43,51686046;"SPRF-MG";"DEL01-MG";"UOP01-DEL01-MG"
188552;2018-12-21;"sexta-feira";"13:10:00";"PR";280;267,2;"MARMELEIRO";"Restrição de Visibilidade";"Colisão frontal";"Com Vítimas Fatais";"Pleno dia";"Crescente";"Chuva";"Simples";"Reta";"Não";4;1;3;0;0;0;3;2;-26,154001;-53,0238;"SPRF-PR";"DEL02-PR";"UOP01-DEL02-PR"
188568;2018-08-28;"terça-feira";"16:45:00";"ES";259;2;"JOAO NEIVA";"Defeito Mecânico no Veículo";"Queda de ocupante de veículo";"Com Vítimas Feridas";"Pleno dia";"Crescente";"Ignorado";"Simples";"Reta";"Não";2;0;0;1;0;1;1;2;-19,71843798;-40,37640139;"SPRF-ES";"DEL02-ES";"UOP01-DEL02-ES"
188624;2018-12-23;"domingo";"13:10:00";"PB";104;118,3;"LAGOA SECA";"Falta de Atenção do Pedestre";"Atropelamento de Pedestre";"Com Vítimas Feridas";"Pleno dia";"Crescente";"Céu Claro";"Simples";"Declive";"Não";2;0;1;0;1;0;1;2;-7,19269928;-35,87018967;"SPRF-PB";"DEL02-PB";"UOP04-DEL02-PB"
188645;2018-08-01;"quarta-feira";"22:45:00";"SC";101;205,6;"SAO JOSE";"Falta de Atenção à Condução";"Colisão transversal";"Com Vítimas Feridas";"Plena Noite";"Crescente";"Nublado";"Dupla";"Reta";"Sim";2;0;0;2;0;0;2;2;-27,592;-48,6181;"SPRF-SC";"DEL01-SC";"UOP01-DEL01-SC"
188671;2018-10-16;"terça-feira";"17:30:00";"BA";101;749,4;"ITABELA";"Falta de Atenção do Pedestre";"Atropelamento de Pedestre";"Com Vítimas Feridas";"Anoitecer";"Decrescente";"Céu Claro";"Simples";"Reta";"Não";2;0;0;1;0;1;1;2;-16,6007;-39,5487;"SPRF-BA";"DEL09-BA";"UOP01-DEL09-BA"
188767;2018-12-25;"terça-feira";"09:30:00";"BA";367;62;"PORTO SEGURO";"Desobediência às normas de trânsito pelo condutor";"Colisão lateral";"Com Vítimas Feridas";"Pleno dia";"Crescente";"Ignorado";"Simples";"Reta";"Sim";1;0;1;0;0;0;1;1;-16,393261;-39,401012;"SPRF-BA";"DEL09-BA";"UOP01-DEL09-BA"
188812;2018-04-20;"sexta-feira";"14:00:00";"PR";277;583;"CASCAVEL";"Falta de Atenção à Condução";"Queda de ocupante de veículo";"Com Vítimas Feridas";"Pleno dia";"Decrescente";"Céu Claro";"Simples";"Reta";"Não";1;0;0;1;0;0;1;1;-25,02817;-53,55983;"SPRF-PR";"DEL04-PR";"UOP01-DEL04-PR"
188895;2018-11-14;"quarta-feira";"09:30:00";"PR";476;139;"CURITIBA";"Falta de Atenção à Condução";"Queda de ocupante de veículo";"Com Vítimas Feridas";"Pleno dia";"Crescente";"Céu Claro";"Múltipla";"Reta";"Sim";2;0;1;0;1;0;1;2;-25,5249528;-49,29605663;"SPRF-PR";"DEL01-PR";"UOP07-DEL01-PR"
189023;2018-12-01;"sábado";"20:10:00";"PR";376;216,9;"JANDAIA DO SUL";"Falta de Atenção à Condução";"Colisão transversal";"Com Vítimas Feridas";"Anoitecer";"Decrescente";"Céu Claro";"Múltipla";"Rotatória;Interseção de Vias";"Sim";3;0;1;0;2;0;1;2;-23,59520256;-51,64158404;"SPRF-PR";"DEL07-PR";"UOP03-DEL07-PR"
189038;2018-12-06;"quinta-feira";"19:30:00";"BA";415;58;"ITABUNA";"Ultrapassagem Indevida";"Saída de leito carroçável";"Com Vítimas Feridas";"Plena Noite";"Crescente";"Nublado";"Simples";"Curva";"Não";1;0;0;1;0;0;1;1;-14,84954563;-39,38574109;"SPRF-BA";"DEL05-BA";"UOP01-DEL05-BA"
189227;2018-11-18;"domingo";"17:10:00";"RS";386;365;"FAZENDA VILANOVA";"Falta de Atenção à Condução";"Atropelamento de Pedestre";"Com Vítimas Feridas";"Pleno dia";"Decrescente";"Céu Claro";"Dupla";"Reta";"Não";3;0;1;1;1;0;2;2;-29,57448349;-51,84885979;"SPRF-RS";"DEL04-RS";"UOP02-DEL04-RS"
189253;2018-10-28;"domingo";"17:25:00";"SC";101;88;"BARRA VELHA";"Desobediência às normas de trânsito pelo condutor";"Colisão transversal";"Com Vítimas Feridas";"Pleno dia";"Decrescente";"Céu Claro";"Simples";"Reta";"Sim";4;0;2;0;2;0;2;2;-26,651;-48,687;"SPRF-SC";"DEL03-SC";"UOP02-DEL03-SC"
189323;2018-09-16;"domingo";"15:00:00";"PR";476;142,3;"CURITIBA";"Falta de Atenção à Condução";"Queda de ocupante de veículo";"Com Vítimas Feridas";"Pleno dia";"Decrescente";"Nublado";"Dupla";"Reta";"Sim";2;0;1;0;0;1;1;2;-25,54011818;-49,30216268;"SPRF-PR";"DEL01-PR";"UOP07-DEL01-PR"
189388;2018-11-05;"segunda-feira";"02:00:00";"BA";407;131;"SENHOR DO BONFIM";"Ultrapassagem Indevida";"Saída de leito carroçável";"Com Vítimas Feridas";"Plena Noite";"Crescente";"Ignorado";"Simples";"Aclive";"Não";1;0;0;1;0;0;1;1;-10,52764459;-40,13923645;"SPRF-BA";"DEL04-BA";"UOP01-DEL04-BA"
189445;2018-12-17;"segunda-feira";"07:50:00";"PR";369;159,4;"CAMBE";"Falta de Atenção à Condução";"Colisão lateral";"Com Vítimas Feridas";"Pleno dia";"Decrescente";"Ignorado";"Dupla";"Reta";"Sim";2;0;0;1;1;0;1;2;-23,29801353;-51,19700012;"SPRF-PR";"DEL07-PR";"UOP01-DEL07-PR"
189469;2018-12-19;"quarta-feira";"17:30:00";"ES";259;56;"COLATINA";"Falta de Atenção à Condução";"Queda de ocupante de veículo";"Com Vítimas Feridas";"Pleno dia";"Crescente";"Céu Claro";"Simples";"Interseção de Vias";"Sim";2;0;1;0;0;1;1;2;-19,49829311;-40,63148282;"SPRF-ES";"DEL02-ES";"UOP01-DEL02-ES"
189478;2018-12-31;"segunda-feira";"11:00:00";"PE";101;51;"ABREU E LIMA";"Falta de Atenção à Condução";"Colisão lateral";"Sem Vítimas";"Pleno dia";"Crescente";"Sol";"Dupla";"Reta";"Sim";3;0;0;0;1;2;0;3;-7,9244;-34,8965;"SPRF-PE";"DEL01-PE";"UOP02-DEL01-PE"
189487;2018-11-12;"segunda-feira";"14:00:00";"BA";101;222;"CRUZ DAS ALMAS";"Desobediência às normas de trânsito pelo condutor";"Colisão frontal";"Com Vítimas Feridas";"Pleno dia";"Crescente";"Céu Claro";"Simples";"Reta";"Não";3;0;0;3;0;0;3;2;-12,6742;-39,1353;"SPRF-BA";"DEL01-BA";"UOP02-DEL01-BA"
189618;2018-11-23;"sexta-feira";"12:40:00";"BA";407;1,2;"JUAZEIRO";"Não guardar distância de segurança";"Queda de ocupante de veículo";"Com Vítimas Feridas";"Pleno dia";"Crescente";"Céu Claro";"Simples";"Reta";"Sim";1;0;1;0;0;0;1;1;-9,41993545;-40,50796509;"SPRF-PE";"DEL06-PE";"UOP01-DEL06-PE"
189636;2018-10-28;"domingo";"10:20:00";"GO";80;11;"PADRE BERNARDO";"Falta de Atenção à Condução";"Colisão lateral";"Com Vítimas Feridas";"Pleno dia";"Crescente";"Céu Claro";"Simples";"Reta";"Não";5;0;1;1;3;0;2;2;-15,41238471;-48,20049226;"SPRF-DF";"DEL01-DF";"UOP02-DEL03-DF"
189637;2018-09-11;"terça-feira";"21:15:00";"PE";232;172;"BELO JARDIM";"Desobediência às normas de trânsito pelo condutor";"Colisão frontal";"Com Vítimas Feridas";"Plena Noite";"Decrescente";"Céu Claro";"Simples";"Curva";"Não";2;0;0;1;1;0;1;2;-8,342333;-36,348808;"SPRF-PE";"DEL02-PE";"UOP03-DEL02-PE"
189647;2018-03-03;"sábado";"12:00:00";"MA";226;519,7;"LAJEADO NOVO";"Defeito na Via";"Saída de leito carroçável";"Sem Vítimas";"Pleno dia";"Decrescente";"Céu Claro";"Simples";"Reta";"Não";3;0;0;0;3;0;0;1;-6,15517814;-46,97803343;"SPRF-MA";"DEL04-MA";"UOP02-DEL04-MA"
189648;2018-03-11;"domingo";"18:40:00";"BA";110;361;"CATU";"Ingestão de Álcool";"Colisão frontal";"Com Vítimas Feridas";"Plena Noite";"Decrescente";"Nublado";"Simples";"Reta";"Sim";2;0;1;0;0;1;1;2;-12,31987761;-38,3807373;"SPRF-BA";"DEL01-BA";"UOP04-DEL01-BA"
189658;2018-06-09;"sábado";"22:15:00";"BA";415;47;"ITABUNA";"Falta de Atenção do Pedestre";"Saída de leito carroçável";"Com Vítimas Feridas";"Plena Noite";"Decrescente";"Céu Claro";"Simples";"Reta";"Sim";2;0;0;2;0;0;2;2;-14,815745;-39,296124;"SPRF-BA";"DEL05-BA";"UOP01-DEL05-BA"
189668;2018-12-29;"sábado";"08:00:00";"RJ";493;10;"GUAPIMIRIM";"Falta de Atenção à Condução";"Colisão traseira";"Com Vítimas Feridas";"Pleno dia";"Decrescente";"Céu Claro";"Simples";"Ponte";"Não";6;0;3;0;3;0;3;3;-22,695457;-42,956669;"SPRF-RJ";"DEL04-RJ";"UOP02-DEL04-RJ"
189689;2018-06-07;"quinta-feira";"14:30:00";"PA";308;163;"CAPANEMA";"Defeito na Via";"Saída de leito carroçável";"Com Vítimas Feridas";"Pleno dia";"Crescente";"Chuva";"Simples";"Reta";"Não";3;0;2;1;0;0;3;1;-1,20119831;-47,07023621;"SPRF-PA";"DEL01-PA";"UOP03-DEL01-PA"
189732;2018-04-05;"quinta-feira";"10:00:00";"BA";330;828;"UBAITABA";"Falta de Atenção à Condução";"Colisão com objeto estático";"Com Vítimas Feridas";"Pleno dia";"Crescente";"Ignorado";"Simples";"Reta";"Não";1;0;0;1;0;0;1;1;-14,26704497;-39,33105469;"SPRF-BA";"DEL05-BA";"UOP01-DEL05-BA"
189740;2018-04-06;"sexta-feira";"18:30:00";"PR";153;108,3;"IBAITI";"Falta de Atenção do Pedestre";"Atropelamento de Pedestre";"Com Vítimas Feridas";"Anoitecer";"Crescente";"Céu Claro";"Simples";"Reta";"Sim";2;0;0;2;0;0;2;2;-23,838009;-50,193119;"SPRF-PR";"DEL07-PR";"UOP04-DEL07-PR"
189829;2018-12-28;"sexta-feira";"15:10:00";"RS";470;184;"VERANOPOLIS";"Falta de Atenção à Condução";"Capotamento";"Com Vítimas Feridas";"Pleno dia";"Decrescente";"Céu Claro";"Simples";"Reta";"Não";1;0;1;0;0;0;1;1;-28,97136688;-51,56267345;"SPRF-RS";"DEL06-RS";"UOP02-DEL06-RS"
189832;2018-11-08;"quinta-feira";"16:33:00";"PR";376;8;"MANDAGUARI";"Pista Escorregadia";"Tombamento";"Com Vítimas Feridas";"Pleno dia";"Crescente";"Céu Claro";"Simples";"Reta";"Não";1;0;0;1;0;0;1;1;-23,52617901;-51,67849446;"SPRF-PR";"DEL07-PR";"UOP01-DEL09-PR"
189900;2018-11-17;"sábado";"20:00:00";"RS";386;278,6;"SAO JOSE DO HERVAL";"Falta de Atenção à Condução";"Saída de leito carroçável";"Com Vítimas Feridas";"Plena Noite";"Decrescente";"Céu Claro";"Simples";"Curva";"Não";1;0;1;0;0;0;1;1;-29,015963;-52,324341;"SPRF-RS";"DEL04-RS";"NPF/DEL04-RS"
189929;2018-12-05;"quarta-feira";"11:10:00";"PE";101;51,5;"ABREU E LIMA";"Não guardar distância de segurança";"Colisão traseira";"Com Vítimas Feridas";"Pleno dia";"Decrescente";"Céu Claro";"Múltipla";"Reta";"Sim";1;0;0;1;0;0;1;1;-7,91816047;-34,89614194;"SPRF-PE";"DEL01-PE";"UOP02-DEL01-PE"
189934;2018-12-05;"quarta-feira";"17:00:00";"PR";116;117;"CURITIBA";"Falta de Atenção à Condução";"Colisão traseira";"Com Vítimas Feridas";"Pleno dia";"Crescente";"Céu Claro";"Dupla";"Retorno Regulamentado";"Sim";2;0;1;0;1;0;1;2;-25,57555212;-49,31213647;"SPRF-PR";"DEL01-PR";"UOP07-DEL01-PR"
189968;2018-12-29;"sábado";"23:59:00";"GO";40;10,9;"LUZIANIA";"Falta de Atenção do Pedestre";"Atropelamento de Pedestre";"Com Vítimas Fatais";"Plena Noite";"Decrescente";"Céu Claro";"Dupla";"Reta";"Sim";2;1;0;0;0;1;0;2;-16,131285;-47,957923;"SPRF-DF";"DEL01-DF";"UOP01-DEL01-DF"
190027;2018-12-10;"segunda-feira";"07:50:00";"BA";324;601;"SIMOES FILHO";"Falta de Atenção à Condução";"Colisão lateral";"Com Vítimas Feridas";"Pleno dia";"Decrescente";"Céu Claro";"Dupla";"Reta";"Não";2;0;1;0;1;0;1;2;-12,7870725;-38,40900376;"SPRF-BA";"DEL01-BA";"UOP01-DEL01-BA"
190031;2018-06-02;"sábado";"00:10:00";"SC";470;67,3;"INDAIAL";"Falta de Atenção do Pedestre";"Atropelamento de Pedestre";"Com Vítimas Feridas";"Plena Noite";"Decrescente";"Céu Claro";"Simples";"Reta";"Não";2;0;0;1;1;0;1;2;-26,8738083;-49,23421914;"SPRF-SC";"DEL04-SC";"UOP01-DEL04-SC"
190032;2018-10-26;"sexta-feira";"21:15:00";"SC";101;186,5;"BIGUACU";"Falta de Atenção à Condução";"Colisão traseira";"Com Vítimas Feridas";"Plena Noite";"Decrescente";"Chuva";"Dupla";"Reta";"Não";4;0;0;1;3;0;1;3;-27,43516521;-48,6252737;"SPRF-SC";"DEL01-SC";"UOP01-DEL01-SC"
190155;2018-10-11;"quinta-feira";"18:00:00";"RO";435;57;"VILHENA";"Restrição de Visibilidade";"Atropelamento de Pedestre";"Com Vítimas Feridas";"Anoitecer";"Crescente";"Garoa/Chuvisco";"Simples";"Declive";"Não";2;0;0;1;1;0;1;2;-13,08514047;-60,37666976;"SPRF-RO";"DEL04-RO";"UOP02-DEL04-RO"
190177;2018-10-11;"quinta-feira";"16:20:00";"SC";101;104,6;"PENHA";"Não guardar distância de segurança";"Colisão traseira";"Com Vítimas Feridas";"Pleno dia";"Crescente";"Céu Claro";"Dupla";"Reta";"Não";6;0;1;0;1;4;1;5;-26,80047707;-48,67904663;"SPRF-SC";"DEL03-SC";"UOP02-DEL03-SC"
190462;2018-11-28;"quarta-feira";"19:10:00";"BA";415;49;"ITABUNA";"Falta de Atenção do Pedestre";"Queda de ocupante de veículo";"Com Vítimas Feridas";"Plena Noite";"Crescente";"Céu Claro";"Simples";"Reta";"Não";2;0;2;0;0;0;2;2;-14,814651;-39,296741;"SPRF-BA";"DEL05-BA";"UOP01-DEL05-BA"
190511;2018-12-16;"domingo";"05:30:00";"RS";116;253,9;"SAPUCAIA DO SUL";"Condutor Dormindo";"Saída de leito carroçável";"Com Vítimas Feridas";"Amanhecer";"Decrescente";"Nublado";"Múltipla";"Reta";"Sim";2;0;1;0;1;0;1;1;-29,817963;-51,169994;"SPRF-RS";"DEL01-RS";"UOP02-DEL01-RS"
190517;2018-09-10;"segunda-feira";"05:00:00";"TO";242;447,8;"FORMOSO DO ARAGUAIA";"Falta de Atenção do Pedestre";"Atropelamento de Pedestre";"Com Vítimas Fatais";"Amanhecer";"Crescente";"Céu Claro";"Simples";"Reta";"Não";2;1;0;0;1;0;0;2;-11,81913285;-49,48113441;"SPRF-TO";"DEL02-TO";"UOP02-DEL01-TO"
190587;2018-12-20;"quinta-feira";"23:40:00";"MG";365;290;"PATOS DE MINAS";"Falta de Atenção à Condução";"Saída de leito carroçável";"Com Vítimas Feridas";"Plena Noite";"Decrescente";"Ignorado";"Simples";"Reta";"Não";2;0;2;0;0;0;2;1;-18,6310658;-46,5139399;"SPRF-MG";"DEL10-MG";"UOP01-DEL10-MG"
190656;2018-08-23;"quinta-feira";"19:00:00";"PR";369;195,5;"ARAPONGAS";"Falta de Atenção à Condução";"Saída de leito carroçável";"Com Vítimas Feridas";"Plena Noite";"Decrescente";"Céu Claro";"Dupla";"Reta";"Não";1;0;1;0;0;0;1;1;-23,49812081;-51,42343629;"SPRF-PR";"DEL07-PR";"UOP03-DEL07-PR"
190673;2018-12-08;"sábado";"18:40:00";"RJ";101;92;"CAMPOS DOS GOYTACAZES";"Defeito Mecânico no Veículo";"Colisão com objeto estático";"Com Vítimas Feridas";"Anoitecer";"Decrescente";"Ignorado";"Simples";"Curva";"Não";2;0;1;0;1;0;1;1;-21,85522737;-41,52718306;"SPRF-RJ";"DEL08-RJ";"UOP02-DEL08-RJ"
190688;2018-12-12;"quarta-feira";"17:00:00";"RS";290;107,4;"ELDORADO DO SUL";"Velocidade Incompatível";"Colisão lateral";"Com Vítimas Feridas";"Pleno dia";"Decrescente";"Céu Claro";"Dupla";"Curva";"Sim";2;0;0;1;1;0;1;2;-30,001852;-51,304264;"SPRF-RS";"DEL02-RS";"UOP01-DEL02-RS"
190691;2018-05-10;"quinta-feira";"17:21:00";"PR";476;86;"BOCAIUVA DO SUL";"Pista Escorregadia";"Queda de ocupante de veículo";"Com Vítimas Feridas";"Pleno dia";"Crescente";"Céu Claro";"Simples";"Curva";"Não";1;0;0;1;0;0;1;1;-25,169004;-49,11467;"SPRF-PR";"DEL01-PR";"UOP01-DEL01-PR"
190712;2018-12-09;"domingo";"18:35:00";"SP";116;200;"ARUJA";"Ingestão de álcool e/ou substâncias psicoativas pelo pedestre";"Colisão lateral";"Com Vítimas Feridas";"Anoitecer";"Crescente";"Céu Claro";"Dupla";"Reta";"Sim";6;0;4;0;2;0;4;3;-23,40287834;-46,32739507;"SPRF-SP";"DEL01-SP";"UOP02-DEL01-SP"
190750;2018-02-19;"segunda-feira";"05:20:00";"MG";116;531;"CARATINGA";"Animais na Pista";"Atropelamento de Animal";"Com Vítimas Feridas";"Amanhecer";"Decrescente";"Céu Claro";"Simples";"Reta";"Não";1;0;1;0;0;0;1;1;-19,80948748;-42,13536859;"SPRF-MG";"DEL06-MG";"UOP02-DEL06-MG"
190807;2018-12-30;"domingo";"09:00:00";"SC";101;122,8;"ITAJAI";"Não guardar distância de segurança";"Colisão traseira";"Sem Vítimas";"Pleno dia";"Crescente";"Céu Claro";"Dupla";"Reta";"Sim";6;0;0;0;6;0;0;6;-26,9366;-48,6987;"SPRF-SC";"DEL04-SC";"UOP04-DEL04-SC"
190836;2018-04-01;"domingo";"18:00:00";"CE";116;25,2;"ITAITINGA";"Falta de Atenção à Condução";"Colisão transversal";"Com Vítimas Feridas";"Plena Noite";"Decrescente";"Céu Claro";"Dupla";"Reta";"Sim";2;0;0;1;1;0;1;2;-3,97269444;-38,51455555;"SPRF-CE";"DEL01-CE";"UOP02-DEL01-CE"
190879;2018-04-28;"sábado";"18:00:00";"PE";101;82,6;"JABOATAO DOS GUARARAPES";"Velocidade Incompatível";"Capotamento";"Sem Vítimas";"Anoitecer";"Crescente";"Chuva";"Dupla";"Declive";"Sim";1;0;0;0;0;1;0;1;-8,1768;-34,9443;"SPRF-PE";"DEL01-PE";"UOP03-DEL01-PE"
190907;2018-12-08;"sábado";"20:45:00";"MT";163;588;"NOVA MUTUM";"Velocidade Incompatível";"Colisão traseira";"Com Vítimas Fatais";"Plena Noite";"Crescente";"Nublado";"Simples";"Reta";"Não";3;1;0;1;1;0;1;2;-13,87674625;-56,08932495;"SPRF-MT";"DEL01-MT";"UOP01-DEL01-MT"
190935;2018-11-09;"sexta-feira";"07:15:00";"RR";0;0;"BOA VISTA";"Falta de Atenção à Condução";"Colisão lateral";"Com Vítimas Feridas";"Pleno dia";"Não Informado";"Céu Claro";"Dupla";"Reta";"Sim";3;0;1;1;1;0;2;2;2,81032103;-60,68680286;"SPRF-RR";"N/A";"N/A"
191001;2018-12-16;"domingo";"16:00:00";"MA";10;239,5;"GOVERNADOR EDISON LOBAO";"Falta de Atenção à Condução";"Colisão transversal";"Com Vítimas Feridas";"Pleno dia";"Crescente";"Céu Claro";"Simples";"Reta";"Não";3;0;1;2;0;0;3;2;-5,633298;-47,403919;"SPRF-MA";"DEL04-MA";"UOP01-DEL04-MA"
191050;2018-01-07;"domingo";"18:45:00";"RJ";101;445,4;"MANGARATIBA";"Velocidade Incompatível";"Capotamento";"Sem Vítimas";"Anoitecer";"Crescente";"Chuva";"Simples";"Curva";"Não";1;0;0;0;0;1;0;1;-22,99326165;-44,09021616;"SPRF-RJ";"DEL03-RJ";"UOP01-DEL03-RJ"
191069;2018-11-17;"sábado";"10:00:00";"MS";267;576,8;"GUIA LOPES DA LAGUNA";"Falta de Atenção à Condução";"Saída de leito carroçável";"Com Vítimas Feridas";"Pleno dia";"Crescente";"Ignorado";"Dupla";"Reta";"Sim";2;0;1;0;0;1;1;2;-21,45263473;-56,11088103;"SPRF-MS";"DEL05-MS";"UOP01-DEL05-MS"
191113;2018-09-06;"quinta-feira";"13:40:00";"ES";101;243,3;"SERRA";"Falta de Atenção à Condução";"Colisão lateral";"Com Vítimas Feridas";"Pleno dia";"Crescente";"Nublado";"Simples";"Reta";"Não";10;0;10;0;0;0;10;3;-20,05117427;-40,38509846;"SPRF-ES";"DEL02-ES";"UOP01-DEL02-ES"
191176;2018-12-07;"sexta-feira";"18:40:00";"RN";304;179,9;"ANGICOS";"Avarias e/ou desgaste excessivo no pneu";"Saída de leito carroçável";"Com Vítimas Feridas";"Plena Noite";"Crescente";"Ignorado";"Simples";"Reta";"Não";1;0;1;0;0;0;1;1;-5,68999641;-36,34719372;"SPRF-RN";"DEL01-RN";"UOP03-DEL01-RN"
191237;2018-12-08;"sábado";"22:50:00";"CE";116;135,6;"RUSSAS";"Falta de Atenção à Condução";"Queda de ocupante de veículo";"Com Vítimas Feridas";"Plena Noite";"Decrescente";"Céu Claro";"Simples";"Curva";"Não";1;0;1;0;0;0;1;1;-4,7324553;-38,0841349;"SPRF-CE";"DEL03-CE";"UOP01-DEL03-CE"
191335;2018-09-28;"sexta-feira";"18:00:00";"BA";101;541;"SAO JOSE DA VITORIA";"Defeito Mecânico no Veículo";"Queda de ocupante de veículo";"Com Vítimas Feridas";"Plena Noite";"Decrescente";"Ignorado";"Simples";"Reta";"Não";1;0;1;0;0;0;1;1;-15,07212355;-39,33251381;"SPRF-BA";"DEL05-BA";"UOP02-DEL05-BA"
191375;2018-12-17;"segunda-feira";"08:05:00";"PR";376;179;"MARINGA";"Desobediência às normas de trânsito pelo condutor";"Colisão transversal";"Com Vítimas Feridas";"Pleno dia";"Decrescente";"Ignorado";"Dupla";"Interseção de Vias";"Sim";2;0;0;1;1;0;1;2;-23,42032425;-51,90969792;"SPRF-PR";"DEL07-PR";"UOP01-DEL09-PR"
191381;2018-07-21;"sábado";"07:45:00";"PR";376;180;"MARINGA";"Falta de Atenção à Condução";"Colisão lateral";"Com Vítimas Feridas";"Pleno dia";"Decrescente";"Céu Claro";"Dupla";"Reta";"Sim";3;0;0;3;0;0;3;2;-23,42506474;-51,89877922;"SPRF-PR";"DEL07-PR";"UOP01-DEL09-PR"
191388;2018-11-21;"quarta-feira";"06:45:00";"CE";116;1,6;"FORTALEZA";"Falta de Atenção à Condução";"Colisão lateral";"Com Vítimas Feridas";"Pleno dia";"Decrescente";"Céu Claro";"Múltipla";"Reta";"Sim";5;0;1;0;4;0;1;4;-3,7704;-38,5169;"SPRF-CE";"DEL01-CE";"UOP02-DEL01-CE"
191405;2018-12-17;"segunda-feira";"13:30:00";"PR";476;137,8;"CURITIBA";"Desobediência às normas de trânsito pelo condutor";"Queda de ocupante de veículo";"Com Vítimas Feridas";"Pleno dia";"Decrescente";"Céu Claro";"Múltipla";"Reta";"Sim";2;0;1;0;1;0;1;2;-25,50250902;-49,28076452;"SPRF-PR";"DEL01-PR";"UOP07-DEL01-PR"
191434;2018-02-23;"sexta-feira";"19:45:00";"BA";407;4;"JUAZEIRO";"Ingestão de Álcool";"Colisão frontal";"Com Vítimas Feridas";"Plena Noite";"Crescente";"Céu Claro";"Simples";"Reta";"Sim";3;0;3;0;0;0;3;2;-9,43965;-40,494293;"SPRF-PE";"DEL06-PE";"UOP01-DEL06-PE"