"id";"data_inversa";"dia_semana";"horario";"uf";"br";"km";"municipio";"causa_acidente";"tipo_acidente";"classificacao_acidente";"fase_dia";"sentido_via";"condicao_metereologica";"tipo_pista";"tracado_via";"uso_solo";"pessoas";"mortos";"feridos_leves";"feridos_graves";"ilesos";"ignorados";"feridos";"veiculos";"latitude";"longitude";"regional";"delegacia";"uop"
191511;2018-12-20;"quinta-feira";"15:20:00";"MG";381;352;"JOAO MONLEVADE";"Falta de Atenção à Condução";"Colisão lateral";"Com Vítimas Feridas";"Pleno dia";"Decrescente";"Céu Claro";"Simples";"Aclive";"Não";4;0;1;0;2;1;1;3;-19,86259299;-43,12438488;"SPRF-MG";"DEL03-MG";"UOP01-DEL03-MG"
191666;2018-05-11;"sexta-feira";"20:15:00";"SP";116;58;"GUARATINGUETA";"Falta de Atenção à Condução";"Colisão lateral";"Com Vítimas Feridas";"Plena Noite";"Crescente";"Céu Claro";"Simples";"Rotatória";"Sim";2;0;1;0;1;0;1;2;-22,77936018;-45,14821529;"SPRF-SP";"DEL08-SP";"UOP01-DEL08-SP"
191780;2018-03-02;"sexta-feira";"16:16:00";"MG";116;562,4;"MANHUACU";"Falta de Atenção à Condução";"Colisão traseira";"Com Vítimas Feridas";"Pleno dia";"Crescente";"Sol";"Simples";"Curva";"Não";2;0;0;1;1;0;1;2;-20,00117683;-42,14031458;"SPRF-MG";"DEL06-MG";"UOP03-DEL06-MG"
191904;2018-12-31;"segunda-feira";"22:00:00";"MG";251;328;"FRUTA DE LEITE";"Pista Escorregadia";"Saída de leito carroçável";"Sem Vítimas";"Plena Noite";"Crescente";"Chuva";"Simples";"Curva";"Não";1;0;0;0;1;0;0;1;-16,239862;-42,519704;"SPRF-MG";"DEL12-MG";"UOP01-DEL12-MG"
191967;2018-07-04;"quarta-feira";"11:30:00";"MG";267;37,8;"ARGIRITA";"Defeito na Via";"Saída de leito carroçável";"Com Vítimas Feridas";"Pleno dia";"Decrescente";"Céu Claro";"Simples";"Curva";"Não";3;0;1;0;0;2;1;2;-21,6777;-42,9039;"SPRF-MG";"DEL07-MG";"UOP01-DEL07-MG"
192090;2018-10-28;"domingo";"18:50:00";"MG";381;494;"BETIM";"Ingestão de Álcool";"Colisão com objeto estático";"Com Vítimas Feridas";"Plena Noite";"Decrescente";"Céu Claro";"Dupla";"Reta";"Sim";1;0;1;0;0;0;1;1;-19,9731;-44,1843;"SPRF-MG";"DEL01-MG";"UOP03-DEL01-MG"
192114;2018-12-08;"sábado";"09:00:00";"PR";476;130;"CURITIBA";"Não guardar distância de segurança";"Colisão traseira";"Com Vítimas Feridas";"Pleno dia";"Crescente";"Céu Claro";"Múltipla";"Curva";"Sim";2;0;1;0;1;0;1;2;-25,45136494;-49,23819434;"SPRF-PR";"DEL01-PR";"UOP07-DEL01-PR"
192120;2018-09-08;"sábado";"11:30:00";"RO";364;707;"PORTO VELHO";"Pista Escorregadia";"Queda de ocupante de veículo";"Com Vítimas Feridas";"Pleno dia";"Crescente";"Céu Claro";"Simples";"Reta";"Sim";1;0;1;0;0;0;1;1;-8,79957199;-63,83375823;"SPRF-RO";"DEL01-RO";"UOP01-DEL01-RO"
192123;2018-12-18;"terça-feira";"14:42:00";"PR";376;232;"APUCARANA";"Falta de Atenção à Condução";"Tombamento";"Com Vítimas Feridas";"Pleno dia";"Crescente";"Ignorado";"Dupla";"Reta";"Sim";1;0;0;1;0;0;1;1;-23,56797324;-51,51605411;"SPRF-PR";"DEL07-PR";"UOP03-DEL07-PR"
192303;2018-12-05;"quarta-feira";"07:05:00";"BA";324;512;"FEIRA DE SANTANA";"Ultrapassagem Indevida";"Tombamento";"Com Vítimas Feridas";"Pleno dia";"Crescente";"Sol";"Simples";"Reta";"Sim";1;0;1;0;0;0;1;1;-12,2318667;-38,95579398;"SPRF-BA";"DEL02-BA";"UOP01-DEL02-BA"
192348;2018-05-27;"domingo";"03:40:00";"MG";116;114,6;"ITAOBIM";"Ingestão de álcool e/ou substâncias psicoativas pelo pedestre";"Colisão com objeto estático";"Com Vítimas Feridas";"Plena Noite";"Crescente";"Céu Claro";"Simples";"Reta";"Não";2;0;0;1;0;1;1;2;-16,581329;-41,50234;"SPRF-MG";"DEL11-MG";"UOP02-DEL11-MG"
192471;2018-12-30;"domingo";"21:30:00";"PR";116;98;"SAO JOSE DOS PINHAIS";"Falta de Atenção do Pedestre";"Atropelamento de Pedestre";"Com Vítimas Fatais";"Plena Noite";"Crescente";"Nublado";"Dupla";"Reta";"Não";2;1;0;0;1;0;0;2;-25,55615915;-49,14989846;"SPRF-PR";"DEL01-PR";"UOP01-DEL01-PR"
192507;2018-11-08;"quinta-feira";"21:40:00";"PA";308;206,9;"BRAGANCA";"Falta de Atenção à Condução";"Colisão frontal";"Com Vítimas Feridas";"Plena Noite";"Crescente";"Céu Claro";"Simples";"Reta";"Não";2;0;1;0;1;0;1;2;-1,05788895;-46,71884537;"SPRF-PA";"DEL01-PA";"UOP03-DEL01-PA"
192524;2018-10-09;"terça-feira";"20:50:00";"BA";324;618;"SALVADOR";"Falta de Atenção à Condução";"Colisão traseira";"Com Vítimas Feridas";"Plena Noite";"Crescente";"Céu Claro";"Dupla";"Reta";"Sim";2;0;1;0;0;1;1;2;-12,88233193;-38,43444328;"SPRF-BA";"DEL01-BA";"UOP01-DEL01-BA"
192640;2018-12-25;"terça-feira";"03:10:00";"PE";101;49,2;"ABREU E LIMA";"Falta de Atenção à Condução";"Colisão transversal";"Com Vítimas Feridas";"Plena Noite";"Decrescente";"Céu Claro";"Simples";"Interseção de Vias";"Sim";2;0;0;1;0;1;1;2;-7,9148;-34,8984;"SPRF-PE";"DEL01-PE";"UOP02-DEL01-PE"
192649;2018-11-16;"sexta-feira";"22:15:00";"AL";104;44;"BRANQUINHA";"Animais na Pista";"Atropelamento de Animal";"Com Vítimas Feridas";"Plena Noite";"Crescente";"Nublado";"Simples";"Curva";"Não";2;0;1;1;0;0;2;1;-9,23021554;-36,0266161;"SPRF-AL";"DEL01-AL";"UOP02-DEL01-AL"
192653;2018-02-14;"quarta-feira";"06:40:00";"PR";476;95;"BOCAIUVA DO SUL";"Falta de Atenção à Condução";"Queda de ocupante de veículo";"Com Vítimas Feridas";"Pleno dia";"Decrescente";"Ignorado";"Simples";"Reta";"Não";1;0;1;0;0;0;1;1;-25,22513076;-49,11643982;"SPRF-PR";"DEL01-PR";"UOP01-DEL01-PR"
192669;2018-06-08;"sexta-feira";"20:35:00";"PR";277;63;"SAO JOSE DOS PINHAIS";"Desobediência às normas de trânsito pelo condutor";"Colisão lateral";"Com Vítimas Feridas";"Plena Noite";"Decrescente";"Ignorado";"Dupla";"Reta";"Sim";2;0;1;0;1;0;1;2;-25,54491959;-49,05601501;"SPRF-PR";"DEL01-PR";"UOP07-DEL01-PR"
192671;2018-09-01;"sábado";"20:50:00";"RS";285;668;"SAO BORJA";"Falta de Atenção à Condução";"Capotamento";"Sem Vítimas";"Plena Noite";"Crescente";"Chuva";"Simples";"Reta";"Não";2;0;0;0;2;0;0;1;-28,664211;-55,940098;"SPRF-RS";"DEL12-RS";"UOP01-DEL12-RS"
192793;2018-05-28;"segunda-feira";"07:00:00";"RS";116;257;"ESTEIO";"Falta de Atenção à Condução";"Colisão lateral";"Com Vítimas Feridas";"Pleno dia";"Decrescente";"Céu Claro";"Dupla";"Reta";"Sim";2;0;0;1;1;0;1;2;-29,85071284;-51,17945015;"SPRF-RS";"DEL01-RS";"UOP02-DEL01-RS"
192870;2018-12-24;"segunda-feira";"15:50:00";"SP";116;219;"GUARULHOS";"Não guardar distância de segurança";"Engavetamento";"Sem Vítimas";"Pleno dia";"Decrescente";"Chuva";"Múltipla";"Reta";"Sim";6;0;0;0;5;1;0;6;-23,4232955;-46,3982248;"SPRF-SP";"DEL01-SP";"UOP01-DEL01-SP"
192872;2018-09-26;"quarta-feira";"17:20:00";"PR";277;231,1;"FERNANDES PINHEIRO";"Mal Súbito";"Colisão lateral";"Com Vítimas Feridas";"Pleno dia";"Crescente";"Chuva";"Simples";"Reta";"Não";3;0;2;1;0;0;3;2;-25,46791902;-50,50672531;"SPRF-PR";"DEL03-PR";"UOP02-DEL08-PR"
192879;2018-12-28;"sexta-feira";"07:00:00";"MG";50;172,9;"UBERABA";"Condutor Dormindo";"Colisão com objeto estático";"Com Vítimas Feridas";"Pleno dia";"Crescente";"Nublado";"Dupla";"Reta";"Sim";4;0;4;0;0;0;4;1;-19,7622;-47,9773;"SPRF-MG";"DEL13-MG";"UOP01-DEL13-MG"
193012;2018-12-02;"domingo";"02:40:00";"RS";116;267;"CANOAS";"Falta de Atenção à Condução";"Colisão traseira";"Com Vítimas Feridas";"Plena Noite";"Decrescente";"Nublado";"Múltipla";"Reta";"Sim";5;0;3;0;1;1;3;2;-29,941397;-51,176971;"SPRF-RS";"DEL01-RS";"UOP01-DEL01-RS"
193099;2018-11-26;"segunda-feira";"08:05:00";"PR";277;4,4;"FOZ DO IGUACU";"Animais na Pista";"Atropelamento de Animal";"Com Vítimas Feridas";"Pleno dia";"Crescente";"Céu Claro";"Dupla";"Reta";"Sim";1;0;0;1;0;0;1;1;-25,46727972;-54,5842731;"SPRF-PR";"DEL05-PR";"UOP03-DEL05-PR"
193113;2018-11-27;"terça-feira";"22:10:00";"MG";116;411,5;"GOVERNADOR VALADARES";"Desobediência às normas de trânsito pelo condutor";"Colisão lateral";"Com Vítimas Feridas";"Plena Noite";"Crescente";"Ignorado";"Dupla";"Reta";"Sim";2;0;1;0;1;0;1;2;-18,86071241;-41,97459878;"SPRF-MG";"DEL06-MG";"UOP01-DEL06-MG"
193272;2018-11-12;"segunda-feira";"18:15:00";"PR";116;100;"CURITIBA";"Falta de Atenção à Condução";"Queda de ocupante de veículo";"Com Vítimas Feridas";"Pleno dia";"Crescente";"Céu Claro";"Dupla";"Reta";"Sim";2;0;2;0;0;0;2;1;-25,40429002;-49,2179212;"SPRF-PR";"DEL01-PR";"UOP01-DEL01-PR"
193371;2018-12-07;"sexta-feira";"16:45:00";"CE";226;27;"PEREIRO";"Desobediência às normas de trânsito pelo condutor";"Colisão frontal";"Com Vítimas Fatais";"Pleno dia";"Decrescente";"Céu Claro";"Simples";"Aclive;Curva";"Não";5;1;0;4;0;0;4;2;-6,039;-38,469;"SPRF-CE";"DEL05-CE";"UOP02-DEL05-CE"
193461;2018-06-21;"quinta-feira";"13:30:00";"MG";381;394;"BOM JESUS DO AMPARO";"Falta de Atenção à Condução";"Saída de leito carroçável";"Com Vítimas Feridas";"Pleno dia";"Crescente";"Nublado";"Simples";"Declive;Reta";"Não";1;0;0;1;0;0;1;1;-19,73813847;-43,50934625;"SPRF-MG";"DEL01-MG";"UOP01-DEL01-MG"
193516;2018-10-16;"terça-feira";"09:48:00";"PR";376;11;"MARINGA";"Avarias e/ou desgaste excessivo no pneu";"Tombamento";"Com Vítimas Feridas";"Pleno dia";"Decrescente";"Céu Claro";"Dupla";"Reta";"Sim";1;0;0;1;0;0;1;1;-23,38169623;-51,90886831;"SPRF-PR";"DEL07-PR";"UOP01-DEL09-PR"
193671;2018-12-02;"domingo";"18:30:00";"PR";376;182;"MARINGA";"Desobediência às normas de trânsito pelo condutor";"Colisão transversal";"Com Vítimas Feridas";"Pleno dia";"Crescente";"Ignorado";"Dupla";"Viaduto";"Sim";4;0;0;1;1;2;1;3;-23,43218021;-51,88783336;"SPRF-PR";"DEL07-PR";"UOP01-DEL09-PR"
193687;2018-06-11;"segunda-feira";"23:30:00";"RN";405;151;"PAU DOS FERROS";"Desobediência às normas de trânsito pelo condutor";"Colisão transversal";"Com Vítimas Fatais";"Plena Noite";"Crescente";"Céu Claro";"Simples";"Interseção de Vias";"Sim";3;1;0;2;0;0;2;2;-6,12113998;-38,20618987;"SPRF-RN";"DEL04-RN";"UOP02-DEL04-RN"
193752;2018-04-22;"domingo";"15:45:00";"PR";116;16;"ANTONINA";"Velocidade Incompatível";"Queda de ocupante de veículo";"Com Vítimas Feridas";"Pleno dia";"Crescente";"Céu Claro";"Dupla";"Curva";"Não";1;0;1;0;0;0;1;1;-25,099701;-48,692299;"SPRF-PR";"DEL01-PR";"UOP02-DEL01-PR"
193758;2018-12-31;"segunda-feira";"00:35:00";"RS";290;84;"PORTO ALEGRE";"Pista Escorregadia";"Tombamento";"Com Vítimas Feridas";"Plena Noite";"Decrescente";"Céu Claro";"Múltipla";"Reta";"Sim";2;0;2;0;0;0;2;1;-29,96376;-51,097771;"SPRF-RS";"DEL01-RS";"UOP01-DEL01-RS"
193879;2018-10-17;"quarta-feira";"09:12:00";"RS";116;268;"CANOAS";"Defeito Mecânico no Veículo";"Colisão traseira";"Com Vítimas Feridas";"Pleno dia";"Crescente";"Céu Claro";"Múltipla";"Reta";"Sim";4;0;2;0;2;0;2;4;-29,95300103;-51,17530346;"SPRF-RS";"DEL01-RS";"UOP01-DEL01-RS"
193917;2018-05-02;"quarta-feira";"07:00:00";"RJ";101;55;"CAMPOS DOS GOYTACAZES";"Falta de Atenção à Condução";"Colisão transversal";"Com Vítimas Feridas";"Pleno dia";"Crescente";"Céu Claro";"Simples";"Reta";"Não";3;0;0;2;1;0;2;2;-21,680389;-41,310759;"SPRF-RJ";"DEL08-RJ";"UOP01-DEL08-RJ"
193928;2018-04-28;"sábado";"18:50:00";"AL";104;34;"UNIAO DOS PALMARES";"Ingestão de álcool e/ou substâncias psicoativas pelo pedestre";"Atropelamento de Pedestre";"Com Vítimas Feridas";"Plena Noite";"Crescente";"Chuva";"Simples";"Reta";"Não";2;0;0;1;1;0;1;2;-9,16378934;-36,0193634;"SPRF-AL";"DEL01-AL";"UOP02-DEL01-AL"
194060;2018-08-14;"terça-feira";"21:00:00";"BA";324;619;"SALVADOR";"Falta de Atenção à Condução";"Queda de ocupante de veículo";"Com Vítimas Feridas";"Plena Noite";"Decrescente";"Céu Claro";"Dupla";"Reta";"Sim";1;0;1;0;0;0;1;1;-12,7928924;-38,4049314;"SPRF-BA";"DEL01-BA";"UOP01-DEL01-BA"
194175;2018-12-14;"sexta-feira";"18:00:00";"BA";116;420;"FEIRA DE SANTANA";"Desobediência às normas de trânsito pelo condutor";"Colisão traseira";"Com Vítimas Feridas";"Anoitecer";"Decrescente";"Ignorado";"Simples";"Reta";"Sim";2;0;1;0;1;0;1;1;-12,20446139;-38,96537933;"SPRF-BA";"DEL02-BA";"UOP01-DEL02-BA"
194252;2018-11-05;"segunda-feira";"16:48:00";"RJ";101;323;"SAO GONCALO";"Falta de Atenção à Condução";"Queda de ocupante de veículo";"Com Vítimas Feridas";"Pleno dia";"Crescente";"Nublado";"Múltipla";"Reta";"Sim";2;0;1;0;0;1;1;2;-22,876848;-43,117287;"SPRF-RJ";"DEL02-RJ";"UOP02-DEL02-RJ"
194372;2018-08-18;"sábado";"03:10:00";"PI";343;447,1;"AGUA BRANCA";"Falta de Atenção à Condução";"Colisão frontal";"Com Vítimas Feridas";"Plena Noite";"Crescente";"Céu Claro";"Simples";"Reta";"Não";3;0;2;0;1;0;2;2;-5,901682;-42,665352;"SPRF-PI";"DEL01-PI";"UOP02-DEL01-PI"
194706;2018-12-21;"sexta-feira";"00:40:00";"RJ";101;63,8;"CAMPOS DOS GOYTACAZES";"Falta de Atenção à Condução";"Colisão transversal";"Com Vítimas Feridas";"Plena Noite";"Decrescente";"Céu Claro";"Dupla";"Reta";"Sim";3;0;2;0;1;0;2;2;-21,742022;-41,330212;"SPRF-RJ";"DEL08-RJ";"UOP02-DEL08-RJ"
194876;2018-08-10;"sexta-feira";"10:45:00";"PR";277;730;"FOZ DO IGUACU";"Defeito Mecânico no Veículo";"Colisão frontal";"Com Vítimas Feridas";"Pleno dia";"Decrescente";"Céu Claro";"Simples";"Reta";"Não";3;0;0;1;1;1;1;3;-25,51020379;-54,59649177;"SPRF-PR";"DEL05-PR";"UOP03-DEL05-PR"
195034;2018-06-20;"quarta-feira";"07:50:00";"BA";20;189;"LUIS EDUARDO MAGALHAES";"Mal Súbito";"Saída de leito carroçável";"Com Vítimas Fatais";"Pleno dia";"Crescente";"Sol";"Simples";"Reta";"Não";1;1;0;0;0;0;0;1;-12,280056;-45,844546;"SPRF-BA";"DEL10-BA";"UOP01-DEL10-BA"
195365;2018-10-27;"sábado";"20:20:00";"SC";280;167,5;"MAFRA";"Desobediência às normas de trânsito pelo condutor";"Colisão frontal";"Com Vítimas Feridas";"Plena Noite";"Crescente";"Céu Claro";"Simples";"Reta";"Sim";1;0;0;1;0;0;1;1;-26,16391225;-49,81784821;"SPRF-SC";"DEL06-SC";"UOP01-DEL06-SC"
195394;2018-11-10;"sábado";"17:35:00";"PR";158;520,6;"PATO BRANCO";"Desobediência às normas de trânsito pelo condutor";"Colisão traseira";"Com Vítimas Feridas";"Pleno dia";"Decrescente";"Céu Claro";"Simples";"Interseção de Vias;Aclive;Reta";"Sim";3;0;1;0;1;1;1;3;-26,21101035;-52,68103123;"SPRF-PR";"DEL02-PR";"UOP01-DEL02-PR"
195563;2018-10-19;"sexta-feira";"22:00:00";"PR";369;186,2;"ARAPONGAS";"Falta de Atenção à Condução";"Atropelamento de Pedestre";"Com Vítimas Feridas";"Plena Noite";"Crescente";"Ignorado";"Simples";"Reta";"Sim";2;0;1;0;0;1;1;2;-23,41616987;-51,42717361;"SPRF-PR";"DEL07-PR";"UOP03-DEL07-PR"
195689;2018-10-07;"domingo";"11:00:00";"ES";101;2,5;"SERRA";"Falta de Atenção à Condução";"Colisão lateral";"Com Vítimas Feridas";"Pleno dia";"Crescente";"Céu Claro";"Dupla";"Reta";"Sim";2;0;1;0;0;1;1;2;-20,25257917;-40,28783202;"SPRF-ES";"DEL02-ES";"UOP01-DEL02-ES"
195834;2018-06-09;"sábado";"18:24:00";"BA";116;574;"NOVA ITARANA";"Falta de Atenção à Condução";"Danos eventuais";"Com Vítimas Feridas";"Anoitecer";"Crescente";"Nublado";"Simples";"Curva";"Sim";1;0;1;0;0;0;1;1;-13,07096195;-39,96101271;"SPRF-BA";"DEL03-BA";"UOP02-DEL03-BA"
195983;2018-05-03;"quinta-feira";"09:00:00";"BA";110;173;"RIBEIRA DO POMBAL";"Desobediência às normas de trânsito pelo condutor";"Colisão lateral";"Com Vítimas Feridas";"Pleno dia";"Decrescente";"Céu Claro";"Simples";"Reta";"Não";2;0;1;0;1;0;1;2;-10,833;-38,5321;"SPRF-BA";"DEL07-BA";"UOP02-DEL07-BA"
196003;2018-11-26;"segunda-feira";"00:50:00";"PR";153;34;"SANTO ANTONIO DA PLATINA";"Falta de Atenção à Condução";"Capotamento";"Com Vítimas Feridas";"Plena Noite";"Decrescente";"Céu Claro";"Simples";"Curva";"Não";3;0;0;1;2;0;1;1;-23,272318;-50,057343;"SPRF-PR";"DEL07-PR";"UOP04-DEL07-PR"
196166;2018-11-30;"sexta-feira";"19:40:00";"BA";324;605;"SIMOES FILHO";"Falta de Atenção do Pedestre";"Atropelamento de Pedestre";"Com Vítimas Fatais";"Pleno dia";"Decrescente";"Céu Claro";"Dupla";"Declive";"Não";2;1;0;0;1;0;0;2;-12,7965328;-38,4060883;"SPRF-BA";"DEL01-BA";"UOP01-DEL01-BA"
196339;2018-11-16;"sexta-feira";"07:20:00";"PR";487;161;"ARARUNA";"Desobediência às normas de trânsito pelo condutor";"Colisão traseira";"Com Vítimas Feridas";"Pleno dia";"Decrescente";"Céu Claro";"Simples";"Declive";"Não";3;0;1;0;2;0;1;2;-23,956194;-52,610756;"SPRF-PR";"DEL04-PR";"UOP03-DEL09-PR"
196344;2018-08-19;"domingo";"16:50:00";"PB";101;73,4;"SANTA RITA";"Ingestão de Álcool";"Colisão traseira";"Com Vítimas Feridas";"Pleno dia";"Decrescente";"Nublado";"Dupla";"Reta";"Não";3;0;0;2;1;0;2;2;-7,07968426;-34,98585463;"SPRF-PB";"DEL01-PB";"UOP04-DEL01-PB"
196373;2018-01-09;"terça-feira";"05:10:00";"PR";476;127,5;"CURITIBA";"Ingestão de Álcool";"Saída de leito carroçável";"Com Vítimas Feridas";"Amanhecer";"Decrescente";"Ignorado";"Múltipla";"Reta";"Sim";1;0;1;0;0;0;1;1;-25,42937525;-49,22884047;"SPRF-PR";"DEL01-PR";"UOP07-DEL01-PR"
196588;2018-12-21;"sexta-feira";"16:00:00";"BA";116;801,5;"VITORIA DA CONQUISTA";"Defeito Mecânico no Veículo";"Incêndio";"Sem Vítimas";"Pleno dia";"Crescente";"Céu Claro";"Simples";"Reta";"Não";1;0;0;0;1;0;0;1;-14,71556;-40,61196;"SPRF-BA";"DEL08-BA";"UOP01-DEL08-BA"
196912;2018-11-07;"quarta-feira";"07:08:00";"PI";343;264;"CAMPO MAIOR";"Não guardar distância de segurança";"Colisão traseira";"Com Vítimas Feridas";"Pleno dia";"Crescente";"Sol";"Simples";"Reta";"Sim";2;0;1;0;1;0;1;2;-4,827662;-42,162594;"SPRF-PI";"DEL01-PI";"UOP03-DEL01-PI"
196921;2018-02-25;"domingo";"07:20:00";"SP";381;47;"ATIBAIA";"Falta de Atenção à Condução";"Colisão traseira";"Com Vítimas Feridas";"Pleno dia";"Decrescente";"Céu Claro";"Dupla";"Reta";"Sim";4;0;1;1;2;0;2;2;-23,15172473;-46,57080889;"SPRF-SP";"DEL03-SP";"UOP01-DEL03-SP"
197081;2018-11-29;"quinta-feira";"19:10:00";"CE";222;299,7;"TIANGUA";"Condutor Dormindo";"Colisão traseira";"Sem Vítimas";"Plena Noite";"Crescente";"Céu Claro";"Simples";"Curva";"Não";2;0;0;0;2;0;0;2;-3,656526;-40,934746;"SPRF-CE";"DEL04-CE";"UOP02-DEL04-CE"
197084;2018-11-11;"domingo";"19:25:00";"BA";116;521,9;"ITATIM";"Falta de Atenção à Condução";"Colisão transversal";"Com Vítimas Fatais";"Plena Noite";"Crescente";"Nublado";"Simples";"Reta";"Sim";2;1;0;0;0;1;0;2;-12,70384461;-39,71967727;"SPRF-BA";"DEL03-BA";"UOP02-DEL03-BA"
197110;2018-12-25;"terça-feira";"16:30:00";"PR";116;14,8;"CAMPINA GRANDE DO SUL";"Velocidade Incompatível";"Capotamento";"Com Vítimas Feridas";"Pleno dia";"Crescente";"Chuva";"Dupla";"Curva";"Não";3;0;0;3;0;0;3;1;-25,098421;-48,673969;"SPRF-PR";"DEL01-PR";"UOP02-DEL01-PR"
197123;2018-07-16;"segunda-feira";"18:30:00";"BA";101;718;"EUNAPOLIS";"Falta de Atenção à Condução";"Colisão transversal";"Com Vítimas Feridas";"Plena Noite";"Crescente";"Céu Claro";"Simples";"Reta";"Sim";3;0;1;1;1;0;2;2;-16,3935566;-39,5838715;"SPRF-BA";"DEL09-BA";"UOP01-DEL09-BA"
197566;2018-08-01;"quarta-feira";"12:00:00";"MT";158;618;"AGUA BOA";"Falta de Atenção à Condução";"Colisão lateral";"Com Vítimas Fatais";"Pleno dia";"Crescente";"Céu Claro";"Simples";"Declive";"Não";3;1;0;1;1;0;1;2;-14,0868551;-52,160962;"SPRF-MT";"DEL07-MT";"UOP02-DEL07-MT"
197761;2018-12-04;"terça-feira";"19:42:00";"RJ";116;169;"SAO JOAO DE MERITI";"Agressão Externa";"Queda de ocupante de veículo";"Com Vítimas Feridas";"Anoitecer";"Crescente";"Sol";"Múltipla";"Reta";"Sim";2;0;1;0;1;0;1;1;-22,78774057;-43,37521618;"SPRF-RJ";"DEL01-RJ";"UOP02-DEL01-RJ"
197854;2018-12-16;"domingo";"20:21:00";"RJ";101;280;"TANGUA";"Falta de Atenção à Condução";"Colisão traseira";"Com Vítimas Feridas";"Plena Noite";"Crescente";"Céu Claro";"Dupla";"Reta";"Sim";5;0;2;0;3;0;2;4;-22,73840017;-42,77718501;"SPRF-RJ";"DEL02-RJ";"UOP03-DEL02-RJ"
197870;2018-06-22;"sexta-feira";"13:30:00";"MT";364;548;"ROSARIO OESTE";"Falta de Atenção à Condução";"Saída de leito carroçável";"Com Vítimas Feridas";"Pleno dia";"Decrescente";"Céu Claro";"Dupla";"Reta";"Não";3;0;2;1;0;0;3;1;-14,861968;-56,456028;"SPRF-MT";"DEL01-MT";"UOP01-DEL01-MT"
197945;2018-12-18;"terça-feira";"01:15:00";"MG";153;49;"MONTE ALEGRE DE MINAS";"Defeito Mecânico no Veículo";"Saída de leito carroçável";"Sem Vítimas";"Plena Noite";"Crescente";"Céu Claro";"Dupla";"Reta";"Não";1;0;0;0;1;0;0;1;-18,82;-49,0875;"SPRF-MG";"DEL15-MG";"UOP03-DEL15-MG"
197963;2018-10-16;"terça-feira";"09:50:00";"AC";364;430;"FEIJO";"Defeito na Via";"Capotamento";"Com Vítimas Feridas";"Pleno dia";"Decrescente";"Ignorado";"Simples";"Reta";"Não";4;0;2;2;0;0;4;1;-8,53997517;-69,96620911;"SPRF-AC";"DEL01-AC";"UOP01-DEL01-AC"
198015;2018-12-22;"sábado";"01:40:00";"PR";476;142;"CURITIBA";"Desobediência às normas de trânsito pelo condutor";"Colisão frontal";"Com Vítimas Fatais";"Plena Noite";"Crescente";"Céu Claro";"Dupla";"Reta";"Sim";5;1;1;3;0;0;4;2;-25,537161;-49,301632;"SPRF-PR";"DEL01-PR";"UOP07-DEL01-PR"
198051;2018-12-25;"terça-feira";"18:20:00";"RJ";101;416;"MANGARATIBA";"Velocidade Incompatível";"Capotamento";"Com Vítimas Feridas";"Pleno dia";"Decrescente";"Chuva";"Dupla";"Declive";"Não";4;0;3;0;1;0;3;1;-22,907295;-43,890251;"SPRF-RJ";"DEL03-RJ";"UOP01-DEL03-RJ"
198169;2018-08-10;"sexta-feira";"18:00:00";"MT";163;604;"NOVA MUTUM";"Ultrapassagem Indevida";"Colisão lateral";"Com Vítimas Feridas";"Plena Noite";"Decrescente";"Céu Claro";"Simples";"Curva";"Não";2;0;0;1;0;1;1;2;-14,09562211;-56,11816406;"SPRF-MT";"DEL01-MT";"UOP01-DEL01-MT"
198278;2018-07-22;"domingo";"06:00:00";"MG";267;161;"LIMA DUARTE";"Condutor Dormindo";"Saída de leito carroçável";"Com Vítimas Feridas";"Amanhecer";"Crescente";"Céu Claro";"Simples";"Curva";"Não";3;0;3;0;0;0;3;1;-21,82118594;-43,75339508;"SPRF-MG";"DEL05-MG";"UOP01-DEL05-MG"
198312;2018-11-11;"domingo";"18:00:00";"SP";116;297;"ITAPECERICA DA SERRA";"Pista Escorregadia";"Queda de ocupante de veículo";"Com Vítimas Feridas";"Pleno dia";"Crescente";"Ignorado";"Simples";"Curva";"Não";2;0;0;1;1;0;1;2;-23,78273868;-46,91495961;"SPRF-SP";"DEL04-SP";"UOP01-DEL04-SP"
198346;2018-06-09;"sábado";"15:34:00";"RS";116;243;"SAO LEOPOLDO";"Falta de Atenção à Condução";"Colisão traseira";"Com Vítimas Feridas";"Pleno dia";"Crescente";"Céu Claro";"Dupla";"Reta";"Sim";3;0;1;0;1;1;1;3;-29,73196199;-51,14952004;"SPRF-RS";"DEL01-RS";"UOP02-DEL01-RS"
198358;2018-05-21;"segunda-feira";"19:00:00";"RS";116;262;"PORTO ALEGRE";"Falta de Atenção à Condução";"Colisão traseira";"Com Vítimas Feridas";"Plena Noite";"Crescente";"Ignorado";"Dupla";"Reta";"Sim";4;0;1;0;3;0;1;4;-29,9697886;-51,1709963;"SPRF-RS";"DEL01-RS";"UOP01-DEL01-RS"
198417;2018-05-29;"terça-feira";"08:40:00";"RS";290;82;"CACHOEIRINHA";"Defeito Mecânico no Veículo";"Tombamento";"Com Vítimas Feridas";"Pleno dia";"Crescente";"Sol";"Dupla";"Reta";"Não";2;0;1;0;1;0;1;1;-29,955839;-51,079105;"SPRF-RS";"DEL01-RS";"UOP01-DEL01-RS"