"id";"data_inversa";"dia_semana";"horario";"uf";"br";"km";"municipio";"causa_acidente";"tipo_acidente";"classificacao_acidente";"fase_dia";"sentido_via";"condicao_metereologica";"tipo_pista";"tracado_via";"uso_solo";"pessoas";"mortos";"feridos_leves";"feridos_graves";"ilesos";"ignorados";"feridos";"veiculos";"latitude";"longitude";"regional";"delegacia";"uop"
198457;2018-10-06;"sábado";"02:50:00";"SC";101;328;"CAPIVARI DE BAIXO";"Ingestão de Álcool";"Colisão com objeto estático";"Sem Vítimas";"Plena Noite";"Crescente";"Nublado";"Dupla";"Reta";"Não";2;0;0;0;2;0;0;1;-28,44118552;-48,96390259;"SPRF-SC";"DEL02-SC";"UOP01-DEL02-SC"
198477;2018-12-06;"quinta-feira";"13:00:00";"BA";324;514;"FEIRA DE SANTANA";"Desobediência às normas de trânsito pelo condutor";"Colisão lateral";"Com Vítimas Feridas";"Pleno dia";"Decrescente";"Céu Claro";"Simples";"Reta";"Sim";2;0;0;1;1;0;1;2;-12,23312012;-38,94757792;"SPRF-BA";"DEL02-BA";"UOP01-DEL02-BA"
198724;2018-12-28;"sexta-feira";"17:07:00";"RJ";116;176;"RIO DE JANEIRO";"Falta de Atenção à Condução";"Colisão lateral";"Com Vítimas Feridas";"Pleno dia";"Crescente";"Céu Claro";"Múltipla";"Reta";"Sim";3;0;1;0;2;0;1;2;-22,7839538;-43,38195488;"SPRF-RJ";"DEL01-RJ";"UOP02-DEL01-RJ"
198733;2018-12-21;"sexta-feira";"23:45:00";"MG";40;660;"CARANDAI";"Falta de Atenção à Condução";"Danos eventuais";"Com Vítimas Feridas";"Plena Noite";"Decrescente";"Chuva";"Simples";"Reta;Declive";"Sim";2;0;1;0;1;0;1;1;-20,89806015;-43,8232099;"SPRF-MG";"DEL05-MG";"UOP02-DEL05-MG"
198747;2018-12-13;"quinta-feira";"20:00:00";"MG";365;6,6;"MONTES CLAROS";"Falta de Atenção à Condução";"Colisão com objeto em movimento";"Com Vítimas Feridas";"Plena Noite";"Decrescente";"Céu Claro";"Simples";"Reta";"Não";1;0;1;0;0;0;1;1;-16,82669706;-43,9231968;"SPRF-MG";"DEL12-MG";"UOP01-DEL12-MG"
198771;2018-12-15;"sábado";"17:30:00";"PE";408;63;"CARPINA";"Desobediência às normas de trânsito pelo condutor";"Colisão transversal";"Sem Vítimas";"Anoitecer";"Decrescente";"Céu Claro";"Simples";"Reta";"Sim";5;0;0;0;4;1;0;2;-7,83770387;-35,2423811;"SPRF-PE";"DEL01-PE";"UOP01-DEL01-PE"
199273;2018-06-11;"segunda-feira";"06:00:00";"RJ";393;181;"PARAIBA DO SUL";"Falta de Atenção à Condução";"Queda de ocupante de veículo";"Com Vítimas Feridas";"Amanhecer";"Decrescente";"Céu Claro";"Simples";"Curva";"Não";1;0;0;1;0;0;1;1;-22,126953;-43,23513;"SPRF-RJ";"DEL05-RJ";"UOP03-DEL05-RJ"
199359;2018-09-10;"segunda-feira";"06:40:00";"MS";163;477;"CAMPO GRANDE";"Falta de Atenção à Condução";"Colisão lateral";"Com Vítimas Feridas";"Amanhecer";"Decrescente";"Céu Claro";"Simples";"Reta";"Não";3;0;0;2;1;0;2;2;-20,49721;-54,55911;"SPRF-MS";"DEL01-MS";"UOP01-DEL01-MS"
199431;2018-12-09;"domingo";"15:00:00";"AC";364;45;"PLACIDO DE CASTRO";"Defeito na Via";"Saída de leito carroçável";"Com Vítimas Feridas";"Pleno dia";"Decrescente";"Ignorado";"Simples";"Reta";"Não";1;0;1;0;0;0;1;1;-10,10290474;-67,44254903;"SPRF-AC";"DEL01-AC";"UOP01-DEL01-AC"
199516;2018-12-10;"segunda-feira";"06:30:00";"RO";364;381,5;"OURO PRETO DO OESTE";"Desobediência às normas de trânsito pelo condutor";"Colisão traseira";"Com Vítimas Feridas";"Amanhecer";"Decrescente";"Céu Claro";"Simples";"Curva";"Não";2;0;0;1;1;0;1;2;-10,72690484;-62,23204203;"SPRF-RO";"DEL02-RO";"UOP01-DEL02-RO"
199554;2018-08-15;"quarta-feira";"08:40:00";"CE";116;23;"AQUIRAZ";"Defeito Mecânico no Veículo";"Incêndio";"Sem Vítimas";"Pleno dia";"Crescente";"Nublado";"Dupla";"Reta";"Sim";1;0;0;0;1;0;0;1;-3,9618;-38,5152;"SPRF-CE";"DEL01-CE";"UOP02-DEL01-CE"
199556;2018-12-18;"terça-feira";"08:00:00";"RJ";116;190;"QUEIMADOS";"Falta de Atenção à Condução";"Queda de ocupante de veículo";"Com Vítimas Feridas";"Pleno dia";"Decrescente";"Céu Claro";"Dupla";"Curva";"Sim";1;0;1;0;0;0;1;1;-22,73227923;-43,55895996;"SPRF-RJ";"DEL01-RJ";"UOP03-DEL01-RJ"
199602;2018-09-13;"quinta-feira";"08:00:00";"PB";230;17,8;"JOAO PESSOA";"Não guardar distância de segurança";"Engavetamento";"Sem Vítimas";"Pleno dia";"Crescente";"Céu Claro";"Dupla";"Reta";"Sim";3;0;0;0;3;0;0;3;-7,120051;-34,845216;"SPRF-PB";"DEL01-PB";"UOP01-DEL01-PB"
199727;2018-11-26;"segunda-feira";"06:43:00";"RJ";116;168,3;"SAO JOAO DE MERITI";"Não guardar distância de segurança";"Colisão traseira";"Com Vítimas Feridas";"Amanhecer";"Decrescente";"Ignorado";"Múltipla";"Reta";"Sim";2;0;1;0;1;0;1;2;-22,79580631;-43,36252213;"SPRF-RJ";"DEL01-RJ";"UOP02-DEL01-RJ"
199871;2018-07-18;"quarta-feira";"13:45:00";"SP";116;179,4;"GUARAREMA";"Falta de Atenção à Condução";"Tombamento";"Com Vítimas Feridas";"Pleno dia";"Decrescente";"Céu Claro";"Simples";"Reta";"Sim";1;0;1;0;0;0;1;1;-23,33705455;-46,1422053;"SPRF-SP";"DEL02-SP";"UOP01-DEL02-SP"
199893;2018-12-08;"sábado";"01:05:00";"PR";476;137;"CURITIBA";"Falta de Atenção à Condução";"Atropelamento de Pedestre";"Com Vítimas Feridas";"Plena Noite";"Decrescente";"Nublado";"Dupla";"Reta";"Sim";2;0;1;1;0;0;2;2;-25,498302;-49,277546;"SPRF-PR";"DEL01-PR";"UOP03-DEL01-PR"
199910;2018-10-07;"domingo";"19:00:00";"BA";235;23;"PEDRO ALEXANDRE";"Defeito na Via";"Capotamento";"Com Vítimas Feridas";"Plena Noite";"Crescente";"Céu Claro";"Simples";"Reta";"Não";4;0;3;1;0;0;4;1;-10,13265354;-37,97739208;"SPRF-SE";"DEL01-SE";"UOP02-DEL01-SE"
200029;2018-12-15;"sábado";"13:40:00";"SP";153;67;"SAO JOSE DO RIO PRETO";"Agressão Externa";"Tombamento";"Com Vítimas Feridas";"Pleno dia";"Crescente";"Ignorado";"Simples";"Reta";"Não";1;0;0;1;0;0;1;1;-20,84853593;-49,37585608;"SPRF-SP";"DEL09-SP";"UOP01-DEL09-SP"
200588;2018-06-25;"segunda-feira";"16:40:00";"PB";230;34;"BAYEUX";"Não guardar distância de segurança";"Engavetamento";"Com Vítimas Feridas";"Pleno dia";"Decrescente";"Céu Claro";"Dupla";"Reta";"Sim";4;0;1;0;2;1;1;3;-7,1280512;-34,93959725;"SPRF-PB";"DEL01-PB";"UOP01-DEL01-PB"
200618;2018-08-28;"terça-feira";"20:34:00";"PR";277;574;"CASCAVEL";"Pista Escorregadia";"Tombamento";"Com Vítimas Feridas";"Plena Noite";"Crescente";"Ignorado";"Simples";"Reta";"Não";1;0;0;1;0;0;1;1;-24,98345541;-53,35546061;"SPRF-PR";"DEL04-PR";"UOP01-DEL04-PR"
200812;2018-09-26;"quarta-feira";"16:10:00";"RJ";101;262;"RIO BONITO";"Falta de Atenção à Condução";"Saída de leito carroçável";"Sem Vítimas";"Pleno dia";"Crescente";"Céu Claro";"Dupla";"Curva";"Sim";1;0;0;0;1;0;0;1;-22,71860357;-42,62313761;"SPRF-RJ";"DEL02-RJ";"UOP03-DEL02-RJ"
200881;2018-08-18;"sábado";"05:50:00";"RS";448;4;"ESTEIO";"Desobediência às normas de trânsito pelo condutor";"Colisão traseira";"Com Vítimas Feridas";"Plena Noite";"Crescente";"Céu Claro";"Dupla";"Reta";"Não";3;0;0;1;0;2;1;3;-29,84762837;-51,21487141;"SPRF-RS";"DEL01-RS";"UOP02-DEL01-RS"
200889;2018-12-26;"quarta-feira";"21:35:00";"RN";406;70,3;"JANDAIRA";"Restrição de Visibilidade";"Colisão traseira";"Com Vítimas Feridas";"Plena Noite";"Decrescente";"Céu Claro";"Simples";"Reta";"Não";8;0;6;1;0;1;7;3;-5,386061;-36,062589;"SPRF-RN";"DEL02-RN";"UOP01-DEL02-RN"
200905;2018-12-26;"quarta-feira";"18:00:00";"RN";226;3,4;"NATAL";"Desobediência às normas de trânsito pelo condutor";"Colisão frontal";"Com Vítimas Feridas";"Plena Noite";"Crescente";"Céu Claro";"Simples";"Reta;Interseção de Vias";"Sim";3;0;1;1;1;0;2;2;-5,820857;-35,251869;"SPRF-RN";"DEL01-RN";"UOP02-DEL01-RN"
201072;2018-12-20;"quinta-feira";"12:00:00";"PR";487;119,8;"TUNEIRAS DO OESTE";"Velocidade Incompatível";"Saída de leito carroçável";"Com Vítimas Feridas";"Pleno dia";"Decrescente";"Chuva";"Simples";"Reta";"Não";1;0;0;1;0;0;1;1;-23,866522;-52,877548;"SPRF-PR";"DEL04-PR";"UOP03-DEL09-PR"
201251;2018-12-21;"sexta-feira";"13:10:00";"SP";116;110;"TAUBATE";"Desobediência às normas de trânsito pelo condutor";"Colisão lateral";"Com Vítimas Feridas";"Pleno dia";"Decrescente";"Céu Claro";"Dupla";"Reta";"Sim";2;0;1;0;1;0;1;2;-23,034126;-45,5527;"SPRF-SP";"DEL06-SP";"UOP01-DEL06-SP"
201273;2018-09-04;"terça-feira";"08:30:00";"PR";476;130;"COLOMBO";"Falta de Atenção à Condução";"Colisão traseira";"Com Vítimas Feridas";"Pleno dia";"Crescente";"Céu Claro";"Dupla";"Reta";"Sim";2;0;0;1;0;1;1;2;-25,34954063;-49,17672247;"SPRF-PR";"DEL01-PR";"UOP07-DEL01-PR"
201280;2018-12-01;"sábado";"14:00:00";"PB";412;64,9;"SAO JOAO DO CARIRI";"Ingestão de Álcool";"Colisão com objeto estático";"Com Vítimas Feridas";"Pleno dia";"Crescente";"Sol";"Simples";"Reta";"Não";1;0;1;0;0;0;1;1;-7,436004;-36,578548;"SPRF-PB";"DEL02-PB";"UOP02-DEL02-PB"
201314;2018-12-26;"quarta-feira";"14:30:00";"PB";412;64,3;"SAO JOAO DO CARIRI";"Condutor Dormindo";"Saída de leito carroçável";"Com Vítimas Fatais";"Pleno dia";"Decrescente";"Céu Claro";"Simples";"Reta";"Não";5;3;0;2;0;0;2;1;-7,43559215;-36,57754183;"SPRF-PB";"DEL02-PB";"UOP02-DEL02-PB"
201357;2018-12-18;"terça-feira";"01:00:00";"AC";364;120,5;"RIO BRANCO";"Falta de Atenção à Condução";"Atropelamento de Pedestre";"Com Vítimas Feridas";"Plena Noite";"Decrescente";"Ignorado";"Simples";"Reta";"Sim";2;0;1;0;0;1;1;2;-10,01222432;-67,76016388;"SPRF-AC";"DEL01-AC";"UOP01-DEL01-AC"
201499;2018-07-10;"terça-feira";"16:30:00";"AP";156;465;"TARTARUGALZINHO";"Velocidade Incompatível";"Colisão transversal";"Com Vítimas Fatais";"Pleno dia";"Decrescente";"Céu Claro";"Simples";"Reta";"Não";6;1;0;1;4;0;1;2;1,251274;-50,97945;"SPRF-AP";"DEL01-AP";"UOP02-DEL01-AP"
201584;2018-10-08;"segunda-feira";"18:40:00";"CE";20;310,2;"CANINDE";"Animais na Pista";"Atropelamento de Animal";"Sem Vítimas";"Plena Noite";"Decrescente";"Céu Claro";"Simples";"Aclive";"Não";1;0;0;0;1;0;0;1;-4,342279;-39,293922;"SPRF-CE";"DEL02-CE";"UOP01-DEL02-CE"
202040;2018-11-18;"domingo";"18:00:00";"BA";101;645;"ITAPEBI";"Velocidade Incompatível";"Tombamento";"Com Vítimas Feridas";"Anoitecer";"Crescente";"Ignorado";"Simples";"Curva";"Não";1;0;1;0;0;0;1;1;-15,94218313;-39,56039429;"SPRF-BA";"DEL05-BA";"UOP02-DEL05-BA"
202163;2018-12-17;"segunda-feira";"12:45:00";"SP";381;70;"MAIRIPORA";"Falta de Atenção à Condução";"Saída de leito carroçável";"Com Vítimas Feridas";"Pleno dia";"Crescente";"Céu Claro";"Dupla";"Curva";"Não";1;0;0;1;0;0;1;1;-23,35239618;-46,5520626;"SPRF-SP";"DEL03-SP";"UOP01-DEL03-SP"
202165;2018-12-21;"sexta-feira";"16:45:00";"PB";230;165;"CAMPINA GRANDE";"Desobediência às normas de trânsito pelo condutor";"Colisão frontal";"Com Vítimas Feridas";"Pleno dia";"Crescente";"Céu Claro";"Simples";"Reta";"Sim";3;0;1;0;2;0;1;3;-7,2051;-35,951;"SPRF-PB";"DEL02-PB";"UOP02-DEL02-PB"
202250;2018-11-10;"sábado";"20:30:00";"MG";116;410;"GOVERNADOR VALADARES";"Falta de Atenção à Condução";"Tombamento";"Com Vítimas Feridas";"Plena Noite";"Crescente";"Ignorado";"Dupla";"Reta";"Sim";1;0;0;1;0;0;1;1;-18,84793961;-41,97988814;"SPRF-MG";"DEL06-MG";"UOP01-DEL06-MG"
202267;2018-05-19;"sábado";"05:00:00";"RJ";101;308;"SAO GONCALO";"Ingestão de Álcool";"Colisão traseira";"Sem Vítimas";"Amanhecer";"Decrescente";"Céu Claro";"Dupla";"Reta";"Sim";2;0;0;0;2;0;0;2;-22,793098;-43,024815;"SPRF-RJ";"DEL02-RJ";"DEL5/2-UOP04/RJ"
202310;2018-08-05;"domingo";"18:00:00";"AC";364;133;"RIO BRANCO";"Defeito na Via";"Danos eventuais";"Com Vítimas Feridas";"Anoitecer";"Crescente";"Ignorado";"Dupla";"Reta";"Sim";2;0;0;1;1;0;1;1;-9,99898984;-67,84968898;"SPRF-AC";"DEL01-AC";"UOP01-DEL01-AC"
202398;2018-03-04;"domingo";"16:50:00";"RJ";101;92;"CAMPOS DOS GOYTACAZES";"Pista Escorregadia";"Saída de leito carroçável";"Com Vítimas Feridas";"Pleno dia";"Crescente";"Chuva";"Dupla";"Reta";"Não";4;0;2;1;1;0;3;1;-21,854557;-41,526257;"SPRF-RJ";"DEL08-RJ";"UOP02-DEL08-RJ"
202419;2018-04-15;"domingo";"03:40:00";"ES";101;1,9;"VITORIA";"Falta de Atenção à Condução";"Tombamento";"Com Vítimas Feridas";"Plena Noite";"Decrescente";"Céu Claro";"Dupla";"Reta";"Sim";1;0;0;1;0;0;1;1;-20,25285661;-40,28823853;"SPRF-ES";"DEL04-ES";"UOP02-DEL04-ES"
202705;2018-09-19;"quarta-feira";"17:20:00";"SC";101;368,2;"ICARA";"Defeito Mecânico no Veículo";"Saída de leito carroçável";"Com Vítimas Feridas";"Pleno dia";"Decrescente";"Céu Claro";"Dupla";"Reta";"Não";2;0;2;0;0;0;2;1;-28,69359932;-49,17102814;"SPRF-SC";"DEL02-SC";"UOP01-DEL02-SC"
202754;2018-03-04;"domingo";"15:40:00";"BA";116;423,1;"FEIRA DE SANTANA";"Ingestão de Álcool";"Colisão traseira";"Sem Vítimas";"Pleno dia";"Crescente";"Sol";"Simples";"Reta";"Sim";2;0;0;0;2;0;0;2;-12,23440394;-38,97581756;"SPRF-BA";"DEL02-BA";"UOP01-DEL02-BA"
203237;2018-03-07;"quarta-feira";"12:00:00";"PA";316;38;"SANTA IZABEL DO PARA";"Falta de Atenção à Condução";"Colisão lateral";"Com Vítimas Feridas";"Pleno dia";"Crescente";"Céu Claro";"Dupla";"Reta";"Não";4;0;0;2;2;0;2;3;-1,285225;-48,148689;"SPRF-PA";"DEL01-PA";"UOP01-DEL01-PA"
203238;2018-08-21;"terça-feira";"12:00:00";"GO";158;201;"CAIAPONIA";"Ingestão de Álcool";"Danos eventuais";"Com Vítimas Feridas";"Pleno dia";"Crescente";"Ignorado";"Simples";"Reta";"Não";1;0;0;1;0;0;1;1;-17,32267299;-51,87526482;"SPRF-GO";"DEL05-GO";"UOP01-DEL05-GO"
203253;2018-12-27;"quinta-feira";"16:15:00";"SC";101;46,9;"JOINVILLE";"Falta de Atenção à Condução";"Colisão lateral";"Com Vítimas Feridas";"Pleno dia";"Crescente";"Nublado";"Dupla";"Reta";"Não";2;0;1;0;0;1;1;2;-26,3589486;-48,85897994;"SPRF-SC";"DEL03-SC";"UOP01-DEL03-SC"
203262;2018-12-23;"domingo";"16:16:00";"PR";277;23,9;"MORRETES";"Velocidade Incompatível";"Tombamento";"Com Vítimas Feridas";"Pleno dia";"Crescente";"Chuva";"Dupla";"Reta";"Não";2;0;2;0;0;0;2;1;-25,54134292;-48,68821697;"SPRF-PR";"DEL01-PR";"UOP05-DEL01-PR"
203292;2018-10-12;"sexta-feira";"10:30:00";"BA";101;608;"MASCOTE";"Falta de Atenção à Condução";"Saída de leito carroçável";"Com Vítimas Feridas";"Pleno dia";"Decrescente";"Nublado";"Simples";"Curva";"Não";2;0;0;1;1;0;1;1;-15,58864755;-39,42100525;"SPRF-BA";"DEL05-BA";"UOP02-DEL05-BA"
203483;2018-04-06;"sexta-feira";"19:00:00";"AL";423;75;"AGUA BRANCA";"Ultrapassagem Indevida";"Saída de leito carroçável";"Com Vítimas Feridas";"Plena Noite";"Crescente";"Chuva";"Simples";"Curva";"Não";3;0;3;0;0;0;3;1;-9,315572;-37,942986;"SPRF-AL";"DEL03-AL";"UOP02-DEL03-AL"
203492;2018-09-03;"segunda-feira";"14:45:00";"MG";381;249;"SANTANA DO PARAISO";"Falta de Atenção à Condução";"Tombamento";"Com Vítimas Feridas";"Pleno dia";"Decrescente";"Céu Claro";"Simples";"Reta";"Não";1;0;1;0;0;0;1;1;-19,4717713;-42,54043579;"SPRF-MG";"DEL06-MG";"UOP01-DEL06-MG"
203650;2018-04-18;"quarta-feira";"06:55:00";"MG";40;521;"CONTAGEM";"Falta de Atenção do Pedestre";"Atropelamento de Pedestre";"Com Vítimas Feridas";"Pleno dia";"Crescente";"Sol";"Dupla";"Curva";"Sim";2;0;0;1;1;0;1;2;-19,8665;-44,064;"SPRF-MG";"DEL01-MG";"UOP03-DEL01-MG"
203830;2018-12-14;"sexta-feira";"00:10:00";"GO";50;103,5;"CRISTALINA";"Condutor Dormindo";"Saída de leito carroçável";"Com Vítimas Feridas";"Plena Noite";"Decrescente";"Céu Claro";"Dupla";"Reta";"Não";3;0;1;2;0;0;3;1;-16,9309;-47,7117;"SPRF-DF";"DEL01-DF";"UOP02-DEL01-DF"
204021;2018-12-19;"quarta-feira";"19:45:00";"RN";101;94,2;"NATAL";"Desobediência às normas de trânsito pelo condutor";"Colisão lateral";"Com Vítimas Feridas";"Plena Noite";"Decrescente";"Céu Claro";"Dupla";"Reta";"Sim";4;0;2;0;1;1;2;3;-5,831766;-35,211914;"SPRF-RN";"DEL01-RN";"UOP01-DEL01-RN"
204095;2018-07-14;"sábado";"20:02:00";"RS";101;85;"OSORIO";"Falta de Atenção à Condução";"Saída de leito carroçável";"Com Vítimas Feridas";"Plena Noite";"Decrescente";"Céu Claro";"Dupla";"Reta";"Não";3;0;3;0;0;0;3;1;-29,8571946;-50,2479215;"SPRF-RS";"DEL03-RS";"UOP01-DEL03-RS"
204283;2018-10-19;"sexta-feira";"16:00:00";"BA";407;130;"SENHOR DO BONFIM";"Falta de Atenção à Condução";"Queda de ocupante de veículo";"Com Vítimas Feridas";"Pleno dia";"Decrescente";"Céu Claro";"Simples";"Rotatória";"Sim";1;0;1;0;0;0;1;1;-10,50030235;-40,15880585;"SPRF-BA";"DEL04-BA";"UOP01-DEL04-BA"
204931;2018-09-09;"domingo";"02:30:00";"MG";459;82,9;"CONGONHAL";"Falta de Atenção à Condução";"Colisão traseira";"Com Vítimas Feridas";"Plena Noite";"Crescente";"Céu Claro";"Simples";"Reta";"Não";3;0;2;1;0;0;3;2;-22,154463;-46,071995;"SPRF-MG";"DEL13-MG";"UOP01-DEL13-MG"
205117;2018-02-23;"sexta-feira";"18:30:00";"CE";222;5;"CAUCAIA";"Falta de Atenção à Condução";"Colisão traseira";"Com Vítimas Feridas";"Plena Noite";"Crescente";"Céu Claro";"Dupla";"Curva";"Sim";3;0;1;0;2;0;1;2;-3,74504163;-38,62380981;"SPRF-CE";"DEL01-CE";"UOP01-DEL01-CE"
205238;2018-08-22;"quarta-feira";"05:30:00";"AM";317;498;"BOCA DO ACRE";"Pista Escorregadia";"Capotamento";"Com Vítimas Feridas";"Amanhecer";"Decrescente";"Ignorado";"Simples";"Reta";"Não";4;0;0;2;2;0;2;1;-9,12978063;-67,27752686;"SPRF-AC";"DEL01-AC";"UOP01-DEL01-AC"
205324;2018-04-05;"quinta-feira";"09:30:00";"MG";116;511,3;"UBAPORANGA";"Falta de Atenção à Condução";"Colisão traseira";"Com Vítimas Feridas";"Pleno dia";"Crescente";"Nublado";"Simples";"Reta";"Sim";2;0;0;1;1;0;1;2;-19,63418037;-42,10596085;"SPRF-MG";"DEL06-MG";"UOP02-DEL06-MG"
205454;2018-03-29;"quinta-feira";"22:35:00";"RN";406;169;"SAO GONCALO DO AMARANTE";"Pista Escorregadia";"Queda de ocupante de veículo";"Com Vítimas Feridas";"Plena Noite";"Crescente";"Chuva";"Dupla";"Declive";"Não";1;0;1;0;0;0;1;1;-5,75127323;-35,31967163;"SPRF-RN";"DEL02-RN";"UOP01-DEL02-RN"
205461;2018-06-09;"sábado";"08:00:00";"CE";116;158;"RUSSAS";"Carga excessiva e/ou mal acondicionada";"Queda de ocupante de veículo";"Com Vítimas Feridas";"Pleno dia";"Crescente";"Céu Claro";"Simples";"Reta";"Não";1;0;1;0;0;0;1;1;-4,921826;-37,994289;"SPRF-CE";"DEL03-CE";"UOP01-DEL03-CE"
205463;2018-12-10;"segunda-feira";"17:30:00";"SC";470;53;"BLUMENAU";"Desobediência às normas de trânsito pelo condutor";"Colisão lateral";"Com Vítimas Feridas";"Pleno dia";"Crescente";"Céu Claro";"Simples";"Reta";"Não";2;0;1;0;1;0;1;2;-26,867121;-49,102066;"SPRF-SC";"DEL04-SC";"UOP01-DEL04-SC"
205526;2018-11-04;"domingo";"09:55:00";"SC";282;54,3;"AGUAS MORNAS";"Velocidade Incompatível";"Colisão transversal";"Com Vítimas Fatais";"Pleno dia";"Decrescente";"Ignorado";"Simples";"Declive";"Não";2;1;0;0;1;0;0;2;-27,68818807;-48,97725463;"SPRF-SC";"DEL01-SC";"UOP03-DEL01-SC"
205848;2018-12-22;"sábado";"18:40:00";"MG";116;438,1;"ENGENHEIRO CALDAS";"Falta de Atenção à Condução";"Colisão traseira";"Com Vítimas Feridas";"Anoitecer";"Crescente";"Ignorado";"Simples";"Reta";"Não";2;0;1;0;1;0;1;2;-19,06087992;-41,9989777;"SPRF-MG";"DEL06-MG";"UOP01-DEL06-MG"
206216;2018-12-16;"domingo";"09:50:00";"PR";116;79,7;"QUATRO BARRAS";"Falta de Atenção à Condução";"Colisão lateral";"Com Vítimas Feridas";"Pleno dia";"Decrescente";"Céu Claro";"Dupla";"Reta";"Não";2;0;1;0;1;0;1;2;-25,39698;-49,057209;"SPRF-PR";"DEL01-PR";"UOP01-DEL01-PR"
206387;2018-10-15;"segunda-feira";"05:15:00";"MT";364;657;"DIAMANTINO";"Animais na Pista";"Saída de leito carroçável";"Com Vítimas Feridas";"Amanhecer";"Decrescente";"Céu Claro";"Simples";"Reta";"Não";6;0;0;1;4;1;1;2;-14,14007134;-56,67142868;"SPRF-MT";"DEL01-MT";"UOP01-DEL01-MT"
206476;2018-10-06;"sábado";"19:10:00";"CE";222;81,2;"SAO LUIS DO CURU";"Sinalização da via insuficiente ou inadequada";"Colisão frontal";"Com Vítimas Feridas";"Plena Noite";"Crescente";"Céu Claro";"Simples";"Interseção de Vias";"Não";3;0;3;0;0;0;3;2;-3,67573;-39,268383;"SPRF-CE";"DEL04-CE";"UOP03-DEL04-CE"
206678;2018-04-21;"sábado";"19:40:00";"MT";163;830;"SINOP";"Ingestão de Álcool";"Colisão traseira";"Com Vítimas Feridas";"Plena Noite";"Crescente";"Céu Claro";"Simples";"Reta";"Sim";2;0;1;0;1;0;1;2;-11,89492126;-55,50401866;"SPRF-MT";"DEL06-MT";"UOP01-DEL06-MT"
206796;2018-08-03;"sexta-feira";"17:30:00";"MG";365;432;"PATOS DE MINAS";"Desobediência às normas de trânsito pelo condutor";"Colisão lateral";"Com Vítimas Feridas";"Pleno dia";"Crescente";"Sol";"Simples";"Reta";"Não";2;0;0;1;1;0;1;2;-18,759;-46,664;"SPRF-MG";"DEL10-MG";"UOP01-DEL10-MG"
207056;2018-12-30;"domingo";"17:35:00";"PR";116;103;"SAO JOSE DOS PINHAIS";"Não guardar distância de segurança";"Colisão traseira";"Com Vítimas Feridas";"Pleno dia";"Crescente";"Chuva";"Dupla";"Reta";"Sim";3;0;0;1;1;1;1;2;-25,55944814;-49,15099774;"SPRF-PR";"DEL01-PR";"UOP07-DEL01-PR"
207175;2018-07-03;"terça-feira";"13:00:00";"SC";280;162;"MAFRA";"Falta de Atenção à Condução";"Colisão lateral";"Com Vítimas Feridas";"Pleno dia";"Decrescente";"Céu Claro";"Simples";"Rotatória";"Sim";2;0;1;0;1;0;1;2;-26,16962;-49,81825;"SPRF-SC";"DEL06-SC";"UOP03-DEL06-SC"
207433;2018-02-10;"sábado";"02:00:00";"RS";116;242;"SAO LEOPOLDO";"Falta de Atenção à Condução";"Colisão com objeto estático";"Com Vítimas Feridas";"Plena Noite";"Crescente";"Chuva";"Dupla";"Interseção de Vias";"Sim";2;0;1;0;1;0;1;1;-29,72264454;-51,14959717;"SPRF-RS";"DEL01-RS";"UOP02-DEL01-RS"
207599;2018-01-19;"sexta-feira";"16:20:00";"SC";282;54,9;"AGUAS MORNAS";"Falta de Atenção à Condução";"Saída de leito carroçável";"Com Vítimas Feridas";"Pleno dia";"Decrescente";"Nublado";"Simples";"Curva";"Não";2;0;0;1;1;0;1;1;-27,68959539;-48,98138953;"SPRF-SC";"DEL01-SC";"UOP03-DEL01-SC"
207600;2018-11-14;"quarta-feira";"08:10:00";"SC";470;86,8;"RODEIO";"Falta de Atenção à Condução";"Colisão com objeto estático";"Com Vítimas Feridas";"Pleno dia";"Crescente";"Nublado";"Simples";"Curva";"Não";2;0;2;0;0;0;2;1;-26,94801014;-49,3651557;"SPRF-SC";"DEL04-SC";"UOP01-DEL04-SC"
207610;2018-08-05;"domingo";"08:20:00";"MA";222;361;"SANTA INES";"Falta de Atenção à Condução";"Colisão transversal";"Com Vítimas Feridas";"Pleno dia";"Crescente";"Céu Claro";"Simples";"Reta";"Sim";4;0;0;3;1;0;3;2;-3,68105;-45,39444;"SPRF-MA";"DEL02-MA";"UI04-DEL02-MA"
207627;2018-08-15;"quarta-feira";"22:45:00";"RJ";40;72;"PETROPOLIS";"Velocidade Incompatível";"Colisão com objeto estático";"Com Vítimas Feridas";"Plena Noite";"Decrescente";"Chuva";"Dupla";"Curva";"Não";4;0;2;0;2;0;2;3;-22,46322977;-43,22098732;"SPRF-RJ";"DEL06-RJ";"UOP01-DEL06-RJ"
208106;2018-10-08;"segunda-feira";"12:40:00";"BA";324;612;"SALVADOR";"Desobediência às normas de trânsito pelo condutor";"Atropelamento de Pedestre";"Com Vítimas Feridas";"Pleno dia";"Crescente";"Céu Claro";"Dupla";"Reta";"Sim";2;0;0;1;0;1;1;2;-12,84664721;-38,41741648;"SPRF-BA";"DEL01-BA";"UOP01-DEL01-BA"
208158;2018-07-01;"domingo";"15:45:00";"PB";230;29,5;"JOAO PESSOA";"Agressão Externa";"Incêndio";"Com Vítimas Feridas";"Pleno dia";"Decrescente";"Céu Claro";"Dupla";"Reta";"Sim";1;0;0;1;0;0;1;1;-7,1572946;-34,90693331;"SPRF-PB";"DEL01-PB";"UOP01-DEL01-PB"