"id";"data_inversa";"dia_semana";"horario";"uf";"br";"km";"municipio";"causa_acidente";"tipo_acidente";"classificacao_acidente";"fase_dia";"sentido_via";"condicao_metereologica";"tipo_pista";"tracado_via";"uso_solo";"pessoas";"mortos";"feridos_leves";"feridos_graves";"ilesos";"ignorados";"feridos";"veiculos";"latitude";"longitude";"regional";"delegacia";"uop"
208184;2018-12-25;"terça-feira";"04:30:00";"PR";369;178;"ROLANDIA";"Falta de Atenção à Condução";"Atropelamento de Pedestre";"Com Vítimas Feridas";"Plena Noite";"Crescente";"Ignorado";"Simples";"Reta";"Sim";2;0;0;1;1;0;1;2;-23,34656592;-51,38631284;"SPRF-PR";"DEL07-PR";"UOP01-DEL07-PR"
208229;2018-12-18;"terça-feira";"16:24:00";"RJ";101;322;"NITEROI";"Objeto estático sobre o leito carroçável";"Colisão com objeto em movimento";"Com Vítimas Feridas";"Pleno dia";"Decrescente";"Ignorado";"Múltipla";"Ponte";"Sim";2;0;1;0;1;0;1;1;-22,87905798;-43,11427637;"SPRF-RJ";"DEL02-RJ";"UOP02-DEL02-RJ"
208586;2018-10-24;"quarta-feira";"14:30:00";"MT";70;533;"NOSSA SENHORA DO LIVRAMENTO";"Condutor Dormindo";"Colisão frontal";"Com Vítimas Feridas";"Pleno dia";"Crescente";"Céu Claro";"Simples";"Reta";"Não";5;0;5;0;0;0;5;2;-15,67527104;-56,25274658;"SPRF-MT";"DEL01-MT";"DEL2/4-UOP02/MT"
209463;2018-10-30;"terça-feira";"15:10:00";"MG";381;457,3;"BELO HORIZONTE";"Desobediência às normas de trânsito pelo pedestre";"Atropelamento de Pedestre";"Com Vítimas Feridas";"Pleno dia";"Crescente";"Céu Claro";"Simples";"Reta";"Sim";3;0;1;0;1;1;1;2;-19,84011967;-43,87593985;"SPRF-MG";"DEL01-MG";"UOP01-DEL01-MG"
209559;2018-10-06;"sábado";"07:40:00";"ES";262;119,2;"CONCEICAO DO CASTELO";"Velocidade Incompatível";"Colisão frontal";"Com Vítimas Feridas";"Amanhecer";"Crescente";"Nevoeiro/Neblina";"Simples";"Curva";"Não";7;0;1;6;0;0;7;2;-20,3073;-41,2311;"SPRF-ES";"DEL01-ES";"UOP02-DEL01-ES"
209639;2018-11-15;"quinta-feira";"18:00:00";"PR";476;274;"SAO MATEUS DO SUL";"Desobediência às normas de trânsito pelo condutor";"Queda de ocupante de veículo";"Com Vítimas Feridas";"Anoitecer";"Crescente";"Céu Claro";"Simples";"Reta";"Sim";1;0;0;1;0;0;1;1;-25,893393;-50,377842;"SPRF-PR";"DEL02-PR";"UOP04-DEL02-PR"
209815;2018-12-23;"domingo";"13:00:00";"PB";230;166,2;"CAMPINA GRANDE";"Ingestão de Álcool";"Queda de ocupante de veículo";"Com Vítimas Feridas";"Pleno dia";"Crescente";"Sol";"Simples";"Reta";"Sim";1;0;0;1;0;0;1;1;-7,1976;-35,955;"SPRF-PB";"DEL02-PB";"UOP02-DEL02-PB"
209854;2018-03-04;"domingo";"18:50:00";"MG";354;753;"ITAMONTE";"Desobediência às normas de trânsito pelo condutor";"Colisão lateral";"Com Vítimas Feridas";"Plena Noite";"Crescente";"Nublado";"Simples";"Reta";"Sim";2;0;1;0;1;0;1;2;-22,27793517;-44,87800601;"SPRF-MG";"DEL05-MG";"UOP01-DEL17-MG"
209861;2018-12-12;"quarta-feira";"22:30:00";"PI";135;557;"SAO GONCALO DO GURGUEIA";"Falta de Atenção à Condução";"Capotamento";"Com Vítimas Feridas";"Plena Noite";"Crescente";"Céu Claro";"Simples";"Curva";"Não";5;0;3;2;0;0;5;1;-10,145636;-45,193714;"SPRF-PI";"DEL03-PI";"UOP02-DEL03-PI"
210482;2018-12-21;"sexta-feira";"20:00:00";"RJ";465;15;"SEROPEDICA";"Animais na Pista";"Atropelamento de Animal";"Com Vítimas Feridas";"Plena Noite";"Crescente";"Ignorado";"Simples";"Reta";"Sim";1;0;1;0;0;0;1;1;-22,81124254;-43,63228798;"SPRF-RJ";"DEL01-RJ";"UOP01-DEL01-MS"
210653;2018-11-17;"sábado";"12:30:00";"GO";60;56;"ABADIANIA";"Desobediência às normas de trânsito pelo condutor";"Colisão com objeto em movimento";"Sem Vítimas";"Pleno dia";"Crescente";"Céu Claro";"Dupla";"Reta";"Não";2;0;0;0;2;0;0;2;-16,1894;-48,67;"SPRF-GO";"DEL02-GO";"UOP01-DEL02-GO"
210688;2018-07-11;"quarta-feira";"07:00:00";"SP";116;153,7;"SAO JOSE DOS CAMPOS";"Pista Escorregadia";"Queda de ocupante de veículo";"Com Vítimas Feridas";"Pleno dia";"Decrescente";"Nublado";"Dupla";"Curva";"Sim";1;0;1;0;0;0;1;1;-23,2373239;-45,91798067;"SPRF-SP";"DEL02-SP";"UOP01-DEL02-SP"
210851;2018-04-14;"sábado";"20:29:00";"PR";277;713;"SANTA TEREZINHA DE ITAIPU";"Agressão Externa";"Saída de leito carroçável";"Com Vítimas Feridas";"Plena Noite";"Crescente";"Céu Claro";"Dupla";"Reta";"Não";4;0;4;0;0;0;4;1;-25,47427305;-54,47126627;"SPRF-PR";"DEL05-PR";"UOP01-DEL05-PR"
210888;2018-12-08;"sábado";"07:30:00";"RJ";493;64;"NOVA IGUACU";"Condutor Dormindo";"Saída de leito carroçável";"Com Vítimas Feridas";"Pleno dia";"Decrescente";"Garoa/Chuvisco";"Dupla";"Curva";"Não";6;0;1;4;0;1;5;2;-22,66635511;-43,32407735;"SPRF-RJ";"DEL01-RJ";"UOP03-DEL01-RJ"
211002;2018-10-01;"segunda-feira";"13:40:00";"RN";304;24,5;"MOSSORO";"Desobediência às normas de trânsito pelo condutor";"Danos eventuais";"Com Vítimas Feridas";"Pleno dia";"Crescente";"Céu Claro";"Simples";"Rotatória";"Não";3;0;0;1;1;1;1;2;-5,06488233;-37,33287055;"SPRF-RN";"DEL04-RN";"UOP02-DEL04-RN"
211102;2018-12-11;"terça-feira";"21:35:00";"BA";116;471;"SANTO ESTEVAO";"Objeto estático sobre o leito carroçável";"Incêndio";"Sem Vítimas";"Plena Noite";"Crescente";"Céu Claro";"Dupla";"Reta";"Não";1;0;0;0;0;1;0;1;-12,45876605;-39,27223921;"SPRF-BA";"DEL02-BA";"UOP01-DEL02-BA"
211809;2018-11-14;"quarta-feira";"16:00:00";"BA";116;422;"FEIRA DE SANTANA";"Desobediência às normas de trânsito pelo condutor";"Saída de leito carroçável";"Com Vítimas Feridas";"Pleno dia";"Crescente";"Céu Claro";"Simples";"Reta";"Não";3;0;1;0;2;0;1;2;-12,23082516;-38,96959484;"SPRF-BA";"DEL02-BA";"UOP01-DEL02-BA"
212202;2018-12-05;"quarta-feira";"04:45:00";"SC";280;49,5;"GUARAMIRIM";"Falta de Atenção à Condução";"Colisão transversal";"Com Vítimas Feridas";"Plena Noite";"Decrescente";"Céu Claro";"Simples";"Reta";"Sim";3;0;3;0;0;0;3;3;-26,458549;-48,937061;"SPRF-SC";"DEL03-SC";"UOP03-DEL03-SC"
212211;2018-01-18;"quinta-feira";"20:30:00";"BA";116;425;"FEIRA DE SANTANA";"Ingestão de Álcool";"Colisão transversal";"Com Vítimas Feridas";"Plena Noite";"Crescente";"Ignorado";"Simples";"Curva";"Sim";2;0;0;1;0;1;1;2;-12,26486353;-38,98979187;"SPRF-BA";"DEL02-BA";"UOP01-DEL02-BA"
212332;2018-10-17;"quarta-feira";"18:41:00";"PR";476;131;"CURITIBA";"Desobediência às normas de trânsito pelo condutor";"Queda de ocupante de veículo";"Com Vítimas Feridas";"Anoitecer";"Crescente";"Céu Claro";"Dupla";"Reta";"Sim";1;0;1;0;0;0;1;1;-25,453636;-49,245155;"SPRF-PR";"DEL01-PR";"UOP07-DEL01-PR"
212407;2018-10-18;"quinta-feira";"06:55:00";"MG";267;81;"JUIZ DE FORA";"Falta de Atenção à Condução";"Saída de leito carroçável";"Com Vítimas Feridas";"Pleno dia";"Crescente";"Céu Claro";"Simples";"Curva";"Não";5;0;1;1;2;1;2;2;-21,76012664;-43,21968811;"SPRF-MG";"DEL05-MG";"UOP01-DEL05-MG"
212699;2018-11-17;"sábado";"14:45:00";"SC";280;96;"CORUPA";"Desobediência às normas de trânsito pelo condutor";"Saída de leito carroçável";"Com Vítimas Feridas";"Pleno dia";"Decrescente";"Céu Claro";"Simples";"Curva";"Não";1;0;0;1;0;0;1;1;-26,383427;-49,311737;"SPRF-SC";"DEL06-SC";"UOP03-DEL06-SC"
213407;2018-11-03;"sábado";"17:30:00";"PB";230;293,6;"SANTA LUZIA";"Desobediência às normas de trânsito pelo condutor";"Colisão traseira";"Com Vítimas Feridas";"Anoitecer";"Crescente";"Céu Claro";"Simples";"Reta";"Sim";2;0;0;1;0;1;1;2;-6,87316052;-36,92763448;"SPRF-PB";"DEL03-PB";"UOP01-DEL03-PB"
213451;2018-10-23;"terça-feira";"03:30:00";"ES";393;7;"CACHOEIRO DE ITAPEMIRIM";"Animais na Pista";"Tombamento";"Com Vítimas Feridas";"Plena Noite";"Decrescente";"Ignorado";"Simples";"Curva";"Não";1;0;1;0;0;0;1;1;-20,83382573;-41,22671127;"SPRF-ES";"DEL03-ES";"UOP02-DEL03-ES"
213523;2018-08-27;"segunda-feira";"04:40:00";"PB";104;66;"ALGODAO DE JANDAIRA";"Animais na Pista";"Atropelamento de Animal";"Com Vítimas Fatais";"Amanhecer";"Crescente";"Céu Claro";"Simples";"Reta";"Não";2;1;0;1;0;0;1;1;-6,83806177;-35,93177319;"SPRF-PB";"DEL02-PB";"UOP04-DEL02-PB"
213546;2018-10-07;"domingo";"15:30:00";"PI";343;342;"TERESINA";"Velocidade Incompatível";"Queda de ocupante de veículo";"Com Vítimas Feridas";"Pleno dia";"Crescente";"Ignorado";"Simples";"Rotatória";"Sim";1;0;0;1;0;0;1;1;-5,08284;-42,750385;"SPRF-PI";"DEL01-PI";"UOP01-DEL01-PI"
213596;2018-07-07;"sábado";"17:55:00";"AL";423;53;"INHAPI";"Defeito na Via";"Queda de ocupante de veículo";"Com Vítimas Fatais";"Anoitecer";"Crescente";"Céu Claro";"Simples";"Reta";"Não";3;1;1;0;1;0;1;2;-9,262077;-37,722661;"SPRF-AL";"DEL03-AL";"UOP02-DEL03-AL"
213599;2018-12-30;"domingo";"11:40:00";"GO";40;15;"LUZIANIA";"Defeito Mecânico no Veículo";"Queda de ocupante de veículo";"Com Vítimas Feridas";"Pleno dia";"Crescente";"Céu Claro";"Dupla";"Reta";"Sim";2;0;1;0;1;0;1;1;-16,1671;-47,930161;"SPRF-DF";"DEL01-DF";"UOP01-DEL01-DF"
213755;2018-12-12;"quarta-feira";"09:40:00";"SC";470;43,2;"GASPAR";"Falta de Atenção à Condução";"Colisão traseira";"Com Vítimas Feridas";"Pleno dia";"Decrescente";"Céu Claro";"Simples";"Curva";"Não";3;0;1;0;2;0;1;2;-26,874519;-49,013454;"SPRF-SC";"DEL04-SC";"UOP01-DEL04-SC"
213919;2018-09-08;"sábado";"15:30:00";"RJ";101;286;"ITABORAI";"Não guardar distância de segurança";"Colisão traseira";"Com Vítimas Feridas";"Pleno dia";"Crescente";"Ignorado";"Múltipla";"Reta";"Sim";1;0;0;1;0;0;1;1;-22,75409331;-42,82491696;"SPRF-RJ";"DEL02-RJ";"UOP03-DEL02-RJ"
214016;2018-08-30;"quinta-feira";"09:10:00";"RJ";101;326,5;"NITEROI";"Não guardar distância de segurança";"Colisão lateral";"Com Vítimas Feridas";"Pleno dia";"Crescente";"Ignorado";"Dupla";"Reta";"Não";2;0;1;0;1;0;1;2;-22,87206298;-43,14914703;"SPRF-RJ";"DEL02-RJ";"UOP02-DEL02-RJ"
214046;2018-07-21;"sábado";"08:50:00";"MG";116;181;"CARAI";"Falta de Atenção à Condução";"Colisão traseira";"Com Vítimas Fatais";"Pleno dia";"Decrescente";"Céu Claro";"Simples";"Reta";"Não";2;1;0;0;1;0;0;2;-17,08107142;-41,48540497;"SPRF-MG";"DEL11-MG";"UOP01-DEL11-MG"
214145;2018-12-29;"sábado";"22:30:00";"PR";277;83,9;"CURITIBA";"Desobediência às normas de trânsito pelo condutor";"Queda de ocupante de veículo";"Com Vítimas Feridas";"Plena Noite";"Crescente";"Nublado";"Dupla";"Curva;Viaduto";"Sim";1;0;0;1;0;0;1;1;-25,443647;-49,233823;"SPRF-PR";"DEL01-PR";"UOP01-DEL01-PR"
214796;2018-03-21;"quarta-feira";"09:00:00";"CE";222;8;"CAUCAIA";"Carga excessiva e/ou mal acondicionada";"Tombamento";"Com Vítimas Feridas";"Pleno dia";"Crescente";"Céu Claro";"Dupla";"Reta";"Não";2;0;1;0;1;0;1;1;-3,75334939;-38,63799334;"SPRF-CE";"DEL01-CE";"UOP01-DEL01-CE"
214840;2018-08-10;"sexta-feira";"08:10:00";"PI";316;0,1;"TERESINA";"Não guardar distância de segurança";"Colisão traseira";"Sem Vítimas";"Pleno dia";"Crescente";"Céu Claro";"Simples";"Ponte";"Sim";2;0;0;0;2;0;0;2;-5,131168;-42,81564;"SPRF-PI";"DEL01-PI";"UOP02-DEL01-PI"
214862;2018-11-01;"quinta-feira";"15:00:00";"MG";365;468;"PATROCINIO";"Falta de Atenção do Pedestre";"Tombamento";"Com Vítimas Feridas";"Pleno dia";"Decrescente";"Ignorado";"Simples";"Reta";"Não";1;0;0;1;0;0;1;1;-18,903676;-46,959926;"SPRF-MG";"DEL10-MG";"UOP01-DEL10-MG"
214996;2018-09-04;"terça-feira";"17:36:00";"CE";116;1;"FORTALEZA";"Falta de Atenção à Condução";"Colisão traseira";"Com Vítimas Feridas";"Anoitecer";"Crescente";"Céu Claro";"Múltipla";"Reta";"Sim";2;0;1;0;1;0;1;2;-3,7704;-38,5169;"SPRF-CE";"DEL01-CE";"UOP02-DEL01-CE"
215188;2018-11-27;"terça-feira";"21:15:00";"RN";427;0;"CURRAIS NOVOS";"Desobediência às normas de trânsito pelo condutor";"Colisão frontal";"Com Vítimas Feridas";"Plena Noite";"Crescente";"Céu Claro";"Simples";"Interseção de Vias";"Sim";3;0;0;2;1;0;2;2;-6,26872794;-36,52269602;"SPRF-RN";"DEL03-RN";"UOP02-DEL03-RN"
215194;2018-05-30;"quarta-feira";"20:40:00";"RJ";116;171,9;"SAO JOAO DE MERITI";"Velocidade Incompatível";"Colisão com objeto estático";"Sem Vítimas";"Plena Noite";"Decrescente";"Céu Claro";"Múltipla";"Reta";"Sim";1;0;0;0;0;1;0;1;-22,806042;-43,342896;"SPRF-RJ";"DEL01-RJ";"UOP02-DEL01-RJ"
215224;2018-04-05;"quinta-feira";"17:00:00";"ES";101;270,6;"SERRA";"Falta de Atenção à Condução";"Colisão lateral";"Com Vítimas Feridas";"Anoitecer";"Crescente";"Nublado";"Múltipla";"Interseção de Vias";"Sim";2;0;1;0;1;0;1;2;-20,23;-40,273;"SPRF-ES";"DEL02-ES";"UOP01-DEL02-ES"
215231;2018-08-28;"terça-feira";"17:00:00";"TO";153;152,5;"ARAGUAINA";"Falta de Atenção à Condução";"Colisão lateral";"Com Vítimas Feridas";"Pleno dia";"Crescente";"Céu Claro";"Simples";"Retorno Regulamentado;Reta";"Não";3;0;0;2;1;0;2;2;-7,268562;-48,264394;"SPRF-TO";"DEL02-TO";"UOP01-DEL02-TO"
215402;2018-06-22;"sexta-feira";"17:10:00";"RN";101;107;"PARNAMIRIM";"Desobediência às normas de trânsito pelo condutor";"Colisão frontal";"Com Vítimas Feridas";"Anoitecer";"Decrescente";"Céu Claro";"Dupla";"Reta";"Sim";2;0;0;1;1;0;1;2;-5,91526813;-35,26247084;"SPRF-RN";"DEL01-RN";"UOP01-DEL01-RN"
215816;2018-12-23;"domingo";"18:00:00";"MG";365;140;"VARZEA DA PALMA";"Falta de Atenção à Condução";"Saída de leito carroçável";"Com Vítimas Feridas";"Anoitecer";"Crescente";"Ignorado";"Simples";"Reta";"Não";1;0;0;1;0;0;1;1;-17,21708331;-44,81868661;"SPRF-MG";"DEL12-MG";"UOP01-DEL12-MG"
216114;2018-09-20;"quinta-feira";"20:40:00";"PR";476;268,3;"SAO MATEUS DO SUL";"Desobediência às normas de trânsito pelo condutor";"Colisão frontal";"Com Vítimas Feridas";"Plena Noite";"Decrescente";"Céu Claro";"Simples";"Reta";"Não";2;0;0;1;1;0;1;2;-25,89789332;-50,32246828;"SPRF-PR";"DEL02-PR";"UOP04-DEL02-PR"
216816;2018-09-25;"terça-feira";"22:15:00";"PB";230;36;"SANTA RITA";"Defeito na Via";"Tombamento";"Com Vítimas Feridas";"Plena Noite";"Crescente";"Nublado";"Dupla";"Reta";"Sim";1;0;0;1;0;0;1;1;-7,125725;-34,948867;"SPRF-PB";"DEL01-PB";"UOP03-DEL01-PB"
217435;2018-11-24;"sábado";"12:20:00";"DF";70;8;"BRASILIA";"Falta de Atenção à Condução";"Colisão lateral";"Com Vítimas Feridas";"Pleno dia";"Crescente";"Nublado";"Dupla";"Retorno Regulamentado";"Sim";2;0;1;0;1;0;1;2;-15,784966;-48,122108;"SPRF-DF";"DEL01-DF";"UOP02-DEL03-DF"
217799;2018-11-07;"quarta-feira";"14:48:00";"MG";381;938,4;"EXTREMA";"Fenômenos da Natureza";"Capotamento";"Com Vítimas Feridas";"Pleno dia";"Crescente";"Chuva";"Dupla";"Curva";"Não";1;0;1;0;0;0;1;1;-22,81698632;-46,29333436;"SPRF-MG";"DEL16-MG";"UOP03-DEL16-MG"
217908;2018-02-03;"sábado";"16:30:00";"MT";174;209;"PORTO ESPERIDIAO";"Velocidade Incompatível";"Colisão frontal";"Com Vítimas Feridas";"Pleno dia";"Crescente";"Chuva";"Simples";"Curva";"Não";4;0;2;0;1;1;2;2;-15,64565;-58,75116;"SPRF-MT";"DEL04-MT";"UOP01-DEL04-MT"
217952;2018-07-08;"domingo";"12:40:00";"PI";343;307;"ALTOS";"Falta de Atenção à Condução";"Colisão transversal";"Com Vítimas Feridas";"Pleno dia";"Crescente";"Céu Claro";"Simples";"Reta";"Sim";4;0;1;2;1;0;3;2;-5,039802;-42,459518;"SPRF-PI";"DEL01-PI";"UOP01-DEL01-PI"
218129;2018-08-05;"domingo";"08:50:00";"ES";101;271,2;"SERRA";"Falta de Atenção à Condução";"Colisão traseira";"Sem Vítimas";"Pleno dia";"Crescente";"Céu Claro";"Dupla";"Reta";"Sim";2;0;0;0;2;0;0;2;-20,22712702;-40,28434932;"SPRF-ES";"DEL02-ES";"UOP01-DEL02-ES"
218142;2018-12-18;"terça-feira";"17:00:00";"GO";40;1,9;"VALPARAISO DE GOIAS";"Falta de Atenção à Condução";"Atropelamento de Pedestre";"Com Vítimas Feridas";"Pleno dia";"Crescente";"Céu Claro";"Dupla";"Reta";"Sim";3;0;1;0;2;0;1;3;-16,058245;-47,982825;"SPRF-DF";"DEL01-DF";"UOP01-DEL01-DF"
218286;2018-12-31;"segunda-feira";"23:30:00";"PB";230;246;"JUAZEIRINHO";"Deficiência ou não Acionamento do Sistema de Iluminação/Sinalização do Veículo";"Colisão frontal";"Com Vítimas Fatais";"Plena Noite";"Crescente";"Céu Claro";"Simples";"Reta";"Não";4;1;0;3;0;0;3;2;-7,0726;-36,6178;"SPRF-PB";"DEL02-PB";"UOP02-DEL02-PB"
218303;2018-12-02;"domingo";"00:50:00";"GO";50;279;"CATALAO";"Pista Escorregadia";"Colisão lateral";"Com Vítimas Feridas";"Plena Noite";"Crescente";"Chuva";"Simples";"Interseção de Vias";"Sim";3;0;2;0;0;1;2;2;-18,1739;-47,9289;"SPRF-GO";"DEL06-GO";"UOP01-DEL06-GO"
218345;2018-04-25;"quarta-feira";"20:10:00";"RJ";116;142;"DUQUE DE CAXIAS";"Desobediência às normas de trânsito pelo condutor";"Queda de ocupante de veículo";"Com Vítimas Feridas";"Plena Noite";"Decrescente";"Céu Claro";"Dupla";"Reta";"Sim";3;0;0;1;0;2;1;2;-22,668372;-43,269763;"SPRF-RJ";"DEL04-RJ";"UOP02-DEL04-RJ"
218352;2018-05-03;"quinta-feira";"22:30:00";"RS";386;444;"CANOAS";"Animais na Pista";"Atropelamento de Animal";"Com Vítimas Feridas";"Plena Noite";"Crescente";"Nublado";"Dupla";"Reta";"Sim";1;0;0;1;0;0;1;1;-29,8911;-51,203064;"SPRF-RS";"DEL01-RS";"UOP01-DEL01-RS"
218487;2018-10-03;"quarta-feira";"09:35:00";"BA";116;11,7;"VITORIA DA CONQUISTA";"Falta de Atenção à Condução";"Colisão transversal";"Com Vítimas Feridas";"Pleno dia";"Crescente";"Sol";"Simples";"Interseção de Vias";"Sim";2;0;1;0;1;0;1;2;-14,87281689;-40,87151659;"SPRF-BA";"DEL08-BA";"UOP01-DEL08-BA"
218494;2018-03-13;"terça-feira";"21:00:00";"RJ";393;285;"VOLTA REDONDA";"Falta de Atenção à Condução";"Colisão frontal";"Com Vítimas Feridas";"Plena Noite";"Crescente";"Nublado";"Simples";"Reta";"Não";3;0;2;0;0;1;2;2;-22,5065473;-44,0769708;"SPRF-RJ";"DEL05-RJ";"UOP04-DEL05-RJ"
218568;2018-04-16;"segunda-feira";"05:49:00";"AC";364;138,2;"RIO BRANCO";"Defeito na Via";"Tombamento";"Com Vítimas Feridas";"Amanhecer";"Crescente";"Ignorado";"Dupla";"Reta";"Não";2;0;1;0;1;0;1;1;-9,95926668;-67,85730779;"SPRF-AC";"DEL01-AC";"UOP01-DEL01-AC"
218951;2018-12-25;"terça-feira";"06:40:00";"MG";50;79;"UBERLANDIA";"Falta de Atenção à Condução";"Saída de leito carroçável";"Com Vítimas Feridas";"Amanhecer";"Crescente";"Chuva";"Dupla";"Reta";"Sim";3;0;0;2;0;1;2;1;-18,9636;-48,2155;"SPRF-MG";"DEL15-MG";"UOP01-DEL15-MG"
219473;2018-08-08;"quarta-feira";"15:55:00";"RS";116;244,4;"SAO LEOPOLDO";"Falta de Atenção à Condução";"Colisão traseira";"Com Vítimas Feridas";"Pleno dia";"Crescente";"Chuva";"Dupla";"Reta";"Sim";2;0;1;0;1;0;1;2;-29,74017817;-51,15049303;"SPRF-RS";"DEL01-RS";"UOP02-DEL01-RS"
219594;2018-07-21;"sábado";"12:45:00";"BA";324;479,8;"TANQUINHO";"Velocidade Incompatível";"Capotamento";"Com Vítimas Feridas";"Pleno dia";"Crescente";"Céu Claro";"Simples";"Curva";"Não";1;0;1;0;0;0;1;1;-11,98324091;-39,0883255;"SPRF-BA";"DEL02-BA";"UOP01-DEL02-BA"
220064;2018-07-18;"quarta-feira";"11:02:00";"SC";470;122;"IBIRAMA";"Falta de Atenção à Condução";"Colisão frontal";"Com Vítimas Feridas";"Pleno dia";"Decrescente";"Sol";"Simples";"Curva";"Não";3;0;1;0;2;0;1;2;-27,099888;-49,527679;"SPRF-SC";"DEL04-SC";"UOP02-DEL04-SC"
220111;2018-04-08;"domingo";"12:40:00";"CE";20;409,9;"CAUCAIA";"Falta de Atenção à Condução";"Queda de ocupante de veículo";"Com Vítimas Feridas";"Pleno dia";"Crescente";"Nublado";"Dupla";"Em Obras";"Não";1;0;0;1;0;0;1;1;-3,79793041;-38,64546511;"SPRF-CE";"DEL01-CE";"UOP01-DEL01-CE"
220718;2018-06-09;"sábado";"03:40:00";"PB";104;144,4;"QUEIMADAS";"Animais na Pista";"Atropelamento de Animal";"Com Vítimas Fatais";"Plena Noite";"Crescente";"Nevoeiro/Neblina";"Simples";"Reta";"Não";2;1;0;1;0;0;1;1;-7,41378301;-35,89590012;"SPRF-PB";"DEL02-PB";"UOP03-DEL02-PB"
220864;2018-10-25;"quinta-feira";"17:30:00";"RN";406;164,6;"SAO GONCALO DO AMARANTE";"Desobediência às normas de trânsito pelo condutor";"Colisão frontal";"Com Vítimas Feridas";"Anoitecer";"Crescente";"Céu Claro";"Simples";"Reta";"Não";2;0;0;2;0;0;2;2;-5,7407691;-35,34775972;"SPRF-RN";"DEL02-RN";"UOP01-DEL02-RN"
220937;2018-09-30;"domingo";"00:20:00";"BA";101;871;"TEIXEIRA DE FREITAS";"Ingestão de Álcool";"Saída de leito carroçável";"Com Vítimas Feridas";"Plena Noite";"Crescente";"Céu Claro";"Simples";"Curva";"Não";1;0;1;0;0;0;1;1;-17,4879;-39,7061;"SPRF-BA";"DEL09-BA";"UOP02-DEL09-BA"
220962;2018-12-13;"quinta-feira";"19:00:00";"PR";116;18;"CURITIBA";"Falta de Atenção à Condução";"Colisão com objeto em movimento";"Com Vítimas Feridas";"Anoitecer";"Crescente";"Nublado";"Dupla";"Reta";"Sim";2;0;0;1;1;0;1;2;-25,388641;-49,20118;"SPRF-PR";"DEL01-PR";"UOP02-DEL01-PR"
221666;2018-02-22;"quinta-feira";"19:20:00";"RJ";40;110;"DUQUE DE CAXIAS";"Falta de Atenção à Condução";"Atropelamento de Pedestre";"Com Vítimas Feridas";"Plena Noite";"Decrescente";"Chuva";"Simples";"Reta";"Não";2;0;0;1;0;1;1;2;-22,6924;-43,2875;"SPRF-RJ";"DEL01-RJ";"UOP01-DEL01-RJ"
221903;2018-11-16;"sexta-feira";"02:30:00";"RJ";40;49;"PETROPOLIS";"Falta de Atenção à Condução";"Capotamento";"Com Vítimas Feridas";"Plena Noite";"Decrescente";"Nublado";"Dupla";"Reta";"Não";1;0;0;1;0;0;1;1;-22,3196;-43,1318;"SPRF-RJ";"DEL06-RJ";"UOP01-DEL06-RJ"
222285;2018-09-07;"sexta-feira";"06:55:00";"RO";319;64,1;"PORTO VELHO";"Velocidade Incompatível";"Colisão traseira";"Com Vítimas Feridas";"Amanhecer";"Decrescente";"Céu Claro";"Múltipla";"Reta";"Sim";3;0;1;0;1;1;1;3;-8,763175;-63,884823;"SPRF-RO";"DEL01-RO";"UOP01-DEL01-RO"
222407;2018-02-09;"sexta-feira";"14:28:00";"RJ";101;330;"RIO DE JANEIRO";"Falta de Atenção à Condução";"Colisão traseira";"Com Vítimas Feridas";"Pleno dia";"Decrescente";"Céu Claro";"Dupla";"Reta";"Sim";3;0;1;0;2;0;1;2;-22,868481;-43,18568;"SPRF-RJ";"DEL02-RJ";"UOP02-DEL02-RJ"
222422;2018-07-17;"terça-feira";"18:00:00";"RJ";493;5;"ITABORAI";"Defeito na Via";"Queda de ocupante de veículo";"Com Vítimas Feridas";"Plena Noite";"Crescente";"Céu Claro";"Dupla";"Reta";"Sim";1;0;0;1;0;0;1;1;-22,73519673;-42,95179546;"SPRF-RJ";"DEL04-RJ";"UOP02-DEL04-RJ"
222477;2018-12-16;"domingo";"15:45:00";"SC";280;91,1;"CORUPA";"Animais na Pista";"Tombamento";"Com Vítimas Feridas";"Pleno dia";"Crescente";"Céu Claro";"Simples";"Aclive;Curva";"Não";1;0;0;1;0;0;1;1;-26,40053236;-49,29772496;"SPRF-SC";"DEL06-SC";"UOP03-DEL06-SC"
222533;2018-10-15;"segunda-feira";"05:15:00";"RJ";356;148;"CAMPOS DOS GOYTACAZES";"Falta de Atenção do Pedestre";"Atropelamento de Pedestre";"Com Vítimas Feridas";"Plena Noite";"Crescente";"Ignorado";"Simples";"Reta";"Sim";2;0;0;1;0;1;1;2;-21,77443105;-41,28390854;"SPRF-RJ";"DEL08-RJ";"UOP02-DEL08-RJ"
222586;2018-09-19;"quarta-feira";"12:30:00";"PB";412;139;"MONTEIRO";"Falta de Atenção do Pedestre";"Colisão transversal";"Com Vítimas Feridas";"Pleno dia";"Crescente";"Céu Claro";"Simples";"Reta";"Não";2;0;1;0;1;0;1;2;-7,85846;-37,080975;"SPRF-PB";"DEL02-PB";"UOP02-DEL02-PB"