"id";"data_inversa";"dia_semana";"horario";"uf";"br";"km";"municipio";"causa_acidente";"tipo_acidente";"classificacao_acidente";"fase_dia";"sentido_via";"condicao_metereologica";"tipo_pista";"tracado_via";"uso_solo";"pessoas";"mortos";"feridos_leves";"feridos_graves";"ilesos";"ignorados";"feridos";"veiculos";"latitude";"longitude";"regional";"delegacia";"uop"
222794;2018-11-12;"segunda-feira";"21:25:00";"MG";381;708;"LAVRAS";"Falta de Atenção à Condução";"Queda de ocupante de veículo";"Com Vítimas Feridas";"Plena Noite";"Crescente";"Céu Claro";"Dupla";"Curva";"Não";1;0;1;0;0;0;1;1;-21,3466;-45,1768;"SPRF-MG";"DEL04-MG";"UOP02-DEL04-MG"
222798;2018-01-07;"domingo";"00:20:00";"PE";423;114,8;"PARANATAMA";"Falta de Atenção à Condução";"Colisão traseira";"Sem Vítimas";"Plena Noite";"Decrescente";"Céu Claro";"Simples";"Reta";"Não";5;0;0;0;4;1;0;2;-8,901713;-36,650039;"SPRF-PE";"DEL03-PE";"UOP01-DEL03-PE"
222839;2018-11-05;"segunda-feira";"02:40:00";"SC";101;34,4;"JOINVILLE";"Ingestão de Álcool";"Colisão com objeto estático";"Com Vítimas Feridas";"Plena Noite";"Crescente";"Nublado";"Dupla";"Aclive";"Não";1;0;1;0;0;0;1;1;-26,268;-48,896;"SPRF-SC";"DEL03-SC";"UOP01-DEL03-SC"
223004;2018-01-04;"quinta-feira";"07:30:00";"RJ";40;123;"DUQUE DE CAXIAS";"Falta de Atenção à Condução";"Colisão lateral";"Com Vítimas Feridas";"Pleno dia";"Crescente";"Nublado";"Múltipla";"Reta";"Sim";2;0;1;0;0;1;1;2;-22,6266905;-43,2859814;"SPRF-RJ";"DEL01-RJ";"UOP01-DEL01-RJ"
223006;2018-11-19;"segunda-feira";"19:00:00";"MT";163;1075;"GUARANTA DO NORTE";"Desobediência às normas de trânsito pelo condutor";"Colisão frontal";"Com Vítimas Feridas";"Plena Noite";"Crescente";"Céu Claro";"Simples";"Reta";"Não";2;0;0;1;1;0;1;2;-9,84389586;-54,88149773;"SPRF-MT";"DEL06-MT";"UOP02-DEL06-MT"
223237;2018-10-25;"quinta-feira";"09:00:00";"SC";101;137,2;"BALNEARIO CAMBORIU";"Falta de Atenção à Condução";"Colisão traseira";"Com Vítimas Feridas";"Pleno dia";"Decrescente";"Chuva";"Dupla";"Reta";"Sim";4;0;1;0;3;0;1;3;-27,024;-48,6074;"SPRF-SC";"DEL04-SC";"UOP03-DEL04-SC"
223743;2018-01-15;"segunda-feira";"18:20:00";"MG";381;727,8;"CARMO DA CACHOEIRA";"Velocidade Incompatível";"Saída de leito carroçável";"Com Vítimas Feridas";"Anoitecer";"Decrescente";"Chuva";"Dupla";"Curva";"Não";2;0;2;0;0;0;2;1;-21,48222506;-45,20284313;"SPRF-MG";"DEL04-MG";"UOP02-DEL04-MG"
224020;2018-11-24;"sábado";"23:30:00";"GO";70;8;"AGUAS LINDAS DE GOIAS";"Falta de Atenção à Condução";"Atropelamento de Pedestre";"Com Vítimas Feridas";"Plena Noite";"Crescente";"Nublado";"Simples";"Reta";"Sim";2;0;2;0;0;0;2;2;-15,7375;-48,2739;"SPRF-DF";"DEL01-DF";"UOP02-DEL03-DF"
224121;2018-12-14;"sexta-feira";"18:40:00";"MT";70;0,6;"BARRA DO GARCAS";"Desobediência às normas de trânsito pelo condutor";"Colisão lateral";"Com Vítimas Feridas";"Anoitecer";"Crescente";"Ignorado";"Simples";"Reta";"Sim";2;0;1;0;1;0;1;2;-15,89323712;-52,2594738;"SPRF-MT";"DEL07-MT";"UOP01-DEL07-MT"
224624;2018-02-14;"quarta-feira";"12:25:00";"RJ";356;56,5;"ITAPERUNA";"Falta de Atenção à Condução";"Colisão traseira";"Sem Vítimas";"Pleno dia";"Crescente";"Céu Claro";"Simples";"Curva";"Não";1;0;0;0;1;0;0;1;-21,28243149;-41,72810733;"SPRF-RJ";"DEL08-RJ";"UOP03-DEL08-RJ"
225368;2018-04-15;"domingo";"09:00:00";"MA";135;128,8;"MIRANDA DO NORTE";"Restrição de Visibilidade";"Colisão transversal";"Com Vítimas Feridas";"Pleno dia";"Crescente";"Nublado";"Simples";"Reta";"Sim";2;0;0;1;1;0;1;2;-3,58274639;-44,57577109;"SPRF-MA";"DEL01-MA";"UOP02-DEL01-MA"
225370;2018-08-28;"terça-feira";"21:50:00";"RN";101;84,1;"SAO GONCALO DO AMARANTE";"Falta de Atenção do Pedestre";"Atropelamento de Pedestre";"Com Vítimas Feridas";"Plena Noite";"Crescente";"Céu Claro";"Simples";"Reta";"Sim";2;0;1;1;0;0;2;2;-5,77402083;-35,25852799;"SPRF-RN";"DEL02-RN";"UOP01-DEL02-RN"
225444;2018-04-14;"sábado";"13:30:00";"MT";70;2;"BARRA DO GARCAS";"Falta de Atenção à Condução";"Tombamento";"Com Vítimas Feridas";"Pleno dia";"Crescente";"Nublado";"Simples";"Reta";"Sim";2;0;0;1;0;1;1;2;-15;-52;"SPRF-MT";"DEL07-MT";"UOP01-DEL07-MT"
225603;2018-11-18;"domingo";"17:30:00";"SC";280;192,8;"MAFRA";"Falta de Atenção à Condução";"Colisão com objeto estático";"Com Vítimas Feridas";"Pleno dia";"Decrescente";"Ignorado";"Simples";"Reta";"Não";1;0;0;1;0;0;1;1;-26,17893079;-49,99673293;"SPRF-SC";"DEL06-SC";"UOP01-DEL06-SC"
226081;2018-10-05;"sexta-feira";"08:40:00";"RN";405;2;"MOSSORO";"Não guardar distância de segurança";"Colisão traseira";"Com Vítimas Feridas";"Pleno dia";"Decrescente";"Ignorado";"Dupla";"Reta";"Sim";1;0;0;1;0;0;1;1;-5,19308353;-37,37311536;"SPRF-RN";"DEL04-RN";"UOP02-DEL04-RN"
226156;2018-08-27;"segunda-feira";"12:30:00";"MG";381;171;"GOVERNADOR VALADARES";"Defeito Mecânico no Veículo";"Tombamento";"Com Vítimas Feridas";"Pleno dia";"Decrescente";"Ignorado";"Simples";"Curva";"Não";1;0;1;0;0;0;1;1;-18,95989605;-42,07592622;"SPRF-MG";"DEL06-MG";"UOP01-DEL06-MG"
226306;2018-11-24;"sábado";"15:00:00";"BA";415;51;"ITABUNA";"Falta de Atenção à Condução";"Colisão lateral";"Com Vítimas Feridas";"Pleno dia";"Decrescente";"Céu Claro";"Simples";"Reta";"Sim";1;0;1;0;0;0;1;1;-14,814651;-39,296741;"SPRF-BA";"DEL05-BA";"UOP01-DEL05-BA"
226583;2018-09-15;"sábado";"11:00:00";"PR";158;511;"CORONEL VIVIDA";"Avarias e/ou desgaste excessivo no pneu";"Queda de ocupante de veículo";"Com Vítimas Feridas";"Pleno dia";"Decrescente";"Nublado";"Simples";"Reta";"Não";2;0;0;1;1;0;1;1;-26,04120628;-52,615242;"SPRF-PR";"DEL02-PR";"UOP01-DEL02-PR"
226864;2018-03-15;"quinta-feira";"08:50:00";"RS";468;4,8;"PALMEIRA DAS MISSOES";"Não guardar distância de segurança";"Colisão traseira";"Com Vítimas Feridas";"Pleno dia";"Crescente";"Chuva";"Simples";"Interseção de Vias";"Não";5;0;3;0;2;0;3;2;-27,8694306;-53,33312988;"SPRF-RS";"DEL08-RS";"UOP01-DEL08-RS"
227048;2018-08-22;"quarta-feira";"15:20:00";"MG";40;577,5;"ITABIRITO";"Mal Súbito";"Colisão frontal";"Com Vítimas Feridas";"Pleno dia";"Decrescente";"Céu Claro";"Simples";"Curva";"Não";5;0;1;4;0;0;5;2;-20,2752;-43,9488;"SPRF-MG";"DEL01-MG";"UOP02-DEL01-MG"
227417;2018-12-23;"domingo";"17:00:00";"RJ";493;22;"MAGE";"Sinalização da via insuficiente ou inadequada";"Saída de leito carroçável";"Com Vítimas Feridas";"Pleno dia";"Crescente";"Céu Claro";"Simples";"Reta";"Não";2;0;1;1;0;0;2;1;-22,659311;-43,053299;"SPRF-RJ";"DEL04-RJ";"UOP02-DEL04-RJ"
227802;2018-09-01;"sábado";"17:40:00";"BA";101;209;"GOVERNADOR MANGABEIRA";"Desobediência às normas de trânsito pelo condutor";"Tombamento";"Com Vítimas Feridas";"Pleno dia";"Decrescente";"Céu Claro";"Simples";"Reta";"Sim";1;0;1;0;0;0;1;1;-12,6024;-39,0524;"SPRF-BA";"DEL01-BA";"UOP03-DEL01-BA"
228388;2018-11-10;"sábado";"08:15:00";"SC";282;4;"FLORIANOPOLIS";"Não guardar distância de segurança";"Colisão traseira";"Com Vítimas Feridas";"Pleno dia";"Decrescente";"Chuva";"Dupla";"Reta";"Sim";2;0;0;1;1;0;1;2;-27,592646;-48,604034;"SPRF-SC";"DEL01-SC";"UOP01-DEL01-SC"
229020;2018-04-01;"domingo";"18:35:00";"SP";116;112,8;"TAUBATE";"Defeito Mecânico no Veículo";"Colisão traseira";"Com Vítimas Feridas";"Anoitecer";"Crescente";"Nublado";"Dupla";"Reta";"Sim";4;0;1;0;3;0;1;3;-23,04336539;-45,5781126;"SPRF-SP";"DEL06-SP";"UOP02-DEL02-SP"
229102;2018-12-15;"sábado";"12:11:00";"PR";277;728,6;"FOZ DO IGUACU";"Falta de Atenção à Condução";"Colisão lateral";"Com Vítimas Feridas";"Pleno dia";"Crescente";"Céu Claro";"Dupla";"Reta";"Sim";2;0;0;1;1;0;1;2;-25,497366;-54,576858;"SPRF-PR";"DEL05-PR";"UOP03-DEL05-PR"
229161;2018-04-07;"sábado";"20:00:00";"RJ";101;280,8;"ITABORAI";"Falta de Atenção à Condução";"Colisão traseira";"Sem Vítimas";"Plena Noite";"Decrescente";"Céu Claro";"Dupla";"Reta";"Não";2;0;0;0;2;0;0;2;-22,738398;-42,777275;"SPRF-RJ";"DEL02-RJ";"UOP03-DEL02-RJ"
230157;2018-12-28;"sexta-feira";"06:25:00";"PB";230;66;"SOBRADO";"Falta de Atenção à Condução";"Saída de leito carroçável";"Com Vítimas Feridas";"Amanhecer";"Crescente";"Céu Claro";"Dupla";"Curva";"Não";2;0;1;0;1;0;1;1;-7,1874;-35,1889;"SPRF-PB";"DEL01-PB";"UOP03-DEL01-PB"
230169;2018-12-24;"segunda-feira";"13:40:00";"SC";101;146;"ITAPEMA";"Falta de Atenção à Condução";"Colisão traseira";"Com Vítimas Feridas";"Pleno dia";"Crescente";"Sol";"Dupla";"Reta";"Não";2;0;1;0;1;0;1;2;-27,0918;-48,6168;"SPRF-SC";"DEL04-SC";"UOP03-DEL04-SC"
230409;2018-09-13;"quinta-feira";"08:20:00";"PR";277;74,7;"SAO JOSE DOS PINHAIS";"Falta de Atenção à Condução";"Colisão transversal";"Com Vítimas Feridas";"Pleno dia";"Crescente";"Céu Claro";"Dupla";"Reta";"Sim";3;0;0;1;1;1;1;3;-25,49460816;-49,16588333;"SPRF-PR";"DEL01-PR";"UOP01-DEL01-PR"
230496;2018-05-12;"sábado";"09:20:00";"MT";70;510;"CUIABA";"Falta de Atenção à Condução";"Colisão traseira";"Com Vítimas Feridas";"Pleno dia";"Crescente";"Céu Claro";"Simples";"Reta";"Sim";2;0;1;0;1;0;1;2;-15,650426;-55,998444;"SPRF-MT";"DEL02-MT";"UOP02-DEL01-MT"
231492;2018-12-03;"segunda-feira";"04:00:00";"PB";230;23,9;"JOAO PESSOA";"Falta de Atenção à Condução";"Colisão traseira";"Com Vítimas Feridas";"Plena Noite";"Decrescente";"Nublado";"Dupla";"Reta";"Sim";2;0;2;0;0;0;2;2;-7,1562;-34,8574;"SPRF-PB";"DEL01-PB";"UOP01-DEL01-PB"
231498;2018-04-01;"domingo";"19:23:00";"BA";324;515;"FEIRA DE SANTANA";"Desobediência às normas de trânsito pelo condutor";"Colisão traseira";"Com Vítimas Feridas";"Plena Noite";"Decrescente";"Céu Claro";"Simples";"Reta";"Sim";2;0;1;0;1;0;1;2;-12,249;-38,9333;"SPRF-BA";"DEL02-BA";"UOP01-DEL02-BA"
231668;2018-01-08;"segunda-feira";"17:00:00";"GO";40;52,8;"LUZIANIA";"Fenômenos da Natureza";"Capotamento";"Com Vítimas Feridas";"Pleno dia";"Crescente";"Nublado";"Dupla";"Declive;Curva";"Não";2;0;0;2;0;0;2;1;-16,46640238;-47,80716662;"SPRF-DF";"DEL01-DF";"UOP02-DEL01-DF"
231728;2018-10-03;"quarta-feira";"11:30:00";"RJ";101;321;"NITEROI";"Falta de Atenção à Condução";"Colisão traseira";"Com Vítimas Feridas";"Pleno dia";"Crescente";"Céu Claro";"Dupla";"Reta";"Sim";3;0;1;0;2;0;1;2;-22,869852;-43,110458;"SPRF-RJ";"DEL02-RJ";"UOP02-DEL02-RJ"
232197;2018-10-23;"terça-feira";"10:40:00";"BA";324;619;"SALVADOR";"Agressão Externa";"Colisão transversal";"Sem Vítimas";"Pleno dia";"Crescente";"Chuva";"Múltipla";"Reta";"Sim";3;0;0;0;2;1;0;2;-12,906798;-38,4574107;"SPRF-BA";"DEL01-BA";"UOP01-DEL01-BA"
232733;2018-10-16;"terça-feira";"06:29:00";"DF";20;16;"BRASILIA";"Agressão Externa";"Colisão traseira";"Com Vítimas Feridas";"Pleno dia";"Decrescente";"Céu Claro";"Dupla";"Aclive";"Sim";3;0;1;0;1;1;1;3;-15,625675;-47,725159;"SPRF-DF";"DEL02-DF";"UOP01-DEL02-DF"
232769;2018-12-03;"segunda-feira";"17:00:00";"RN";226;3;"NATAL";"Desobediência às normas de trânsito pelo condutor";"Colisão transversal";"Com Vítimas Feridas";"Pleno dia";"Decrescente";"Céu Claro";"Simples";"Reta";"Sim";3;0;2;0;1;0;2;2;-5,81997227;-35,26667118;"SPRF-RN";"DEL01-RN";"UOP02-DEL01-RN"
233116;2018-12-11;"terça-feira";"18:14:00";"PR";277;96,8;"CURITIBA";"Desobediência às normas de trânsito pelo condutor";"Colisão lateral";"Com Vítimas Feridas";"Pleno dia";"Decrescente";"Céu Claro";"Dupla";"Reta";"Sim";3;0;1;0;2;0;1;3;-25,43067922;-49,33683157;"SPRF-PR";"DEL01-PR";"UOP06-DEL01-PR"
233139;2018-11-21;"quarta-feira";"16:55:00";"SE";101;13,3;"CEDRO DE SAO JOAO";"Ingestão de Álcool";"Colisão traseira";"Com Vítimas Feridas";"Pleno dia";"Decrescente";"Céu Claro";"Simples";"Reta";"Não";3;0;2;0;1;0;2;2;-10,295593;-36,883125;"SPRF-SE";"DEL02-SE";"UOP02-DEL02-SE"
233560;2018-06-30;"sábado";"22:20:00";"SP";116;273;"TABOAO DA SERRA";"Velocidade Incompatível";"Colisão traseira";"Sem Vítimas";"Plena Noite";"Decrescente";"Céu Claro";"Dupla";"Reta";"Sim";2;0;0;0;1;1;0;2;-23,616838;-46,790334;"SPRF-SP";"DEL04-SP";"UOP01-DEL04-SP"
233583;2018-09-15;"sábado";"20:00:00";"RO";364;436;"JARU";"Sinalização da via insuficiente ou inadequada";"Capotamento";"Com Vítimas Feridas";"Plena Noite";"Decrescente";"Chuva";"Simples";"Curva";"Não";4;0;3;0;1;0;3;1;-10,377385;-62,553043;"SPRF-RO";"DEL03-RO";"UOP02-DEL03-RO"
234111;2018-06-25;"segunda-feira";"19:00:00";"ES";101;292;"CARIACICA";"Falta de Atenção à Condução";"Colisão traseira";"Com Vítimas Feridas";"Plena Noite";"Crescente";"Céu Claro";"Dupla";"Reta";"Sim";3;0;2;0;1;0;2;2;-20,30650512;-40,39488717;"SPRF-ES";"DEL01-ES";"UOP01-DEL01-ES"
234683;2018-11-07;"quarta-feira";"16:05:00";"RR";174;504,3;"BOA VISTA";"Não guardar distância de segurança";"Colisão traseira";"Com Vítimas Feridas";"Pleno dia";"Decrescente";"Céu Claro";"Dupla";"Reta";"Sim";2;0;1;0;1;0;1;2;2,80222;-60,693411;"SPRF-RR";"DEL01-RR";"UOP01-DEL01-RR"
234895;2018-06-17;"domingo";"02:00:00";"PR";476;124;"CURITIBA";"Defeito na Via";"Queda de ocupante de veículo";"Com Vítimas Feridas";"Plena Noite";"Decrescente";"Nublado";"Múltipla";"Reta";"Sim";1;0;1;0;0;0;1;1;-25,4018557;-49,21654274;"SPRF-PR";"DEL01-PR";"UOP07-DEL01-PR"
234925;2018-03-17;"sábado";"06:40:00";"PA";316;2;"ANANINDEUA";"Não guardar distância de segurança";"Colisão traseira";"Com Vítimas Feridas";"Pleno dia";"Decrescente";"Ignorado";"Dupla";"Reta";"Sim";2;0;0;1;1;0;1;2;-1,396582;-48,422993;"SPRF-PA";"DEL01-PA";"DEL19/1-UOP05/PA"
235045;2018-07-10;"terça-feira";"08:50:00";"CE";20;410;"CAUCAIA";"Pista Escorregadia";"Colisão frontal";"Com Vítimas Feridas";"Pleno dia";"Decrescente";"Chuva";"Simples";"Interseção de Vias;Em Obras";"Não";6;0;2;4;0;0;6;2;-3,798515;-38,645326;"SPRF-CE";"DEL01-CE";"UOP01-DEL01-CE"
235079;2018-12-03;"segunda-feira";"15:00:00";"PR";376;215;"JANDAIA DO SUL";"Falta de Atenção à Condução";"Colisão traseira";"Com Vítimas Feridas";"Pleno dia";"Crescente";"Céu Claro";"Dupla";"Reta";"Não";2;0;1;0;1;0;1;2;-23,58377116;-51,64884527;"SPRF-PR";"DEL07-PR";"UOP01-DEL09-PR"
235937;2018-08-20;"segunda-feira";"09:30:00";"RS";386;305,1;"POUSO NOVO";"Velocidade Incompatível";"Colisão frontal";"Com Vítimas Feridas";"Pleno dia";"Decrescente";"Garoa/Chuvisco";"Simples";"Curva";"Não";2;0;0;2;0;0;2;2;-29,20776538;-52,18188286;"SPRF-RS";"DEL04-RS";"UOP01-DEL04-RS"
236277;2018-11-21;"quarta-feira";"06:55:00";"BA";110;374,1;"CATU";"Falta de Atenção à Condução";"Colisão lateral";"Com Vítimas Feridas";"Pleno dia";"Crescente";"Céu Claro";"Simples";"Curva";"Não";6;0;4;0;0;2;4;2;-12,4078;-38,4009;"SPRF-BA";"DEL01-BA";"UOP04-DEL01-BA"
236501;2018-05-13;"domingo";"15:40:00";"RJ";101;313;"SAO GONCALO";"Defeito Mecânico no Veículo";"Capotamento";"Com Vítimas Feridas";"Pleno dia";"Decrescente";"Nublado";"Dupla";"Reta";"Sim";3;0;2;0;1;0;2;2;-22,810507;-43,069859;"SPRF-RJ";"DEL02-RJ";"DEL5/2-UOP04/RJ"
237185;2018-02-10;"sábado";"00:00:00";"GO";20;249,9;"GUARANI DE GOIAS";"Animais na Pista";"Atropelamento de Animal";"Com Vítimas Feridas";"Plena Noite";"Crescente";"Nublado";"Simples";"Reta";"Não";2;0;0;2;0;0;2;1;-13,97683488;-46,19297547;"SPRF-DF";"DEL02-DF";"UOP03-DEL02-DF"
237536;2018-11-25;"domingo";"19:40:00";"MS";163;324,2;"RIO BRILHANTE";"Não guardar distância de segurança";"Colisão traseira";"Com Vítimas Feridas";"Plena Noite";"Decrescente";"Céu Claro";"Simples";"Reta";"Não";3;0;1;0;2;0;1;2;-21,77505104;-54,52581259;"SPRF-MS";"DEL02-MS";"UOP02-DEL02-MS"
237547;2018-12-22;"sábado";"05:46:00";"RJ";116;137;"DUQUE DE CAXIAS";"Falta de Atenção à Condução";"Colisão lateral";"Com Vítimas Feridas";"Amanhecer";"Crescente";"Céu Claro";"Dupla";"Reta";"Sim";2;0;1;0;1;0;1;2;-22,647911;-43,182049;"SPRF-RJ";"DEL04-RJ";"UOP02-DEL04-RJ"
237697;2018-12-12;"quarta-feira";"17:45:00";"PB";230;19,1;"JOAO PESSOA";"Falta de Atenção à Condução";"Colisão traseira";"Com Vítimas Feridas";"Anoitecer";"Decrescente";"Céu Claro";"Dupla";"Viaduto";"Sim";3;0;1;0;2;0;1;2;-7,1281;-34,8466;"SPRF-PB";"DEL01-PB";"UOP01-DEL01-PB"
237926;2018-11-26;"segunda-feira";"14:35:00";"RS";470;210,6;"BENTO GONCALVES";"Mal Súbito";"Saída de leito carroçável";"Com Vítimas Feridas";"Pleno dia";"Decrescente";"Céu Claro";"Simples";"Aclive";"Não";2;0;1;0;0;1;1;2;-29,1291942;-51,5412892;"SPRF-RS";"DEL06-RS";"UOP01-DEL06-RS"
237931;2018-06-23;"sábado";"13:00:00";"PR";376;180;"MARINGA";"Não guardar distância de segurança";"Colisão traseira";"Com Vítimas Feridas";"Pleno dia";"Decrescente";"Céu Claro";"Dupla";"Reta";"Sim";6;0;2;0;4;0;2;4;-23,427254;-51,895123;"SPRF-PR";"DEL07-PR";"UOP01-DEL09-PR"
238231;2018-12-12;"quarta-feira";"17:45:00";"PB";230;19,1;"JOAO PESSOA";"Falta de Atenção à Condução";"Colisão com objeto estático";"Sem Vítimas";"Anoitecer";"Decrescente";"Céu Claro";"Dupla";"Viaduto";"Sim";2;0;0;0;2;0;0;2;-7,13767501;-34,85346079;"SPRF-PB";"DEL01-PB";"UOP01-DEL01-PB"
238676;2018-11-01;"quinta-feira";"00:15:00";"MG";381;502,1;"BETIM";"Ingestão de álcool e/ou substâncias psicoativas pelo pedestre";"Atropelamento de Pedestre";"Com Vítimas Feridas";"Plena Noite";"Decrescente";"Céu Claro";"Dupla";"Reta";"Sim";2;0;0;1;1;0;1;2;-20,0236;-44,2299;"SPRF-MG";"DEL01-MG";"UOP03-DEL01-MG"
239118;2018-05-29;"terça-feira";"18:00:00";"PA";222;235;"MARABA";"Desobediência às normas de trânsito pelo condutor";"Colisão transversal";"Com Vítimas Feridas";"Anoitecer";"Crescente";"Céu Claro";"Simples";"Reta";"Sim";3;0;0;2;1;0;2;2;-5,277493;-49,072708;"SPRF-PA";"DEL03-PA";"UOP01-DEL03-PA"
239392;2018-05-23;"quarta-feira";"17:05:00";"PB";230;35;"BAYEUX";"Falta de Atenção à Condução";"Colisão lateral";"Com Vítimas Feridas";"Anoitecer";"Decrescente";"Céu Claro";"Dupla";"Reta";"Sim";2;0;1;0;1;0;1;2;-7,12655013;-34,94249403;"SPRF-PB";"DEL01-PB";"UOP01-DEL01-PB"
239396;2018-02-02;"sexta-feira";"06:00:00";"RN";101;158;"CANGUARETAMA";"Ingestão de Álcool";"Colisão traseira";"Com Vítimas Feridas";"Pleno dia";"Decrescente";"Sol";"Dupla";"Declive";"Sim";4;0;2;0;1;1;2;2;-6,35366521;-35,16254783;"SPRF-RN";"DEL01-RN";"UOP01-DEL01-RN"
239399;2018-05-03;"quinta-feira";"17:50:00";"GO";40;12,8;"LUZIANIA";"Falta de Atenção do Pedestre";"Atropelamento de Pedestre";"Com Vítimas Fatais";"Anoitecer";"Crescente";"Céu Claro";"Dupla";"Reta";"Sim";3;1;0;0;2;0;0;2;-16,1506724;-47,9401129;"SPRF-DF";"DEL01-DF";"UOP01-DEL01-DF"
240084;2018-08-13;"segunda-feira";"07:10:00";"PE";428;178,2;"PETROLINA";"Desobediência às normas de trânsito pelo condutor";"Colisão transversal";"Com Vítimas Feridas";"Pleno dia";"Crescente";"Nublado";"Simples";"Reta";"Não";2;0;1;0;1;0;1;2;-9,297437;-40,448416;"SPRF-PE";"DEL06-PE";"UOP01-DEL06-PE"
240259;2018-06-23;"sábado";"03:50:00";"PE";316;33,2;"ARARIPINA";"Falta de Atenção à Condução";"Colisão lateral";"Com Vítimas Fatais";"Plena Noite";"Crescente";"Céu Claro";"Simples";"Reta";"Não";3;1;1;0;1;0;1;2;-7,634474;-40,440884;"SPRF-PE";"DEL05-PE";"UOP02-DEL05-PE"
241392;2018-09-05;"quarta-feira";"07:40:00";"MG";40;509;"RIBEIRAO DAS NEVES";"Falta de Atenção à Condução";"Engavetamento";"Com Vítimas Feridas";"Pleno dia";"Crescente";"Céu Claro";"Dupla";"Reta";"Sim";6;0;1;0;2;3;1;6;-19,77755167;-44,12096788;"SPRF-MG";"DEL01-MG";"UOP03-DEL01-MG"
241394;2018-08-02;"quinta-feira";"18:10:00";"PI";343;10;"PARNAIBA";"Desobediência às normas de trânsito pelo condutor";"Colisão transversal";"Com Vítimas Feridas";"Plena Noite";"Crescente";"Céu Claro";"Simples";"Reta";"Sim";2;0;0;1;1;0;1;2;-2,902034;-41,741646;"SPRF-PI";"DEL05-PI";"UOP01-DEL05-PI"
241455;2018-12-12;"quarta-feira";"20:00:00";"AL";110;5,5;"DELMIRO GOUVEIA";"Falta de Atenção à Condução";"Colisão transversal";"Com Vítimas Feridas";"Plena Noite";"Crescente";"Céu Claro";"Simples";"Interseção de Vias";"Não";3;0;2;0;1;0;2;2;-9,335732;-38,184597;"SPRF-BA";"DEL07-BA";"UOP01-DEL07-BA"
241597;2018-11-01;"quinta-feira";"07:15:00";"PR";376;659;"TIJUCAS DO SUL";"Não guardar distância de segurança";"Saída de leito carroçável";"Sem Vítimas";"Pleno dia";"Decrescente";"Chuva";"Dupla";"Curva";"Não";1;0;0;0;1;0;0;1;-25,84655612;-49,0003109;"SPRF-PR";"DEL01-PR";"UOP04-DEL01-PR"
241606;2018-12-04;"terça-feira";"00:05:00";"MG";40;633;"CONSELHEIRO LAFAIETE";"Desobediência às normas de trânsito pelo pedestre";"Atropelamento de Pedestre";"Com Vítimas Feridas";"Plena Noite";"Crescente";"Nublado";"Simples";"Reta";"Sim";4;0;0;1;0;3;1;2;-20,6959;-43,7906;"SPRF-MG";"DEL05-MG";"UOP02-DEL05-MG"
241650;2018-12-01;"sábado";"09:00:00";"PE";232;103,5;"BEZERROS";"Desobediência às normas de trânsito pelo condutor";"Engavetamento";"Sem Vítimas";"Pleno dia";"Crescente";"Céu Claro";"Dupla";"Reta";"Não";3;0;0;0;2;1;0;3;-8,25219;-35,76585;"SPRF-PE";"DEL02-PE";"UOP03-DEL02-PE"
241915;2018-12-13;"quinta-feira";"17:45:00";"SP";116;270,2;"TABOAO DA SERRA";"Desobediência às normas de trânsito pelo condutor";"Colisão traseira";"Com Vítimas Feridas";"Pleno dia";"Decrescente";"Céu Claro";"Múltipla";"Reta";"Sim";2;0;1;0;1;0;1;2;-23,61004614;-46,77095935;"SPRF-SP";"DEL04-SP";"UOP01-DEL04-SP"
242332;2018-11-18;"domingo";"03:45:00";"PA";163;1001,5;"SANTAREM";"Falta de Atenção à Condução";"Colisão frontal";"Com Vítimas Feridas";"Plena Noite";"Decrescente";"Céu Claro";"Simples";"Reta";"Sim";2;0;1;1;0;0;2;2;-2,45889491;-54,72828627;"SPRF-PA";"DEL05-PA";"UOP01-DEL05-PA"
242390;2018-09-08;"sábado";"04:00:00";"BA";110;207;"CIPO";"Falta de Atenção à Condução";"Colisão frontal";"Com Vítimas Fatais";"Plena Noite";"Crescente";"Garoa/Chuvisco";"Simples";"Reta";"Sim";4;1;1;2;0;0;3;2;-11,1316;-38,516;"SPRF-BA";"DEL07-BA";"UOP02-DEL07-BA"
242401;2018-01-04;"quinta-feira";"12:15:00";"GO";80;19;"PADRE BERNARDO";"Falta de Atenção à Condução";"Saída de leito carroçável";"Com Vítimas Feridas";"Pleno dia";"Decrescente";"Céu Claro";"Simples";"Curva";"Não";3;0;2;1;0;0;3;1;-15,41434341;-48,2004118;"SPRF-DF";"DEL01-DF";"UOP02-DEL03-DF"
242562;2018-12-23;"domingo";"01:35:00";"MG";262;3,7;"MARTINS SOARES";"Velocidade Incompatível";"Saída de leito carroçável";"Com Vítimas Feridas";"Plena Noite";"Decrescente";"Chuva";"Simples";"Curva";"Não";4;0;0;4;0;0;4;1;-20,253166;-41,784786;"SPRF-MG";"DEL06-MG";"UOP03-DEL06-MG"
242705;2018-10-09;"terça-feira";"06:30:00";"BA";324;607;"SIMOES FILHO";"Velocidade Incompatível";"Colisão traseira";"Com Vítimas Feridas";"Amanhecer";"Decrescente";"Sol";"Dupla";"Reta";"Não";6;0;2;0;4;0;2;2;-12,81958472;-38,4071517;"SPRF-BA";"DEL01-BA";"UOP01-DEL01-BA"
243093;2018-07-08;"domingo";"07:40:00";"PI";407;480;"JAICOS";"Animais na Pista";"Colisão com objeto em movimento";"Sem Vítimas";"Pleno dia";"Crescente";"Céu Claro";"Simples";"Reta";"Não";2;0;0;0;2;0;0;1;-7,43644289;-41,21284112;"SPRF-PI";"DEL04-PI";"UOP01-DEL04-PI"