"id";"data_inversa";"dia_semana";"horario";"uf";"br";"km";"municipio";"causa_acidente";"tipo_acidente";"classificacao_acidente";"fase_dia";"sentido_via";"condicao_metereologica";"tipo_pista";"tracado_via";"uso_solo";"pessoas";"mortos";"feridos_leves";"feridos_graves";"ilesos";"ignorados";"feridos";"veiculos";"latitude";"longitude";"regional";"delegacia";"uop"
245115;2018-03-11;"domingo";"16:30:00";"SC";101;353,2;"JAGUARUNA";"Falta de Atenção à Condução";"Colisão traseira";"Com Vítimas Feridas";"Pleno dia";"Crescente";"Céu Claro";"Dupla";"Curva";"Sim";3;0;1;0;2;0;1;2;-28,61139675;-49,06121582;"SPRF-SC";"DEL02-SC";"UOP01-DEL02-SC"
245287;2018-09-20;"quinta-feira";"22:00:00";"MG";364;5,2;"PLANURA";"Condutor Dormindo";"Saída de leito carroçável";"Com Vítimas Feridas";"Plena Noite";"Crescente";"Ignorado";"Simples";"Aclive";"Não";2;0;0;1;1;0;1;1;-20,08448531;-48,75944316;"SPRF-MG";"DEL13-MG";"UOP02-DEL13-MG"
245588;2018-11-18;"domingo";"01:30:00";"BA";110;326,2;"ALAGOINHAS";"Ingestão de Álcool";"Colisão frontal";"Com Vítimas Feridas";"Plena Noite";"Crescente";"Céu Claro";"Simples";"Reta";"Não";2;0;1;0;1;0;1;2;-12,07039334;-38,34852397;"SPRF-BA";"DEL01-BA";"UOP04-DEL01-BA"
245922;2018-11-19;"segunda-feira";"07:58:00";"BA";324;617;"SALVADOR";"Falta de Atenção à Condução";"Colisão traseira";"Com Vítimas Feridas";"Pleno dia";"Crescente";"Ignorado";"Múltipla";"Reta";"Sim";1;0;0;1;0;0;1;1;-12,90372217;-38,45461607;"SPRF-BA";"DEL01-BA";"UOP01-DEL01-BA"
246071;2018-03-02;"sexta-feira";"23:20:00";"RJ";116;184;"NOVA IGUACU";"Falta de Atenção do Pedestre";"Atropelamento de Pedestre";"Com Vítimas Fatais";"Plena Noite";"Decrescente";"Chuva";"Dupla";"Reta";"Sim";2;1;1;0;0;0;1;2;-22,7401593;-43,4997161;"SPRF-RJ";"DEL01-RJ";"UOP03-DEL01-RJ"
246462;2018-09-02;"domingo";"22:20:00";"PR";476;128;"CURITIBA";"Velocidade Incompatível";"Colisão com objeto estático";"Com Vítimas Feridas";"Plena Noite";"Crescente";"Chuva";"Múltipla";"Reta";"Sim";2;0;1;1;0;0;2;1;-25,433048;-49,23156;"SPRF-PR";"DEL01-PR";"UOP07-DEL01-PR"
246777;2018-08-07;"terça-feira";"22:23:00";"MG";40;550,1;"NOVA LIMA";"Falta de Atenção à Condução";"Queda de ocupante de veículo";"Com Vítimas Feridas";"Plena Noite";"Crescente";"Nublado";"Dupla";"Curva";"Não";1;0;0;1;0;0;1;1;-20,0477638;-43,96439441;"SPRF-MG";"DEL01-MG";"UOP02-DEL01-MG"
247176;2018-11-29;"quinta-feira";"08:45:00";"MT";364;387;"SANTO ANTONIO DO LEVERGER";"Pista Escorregadia";"Queda de ocupante de veículo";"Com Vítimas Feridas";"Pleno dia";"Crescente";"Céu Claro";"Simples";"Reta";"Não";1;0;1;0;0;0;1;1;-15,70200126;-55,827522;"SPRF-MT";"DEL02-MT";"UOP02-DEL01-MT"
248996;2018-01-27;"sábado";"11:15:00";"RJ";101;439;"MANGARATIBA";"Pista Escorregadia";"Colisão frontal";"Com Vítimas Feridas";"Pleno dia";"Crescente";"Nublado";"Dupla";"Declive;Curva";"Não";4;0;0;4;0;0;4;2;-22,96217;-44,088467;"SPRF-RJ";"DEL03-RJ";"UOP01-DEL03-RJ"
249191;2018-11-24;"sábado";"19:50:00";"RN";226;244,9;"JUCURUTU";"Restrição de Visibilidade";"Colisão traseira";"Com Vítimas Feridas";"Plena Noite";"Decrescente";"Nublado";"Simples";"Reta";"Sim";2;0;1;0;1;0;1;2;-6,033119;-37,01395;"SPRF-RN";"DEL03-RN";"UOP01-DEL03-RN"
249214;2018-09-11;"terça-feira";"12:20:00";"MG";40;520;"CONTAGEM";"Defeito Mecânico no Veículo";"Queda de ocupante de veículo";"Com Vítimas Feridas";"Pleno dia";"Crescente";"Céu Claro";"Dupla";"Reta";"Não";2;0;2;0;0;0;2;1;-19,8604;-44,0712;"SPRF-MG";"DEL01-MG";"UOP03-DEL01-MG"
249521;2018-02-23;"sexta-feira";"17:45:00";"SP";116;334;"JUQUITIBA";"Velocidade Incompatível";"Capotamento";"Com Vítimas Feridas";"Anoitecer";"Decrescente";"Nublado";"Dupla";"Reta";"Não";2;0;0;2;0;0;2;1;-23,932146;-47,068737;"SPRF-SP";"DEL04-SP";"UOP03-DEL04-SP"
249672;2018-11-12;"segunda-feira";"18:29:00";"BA";101;367;"GANDU";"Animais na Pista";"Atropelamento de Animal";"Com Vítimas Feridas";"Plena Noite";"Decrescente";"Ignorado";"Simples";"Reta";"Não";1;0;0;1;0;0;1;1;-13,760996;-39,489086;"SPRF-BA";"DEL05-BA";"UOP03-DEL05-BA"
250339;2018-07-04;"quarta-feira";"11:35:00";"PB";101;84,3;"BAYEUX";"Falta de Atenção do Pedestre";"Atropelamento de Pedestre";"Com Vítimas Feridas";"Pleno dia";"Decrescente";"Sol";"Dupla";"Reta";"Sim";2;0;0;1;1;0;1;2;-7,143022;-34,919139;"SPRF-PB";"DEL01-PB";"UOP01-DEL01-PB"
251169;2018-12-23;"domingo";"17:55:00";"AL";101;73,8;"MESSIAS";"Falta de Atenção do Pedestre";"Atropelamento de Pedestre";"Com Vítimas Feridas";"Plena Noite";"Crescente";"Céu Claro";"Dupla";"Curva";"Não";3;0;2;1;0;0;3;2;-9,387234;-35,836433;"SPRF-AL";"DEL01-AL";"UOP01-DEL01-AL"
251818;2018-11-29;"quinta-feira";"16:30:00";"AP";210;54;"MACAPA";"Ultrapassagem Indevida";"Colisão frontal";"Com Vítimas Fatais";"Pleno dia";"Decrescente";"Chuva";"Simples";"Curva";"Não";4;1;1;1;1;0;2;3;0,454285;-51,074497;"SPRF-AP";"DEL01-AP";"UOP01-DEL01-AP"
252256;2018-12-24;"segunda-feira";"09:15:00";"PI";343;263,1;"CAMPO MAIOR";"Agressão Externa";"Colisão com objeto estático";"Sem Vítimas";"Pleno dia";"Decrescente";"Sol";"Simples";"Reta";"Sim";1;0;0;0;1;0;0;1;-4,819326;-42,158821;"SPRF-PI";"DEL01-PI";"UOP03-DEL01-PI"
252652;2018-12-12;"quarta-feira";"07:00:00";"BA";101;321;"PRESIDENTE TANCREDO NEVES";"Falta de Atenção à Condução";"Saída de leito carroçável";"Com Vítimas Feridas";"Amanhecer";"Decrescente";"Ignorado";"Simples";"Reta";"Não";1;0;1;0;0;0;1;1;-13,44768518;-39,42066193;"SPRF-BA";"DEL05-BA";"UOP03-DEL05-BA"
252801;2018-11-15;"quinta-feira";"10:48:00";"SP";116;529;"BARRA DO TURVO";"Falta de Atenção à Condução";"Colisão traseira";"Com Vítimas Feridas";"Pleno dia";"Decrescente";"Nublado";"Dupla";"Reta";"Não";2;0;1;0;0;1;1;2;-24,939211;-48,301248;"SPRF-SP";"DEL05-SP";"UOP02-DEL05-SP"
253040;2018-11-23;"sexta-feira";"19:30:00";"RS";472;573,5;"URUGUAIANA";"Desobediência às normas de trânsito pelo condutor";"Queda de ocupante de veículo";"Com Vítimas Feridas";"Plena Noite";"Crescente";"Céu Claro";"Dupla";"Reta";"Sim";2;0;0;1;1;0;1;2;-29,76355779;-57,05200195;"SPRF-RS";"DEL13-RS";"UOP01-DEL13-RS"
253078;2018-10-01;"segunda-feira";"04:31:00";"GO";40;9;"LUZIANIA";"Não guardar distância de segurança";"Saída de leito carroçável";"Com Vítimas Feridas";"Plena Noite";"Crescente";"Céu Claro";"Dupla";"Reta";"Sim";1;0;1;0;0;0;1;1;-16,131158;-47,957739;"SPRF-DF";"DEL01-DF";"UOP01-DEL01-DF"
254083;2018-11-09;"sexta-feira";"10:30:00";"PR";476;132;"CURITIBA";"Falta de Atenção à Condução";"Colisão traseira";"Com Vítimas Feridas";"Pleno dia";"Decrescente";"Chuva";"Múltipla";"Reta";"Sim";4;0;2;0;2;0;2;3;-25,4691352;-49,2530779;"SPRF-PR";"DEL01-PR";"UOP07-DEL01-PR"
255139;2018-12-24;"segunda-feira";"08:05:00";"ES";259;102;"BAIXO GUANDU";"Animais na Pista";"Atropelamento de Animal";"Com Vítimas Feridas";"Pleno dia";"Crescente";"Céu Claro";"Simples";"Reta";"Não";1;0;0;1;0;0;1;1;-19,50297466;-41,03681456;"SPRF-ES";"DEL02-ES";"UOP01-DEL02-ES"
256864;2018-12-30;"domingo";"09:30:00";"RJ";116;318;"ITATIAIA";"Não guardar distância de segurança";"Danos eventuais";"Com Vítimas Feridas";"Pleno dia";"Decrescente";"Ignorado";"Dupla";"Reta";"Sim";2;0;0;1;1;0;1;1;-22,48798676;-44,56313467;"SPRF-RJ";"DEL07-RJ";"DEL5/7-UOP03/RJ"
257167;2018-10-21;"domingo";"21:45:00";"SP";116;288;"ITAPECERICA DA SERRA";"Falta de Atenção à Condução";"Queda de ocupante de veículo";"Com Vítimas Feridas";"Plena Noite";"Crescente";"Garoa/Chuvisco";"Dupla";"Reta";"Não";1;0;1;0;0;0;1;1;-23,7079005;-46,87517524;"SPRF-SP";"DEL04-SP";"UOP01-DEL04-SP"
257233;2018-10-08;"segunda-feira";"11:00:00";"AL";316;225;"ATALAIA";"Desobediência às normas de trânsito pelo condutor";"Colisão transversal";"Com Vítimas Feridas";"Pleno dia";"Crescente";"Céu Claro";"Simples";"Declive;Reta";"Não";2;0;0;1;0;1;1;2;-9,466922;-36,180298;"SPRF-AL";"DEL01-AL";"UOP01-DEL01-AL"
257399;2018-11-13;"terça-feira";"18:40:00";"RN";101;11;"AREIA BRANCA";"Desobediência às normas de trânsito pelo condutor";"Tombamento";"Com Vítimas Feridas";"Anoitecer";"Crescente";"Ignorado";"Dupla";"Reta";"Não";2;0;2;0;0;0;2;1;-4,99784828;-37,09261548;"SPRF-RN";"DEL02-RN";"UOP01-DEL02-RN"
257736;2018-10-19;"sexta-feira";"22:10:00";"RS";116;246;"SAO LEOPOLDO";"Falta de Atenção à Condução";"Colisão com objeto estático";"Sem Vítimas";"Plena Noite";"Crescente";"Céu Claro";"Simples";"Curva";"Sim";1;0;0;0;0;1;0;1;-29,758751;-51,15186806;"SPRF-RS";"DEL01-RS";"UOP02-DEL01-RS"
258138;2018-08-09;"quinta-feira";"13:40:00";"RJ";116;37;"SAPUCAIA";"Falta de Atenção à Condução";"Colisão traseira";"Com Vítimas Feridas";"Pleno dia";"Decrescente";"Nublado";"Simples";"Curva";"Não";2;0;0;1;1;0;1;2;-22,12396382;-42,77914166;"SPRF-RJ";"DEL04-RJ";"UOP01-DEL04-RJ"
258285;2018-10-09;"terça-feira";"11:50:00";"RN";226;1,7;"NATAL";"Ingestão de Álcool";"Colisão lateral";"Com Vítimas Feridas";"Pleno dia";"Decrescente";"Céu Claro";"Dupla";"Reta";"Sim";2;0;1;0;1;0;1;2;-5,812104;-35,245624;"SPRF-RN";"DEL01-RN";"UOP02-DEL01-RN"
259146;2018-08-22;"quarta-feira";"20:00:00";"AC";317;140;"CAPIXABA";"Falta de Atenção à Condução";"Colisão frontal";"Com Vítimas Feridas";"Plena Noite";"Decrescente";"Ignorado";"Simples";"Reta";"Não";2;0;2;0;0;0;2;2;-10,54403084;-67,6765269;"SPRF-AC";"DEL01-AC";"UOP01-DEL01-AC"
259668;2018-08-27;"segunda-feira";"19:50:00";"RJ";116;182;"NOVA IGUACU";"Falta de Atenção do Pedestre";"Atropelamento de Pedestre";"Com Vítimas Feridas";"Plena Noite";"Decrescente";"Chuva";"Dupla";"Reta";"Não";2;0;0;1;0;1;1;2;-22,756775;-43,431072;"SPRF-RJ";"DEL01-RJ";"UOP02-DEL01-RJ"
261629;2018-06-24;"domingo";"07:00:00";"PA";230;117;"MARABA";"Falta de Atenção à Condução";"Colisão traseira";"Com Vítimas Feridas";"Pleno dia";"Crescente";"Céu Claro";"Simples";"Reta";"Sim";3;0;0;2;1;0;2;2;-5,3503826;-49,10652788;"SPRF-PA";"DEL03-PA";"UOP01-DEL03-PA"
262226;2018-03-08;"quinta-feira";"06:30:00";"RN";101;76,1;"NATAL";"Falta de Atenção à Condução";"Colisão lateral";"Com Vítimas Feridas";"Pleno dia";"Decrescente";"Céu Claro";"Simples";"Interseção de Vias";"Sim";2;0;1;0;1;0;1;2;-5,72603;-35,284615;"SPRF-RN";"DEL02-RN";"UOP01-DEL02-RN"
262618;2018-12-15;"sábado";"20:30:00";"PR";277;7,4;"PARANAGUA";"Falta de Atenção do Pedestre";"Atropelamento de Pedestre";"Com Vítimas Feridas";"Plena Noite";"Decrescente";"Céu Claro";"Dupla";"Reta";"Sim";4;0;0;1;3;0;1;2;-25,56460239;-48,59258831;"SPRF-PR";"DEL01-PR";"UOP05-DEL01-PR"
262790;2018-11-25;"domingo";"06:15:00";"RN";427;93,9;"CAICO";"Defeito Mecânico no Veículo";"Queda de ocupante de veículo";"Com Vítimas Feridas";"Pleno dia";"Decrescente";"Céu Claro";"Simples";"Rotatória";"Sim";2;0;2;0;0;0;2;1;-6,48123133;-37,0618093;"SPRF-RN";"DEL03-RN";"UOP01-DEL03-RN"
263582;2018-11-29;"quinta-feira";"20:55:00";"PR";277;343,3;"GUARAPUAVA";"Falta de Atenção do Pedestre";"Atropelamento de Pedestre";"Com Vítimas Fatais";"Plena Noite";"Crescente";"Nublado";"Dupla";"Reta";"Sim";2;1;0;0;0;1;0;2;-25,36121137;-51,46988511;"SPRF-PR";"DEL03-PR";"UOP01-DEL08-PR"
265485;2018-12-15;"sábado";"11:30:00";"PA";10;313;"IRITUIA";"Falta de Atenção à Condução";"Colisão lateral";"Sem Vítimas";"Pleno dia";"Crescente";"Sol";"Simples";"Reta";"Não";2;0;0;0;2;0;0;2;-1,693098;-47,502159;"SPRF-PA";"DEL01-PA";"UOP02-DEL01-PA"
267228;2018-11-08;"quinta-feira";"22:30:00";"BA";330;833;"IPIAU";"Animais na Pista";"Atropelamento de Animal";"Com Vítimas Feridas";"Plena Noite";"Crescente";"Ignorado";"Simples";"Reta";"Não";2;0;1;1;0;0;2;1;-14,11493445;-39,7718811;"SPRF-BA";"DEL05-BA";"UOP01-DEL05-BA"
267472;2018-07-29;"domingo";"17:20:00";"RJ";116;268,4;"BARRA MANSA";"Falta de Atenção à Condução";"Saída de leito carroçável";"Sem Vítimas";"Pleno dia";"Crescente";"Sol";"Dupla";"Curva";"Não";2;0;0;0;1;1;0;1;-22,560883;-44,122238;"SPRF-RJ";"DEL07-RJ";"UOP02-DEL07-RJ"
270047;2018-09-13;"quinta-feira";"16:30:00";"RO";364;708;"PORTO VELHO";"Desobediência às normas de trânsito pelo condutor";"Colisão transversal";"Com Vítimas Feridas";"Pleno dia";"Crescente";"Sol";"Dupla";"Reta";"Sim";3;0;3;0;0;0;3;2;-8,78991293;-63,85077953;"SPRF-RO";"DEL01-RO";"UOP01-DEL01-RO"
270073;2018-12-22;"sábado";"00:40:00";"BA";324;618;"SALVADOR";"Ingestão de álcool e/ou substâncias psicoativas pelo pedestre";"Capotamento";"Com Vítimas Feridas";"Plena Noite";"Crescente";"Céu Claro";"Dupla";"Reta";"Não";1;0;1;0;0;0;1;1;-12,90117043;-38,45249176;"SPRF-BA";"DEL01-BA";"UOP01-DEL01-BA"
270448;2018-02-08;"quinta-feira";"16:35:00";"SE";101;69,8;"MARUIM";"Desobediência às normas de trânsito pelo condutor";"Colisão transversal";"Com Vítimas Feridas";"Pleno dia";"Crescente";"Sol";"Simples";"Interseção de Vias";"Sim";2;0;1;0;1;0;1;2;-10,73208168;-37,08479762;"SPRF-SE";"DEL01-SE";"UOP01-DEL01-SE"
272070;2018-08-11;"sábado";"18:30:00";"MA";10;251;"IMPERATRIZ";"Desobediência às normas de trânsito pelo condutor";"Colisão transversal";"Com Vítimas Feridas";"Anoitecer";"Crescente";"Céu Claro";"Simples";"Interseção de Vias";"Sim";3;0;1;0;0;2;1;3;-5,535851;-47,469404;"SPRF-MA";"DEL04-MA";"UOP01-DEL04-MA"
272396;2018-07-21;"sábado";"09:20:00";"MG";262;369;"JUATUBA";"Mal Súbito";"Queda de ocupante de veículo";"Com Vítimas Feridas";"Pleno dia";"Crescente";"Céu Claro";"Dupla";"Curva";"Sim";2;0;1;1;0;0;2;1;-19,9566;-44,3527;"SPRF-MG";"DEL01-MG";"UOP03-DEL01-MG"
272643;2018-07-20;"sexta-feira";"21:30:00";"BA";415;32,3;"ILHEUS";"Ingestão de Álcool";"Colisão transversal";"Com Vítimas Feridas";"Plena Noite";"Crescente";"Céu Claro";"Simples";"Reta";"Não";4;0;2;0;2;0;2;3;-14,8482;-39,281986;"SPRF-BA";"DEL05-BA";"UOP01-DEL05-BA"
272827;2018-10-28;"domingo";"18:45:00";"PE";424;105,1;"GARANHUNS";"Ingestão de Álcool";"Colisão frontal";"Com Vítimas Fatais";"Plena Noite";"Decrescente";"Céu Claro";"Simples";"Aclive";"Não";4;1;0;2;1;0;2;3;-8,98405;-36,5097;"SPRF-PE";"DEL03-PE";"UOP01-DEL03-PE"
272988;2018-12-27;"quinta-feira";"18:00:00";"BA";330;792,6;"JEQUIE";"Ultrapassagem Indevida";"Capotamento";"Com Vítimas Feridas";"Anoitecer";"Decrescente";"Céu Claro";"Simples";"Curva";"Não";1;0;1;0;0;0;1;1;-13,89045681;-40,0256972;"SPRF-BA";"DEL03-BA";"UOP01-DEL03-BA"
274176;2018-09-01;"sábado";"10:00:00";"PR";280;294;"FLOR DA SERRA DO SUL";"Falta de Atenção à Condução";"Colisão frontal";"Com Vítimas Feridas";"Pleno dia";"Crescente";"Ignorado";"Simples";"Reta";"Sim";1;0;0;1;0;0;1;1;-26,24988886;-53,34424044;"SPRF-PR";"DEL02-PR";"UOP01-DEL02-PR"
274497;2018-08-11;"sábado";"04:00:00";"RJ";101;294;"ITABORAI";"Falta de Atenção à Condução";"Colisão traseira";"Sem Vítimas";"Amanhecer";"Crescente";"Céu Claro";"Dupla";"Reta";"Sim";1;0;0;0;1;0;0;1;-22,758444;-42,895023;"SPRF-RJ";"DEL02-RJ";"UOP03-DEL02-RJ"
275708;2018-12-13;"quinta-feira";"17:25:00";"GO";153;503,9;"GOIANIA";"Falta de Atenção à Condução";"Colisão transversal";"Com Vítimas Feridas";"Pleno dia";"Crescente";"Nublado";"Simples";"Declive";"Não";2;0;1;0;1;0;1;2;-16,7366;-49,243;"SPRF-GO";"DEL01-GO";"UOP01-DEL01-GO"
275908;2018-05-18;"sexta-feira";"20:20:00";"PE";101;87;"CABO DE SANTO AGOSTINHO";"Objeto estático sobre o leito carroçável";"Saída de leito carroçável";"Sem Vítimas";"Plena Noite";"Decrescente";"Nublado";"Dupla";"Reta";"Sim";1;0;0;0;1;0;0;1;-8,1999;-34,9787;"SPRF-PE";"DEL01-PE";"UOP03-DEL01-PE"
276157;2018-02-21;"quarta-feira";"19:00:00";"BA";116;461,8;"SANTO ESTEVAO";"Falta de Atenção à Condução";"Colisão transversal";"Com Vítimas Feridas";"Plena Noite";"Decrescente";"Céu Claro";"Simples";"Reta";"Sim";3;0;0;2;1;0;2;2;-12,4332;-39,2499;"SPRF-BA";"DEL02-BA";"UOP01-DEL02-BA"
276711;2018-03-06;"terça-feira";"05:15:00";"PB";230;508,4;"CAJAZEIRAS";"Animais na Pista";"Atropelamento de Animal";"Com Vítimas Feridas";"Amanhecer";"Crescente";"Céu Claro";"Simples";"Reta";"Não";1;0;1;0;0;0;1;1;-6,8988;-38,5722;"SPRF-PB";"DEL03-PB";"UOP03-DEL03-PB"
277701;2018-11-11;"domingo";"17:00:00";"RJ";116;312;"ITATIAIA";"Pista Escorregadia";"Colisão traseira";"Com Vítimas Feridas";"Pleno dia";"Decrescente";"Sol";"Dupla";"Reta";"Sim";5;0;2;0;2;1;2;3;-22,46835562;-44,51192915;"SPRF-RJ";"DEL07-RJ";"DEL5/7-UOP03/RJ"
277764;2018-03-09;"sexta-feira";"03:40:00";"PR";476;122,5;"CURITIBA";"Velocidade Incompatível";"Capotamento";"Com Vítimas Feridas";"Plena Noite";"Decrescente";"Nublado";"Múltipla";"Curva";"Sim";1;0;0;1;0;0;1;1;-25,38955094;-49,20607924;"SPRF-PR";"DEL01-PR";"UOP01-DEL01-PR"
278797;2018-08-05;"domingo";"18:30:00";"MA";316;577;"CAXIAS";"Ingestão de Álcool";"Colisão frontal";"Com Vítimas Fatais";"Plena Noite";"Crescente";"Céu Claro";"Simples";"Reta";"Não";4;2;0;0;1;1;0;3;-4,947546;-43,143326;"SPRF-MA";"DEL03-MA";"UOP02-DEL03-MA"
279465;2018-04-23;"segunda-feira";"14:15:00";"PR";369;156;"LONDRINA";"Avarias e/ou desgaste excessivo no pneu";"Tombamento";"Com Vítimas Feridas";"Pleno dia";"Crescente";"Céu Claro";"Dupla";"Reta;Aclive";"Sim";2;0;2;0;0;0;2;1;-23,29054915;-51,2179184;"SPRF-PR";"DEL07-PR";"UOP01-DEL07-PR"
279639;2018-08-02;"quinta-feira";"18:30:00";"RJ";40;112;"DUQUE DE CAXIAS";"Falta de Atenção à Condução";"Engavetamento";"Com Vítimas Feridas";"Anoitecer";"Decrescente";"Garoa/Chuvisco";"Múltipla";"Reta";"Sim";5;0;1;0;4;0;1;4;-22,6998712;-43,28978062;"SPRF-RJ";"DEL01-RJ";"UOP01-DEL01-RJ"
281176;2018-01-22;"segunda-feira";"05:45:00";"SC";101;122,1;"ITAJAI";"Pista Escorregadia";"Colisão com objeto estático";"Com Vítimas Feridas";"Plena Noite";"Crescente";"Chuva";"Dupla";"Reta";"Sim";1;0;0;1;0;0;1;1;-26,93512686;-48,70023072;"SPRF-SC";"DEL04-SC";"UOP04-DEL04-SC"
285382;2018-08-03;"sexta-feira";"11:50:00";"MT";163;829;"SINOP";"Falta de Atenção à Condução";"Colisão traseira";"Sem Vítimas";"Pleno dia";"Crescente";"Céu Claro";"Dupla";"Reta";"Sim";2;0;0;0;1;1;0;2;-12,040704;-55,51732275;"SPRF-MT";"DEL06-MT";"UOP01-DEL06-MT"
285700;2018-01-08;"segunda-feira";"12:40:00";"MT";364;241,8;"JUSCIMEIRA";"Falta de Atenção à Condução";"Colisão traseira";"Com Vítimas Feridas";"Pleno dia";"Decrescente";"Céu Claro";"Simples";"Reta;Em Obras;Declive";"Sim";6;0;3;0;3;0;3;2;-16,16556367;-54,79440272;"SPRF-MT";"DEL02-MT";"UOP01-DEL02-MT"
285724;2018-04-07;"sábado";"04:10:00";"MG";381;223,3;"BELO ORIENTE";"Velocidade Incompatível";"Saída de leito carroçável";"Sem Vítimas";"Plena Noite";"Decrescente";"Chuva";"Simples";"Curva";"Não";1;0;0;0;0;1;0;1;-19,293379;-42,356002;"SPRF-MG";"DEL06-MG";"UOP01-DEL06-MG"
285829;2018-06-30;"sábado";"08:00:00";"MT";163;602;"NOVA MUTUM";"Avarias e/ou desgaste excessivo no pneu";"Queda de ocupante de veículo";"Com Vítimas Feridas";"Pleno dia";"Crescente";"Céu Claro";"Simples";"Reta";"Não";1;0;1;0;0;0;1;1;-13,77940154;-56,05979919;"SPRF-MT";"DEL01-MT";"UOP01-DEL01-MT"
287586;2018-07-30;"segunda-feira";"08:20:00";"MT";163;607;"NOVA MUTUM";"Falta de Atenção à Condução";"Colisão lateral";"Sem Vítimas";"Pleno dia";"Crescente";"Céu Claro";"Simples";"Reta";"Sim";2;0;0;0;2;0;0;2;-13,74123496;-56,05058849;"SPRF-MT";"DEL01-MT";"UOP01-DEL01-MT"
287892;2018-02-25;"domingo";"18:15:00";"MG";50;203;"DELTA";"Falta de Atenção à Condução";"Saída de leito carroçável";"Sem Vítimas";"Plena Noite";"Decrescente";"Céu Claro";"Dupla";"Reta";"Não";2;0;0;0;1;1;0;1;-19,92627147;-47,82191068;"SPRF-MG";"DEL13-MG";"UOP01-DEL13-MG"
298201;2018-07-20;"sexta-feira";"14:45:00";"MG";50;81;"UBERLANDIA";"Velocidade Incompatível";"Queda de ocupante de veículo";"Com Vítimas Feridas";"Pleno dia";"Decrescente";"Céu Claro";"Dupla";"Reta";"Não";2;0;1;0;1;0;1;1;-18,931712;-48,2361344;"SPRF-MG";"DEL15-MG";"UOP01-DEL15-MG"
303733;2018-07-07;"sábado";"19:00:00";"PE";110;241;"PETROLANDIA";"Falta de Atenção à Condução";"Colisão traseira";"Com Vítimas Feridas";"Plena Noite";"Crescente";"Céu Claro";"Simples";"Reta";"Não";2;0;0;1;0;1;1;2;-9,039303;-38,257042;"SPRF-BA";"DEL07-BA";"UOP01-DEL07-BA"
304323;2018-09-01;"sábado";"19:00:00";"CE";116;11;"FORTALEZA";"Falta de Atenção do Pedestre";"Atropelamento de Pedestre";"Com Vítimas Fatais";"Plena Noite";"Crescente";"Céu Claro";"Múltipla";"Reta";"Sim";2;1;0;0;1;0;0;2;-3,84530365;-38,49822708;"SPRF-CE";"DEL01-CE";"UOP02-DEL01-CE"
307163;2018-09-10;"segunda-feira";"17:20:00";"GO";414;438,3;"ANAPOLIS";"Não guardar distância de segurança";"Colisão traseira";"Com Vítimas Feridas";"Pleno dia";"Crescente";"Céu Claro";"Simples";"Reta;Aclive";"Sim";6;0;1;1;2;2;2;6;-16,27750716;-48,94168854;"SPRF-GO";"DEL02-GO";"UOP01-DEL02-GO"
308419;2018-02-01;"quinta-feira";"04:00:00";"PA";316;2,6;"ANANINDEUA";"Ingestão de Álcool";"Colisão com objeto estático";"Com Vítimas Feridas";"Amanhecer";"Crescente";"Ignorado";"Dupla";"Reta";"Sim";1;0;0;1;0;0;1;1;-1,39253554;-48,41782093;"SPRF-PA";"DEL01-PA";"DEL19/1-UOP05/PA"
308652;2018-02-18;"domingo";"21:40:00";"MS";163;499;"CAMPO GRANDE";"Falta de Atenção à Condução";"Engavetamento";"Com Vítimas Feridas";"Plena Noite";"Decrescente";"Garoa/Chuvisco";"Simples";"Reta";"Não";10;0;6;0;4;0;6;3;-20,443228;-54,646828;"SPRF-MS";"DEL01-MS";"UOP02-DEL01-MS"
309096;2018-10-23;"terça-feira";"22:00:00";"BA";415;17;"ILHEUS";"Desobediência às normas de trânsito pelo condutor";"Colisão lateral";"Com Vítimas Feridas";"Plena Noite";"Crescente";"Céu Claro";"Simples";"Reta";"Não";2;0;1;0;1;0;1;2;-14,79430193;-39,11373138;"SPRF-BA";"DEL05-BA";"UOP01-DEL05-BA"
309581;2018-01-08;"segunda-feira";"03:20:00";"PR";277;664;"MEDIANEIRA";"Velocidade Incompatível";"Queda de ocupante de veículo";"Com Vítimas Feridas";"Plena Noite";"Crescente";"Céu Claro";"Dupla";"Curva";"Não";1;0;0;1;0;0;1;1;-25,25342454;-54,03048813;"SPRF-PR";"DEL05-PR";"UOP02-DEL05-PR"
309962;2018-09-08;"sábado";"16:30:00";"PB";230;22,7;"JOAO PESSOA";"Animais na Pista";"Tombamento";"Com Vítimas Feridas";"Anoitecer";"Decrescente";"Ignorado";"Dupla";"Reta";"Sim";1;0;0;1;0;0;1;1;-7,15786944;-34,85809565;"SPRF-PB";"DEL01-PB";"UOP01-DEL01-PB"
316513;2018-04-01;"domingo";"15:50:00";"RJ";116;184,2;"NOVA IGUACU";"Falta de Atenção à Condução";"Engavetamento";"Com Vítimas Feridas";"Pleno dia";"Decrescente";"Céu Claro";"Dupla";"Reta";"Não";8;0;1;0;6;1;1;7;-22,74325614;-43,44612122;"SPRF-RJ";"DEL01-RJ";"UOP03-DEL01-RJ"